  0
SECTION
  2
HEADER
  9
$ANGBASE
  50
0.0
  9
$ANGDIR
  70
1
  9
$MEASUREMENT
  70
0
  0
ENDSEC
  0
SECTION
  2
TABLES
  0
TABLE
  2
LTYPE
  70
4
  0
LTYPE
  5
40F
  2
CONTINUOUS
  70
0
  3
Solid line
  72
65
  73
0
  40
0.0
  0
LTYPE
  5
410
  2
DASHDOT
 70
0
  3
Dash Dot ____ _ ____ _
 72
65
 73
4
 40
2.0
 49
1.25
 49
-0.25
 49
0.25
 49
-0.25
  0
LTYPE
  5
411
  2
DASHED
 70
0
  3
Dashed __ __ __ __ __
 72
65
 73
2
 40
0.75
 49
0.5
 49
-0.25
  0
LTYPE
  5
43B
  2
DOTTED
 70
0
  3
Dotted .  .  .  .
 72
65
 73
2
 40
0.2
 49
0.0
 49
-0.2
  0
ENDTAB
  0
TABLE
  2
STYLE
  70
4
  0
STYLE
  2
KICAD
  70
0
  40
0
  41
1
  42
1
  50
0
  71
0
  3
isocp.shx
  0
STYLE
  2
KICADB
  70
0
  40
0
  41
1
  42
1
  50
0
  71
0
  3
isocp.shx
  0
STYLE
  2
KICADI
  70
0
  40
0
  41
1
  42
1
  50
15
  71
0
  3
isocp.shx
  0
STYLE
  2
KICADBI
  70
0
  40
0
  41
1
  42
1
  50
15
  71
0
  3
isocp.shx
  0
ENDTAB
  0
TABLE
  2
LAYER
  70
1
  0
LAYER
  2
BLACK
  70
0
  62
7
  6
CONTINUOUS
  0
ENDTAB
  0
ENDSEC
  0
SECTION
  2
ENTITIES
0
LINE
8
BLACK
6
CONTINUOUS
10
0.6694101181102362
20
0.5007851181102362
11
0.6760672047244094
21
0.4984557086614173
0
LINE
8
BLACK
6
CONTINUOUS
10
0.6760672047244094
20
0.4984557086614173
11
0.6820390551181102
21
0.4947033464566929
0
LINE
8
BLACK
6
CONTINUOUS
10
0.6820390551181102
20
0.4947033464566929
11
0.6870261811023622
21
0.489716220472441
0
LINE
8
BLACK
6
CONTINUOUS
10
0.6870261811023622
20
0.489716220472441
11
0.6907785433070865
21
0.4837443700787402
0
LINE
8
BLACK
6
CONTINUOUS
10
0.6907785433070865
20
0.4837443700787402
11
0.6931079527559055
21
0.4770872834645669
0
LINE
8
BLACK
6
CONTINUOUS
10
0.6931079527559055
20
0.4770872834645669
11
0.6938976377952756
21
0.4700787401574803
0
LINE
8
BLACK
6
CONTINUOUS
10
0.6938976377952756
20
0.4700787401574803
11
0.6931079527559055
21
0.4630701968503937
0
LINE
8
BLACK
6
CONTINUOUS
10
0.6931079527559055
20
0.4630701968503937
11
0.6907785433070865
21
0.4564131102362204
0
LINE
8
BLACK
6
CONTINUOUS
10
0.6907785433070865
20
0.4564131102362204
11
0.6870261811023622
21
0.4504412598425196
0
LINE
8
BLACK
6
CONTINUOUS
10
0.6870261811023622
20
0.4504412598425196
11
0.6820390551181102
21
0.4454541338582677
0
LINE
8
BLACK
6
CONTINUOUS
10
0.6820390551181102
20
0.4454541338582677
11
0.6760672047244094
21
0.4417017716535433
0
LINE
8
BLACK
6
CONTINUOUS
10
0.6760672047244094
20
0.4417017716535433
11
0.6694101181102362
21
0.4393723622047244
0
LINE
8
BLACK
6
CONTINUOUS
10
0.6694101181102362
20
0.4393723622047244
11
0.6624015748031495
21
0.4385826771653543
0
LINE
8
BLACK
6
CONTINUOUS
10
0.6624015748031495
20
0.4385826771653543
11
0.6348425196850394
21
0.4385826771653543
0
LINE
8
BLACK
6
CONTINUOUS
10
0.6348425196850394
20
0.4385826771653543
11
0.6278339763779528
21
0.4393723622047244
0
LINE
8
BLACK
6
CONTINUOUS
10
0.6278339763779528
20
0.4393723622047244
11
0.6211768897637795
21
0.4417017716535433
0
LINE
8
BLACK
6
CONTINUOUS
10
0.6211768897637795
20
0.4417017716535433
11
0.6152050393700788
21
0.4454541338582677
0
LINE
8
BLACK
6
CONTINUOUS
10
0.6152050393700788
20
0.4454541338582677
11
0.6102179133858268
21
0.4504412598425196
0
LINE
8
BLACK
6
CONTINUOUS
10
0.6102179133858268
20
0.4504412598425196
11
0.6064655511811023
21
0.4564131102362204
0
LINE
8
BLACK
6
CONTINUOUS
10
0.6064655511811023
20
0.4564131102362204
11
0.6041361417322835
21
0.4630701968503937
0
LINE
8
BLACK
6
CONTINUOUS
10
0.6041361417322835
20
0.4630701968503937
11
0.6033464566929134
21
0.4700787401574803
0
LINE
8
BLACK
6
CONTINUOUS
10
0.6033464566929134
20
0.4700787401574803
11
0.6041361417322835
21
0.4770872834645669
0
LINE
8
BLACK
6
CONTINUOUS
10
0.6041361417322835
20
0.4770872834645669
11
0.6064655511811023
21
0.4837443700787402
0
LINE
8
BLACK
6
CONTINUOUS
10
0.6064655511811023
20
0.4837443700787402
11
0.6102179133858268
21
0.489716220472441
0
LINE
8
BLACK
6
CONTINUOUS
10
0.6102179133858268
20
0.489716220472441
11
0.6152050393700788
21
0.4947033464566929
0
LINE
8
BLACK
6
CONTINUOUS
10
0.6152050393700788
20
0.4947033464566929
11
0.6211768897637795
21
0.4984557086614173
0
LINE
8
BLACK
6
CONTINUOUS
10
0.6211768897637795
20
0.4984557086614173
11
0.6278339763779528
21
0.5007851181102362
0
LINE
8
BLACK
6
CONTINUOUS
10
0.6278339763779528
20
0.5007851181102362
11
0.6348425196850394
21
0.5015748031496063
0
LINE
8
BLACK
6
CONTINUOUS
10
0.6348425196850394
20
0.5015748031496063
11
0.6624015748031495
21
0.5015748031496063
0
LINE
8
BLACK
6
CONTINUOUS
10
0.6624015748031495
20
0.5015748031496063
11
0.6694101181102362
21
0.5007851181102362
0
LINE
8
BLACK
6
CONTINUOUS
10
0.9694101181102363
20
0.5007851181102362
11
0.9760672047244094
21
0.4984557086614173
0
LINE
8
BLACK
6
CONTINUOUS
10
0.9760672047244094
20
0.4984557086614173
11
0.9820390551181102
21
0.4947033464566929
0
LINE
8
BLACK
6
CONTINUOUS
10
0.9820390551181102
20
0.4947033464566929
11
0.9870261811023622
21
0.489716220472441
0
LINE
8
BLACK
6
CONTINUOUS
10
0.9870261811023622
20
0.489716220472441
11
0.9907785433070866
21
0.4837443700787402
0
LINE
8
BLACK
6
CONTINUOUS
10
0.9907785433070866
20
0.4837443700787402
11
0.9931079527559055
21
0.4770872834645669
0
LINE
8
BLACK
6
CONTINUOUS
10
0.9931079527559055
20
0.4770872834645669
11
0.9938976377952755
21
0.4700787401574803
0
LINE
8
BLACK
6
CONTINUOUS
10
0.9938976377952755
20
0.4700787401574803
11
0.9931079527559055
21
0.4630701968503937
0
LINE
8
BLACK
6
CONTINUOUS
10
0.9931079527559055
20
0.4630701968503937
11
0.9907785433070866
21
0.4564131102362204
0
LINE
8
BLACK
6
CONTINUOUS
10
0.9907785433070866
20
0.4564131102362204
11
0.9870261811023622
21
0.4504412598425196
0
LINE
8
BLACK
6
CONTINUOUS
10
0.9870261811023622
20
0.4504412598425196
11
0.9820390551181102
21
0.4454541338582677
0
LINE
8
BLACK
6
CONTINUOUS
10
0.9820390551181102
20
0.4454541338582677
11
0.9760672047244094
21
0.4417017716535433
0
LINE
8
BLACK
6
CONTINUOUS
10
0.9760672047244094
20
0.4417017716535433
11
0.9694101181102363
21
0.4393723622047244
0
LINE
8
BLACK
6
CONTINUOUS
10
0.9694101181102363
20
0.4393723622047244
11
0.9624015748031496
21
0.4385826771653543
0
LINE
8
BLACK
6
CONTINUOUS
10
0.9624015748031496
20
0.4385826771653543
11
0.9348425196850394
21
0.4385826771653543
0
LINE
8
BLACK
6
CONTINUOUS
10
0.9348425196850394
20
0.4385826771653543
11
0.9278339763779527
21
0.4393723622047244
0
LINE
8
BLACK
6
CONTINUOUS
10
0.9278339763779527
20
0.4393723622047244
11
0.9211768897637795
21
0.4417017716535433
0
LINE
8
BLACK
6
CONTINUOUS
10
0.9211768897637795
20
0.4417017716535433
11
0.9152050393700787
21
0.4454541338582677
0
LINE
8
BLACK
6
CONTINUOUS
10
0.9152050393700787
20
0.4454541338582677
11
0.9102179133858268
21
0.4504412598425196
0
LINE
8
BLACK
6
CONTINUOUS
10
0.9102179133858268
20
0.4504412598425196
11
0.9064655511811024
21
0.4564131102362204
0
LINE
8
BLACK
6
CONTINUOUS
10
0.9064655511811024
20
0.4564131102362204
11
0.9041361417322834
21
0.4630701968503937
0
LINE
8
BLACK
6
CONTINUOUS
10
0.9041361417322834
20
0.4630701968503937
11
0.9033464566929134
21
0.4700787401574803
0
LINE
8
BLACK
6
CONTINUOUS
10
0.9033464566929134
20
0.4700787401574803
11
0.9041361417322834
21
0.4770872834645669
0
LINE
8
BLACK
6
CONTINUOUS
10
0.9041361417322834
20
0.4770872834645669
11
0.9064655511811024
21
0.4837443700787402
0
LINE
8
BLACK
6
CONTINUOUS
10
0.9064655511811024
20
0.4837443700787402
11
0.9102179133858268
21
0.489716220472441
0
LINE
8
BLACK
6
CONTINUOUS
10
0.9102179133858268
20
0.489716220472441
11
0.9152050393700787
21
0.4947033464566929
0
LINE
8
BLACK
6
CONTINUOUS
10
0.9152050393700787
20
0.4947033464566929
11
0.9211768897637795
21
0.4984557086614173
0
LINE
8
BLACK
6
CONTINUOUS
10
0.9211768897637795
20
0.4984557086614173
11
0.9278339763779527
21
0.5007851181102362
0
LINE
8
BLACK
6
CONTINUOUS
10
0.9278339763779527
20
0.5007851181102362
11
0.9348425196850394
21
0.5015748031496063
0
LINE
8
BLACK
6
CONTINUOUS
10
0.9348425196850394
20
0.5015748031496063
11
0.9624015748031496
21
0.5015748031496063
0
LINE
8
BLACK
6
CONTINUOUS
10
0.9624015748031496
20
0.5015748031496063
11
0.9694101181102363
21
0.5007851181102362
0
LINE
8
BLACK
6
CONTINUOUS
10
0.6694101181102362
20
0.6007851181102362
11
0.6760672047244094
21
0.5984557086614173
0
LINE
8
BLACK
6
CONTINUOUS
10
0.6760672047244094
20
0.5984557086614173
11
0.6820390551181102
21
0.5947033464566929
0
LINE
8
BLACK
6
CONTINUOUS
10
0.6820390551181102
20
0.5947033464566929
11
0.6870261811023622
21
0.5897162204724409
0
LINE
8
BLACK
6
CONTINUOUS
10
0.6870261811023622
20
0.5897162204724409
11
0.6907785433070865
21
0.5837443700787401
0
LINE
8
BLACK
6
CONTINUOUS
10
0.6907785433070865
20
0.5837443700787401
11
0.6931079527559055
21
0.5770872834645669
0
LINE
8
BLACK
6
CONTINUOUS
10
0.6931079527559055
20
0.5770872834645669
11
0.6938976377952756
21
0.5700787401574803
0
LINE
8
BLACK
6
CONTINUOUS
10
0.6938976377952756
20
0.5700787401574803
11
0.6931079527559055
21
0.5630701968503937
0
LINE
8
BLACK
6
CONTINUOUS
10
0.6931079527559055
20
0.5630701968503937
11
0.6907785433070865
21
0.5564131102362204
0
LINE
8
BLACK
6
CONTINUOUS
10
0.6907785433070865
20
0.5564131102362204
11
0.6870261811023622
21
0.5504412598425197
0
LINE
8
BLACK
6
CONTINUOUS
10
0.6870261811023622
20
0.5504412598425197
11
0.6820390551181102
21
0.5454541338582677
0
LINE
8
BLACK
6
CONTINUOUS
10
0.6820390551181102
20
0.5454541338582677
11
0.6760672047244094
21
0.5417017716535433
0
LINE
8
BLACK
6
CONTINUOUS
10
0.6760672047244094
20
0.5417017716535433
11
0.6694101181102362
21
0.5393723622047244
0
LINE
8
BLACK
6
CONTINUOUS
10
0.6694101181102362
20
0.5393723622047244
11
0.6624015748031495
21
0.5385826771653544
0
LINE
8
BLACK
6
CONTINUOUS
10
0.6624015748031495
20
0.5385826771653544
11
0.6348425196850394
21
0.5385826771653544
0
LINE
8
BLACK
6
CONTINUOUS
10
0.6348425196850394
20
0.5385826771653544
11
0.6278339763779528
21
0.5393723622047244
0
LINE
8
BLACK
6
CONTINUOUS
10
0.6278339763779528
20
0.5393723622047244
11
0.6211768897637795
21
0.5417017716535433
0
LINE
8
BLACK
6
CONTINUOUS
10
0.6211768897637795
20
0.5417017716535433
11
0.6152050393700788
21
0.5454541338582677
0
LINE
8
BLACK
6
CONTINUOUS
10
0.6152050393700788
20
0.5454541338582677
11
0.6102179133858268
21
0.5504412598425197
0
LINE
8
BLACK
6
CONTINUOUS
10
0.6102179133858268
20
0.5504412598425197
11
0.6064655511811023
21
0.5564131102362204
0
LINE
8
BLACK
6
CONTINUOUS
10
0.6064655511811023
20
0.5564131102362204
11
0.6041361417322835
21
0.5630701968503937
0
LINE
8
BLACK
6
CONTINUOUS
10
0.6041361417322835
20
0.5630701968503937
11
0.6033464566929134
21
0.5700787401574803
0
LINE
8
BLACK
6
CONTINUOUS
10
0.6033464566929134
20
0.5700787401574803
11
0.6041361417322835
21
0.5770872834645669
0
LINE
8
BLACK
6
CONTINUOUS
10
0.6041361417322835
20
0.5770872834645669
11
0.6064655511811023
21
0.5837443700787401
0
LINE
8
BLACK
6
CONTINUOUS
10
0.6064655511811023
20
0.5837443700787401
11
0.6102179133858268
21
0.5897162204724409
0
LINE
8
BLACK
6
CONTINUOUS
10
0.6102179133858268
20
0.5897162204724409
11
0.6152050393700788
21
0.5947033464566929
0
LINE
8
BLACK
6
CONTINUOUS
10
0.6152050393700788
20
0.5947033464566929
11
0.6211768897637795
21
0.5984557086614173
0
LINE
8
BLACK
6
CONTINUOUS
10
0.6211768897637795
20
0.5984557086614173
11
0.6278339763779528
21
0.6007851181102362
0
LINE
8
BLACK
6
CONTINUOUS
10
0.6278339763779528
20
0.6007851181102362
11
0.6348425196850394
21
0.6015748031496063
0
LINE
8
BLACK
6
CONTINUOUS
10
0.6348425196850394
20
0.6015748031496063
11
0.6624015748031495
21
0.6015748031496063
0
LINE
8
BLACK
6
CONTINUOUS
10
0.6624015748031495
20
0.6015748031496063
11
0.6694101181102362
21
0.6007851181102362
0
LINE
8
BLACK
6
CONTINUOUS
10
0.9694101181102363
20
0.6007851181102362
11
0.9760672047244094
21
0.5984557086614173
0
LINE
8
BLACK
6
CONTINUOUS
10
0.9760672047244094
20
0.5984557086614173
11
0.9820390551181102
21
0.5947033464566929
0
LINE
8
BLACK
6
CONTINUOUS
10
0.9820390551181102
20
0.5947033464566929
11
0.9870261811023622
21
0.5897162204724409
0
LINE
8
BLACK
6
CONTINUOUS
10
0.9870261811023622
20
0.5897162204724409
11
0.9907785433070866
21
0.5837443700787401
0
LINE
8
BLACK
6
CONTINUOUS
10
0.9907785433070866
20
0.5837443700787401
11
0.9931079527559055
21
0.5770872834645669
0
LINE
8
BLACK
6
CONTINUOUS
10
0.9931079527559055
20
0.5770872834645669
11
0.9938976377952755
21
0.5700787401574803
0
LINE
8
BLACK
6
CONTINUOUS
10
0.9938976377952755
20
0.5700787401574803
11
0.9931079527559055
21
0.5630701968503937
0
LINE
8
BLACK
6
CONTINUOUS
10
0.9931079527559055
20
0.5630701968503937
11
0.9907785433070866
21
0.5564131102362204
0
LINE
8
BLACK
6
CONTINUOUS
10
0.9907785433070866
20
0.5564131102362204
11
0.9870261811023622
21
0.5504412598425197
0
LINE
8
BLACK
6
CONTINUOUS
10
0.9870261811023622
20
0.5504412598425197
11
0.9820390551181102
21
0.5454541338582677
0
LINE
8
BLACK
6
CONTINUOUS
10
0.9820390551181102
20
0.5454541338582677
11
0.9760672047244094
21
0.5417017716535433
0
LINE
8
BLACK
6
CONTINUOUS
10
0.9760672047244094
20
0.5417017716535433
11
0.9694101181102363
21
0.5393723622047244
0
LINE
8
BLACK
6
CONTINUOUS
10
0.9694101181102363
20
0.5393723622047244
11
0.9624015748031496
21
0.5385826771653544
0
LINE
8
BLACK
6
CONTINUOUS
10
0.9624015748031496
20
0.5385826771653544
11
0.9348425196850394
21
0.5385826771653544
0
LINE
8
BLACK
6
CONTINUOUS
10
0.9348425196850394
20
0.5385826771653544
11
0.9278339763779527
21
0.5393723622047244
0
LINE
8
BLACK
6
CONTINUOUS
10
0.9278339763779527
20
0.5393723622047244
11
0.9211768897637795
21
0.5417017716535433
0
LINE
8
BLACK
6
CONTINUOUS
10
0.9211768897637795
20
0.5417017716535433
11
0.9152050393700787
21
0.5454541338582677
0
LINE
8
BLACK
6
CONTINUOUS
10
0.9152050393700787
20
0.5454541338582677
11
0.9102179133858268
21
0.5504412598425197
0
LINE
8
BLACK
6
CONTINUOUS
10
0.9102179133858268
20
0.5504412598425197
11
0.9064655511811024
21
0.5564131102362204
0
LINE
8
BLACK
6
CONTINUOUS
10
0.9064655511811024
20
0.5564131102362204
11
0.9041361417322834
21
0.5630701968503937
0
LINE
8
BLACK
6
CONTINUOUS
10
0.9041361417322834
20
0.5630701968503937
11
0.9033464566929134
21
0.5700787401574803
0
LINE
8
BLACK
6
CONTINUOUS
10
0.9033464566929134
20
0.5700787401574803
11
0.9041361417322834
21
0.5770872834645669
0
LINE
8
BLACK
6
CONTINUOUS
10
0.9041361417322834
20
0.5770872834645669
11
0.9064655511811024
21
0.5837443700787401
0
LINE
8
BLACK
6
CONTINUOUS
10
0.9064655511811024
20
0.5837443700787401
11
0.9102179133858268
21
0.5897162204724409
0
LINE
8
BLACK
6
CONTINUOUS
10
0.9102179133858268
20
0.5897162204724409
11
0.9152050393700787
21
0.5947033464566929
0
LINE
8
BLACK
6
CONTINUOUS
10
0.9152050393700787
20
0.5947033464566929
11
0.9211768897637795
21
0.5984557086614173
0
LINE
8
BLACK
6
CONTINUOUS
10
0.9211768897637795
20
0.5984557086614173
11
0.9278339763779527
21
0.6007851181102362
0
LINE
8
BLACK
6
CONTINUOUS
10
0.9278339763779527
20
0.6007851181102362
11
0.9348425196850394
21
0.6015748031496063
0
LINE
8
BLACK
6
CONTINUOUS
10
0.9348425196850394
20
0.6015748031496063
11
0.9624015748031496
21
0.6015748031496063
0
LINE
8
BLACK
6
CONTINUOUS
10
0.9624015748031496
20
0.6015748031496063
11
0.9694101181102363
21
0.6007851181102362
0
LINE
8
BLACK
6
CONTINUOUS
10
0.385511811023622
20
0.5865354330708661
11
0.325511811023622
21
0.5865354330708661
0
LINE
8
BLACK
6
CONTINUOUS
10
0.325511811023622
20
0.5865354330708661
11
0.325511811023622
21
0.6465354330708661
0
LINE
8
BLACK
6
CONTINUOUS
10
0.325511811023622
20
0.6465354330708661
11
0.385511811023622
21
0.6465354330708661
0
LINE
8
BLACK
6
CONTINUOUS
10
0.385511811023622
20
0.6465354330708661
11
0.385511811023622
21
0.5865354330708661
0
LINE
8
BLACK
6
CONTINUOUS
10
0.485511811023622
20
0.5865354330708661
11
0.425511811023622
21
0.5865354330708661
0
LINE
8
BLACK
6
CONTINUOUS
10
0.425511811023622
20
0.5865354330708661
11
0.425511811023622
21
0.6465354330708661
0
LINE
8
BLACK
6
CONTINUOUS
10
0.425511811023622
20
0.6465354330708661
11
0.485511811023622
21
0.6465354330708661
0
LINE
8
BLACK
6
CONTINUOUS
10
0.485511811023622
20
0.6465354330708661
11
0.485511811023622
21
0.5865354330708661
0
LINE
8
BLACK
6
CONTINUOUS
10
1.184724409448819
20
0.5865354330708661
11
1.1247244094488189
21
0.5865354330708661
0
LINE
8
BLACK
6
CONTINUOUS
10
1.1247244094488189
20
0.5865354330708661
11
1.1247244094488189
21
0.6465354330708661
0
LINE
8
BLACK
6
CONTINUOUS
10
1.1247244094488189
20
0.6465354330708661
11
1.184724409448819
21
0.6465354330708661
0
LINE
8
BLACK
6
CONTINUOUS
10
1.184724409448819
20
0.6465354330708661
11
1.184724409448819
21
0.5865354330708661
0
LINE
8
BLACK
6
CONTINUOUS
10
1.2847244094488188
20
0.5865354330708661
11
1.2247244094488188
21
0.5865354330708661
0
LINE
8
BLACK
6
CONTINUOUS
10
1.2247244094488188
20
0.5865354330708661
11
1.2247244094488188
21
0.6465354330708661
0
LINE
8
BLACK
6
CONTINUOUS
10
1.2247244094488188
20
0.6465354330708661
11
1.2847244094488188
21
0.6465354330708661
0
LINE
8
BLACK
6
CONTINUOUS
10
1.2847244094488188
20
0.6465354330708661
11
1.2847244094488188
21
0.5865354330708661
0
LINE
8
BLACK
6
CONTINUOUS
10
0.6694101181102362
20
0.7007851181102362
11
0.6760672047244094
21
0.6984557086614173
0
LINE
8
BLACK
6
CONTINUOUS
10
0.6760672047244094
20
0.6984557086614173
11
0.6820390551181102
21
0.6947033464566928
0
LINE
8
BLACK
6
CONTINUOUS
10
0.6820390551181102
20
0.6947033464566928
11
0.6870261811023622
21
0.689716220472441
0
LINE
8
BLACK
6
CONTINUOUS
10
0.6870261811023622
20
0.689716220472441
11
0.6907785433070865
21
0.6837443700787401
0
LINE
8
BLACK
6
CONTINUOUS
10
0.6907785433070865
20
0.6837443700787401
11
0.6931079527559055
21
0.6770872834645669
0
LINE
8
BLACK
6
CONTINUOUS
10
0.6931079527559055
20
0.6770872834645669
11
0.6938976377952756
21
0.6700787401574803
0
LINE
8
BLACK
6
CONTINUOUS
10
0.6938976377952756
20
0.6700787401574803
11
0.6931079527559055
21
0.6630701968503937
0
LINE
8
BLACK
6
CONTINUOUS
10
0.6931079527559055
20
0.6630701968503937
11
0.6907785433070865
21
0.6564131102362205
0
LINE
8
BLACK
6
CONTINUOUS
10
0.6907785433070865
20
0.6564131102362205
11
0.6870261811023622
21
0.6504412598425197
0
LINE
8
BLACK
6
CONTINUOUS
10
0.6870261811023622
20
0.6504412598425197
11
0.6820390551181102
21
0.6454541338582677
0
LINE
8
BLACK
6
CONTINUOUS
10
0.6820390551181102
20
0.6454541338582677
11
0.6760672047244094
21
0.6417017716535433
0
LINE
8
BLACK
6
CONTINUOUS
10
0.6760672047244094
20
0.6417017716535433
11
0.6694101181102362
21
0.6393723622047244
0
LINE
8
BLACK
6
CONTINUOUS
10
0.6694101181102362
20
0.6393723622047244
11
0.6624015748031495
21
0.6385826771653543
0
LINE
8
BLACK
6
CONTINUOUS
10
0.6624015748031495
20
0.6385826771653543
11
0.6348425196850394
21
0.6385826771653543
0
LINE
8
BLACK
6
CONTINUOUS
10
0.6348425196850394
20
0.6385826771653543
11
0.6278339763779528
21
0.6393723622047244
0
LINE
8
BLACK
6
CONTINUOUS
10
0.6278339763779528
20
0.6393723622047244
11
0.6211768897637795
21
0.6417017716535433
0
LINE
8
BLACK
6
CONTINUOUS
10
0.6211768897637795
20
0.6417017716535433
11
0.6152050393700788
21
0.6454541338582677
0
LINE
8
BLACK
6
CONTINUOUS
10
0.6152050393700788
20
0.6454541338582677
11
0.6102179133858268
21
0.6504412598425197
0
LINE
8
BLACK
6
CONTINUOUS
10
0.6102179133858268
20
0.6504412598425197
11
0.6064655511811023
21
0.6564131102362205
0
LINE
8
BLACK
6
CONTINUOUS
10
0.6064655511811023
20
0.6564131102362205
11
0.6041361417322835
21
0.6630701968503937
0
LINE
8
BLACK
6
CONTINUOUS
10
0.6041361417322835
20
0.6630701968503937
11
0.6033464566929134
21
0.6700787401574803
0
LINE
8
BLACK
6
CONTINUOUS
10
0.6033464566929134
20
0.6700787401574803
11
0.6041361417322835
21
0.6770872834645669
0
LINE
8
BLACK
6
CONTINUOUS
10
0.6041361417322835
20
0.6770872834645669
11
0.6064655511811023
21
0.6837443700787401
0
LINE
8
BLACK
6
CONTINUOUS
10
0.6064655511811023
20
0.6837443700787401
11
0.6102179133858268
21
0.689716220472441
0
LINE
8
BLACK
6
CONTINUOUS
10
0.6102179133858268
20
0.689716220472441
11
0.6152050393700788
21
0.6947033464566928
0
LINE
8
BLACK
6
CONTINUOUS
10
0.6152050393700788
20
0.6947033464566928
11
0.6211768897637795
21
0.6984557086614173
0
LINE
8
BLACK
6
CONTINUOUS
10
0.6211768897637795
20
0.6984557086614173
11
0.6278339763779528
21
0.7007851181102362
0
LINE
8
BLACK
6
CONTINUOUS
10
0.6278339763779528
20
0.7007851181102362
11
0.6348425196850394
21
0.7015748031496063
0
LINE
8
BLACK
6
CONTINUOUS
10
0.6348425196850394
20
0.7015748031496063
11
0.6624015748031495
21
0.7015748031496063
0
LINE
8
BLACK
6
CONTINUOUS
10
0.6624015748031495
20
0.7015748031496063
11
0.6694101181102362
21
0.7007851181102362
0
LINE
8
BLACK
6
CONTINUOUS
10
0.9694101181102363
20
0.7007851181102362
11
0.9760672047244094
21
0.6984557086614173
0
LINE
8
BLACK
6
CONTINUOUS
10
0.9760672047244094
20
0.6984557086614173
11
0.9820390551181102
21
0.6947033464566928
0
LINE
8
BLACK
6
CONTINUOUS
10
0.9820390551181102
20
0.6947033464566928
11
0.9870261811023622
21
0.689716220472441
0
LINE
8
BLACK
6
CONTINUOUS
10
0.9870261811023622
20
0.689716220472441
11
0.9907785433070866
21
0.6837443700787401
0
LINE
8
BLACK
6
CONTINUOUS
10
0.9907785433070866
20
0.6837443700787401
11
0.9931079527559055
21
0.6770872834645669
0
LINE
8
BLACK
6
CONTINUOUS
10
0.9931079527559055
20
0.6770872834645669
11
0.9938976377952755
21
0.6700787401574803
0
LINE
8
BLACK
6
CONTINUOUS
10
0.9938976377952755
20
0.6700787401574803
11
0.9931079527559055
21
0.6630701968503937
0
LINE
8
BLACK
6
CONTINUOUS
10
0.9931079527559055
20
0.6630701968503937
11
0.9907785433070866
21
0.6564131102362205
0
LINE
8
BLACK
6
CONTINUOUS
10
0.9907785433070866
20
0.6564131102362205
11
0.9870261811023622
21
0.6504412598425197
0
LINE
8
BLACK
6
CONTINUOUS
10
0.9870261811023622
20
0.6504412598425197
11
0.9820390551181102
21
0.6454541338582677
0
LINE
8
BLACK
6
CONTINUOUS
10
0.9820390551181102
20
0.6454541338582677
11
0.9760672047244094
21
0.6417017716535433
0
LINE
8
BLACK
6
CONTINUOUS
10
0.9760672047244094
20
0.6417017716535433
11
0.9694101181102363
21
0.6393723622047244
0
LINE
8
BLACK
6
CONTINUOUS
10
0.9694101181102363
20
0.6393723622047244
11
0.9624015748031496
21
0.6385826771653543
0
LINE
8
BLACK
6
CONTINUOUS
10
0.9624015748031496
20
0.6385826771653543
11
0.9348425196850394
21
0.6385826771653543
0
LINE
8
BLACK
6
CONTINUOUS
10
0.9348425196850394
20
0.6385826771653543
11
0.9278339763779527
21
0.6393723622047244
0
LINE
8
BLACK
6
CONTINUOUS
10
0.9278339763779527
20
0.6393723622047244
11
0.9211768897637795
21
0.6417017716535433
0
LINE
8
BLACK
6
CONTINUOUS
10
0.9211768897637795
20
0.6417017716535433
11
0.9152050393700787
21
0.6454541338582677
0
LINE
8
BLACK
6
CONTINUOUS
10
0.9152050393700787
20
0.6454541338582677
11
0.9102179133858268
21
0.6504412598425197
0
LINE
8
BLACK
6
CONTINUOUS
10
0.9102179133858268
20
0.6504412598425197
11
0.9064655511811024
21
0.6564131102362205
0
LINE
8
BLACK
6
CONTINUOUS
10
0.9064655511811024
20
0.6564131102362205
11
0.9041361417322834
21
0.6630701968503937
0
LINE
8
BLACK
6
CONTINUOUS
10
0.9041361417322834
20
0.6630701968503937
11
0.9033464566929134
21
0.6700787401574803
0
LINE
8
BLACK
6
CONTINUOUS
10
0.9033464566929134
20
0.6700787401574803
11
0.9041361417322834
21
0.6770872834645669
0
LINE
8
BLACK
6
CONTINUOUS
10
0.9041361417322834
20
0.6770872834645669
11
0.9064655511811024
21
0.6837443700787401
0
LINE
8
BLACK
6
CONTINUOUS
10
0.9064655511811024
20
0.6837443700787401
11
0.9102179133858268
21
0.689716220472441
0
LINE
8
BLACK
6
CONTINUOUS
10
0.9102179133858268
20
0.689716220472441
11
0.9152050393700787
21
0.6947033464566928
0
LINE
8
BLACK
6
CONTINUOUS
10
0.9152050393700787
20
0.6947033464566928
11
0.9211768897637795
21
0.6984557086614173
0
LINE
8
BLACK
6
CONTINUOUS
10
0.9211768897637795
20
0.6984557086614173
11
0.9278339763779527
21
0.7007851181102362
0
LINE
8
BLACK
6
CONTINUOUS
10
0.9278339763779527
20
0.7007851181102362
11
0.9348425196850394
21
0.7015748031496063
0
LINE
8
BLACK
6
CONTINUOUS
10
0.9348425196850394
20
0.7015748031496063
11
0.9624015748031496
21
0.7015748031496063
0
LINE
8
BLACK
6
CONTINUOUS
10
0.9624015748031496
20
0.7015748031496063
11
0.9694101181102363
21
0.7007851181102362
0
LINE
8
BLACK
6
CONTINUOUS
10
0.385511811023622
20
0.6865354330708662
11
0.325511811023622
21
0.6865354330708662
0
LINE
8
BLACK
6
CONTINUOUS
10
0.325511811023622
20
0.6865354330708662
11
0.325511811023622
21
0.7465354330708661
0
LINE
8
BLACK
6
CONTINUOUS
10
0.325511811023622
20
0.7465354330708661
11
0.385511811023622
21
0.7465354330708661
0
LINE
8
BLACK
6
CONTINUOUS
10
0.385511811023622
20
0.7465354330708661
11
0.385511811023622
21
0.6865354330708662
0
LINE
8
BLACK
6
CONTINUOUS
10
0.485511811023622
20
0.6865354330708662
11
0.425511811023622
21
0.6865354330708662
0
LINE
8
BLACK
6
CONTINUOUS
10
0.425511811023622
20
0.6865354330708662
11
0.425511811023622
21
0.7465354330708661
0
LINE
8
BLACK
6
CONTINUOUS
10
0.425511811023622
20
0.7465354330708661
11
0.485511811023622
21
0.7465354330708661
0
LINE
8
BLACK
6
CONTINUOUS
10
0.485511811023622
20
0.7465354330708661
11
0.485511811023622
21
0.6865354330708662
0
LINE
8
BLACK
6
CONTINUOUS
10
1.184724409448819
20
0.6865354330708662
11
1.1247244094488189
21
0.6865354330708662
0
LINE
8
BLACK
6
CONTINUOUS
10
1.1247244094488189
20
0.6865354330708662
11
1.1247244094488189
21
0.7465354330708661
0
LINE
8
BLACK
6
CONTINUOUS
10
1.1247244094488189
20
0.7465354330708661
11
1.184724409448819
21
0.7465354330708661
0
LINE
8
BLACK
6
CONTINUOUS
10
1.184724409448819
20
0.7465354330708661
11
1.184724409448819
21
0.6865354330708662
0
LINE
8
BLACK
6
CONTINUOUS
10
1.2847244094488188
20
0.6865354330708662
11
1.2247244094488188
21
0.6865354330708662
0
LINE
8
BLACK
6
CONTINUOUS
10
1.2247244094488188
20
0.6865354330708662
11
1.2247244094488188
21
0.7465354330708661
0
LINE
8
BLACK
6
CONTINUOUS
10
1.2247244094488188
20
0.7465354330708661
11
1.2847244094488188
21
0.7465354330708661
0
LINE
8
BLACK
6
CONTINUOUS
10
1.2847244094488188
20
0.7465354330708661
11
1.2847244094488188
21
0.6865354330708662
0
LINE
8
BLACK
6
CONTINUOUS
10
0.6694101181102362
20
0.8007851181102362
11
0.6760672047244094
21
0.7984557086614174
0
LINE
8
BLACK
6
CONTINUOUS
10
0.6760672047244094
20
0.7984557086614174
11
0.6820390551181102
21
0.7947033464566929
0
LINE
8
BLACK
6
CONTINUOUS
10
0.6820390551181102
20
0.7947033464566929
11
0.6870261811023622
21
0.7897162204724409
0
LINE
8
BLACK
6
CONTINUOUS
10
0.6870261811023622
20
0.7897162204724409
11
0.6907785433070865
21
0.7837443700787401
0
LINE
8
BLACK
6
CONTINUOUS
10
0.6907785433070865
20
0.7837443700787401
11
0.6931079527559055
21
0.7770872834645669
0
LINE
8
BLACK
6
CONTINUOUS
10
0.6931079527559055
20
0.7770872834645669
11
0.6938976377952756
21
0.7700787401574803
0
LINE
8
BLACK
6
CONTINUOUS
10
0.6938976377952756
20
0.7700787401574803
11
0.6931079527559055
21
0.7630701968503937
0
LINE
8
BLACK
6
CONTINUOUS
10
0.6931079527559055
20
0.7630701968503937
11
0.6907785433070865
21
0.7564131102362205
0
LINE
8
BLACK
6
CONTINUOUS
10
0.6907785433070865
20
0.7564131102362205
11
0.6870261811023622
21
0.7504412598425196
0
LINE
8
BLACK
6
CONTINUOUS
10
0.6870261811023622
20
0.7504412598425196
11
0.6820390551181102
21
0.7454541338582678
0
LINE
8
BLACK
6
CONTINUOUS
10
0.6820390551181102
20
0.7454541338582678
11
0.6760672047244094
21
0.7417017716535433
0
LINE
8
BLACK
6
CONTINUOUS
10
0.6760672047244094
20
0.7417017716535433
11
0.6694101181102362
21
0.7393723622047244
0
LINE
8
BLACK
6
CONTINUOUS
10
0.6694101181102362
20
0.7393723622047244
11
0.6624015748031495
21
0.7385826771653543
0
LINE
8
BLACK
6
CONTINUOUS
10
0.6624015748031495
20
0.7385826771653543
11
0.6348425196850394
21
0.7385826771653543
0
LINE
8
BLACK
6
CONTINUOUS
10
0.6348425196850394
20
0.7385826771653543
11
0.6278339763779528
21
0.7393723622047244
0
LINE
8
BLACK
6
CONTINUOUS
10
0.6278339763779528
20
0.7393723622047244
11
0.6211768897637795
21
0.7417017716535433
0
LINE
8
BLACK
6
CONTINUOUS
10
0.6211768897637795
20
0.7417017716535433
11
0.6152050393700788
21
0.7454541338582678
0
LINE
8
BLACK
6
CONTINUOUS
10
0.6152050393700788
20
0.7454541338582678
11
0.6102179133858268
21
0.7504412598425196
0
LINE
8
BLACK
6
CONTINUOUS
10
0.6102179133858268
20
0.7504412598425196
11
0.6064655511811023
21
0.7564131102362205
0
LINE
8
BLACK
6
CONTINUOUS
10
0.6064655511811023
20
0.7564131102362205
11
0.6041361417322835
21
0.7630701968503937
0
LINE
8
BLACK
6
CONTINUOUS
10
0.6041361417322835
20
0.7630701968503937
11
0.6033464566929134
21
0.7700787401574803
0
LINE
8
BLACK
6
CONTINUOUS
10
0.6033464566929134
20
0.7700787401574803
11
0.6041361417322835
21
0.7770872834645669
0
LINE
8
BLACK
6
CONTINUOUS
10
0.6041361417322835
20
0.7770872834645669
11
0.6064655511811023
21
0.7837443700787401
0
LINE
8
BLACK
6
CONTINUOUS
10
0.6064655511811023
20
0.7837443700787401
11
0.6102179133858268
21
0.7897162204724409
0
LINE
8
BLACK
6
CONTINUOUS
10
0.6102179133858268
20
0.7897162204724409
11
0.6152050393700788
21
0.7947033464566929
0
LINE
8
BLACK
6
CONTINUOUS
10
0.6152050393700788
20
0.7947033464566929
11
0.6211768897637795
21
0.7984557086614174
0
LINE
8
BLACK
6
CONTINUOUS
10
0.6211768897637795
20
0.7984557086614174
11
0.6278339763779528
21
0.8007851181102362
0
LINE
8
BLACK
6
CONTINUOUS
10
0.6278339763779528
20
0.8007851181102362
11
0.6348425196850394
21
0.8015748031496063
0
LINE
8
BLACK
6
CONTINUOUS
10
0.6348425196850394
20
0.8015748031496063
11
0.6624015748031495
21
0.8015748031496063
0
LINE
8
BLACK
6
CONTINUOUS
10
0.6624015748031495
20
0.8015748031496063
11
0.6694101181102362
21
0.8007851181102362
0
LINE
8
BLACK
6
CONTINUOUS
10
0.9694101181102363
20
0.8007851181102362
11
0.9760672047244094
21
0.7984557086614174
0
LINE
8
BLACK
6
CONTINUOUS
10
0.9760672047244094
20
0.7984557086614174
11
0.9820390551181102
21
0.7947033464566929
0
LINE
8
BLACK
6
CONTINUOUS
10
0.9820390551181102
20
0.7947033464566929
11
0.9870261811023622
21
0.7897162204724409
0
LINE
8
BLACK
6
CONTINUOUS
10
0.9870261811023622
20
0.7897162204724409
11
0.9907785433070866
21
0.7837443700787401
0
LINE
8
BLACK
6
CONTINUOUS
10
0.9907785433070866
20
0.7837443700787401
11
0.9931079527559055
21
0.7770872834645669
0
LINE
8
BLACK
6
CONTINUOUS
10
0.9931079527559055
20
0.7770872834645669
11
0.9938976377952755
21
0.7700787401574803
0
LINE
8
BLACK
6
CONTINUOUS
10
0.9938976377952755
20
0.7700787401574803
11
0.9931079527559055
21
0.7630701968503937
0
LINE
8
BLACK
6
CONTINUOUS
10
0.9931079527559055
20
0.7630701968503937
11
0.9907785433070866
21
0.7564131102362205
0
LINE
8
BLACK
6
CONTINUOUS
10
0.9907785433070866
20
0.7564131102362205
11
0.9870261811023622
21
0.7504412598425196
0
LINE
8
BLACK
6
CONTINUOUS
10
0.9870261811023622
20
0.7504412598425196
11
0.9820390551181102
21
0.7454541338582678
0
LINE
8
BLACK
6
CONTINUOUS
10
0.9820390551181102
20
0.7454541338582678
11
0.9760672047244094
21
0.7417017716535433
0
LINE
8
BLACK
6
CONTINUOUS
10
0.9760672047244094
20
0.7417017716535433
11
0.9694101181102363
21
0.7393723622047244
0
LINE
8
BLACK
6
CONTINUOUS
10
0.9694101181102363
20
0.7393723622047244
11
0.9624015748031496
21
0.7385826771653543
0
LINE
8
BLACK
6
CONTINUOUS
10
0.9624015748031496
20
0.7385826771653543
11
0.9348425196850394
21
0.7385826771653543
0
LINE
8
BLACK
6
CONTINUOUS
10
0.9348425196850394
20
0.7385826771653543
11
0.9278339763779527
21
0.7393723622047244
0
LINE
8
BLACK
6
CONTINUOUS
10
0.9278339763779527
20
0.7393723622047244
11
0.9211768897637795
21
0.7417017716535433
0
LINE
8
BLACK
6
CONTINUOUS
10
0.9211768897637795
20
0.7417017716535433
11
0.9152050393700787
21
0.7454541338582678
0
LINE
8
BLACK
6
CONTINUOUS
10
0.9152050393700787
20
0.7454541338582678
11
0.9102179133858268
21
0.7504412598425196
0
LINE
8
BLACK
6
CONTINUOUS
10
0.9102179133858268
20
0.7504412598425196
11
0.9064655511811024
21
0.7564131102362205
0
LINE
8
BLACK
6
CONTINUOUS
10
0.9064655511811024
20
0.7564131102362205
11
0.9041361417322834
21
0.7630701968503937
0
LINE
8
BLACK
6
CONTINUOUS
10
0.9041361417322834
20
0.7630701968503937
11
0.9033464566929134
21
0.7700787401574803
0
LINE
8
BLACK
6
CONTINUOUS
10
0.9033464566929134
20
0.7700787401574803
11
0.9041361417322834
21
0.7770872834645669
0
LINE
8
BLACK
6
CONTINUOUS
10
0.9041361417322834
20
0.7770872834645669
11
0.9064655511811024
21
0.7837443700787401
0
LINE
8
BLACK
6
CONTINUOUS
10
0.9064655511811024
20
0.7837443700787401
11
0.9102179133858268
21
0.7897162204724409
0
LINE
8
BLACK
6
CONTINUOUS
10
0.9102179133858268
20
0.7897162204724409
11
0.9152050393700787
21
0.7947033464566929
0
LINE
8
BLACK
6
CONTINUOUS
10
0.9152050393700787
20
0.7947033464566929
11
0.9211768897637795
21
0.7984557086614174
0
LINE
8
BLACK
6
CONTINUOUS
10
0.9211768897637795
20
0.7984557086614174
11
0.9278339763779527
21
0.8007851181102362
0
LINE
8
BLACK
6
CONTINUOUS
10
0.9278339763779527
20
0.8007851181102362
11
0.9348425196850394
21
0.8015748031496063
0
LINE
8
BLACK
6
CONTINUOUS
10
0.9348425196850394
20
0.8015748031496063
11
0.9624015748031496
21
0.8015748031496063
0
LINE
8
BLACK
6
CONTINUOUS
10
0.9624015748031496
20
0.8015748031496063
11
0.9694101181102363
21
0.8007851181102362
0
LINE
8
BLACK
6
CONTINUOUS
10
0.385511811023622
20
0.7865354330708662
11
0.325511811023622
21
0.7865354330708662
0
LINE
8
BLACK
6
CONTINUOUS
10
0.325511811023622
20
0.7865354330708662
11
0.325511811023622
21
0.8465354330708661
0
LINE
8
BLACK
6
CONTINUOUS
10
0.325511811023622
20
0.8465354330708661
11
0.385511811023622
21
0.8465354330708661
0
LINE
8
BLACK
6
CONTINUOUS
10
0.385511811023622
20
0.8465354330708661
11
0.385511811023622
21
0.7865354330708662
0
LINE
8
BLACK
6
CONTINUOUS
10
0.485511811023622
20
0.7865354330708662
11
0.425511811023622
21
0.7865354330708662
0
LINE
8
BLACK
6
CONTINUOUS
10
0.425511811023622
20
0.7865354330708662
11
0.425511811023622
21
0.8465354330708661
0
LINE
8
BLACK
6
CONTINUOUS
10
0.425511811023622
20
0.8465354330708661
11
0.485511811023622
21
0.8465354330708661
0
LINE
8
BLACK
6
CONTINUOUS
10
0.485511811023622
20
0.8465354330708661
11
0.485511811023622
21
0.7865354330708662
0
LINE
8
BLACK
6
CONTINUOUS
10
1.184724409448819
20
0.7865354330708662
11
1.1247244094488189
21
0.7865354330708662
0
LINE
8
BLACK
6
CONTINUOUS
10
1.1247244094488189
20
0.7865354330708662
11
1.1247244094488189
21
0.8465354330708661
0
LINE
8
BLACK
6
CONTINUOUS
10
1.1247244094488189
20
0.8465354330708661
11
1.184724409448819
21
0.8465354330708661
0
LINE
8
BLACK
6
CONTINUOUS
10
1.184724409448819
20
0.8465354330708661
11
1.184724409448819
21
0.7865354330708662
0
LINE
8
BLACK
6
CONTINUOUS
10
1.2847244094488188
20
0.7865354330708662
11
1.2247244094488188
21
0.7865354330708662
0
LINE
8
BLACK
6
CONTINUOUS
10
1.2247244094488188
20
0.7865354330708662
11
1.2247244094488188
21
0.8465354330708661
0
LINE
8
BLACK
6
CONTINUOUS
10
1.2247244094488188
20
0.8465354330708661
11
1.2847244094488188
21
0.8465354330708661
0
LINE
8
BLACK
6
CONTINUOUS
10
1.2847244094488188
20
0.8465354330708661
11
1.2847244094488188
21
0.7865354330708662
0
LINE
8
BLACK
6
CONTINUOUS
10
0.6694101181102362
20
0.9007851181102362
11
0.6760672047244094
21
0.8984557086614173
0
LINE
8
BLACK
6
CONTINUOUS
10
0.6760672047244094
20
0.8984557086614173
11
0.6820390551181102
21
0.8947033464566929
0
LINE
8
BLACK
6
CONTINUOUS
10
0.6820390551181102
20
0.8947033464566929
11
0.6870261811023622
21
0.8897162204724409
0
LINE
8
BLACK
6
CONTINUOUS
10
0.6870261811023622
20
0.8897162204724409
11
0.6907785433070865
21
0.8837443700787402
0
LINE
8
BLACK
6
CONTINUOUS
10
0.6907785433070865
20
0.8837443700787402
11
0.6931079527559055
21
0.8770872834645669
0
LINE
8
BLACK
6
CONTINUOUS
10
0.6931079527559055
20
0.8770872834645669
11
0.6938976377952756
21
0.8700787401574803
0
LINE
8
BLACK
6
CONTINUOUS
10
0.6938976377952756
20
0.8700787401574803
11
0.6931079527559055
21
0.8630701968503937
0
LINE
8
BLACK
6
CONTINUOUS
10
0.6931079527559055
20
0.8630701968503937
11
0.6907785433070865
21
0.8564131102362205
0
LINE
8
BLACK
6
CONTINUOUS
10
0.6907785433070865
20
0.8564131102362205
11
0.6870261811023622
21
0.8504412598425196
0
LINE
8
BLACK
6
CONTINUOUS
10
0.6870261811023622
20
0.8504412598425196
11
0.6820390551181102
21
0.8454541338582677
0
LINE
8
BLACK
6
CONTINUOUS
10
0.6820390551181102
20
0.8454541338582677
11
0.6760672047244094
21
0.8417017716535433
0
LINE
8
BLACK
6
CONTINUOUS
10
0.6760672047244094
20
0.8417017716535433
11
0.6694101181102362
21
0.8393723622047244
0
LINE
8
BLACK
6
CONTINUOUS
10
0.6694101181102362
20
0.8393723622047244
11
0.6624015748031495
21
0.8385826771653543
0
LINE
8
BLACK
6
CONTINUOUS
10
0.6624015748031495
20
0.8385826771653543
11
0.6348425196850394
21
0.8385826771653543
0
LINE
8
BLACK
6
CONTINUOUS
10
0.6348425196850394
20
0.8385826771653543
11
0.6278339763779528
21
0.8393723622047244
0
LINE
8
BLACK
6
CONTINUOUS
10
0.6278339763779528
20
0.8393723622047244
11
0.6211768897637795
21
0.8417017716535433
0
LINE
8
BLACK
6
CONTINUOUS
10
0.6211768897637795
20
0.8417017716535433
11
0.6152050393700788
21
0.8454541338582677
0
LINE
8
BLACK
6
CONTINUOUS
10
0.6152050393700788
20
0.8454541338582677
11
0.6102179133858268
21
0.8504412598425196
0
LINE
8
BLACK
6
CONTINUOUS
10
0.6102179133858268
20
0.8504412598425196
11
0.6064655511811023
21
0.8564131102362205
0
LINE
8
BLACK
6
CONTINUOUS
10
0.6064655511811023
20
0.8564131102362205
11
0.6041361417322835
21
0.8630701968503937
0
LINE
8
BLACK
6
CONTINUOUS
10
0.6041361417322835
20
0.8630701968503937
11
0.6033464566929134
21
0.8700787401574803
0
LINE
8
BLACK
6
CONTINUOUS
10
0.6033464566929134
20
0.8700787401574803
11
0.6041361417322835
21
0.8770872834645669
0
LINE
8
BLACK
6
CONTINUOUS
10
0.6041361417322835
20
0.8770872834645669
11
0.6064655511811023
21
0.8837443700787402
0
LINE
8
BLACK
6
CONTINUOUS
10
0.6064655511811023
20
0.8837443700787402
11
0.6102179133858268
21
0.8897162204724409
0
LINE
8
BLACK
6
CONTINUOUS
10
0.6102179133858268
20
0.8897162204724409
11
0.6152050393700788
21
0.8947033464566929
0
LINE
8
BLACK
6
CONTINUOUS
10
0.6152050393700788
20
0.8947033464566929
11
0.6211768897637795
21
0.8984557086614173
0
LINE
8
BLACK
6
CONTINUOUS
10
0.6211768897637795
20
0.8984557086614173
11
0.6278339763779528
21
0.9007851181102362
0
LINE
8
BLACK
6
CONTINUOUS
10
0.6278339763779528
20
0.9007851181102362
11
0.6348425196850394
21
0.9015748031496063
0
LINE
8
BLACK
6
CONTINUOUS
10
0.6348425196850394
20
0.9015748031496063
11
0.6624015748031495
21
0.9015748031496063
0
LINE
8
BLACK
6
CONTINUOUS
10
0.6624015748031495
20
0.9015748031496063
11
0.6694101181102362
21
0.9007851181102362
0
LINE
8
BLACK
6
CONTINUOUS
10
0.9694101181102363
20
0.9007851181102362
11
0.9760672047244094
21
0.8984557086614173
0
LINE
8
BLACK
6
CONTINUOUS
10
0.9760672047244094
20
0.8984557086614173
11
0.9820390551181102
21
0.8947033464566929
0
LINE
8
BLACK
6
CONTINUOUS
10
0.9820390551181102
20
0.8947033464566929
11
0.9870261811023622
21
0.8897162204724409
0
LINE
8
BLACK
6
CONTINUOUS
10
0.9870261811023622
20
0.8897162204724409
11
0.9907785433070866
21
0.8837443700787402
0
LINE
8
BLACK
6
CONTINUOUS
10
0.9907785433070866
20
0.8837443700787402
11
0.9931079527559055
21
0.8770872834645669
0
LINE
8
BLACK
6
CONTINUOUS
10
0.9931079527559055
20
0.8770872834645669
11
0.9938976377952755
21
0.8700787401574803
0
LINE
8
BLACK
6
CONTINUOUS
10
0.9938976377952755
20
0.8700787401574803
11
0.9931079527559055
21
0.8630701968503937
0
LINE
8
BLACK
6
CONTINUOUS
10
0.9931079527559055
20
0.8630701968503937
11
0.9907785433070866
21
0.8564131102362205
0
LINE
8
BLACK
6
CONTINUOUS
10
0.9907785433070866
20
0.8564131102362205
11
0.9870261811023622
21
0.8504412598425196
0
LINE
8
BLACK
6
CONTINUOUS
10
0.9870261811023622
20
0.8504412598425196
11
0.9820390551181102
21
0.8454541338582677
0
LINE
8
BLACK
6
CONTINUOUS
10
0.9820390551181102
20
0.8454541338582677
11
0.9760672047244094
21
0.8417017716535433
0
LINE
8
BLACK
6
CONTINUOUS
10
0.9760672047244094
20
0.8417017716535433
11
0.9694101181102363
21
0.8393723622047244
0
LINE
8
BLACK
6
CONTINUOUS
10
0.9694101181102363
20
0.8393723622047244
11
0.9624015748031496
21
0.8385826771653543
0
LINE
8
BLACK
6
CONTINUOUS
10
0.9624015748031496
20
0.8385826771653543
11
0.9348425196850394
21
0.8385826771653543
0
LINE
8
BLACK
6
CONTINUOUS
10
0.9348425196850394
20
0.8385826771653543
11
0.9278339763779527
21
0.8393723622047244
0
LINE
8
BLACK
6
CONTINUOUS
10
0.9278339763779527
20
0.8393723622047244
11
0.9211768897637795
21
0.8417017716535433
0
LINE
8
BLACK
6
CONTINUOUS
10
0.9211768897637795
20
0.8417017716535433
11
0.9152050393700787
21
0.8454541338582677
0
LINE
8
BLACK
6
CONTINUOUS
10
0.9152050393700787
20
0.8454541338582677
11
0.9102179133858268
21
0.8504412598425196
0
LINE
8
BLACK
6
CONTINUOUS
10
0.9102179133858268
20
0.8504412598425196
11
0.9064655511811024
21
0.8564131102362205
0
LINE
8
BLACK
6
CONTINUOUS
10
0.9064655511811024
20
0.8564131102362205
11
0.9041361417322834
21
0.8630701968503937
0
LINE
8
BLACK
6
CONTINUOUS
10
0.9041361417322834
20
0.8630701968503937
11
0.9033464566929134
21
0.8700787401574803
0
LINE
8
BLACK
6
CONTINUOUS
10
0.9033464566929134
20
0.8700787401574803
11
0.9041361417322834
21
0.8770872834645669
0
LINE
8
BLACK
6
CONTINUOUS
10
0.9041361417322834
20
0.8770872834645669
11
0.9064655511811024
21
0.8837443700787402
0
LINE
8
BLACK
6
CONTINUOUS
10
0.9064655511811024
20
0.8837443700787402
11
0.9102179133858268
21
0.8897162204724409
0
LINE
8
BLACK
6
CONTINUOUS
10
0.9102179133858268
20
0.8897162204724409
11
0.9152050393700787
21
0.8947033464566929
0
LINE
8
BLACK
6
CONTINUOUS
10
0.9152050393700787
20
0.8947033464566929
11
0.9211768897637795
21
0.8984557086614173
0
LINE
8
BLACK
6
CONTINUOUS
10
0.9211768897637795
20
0.8984557086614173
11
0.9278339763779527
21
0.9007851181102362
0
LINE
8
BLACK
6
CONTINUOUS
10
0.9278339763779527
20
0.9007851181102362
11
0.9348425196850394
21
0.9015748031496063
0
LINE
8
BLACK
6
CONTINUOUS
10
0.9348425196850394
20
0.9015748031496063
11
0.9624015748031496
21
0.9015748031496063
0
LINE
8
BLACK
6
CONTINUOUS
10
0.9624015748031496
20
0.9015748031496063
11
0.9694101181102363
21
0.9007851181102362
0
LINE
8
BLACK
6
CONTINUOUS
10
0.385511811023622
20
0.8865354330708661
11
0.325511811023622
21
0.8865354330708661
0
LINE
8
BLACK
6
CONTINUOUS
10
0.325511811023622
20
0.8865354330708661
11
0.325511811023622
21
0.9465354330708661
0
LINE
8
BLACK
6
CONTINUOUS
10
0.325511811023622
20
0.9465354330708661
11
0.385511811023622
21
0.9465354330708661
0
LINE
8
BLACK
6
CONTINUOUS
10
0.385511811023622
20
0.9465354330708661
11
0.385511811023622
21
0.8865354330708661
0
LINE
8
BLACK
6
CONTINUOUS
10
0.485511811023622
20
0.8865354330708661
11
0.425511811023622
21
0.8865354330708661
0
LINE
8
BLACK
6
CONTINUOUS
10
0.425511811023622
20
0.8865354330708661
11
0.425511811023622
21
0.9465354330708661
0
LINE
8
BLACK
6
CONTINUOUS
10
0.425511811023622
20
0.9465354330708661
11
0.485511811023622
21
0.9465354330708661
0
LINE
8
BLACK
6
CONTINUOUS
10
0.485511811023622
20
0.9465354330708661
11
0.485511811023622
21
0.8865354330708661
0
LINE
8
BLACK
6
CONTINUOUS
10
1.184724409448819
20
0.8865354330708661
11
1.1247244094488189
21
0.8865354330708661
0
LINE
8
BLACK
6
CONTINUOUS
10
1.1247244094488189
20
0.8865354330708661
11
1.1247244094488189
21
0.9465354330708661
0
LINE
8
BLACK
6
CONTINUOUS
10
1.1247244094488189
20
0.9465354330708661
11
1.184724409448819
21
0.9465354330708661
0
LINE
8
BLACK
6
CONTINUOUS
10
1.184724409448819
20
0.9465354330708661
11
1.184724409448819
21
0.8865354330708661
0
LINE
8
BLACK
6
CONTINUOUS
10
1.2847244094488188
20
0.8865354330708661
11
1.2247244094488188
21
0.8865354330708661
0
LINE
8
BLACK
6
CONTINUOUS
10
1.2247244094488188
20
0.8865354330708661
11
1.2247244094488188
21
0.9465354330708661
0
LINE
8
BLACK
6
CONTINUOUS
10
1.2247244094488188
20
0.9465354330708661
11
1.2847244094488188
21
0.9465354330708661
0
LINE
8
BLACK
6
CONTINUOUS
10
1.2847244094488188
20
0.9465354330708661
11
1.2847244094488188
21
0.8865354330708661
0
LINE
8
BLACK
6
CONTINUOUS
10
0.385511811023622
20
0.9865354330708661
11
0.325511811023622
21
0.9865354330708661
0
LINE
8
BLACK
6
CONTINUOUS
10
0.325511811023622
20
0.9865354330708661
11
0.325511811023622
21
1.0465354330708661
0
LINE
8
BLACK
6
CONTINUOUS
10
0.325511811023622
20
1.0465354330708661
11
0.385511811023622
21
1.0465354330708661
0
LINE
8
BLACK
6
CONTINUOUS
10
0.385511811023622
20
1.0465354330708661
11
0.385511811023622
21
0.9865354330708661
0
LINE
8
BLACK
6
CONTINUOUS
10
0.485511811023622
20
0.9865354330708661
11
0.425511811023622
21
0.9865354330708661
0
LINE
8
BLACK
6
CONTINUOUS
10
0.425511811023622
20
0.9865354330708661
11
0.425511811023622
21
1.0465354330708661
0
LINE
8
BLACK
6
CONTINUOUS
10
0.425511811023622
20
1.0465354330708661
11
0.485511811023622
21
1.0465354330708661
0
LINE
8
BLACK
6
CONTINUOUS
10
0.485511811023622
20
1.0465354330708661
11
0.485511811023622
21
0.9865354330708661
0
LINE
8
BLACK
6
CONTINUOUS
10
1.184724409448819
20
0.9865354330708661
11
1.1247244094488189
21
0.9865354330708661
0
LINE
8
BLACK
6
CONTINUOUS
10
1.1247244094488189
20
0.9865354330708661
11
1.1247244094488189
21
1.0465354330708661
0
LINE
8
BLACK
6
CONTINUOUS
10
1.1247244094488189
20
1.0465354330708661
11
1.184724409448819
21
1.0465354330708661
0
LINE
8
BLACK
6
CONTINUOUS
10
1.184724409448819
20
1.0465354330708661
11
1.184724409448819
21
0.9865354330708661
0
LINE
8
BLACK
6
CONTINUOUS
10
1.2847244094488188
20
0.9865354330708661
11
1.2247244094488188
21
0.9865354330708661
0
LINE
8
BLACK
6
CONTINUOUS
10
1.2247244094488188
20
0.9865354330708661
11
1.2247244094488188
21
1.0465354330708661
0
LINE
8
BLACK
6
CONTINUOUS
10
1.2247244094488188
20
1.0465354330708661
11
1.2847244094488188
21
1.0465354330708661
0
LINE
8
BLACK
6
CONTINUOUS
10
1.2847244094488188
20
1.0465354330708661
11
1.2847244094488188
21
0.9865354330708661
0
LINE
8
BLACK
6
CONTINUOUS
10
0.8654331102362205
20
1.6656692913385827
11
0.8511811417322834
21
1.6656692913385827
0
LINE
8
BLACK
6
CONTINUOUS
10
0.8511811417322834
20
1.6656692913385827
11
0.8511811417322834
21
1.6256692913385826
0
LINE
8
BLACK
6
CONTINUOUS
10
0.8511811417322834
20
1.6256692913385826
11
0.8654331102362205
21
1.6256692913385826
0
LINE
8
BLACK
6
CONTINUOUS
10
0.8654331102362205
20
1.6256692913385826
11
0.8654331102362205
21
1.5656692913385826
0
LINE
8
BLACK
6
CONTINUOUS
10
0.8654331102362205
20
1.5656692913385826
11
0.8511811417322834
21
1.5656692913385826
0
LINE
8
BLACK
6
CONTINUOUS
10
0.8511811417322834
20
1.5656692913385826
11
0.8511811417322834
21
1.1322834645669291
0
LINE
8
BLACK
6
CONTINUOUS
10
0.8511811417322834
20
1.1322834645669291
11
1.1247244094488189
21
1.1322834645669291
0
LINE
8
BLACK
6
CONTINUOUS
10
1.1247244094488189
20
1.1322834645669291
11
1.1247244094488189
21
1.1465354330708661
0
LINE
8
BLACK
6
CONTINUOUS
10
1.1247244094488189
20
1.1465354330708661
11
1.184724409448819
21
1.1465354330708661
0
LINE
8
BLACK
6
CONTINUOUS
10
1.184724409448819
20
1.1465354330708661
11
1.184724409448819
21
1.1322834645669291
0
LINE
8
BLACK
6
CONTINUOUS
10
1.184724409448819
20
1.1322834645669291
11
1.2247244094488188
21
1.1322834645669291
0
LINE
8
BLACK
6
CONTINUOUS
10
1.2247244094488188
20
1.1322834645669291
11
1.2247244094488188
21
1.1465354330708661
0
LINE
8
BLACK
6
CONTINUOUS
10
1.2247244094488188
20
1.1465354330708661
11
1.2847244094488188
21
1.1465354330708661
0
LINE
8
BLACK
6
CONTINUOUS
10
1.2847244094488188
20
1.1465354330708661
11
1.2847244094488188
21
1.0865354330708661
0
LINE
8
BLACK
6
CONTINUOUS
10
1.2847244094488188
20
1.0865354330708661
11
1.2247244094488188
21
1.0865354330708661
0
LINE
8
BLACK
6
CONTINUOUS
10
1.2247244094488188
20
1.0865354330708661
11
1.2247244094488188
21
1.1007874015748031
0
LINE
8
BLACK
6
CONTINUOUS
10
1.2247244094488188
20
1.1007874015748031
11
1.184724409448819
21
1.1007874015748031
0
LINE
8
BLACK
6
CONTINUOUS
10
1.184724409448819
20
1.1007874015748031
11
1.184724409448819
21
1.0865354330708661
0
LINE
8
BLACK
6
CONTINUOUS
10
1.184724409448819
20
1.0865354330708661
11
1.1247244094488189
21
1.0865354330708661
0
LINE
8
BLACK
6
CONTINUOUS
10
1.1247244094488189
20
1.0865354330708661
11
1.1247244094488189
21
1.1007874015748031
0
LINE
8
BLACK
6
CONTINUOUS
10
1.1247244094488189
20
1.1007874015748031
11
0.8346456692913385
21
1.1007874015748031
0
LINE
8
BLACK
6
CONTINUOUS
10
0.8346456692913385
20
1.1007874015748031
11
0.485511811023622
21
1.1007874015748031
0
LINE
8
BLACK
6
CONTINUOUS
10
0.485511811023622
20
1.1007874015748031
11
0.485511811023622
21
1.0865354330708661
0
LINE
8
BLACK
6
CONTINUOUS
10
0.485511811023622
20
1.0865354330708661
11
0.425511811023622
21
1.0865354330708661
0
LINE
8
BLACK
6
CONTINUOUS
10
0.425511811023622
20
1.0865354330708661
11
0.425511811023622
21
1.1007874015748031
0
LINE
8
BLACK
6
CONTINUOUS
10
0.425511811023622
20
1.1007874015748031
11
0.385511811023622
21
1.1007874015748031
0
LINE
8
BLACK
6
CONTINUOUS
10
0.385511811023622
20
1.1007874015748031
11
0.385511811023622
21
1.0865354330708661
0
LINE
8
BLACK
6
CONTINUOUS
10
0.385511811023622
20
1.0865354330708661
11
0.325511811023622
21
1.0865354330708661
0
LINE
8
BLACK
6
CONTINUOUS
10
0.325511811023622
20
1.0865354330708661
11
0.325511811023622
21
1.1465354330708661
0
LINE
8
BLACK
6
CONTINUOUS
10
0.325511811023622
20
1.1465354330708661
11
0.385511811023622
21
1.1465354330708661
0
LINE
8
BLACK
6
CONTINUOUS
10
0.385511811023622
20
1.1465354330708661
11
0.385511811023622
21
1.1322834645669291
0
LINE
8
BLACK
6
CONTINUOUS
10
0.385511811023622
20
1.1322834645669291
11
0.425511811023622
21
1.1322834645669291
0
LINE
8
BLACK
6
CONTINUOUS
10
0.425511811023622
20
1.1322834645669291
11
0.425511811023622
21
1.1465354330708661
0
LINE
8
BLACK
6
CONTINUOUS
10
0.425511811023622
20
1.1465354330708661
11
0.485511811023622
21
1.1465354330708661
0
LINE
8
BLACK
6
CONTINUOUS
10
0.485511811023622
20
1.1465354330708661
11
0.485511811023622
21
1.1322834645669291
0
LINE
8
BLACK
6
CONTINUOUS
10
0.485511811023622
20
1.1322834645669291
11
0.8196850787401575
21
1.1322834645669291
0
LINE
8
BLACK
6
CONTINUOUS
10
0.8196850787401575
20
1.1322834645669291
11
0.8196850787401575
21
1.5656692913385826
0
LINE
8
BLACK
6
CONTINUOUS
10
0.8196850787401575
20
1.5656692913385826
11
0.8054331102362204
21
1.5656692913385826
0
LINE
8
BLACK
6
CONTINUOUS
10
0.8054331102362204
20
1.5656692913385826
11
0.8054331102362204
21
1.6256692913385826
0
LINE
8
BLACK
6
CONTINUOUS
10
0.8054331102362204
20
1.6256692913385826
11
0.8196850787401575
21
1.6256692913385826
0
LINE
8
BLACK
6
CONTINUOUS
10
0.8196850787401575
20
1.6256692913385826
11
0.8196850787401575
21
1.6656692913385827
0
LINE
8
BLACK
6
CONTINUOUS
10
0.8196850787401575
20
1.6656692913385827
11
0.8054331102362204
21
1.6656692913385827
0
LINE
8
BLACK
6
CONTINUOUS
10
0.8054331102362204
20
1.6656692913385827
11
0.8054331102362204
21
1.7256692913385827
0
LINE
8
BLACK
6
CONTINUOUS
10
0.8054331102362204
20
1.7256692913385827
11
0.8654331102362205
21
1.7256692913385827
0
LINE
8
BLACK
6
CONTINUOUS
10
0.8654331102362205
20
1.7256692913385827
11
0.8654331102362205
21
1.6656692913385827
0
LINE
8
BLACK
6
CONTINUOUS
10
1.1780314960629921
20
1.2180314960629921
11
1.118031496062992
21
1.2180314960629921
0
LINE
8
BLACK
6
CONTINUOUS
10
1.118031496062992
20
1.2180314960629921
11
1.118031496062992
21
1.2780314960629922
0
LINE
8
BLACK
6
CONTINUOUS
10
1.118031496062992
20
1.2780314960629922
11
1.1780314960629921
21
1.2780314960629922
0
LINE
8
BLACK
6
CONTINUOUS
10
1.1780314960629921
20
1.2780314960629922
11
1.1780314960629921
21
1.2180314960629921
0
LINE
8
BLACK
6
CONTINUOUS
10
1.2780314960629922
20
1.2180314960629921
11
1.2180314960629921
21
1.2180314960629921
0
LINE
8
BLACK
6
CONTINUOUS
10
1.2180314960629921
20
1.2180314960629921
11
1.2180314960629921
21
1.2780314960629922
0
LINE
8
BLACK
6
CONTINUOUS
10
1.2180314960629921
20
1.2780314960629922
11
1.2780314960629922
21
1.2780314960629922
0
LINE
8
BLACK
6
CONTINUOUS
10
1.2780314960629922
20
1.2780314960629922
11
1.2780314960629922
21
1.2180314960629921
0
LINE
8
BLACK
6
CONTINUOUS
10
0.3843307086614173
20
1.2219685039370078
11
0.3243307086614173
21
1.2219685039370078
0
LINE
8
BLACK
6
CONTINUOUS
10
0.3243307086614173
20
1.2219685039370078
11
0.3243307086614173
21
1.2819685039370079
0
LINE
8
BLACK
6
CONTINUOUS
10
0.3243307086614173
20
1.2819685039370079
11
0.3843307086614173
21
1.2819685039370079
0
LINE
8
BLACK
6
CONTINUOUS
10
0.3843307086614173
20
1.2819685039370079
11
0.3843307086614173
21
1.2219685039370078
0
LINE
8
BLACK
6
CONTINUOUS
10
0.4843307086614173
20
1.2219685039370078
11
0.4243307086614173
21
1.2219685039370078
0
LINE
8
BLACK
6
CONTINUOUS
10
0.4243307086614173
20
1.2219685039370078
11
0.4243307086614173
21
1.2819685039370079
0
LINE
8
BLACK
6
CONTINUOUS
10
0.4243307086614173
20
1.2819685039370079
11
0.4843307086614173
21
1.2819685039370079
0
LINE
8
BLACK
6
CONTINUOUS
10
0.4843307086614173
20
1.2819685039370079
11
0.4843307086614173
21
1.2219685039370078
0
LINE
8
BLACK
6
CONTINUOUS
10
1.1780314960629921
20
1.3180314960629922
11
1.118031496062992
21
1.3180314960629922
0
LINE
8
BLACK
6
CONTINUOUS
10
1.118031496062992
20
1.3180314960629922
11
1.118031496062992
21
1.378031496062992
0
LINE
8
BLACK
6
CONTINUOUS
10
1.118031496062992
20
1.378031496062992
11
1.1780314960629921
21
1.378031496062992
0
LINE
8
BLACK
6
CONTINUOUS
10
1.1780314960629921
20
1.378031496062992
11
1.1780314960629921
21
1.3180314960629922
0
LINE
8
BLACK
6
CONTINUOUS
10
1.2780314960629922
20
1.3180314960629922
11
1.2180314960629921
21
1.3180314960629922
0
LINE
8
BLACK
6
CONTINUOUS
10
1.2180314960629921
20
1.3180314960629922
11
1.2180314960629921
21
1.378031496062992
0
LINE
8
BLACK
6
CONTINUOUS
10
1.2180314960629921
20
1.378031496062992
11
1.2780314960629922
21
1.378031496062992
0
LINE
8
BLACK
6
CONTINUOUS
10
1.2780314960629922
20
1.378031496062992
11
1.2780314960629922
21
1.3180314960629922
0
LINE
8
BLACK
6
CONTINUOUS
10
0.3843307086614173
20
1.3219685039370079
11
0.3243307086614173
21
1.3219685039370079
0
LINE
8
BLACK
6
CONTINUOUS
10
0.3243307086614173
20
1.3219685039370079
11
0.3243307086614173
21
1.3819685039370078
0
LINE
8
BLACK
6
CONTINUOUS
10
0.3243307086614173
20
1.3819685039370078
11
0.3843307086614173
21
1.3819685039370078
0
LINE
8
BLACK
6
CONTINUOUS
10
0.3843307086614173
20
1.3819685039370078
11
0.3843307086614173
21
1.3219685039370079
0
LINE
8
BLACK
6
CONTINUOUS
10
0.4843307086614173
20
1.3219685039370079
11
0.4243307086614173
21
1.3219685039370079
0
LINE
8
BLACK
6
CONTINUOUS
10
0.4243307086614173
20
1.3219685039370079
11
0.4243307086614173
21
1.3819685039370078
0
LINE
8
BLACK
6
CONTINUOUS
10
0.4243307086614173
20
1.3819685039370078
11
0.4843307086614173
21
1.3819685039370078
0
LINE
8
BLACK
6
CONTINUOUS
10
0.4843307086614173
20
1.3819685039370078
11
0.4843307086614173
21
1.3219685039370079
0
LINE
8
BLACK
6
CONTINUOUS
10
0.7654331102362204
20
1.5656692913385826
11
0.7054331102362205
21
1.5656692913385826
0
LINE
8
BLACK
6
CONTINUOUS
10
0.7054331102362205
20
1.5656692913385826
11
0.7054331102362205
21
1.6256692913385826
0
LINE
8
BLACK
6
CONTINUOUS
10
0.7054331102362205
20
1.6256692913385826
11
0.7654331102362204
21
1.6256692913385826
0
LINE
8
BLACK
6
CONTINUOUS
10
0.7654331102362204
20
1.6256692913385826
11
0.7654331102362204
21
1.5656692913385826
0
LINE
8
BLACK
6
CONTINUOUS
10
0.7654331102362204
20
1.6656692913385827
11
0.7054331102362205
21
1.6656692913385827
0
LINE
8
BLACK
6
CONTINUOUS
10
0.7054331102362205
20
1.6656692913385827
11
0.7054331102362205
21
1.7256692913385827
0
LINE
8
BLACK
6
CONTINUOUS
10
0.7054331102362205
20
1.7256692913385827
11
0.7654331102362204
21
1.7256692913385827
0
LINE
8
BLACK
6
CONTINUOUS
10
0.7654331102362204
20
1.7256692913385827
11
0.7654331102362204
21
1.6656692913385827
0
LINE
8
BLACK
6
CONTINUOUS
10
1.387363464566929
20
1.7882396456692913
11
1.388802244094488
21
1.7862593307086614
0
LINE
8
BLACK
6
CONTINUOUS
10
1.388802244094488
20
1.7862593307086614
11
1.3889961023622046
21
1.7850354330708662
0
LINE
8
BLACK
6
CONTINUOUS
10
1.3889961023622046
20
1.7850354330708662
11
1.3889961023622046
21
0.2149645669291338
0
LINE
8
BLACK
6
CONTINUOUS
10
1.3889961023622046
20
0.2149645669291338
11
1.3882396850393701
21
0.2126365748031496
0
LINE
8
BLACK
6
CONTINUOUS
10
1.3882396850393701
20
0.2126365748031496
11
1.3862593700787402
21
0.2111977952755905
0
LINE
8
BLACK
6
CONTINUOUS
10
1.3862593700787402
20
0.2111977952755905
11
1.3850354724409448
21
0.211003937007874
0
LINE
8
BLACK
6
CONTINUOUS
10
1.3850354724409448
20
0.211003937007874
11
0.2149645669291338
21
0.211003937007874
0
LINE
8
BLACK
6
CONTINUOUS
10
0.2149645669291338
20
0.211003937007874
11
0.2126365748031496
21
0.2117603543307087
0
LINE
8
BLACK
6
CONTINUOUS
10
0.2126365748031496
20
0.2117603543307087
11
0.2111977952755905
21
0.2137406692913386
0
LINE
8
BLACK
6
CONTINUOUS
10
0.2111977952755905
20
0.2137406692913386
11
0.211003937007874
21
0.2149645669291338
0
LINE
8
BLACK
6
CONTINUOUS
10
0.211003937007874
20
0.2149645669291338
11
0.211003937007874
21
0.4681688188976378
0
LINE
8
BLACK
6
CONTINUOUS
10
0.211003937007874
20
0.4681688188976378
11
0.211003937007874
21
0.5681688188976378
0
LINE
8
BLACK
6
CONTINUOUS
10
0.211003937007874
20
0.5681688188976378
11
0.211003937007874
21
0.5859427165354331
0
LINE
8
BLACK
6
CONTINUOUS
10
0.211003937007874
20
0.5859427165354331
11
0.211003937007874
21
0.6681688188976378
0
LINE
8
BLACK
6
CONTINUOUS
10
0.211003937007874
20
0.6681688188976378
11
0.211003937007874
21
0.685942716535433
0
LINE
8
BLACK
6
CONTINUOUS
10
0.211003937007874
20
0.685942716535433
11
0.211003937007874
21
0.7681688188976378
0
LINE
8
BLACK
6
CONTINUOUS
10
0.211003937007874
20
0.7681688188976378
11
0.211003937007874
21
0.785942716535433
0
LINE
8
BLACK
6
CONTINUOUS
10
0.211003937007874
20
0.785942716535433
11
0.211003937007874
21
0.8681688188976378
0
LINE
8
BLACK
6
CONTINUOUS
10
0.211003937007874
20
0.8681688188976378
11
0.211003937007874
21
0.8859427165354331
0
LINE
8
BLACK
6
CONTINUOUS
10
0.211003937007874
20
0.8859427165354331
11
0.211003937007874
21
0.9859427165354331
0
LINE
8
BLACK
6
CONTINUOUS
10
0.211003937007874
20
0.9859427165354331
11
0.211003937007874
21
1.085942716535433
0
LINE
8
BLACK
6
CONTINUOUS
10
0.211003937007874
20
1.085942716535433
11
0.211003937007874
21
1.2213757874015747
0
LINE
8
BLACK
6
CONTINUOUS
10
0.211003937007874
20
1.2213757874015747
11
0.211003937007874
21
1.3213757874015748
0
LINE
8
BLACK
6
CONTINUOUS
10
0.211003937007874
20
1.3213757874015748
11
0.211003937007874
21
1.5646998818897637
0
LINE
8
BLACK
6
CONTINUOUS
10
0.211003937007874
20
1.5646998818897637
11
0.211003937007874
21
1.6646998818897638
0
LINE
8
BLACK
6
CONTINUOUS
10
0.211003937007874
20
1.6646998818897638
11
0.211003937007874
21
1.7850354330708662
0
LINE
8
BLACK
6
CONTINUOUS
10
0.211003937007874
20
1.7850354330708662
11
0.2117603543307087
21
1.7873634251968504
0
LINE
8
BLACK
6
CONTINUOUS
10
0.2117603543307087
20
1.7873634251968504
11
0.2137406692913386
21
1.7888022047244094
0
LINE
8
BLACK
6
CONTINUOUS
10
0.2137406692913386
20
1.7888022047244094
11
0.2149645669291338
21
1.788996062992126
0
LINE
8
BLACK
6
CONTINUOUS
10
0.2149645669291338
20
1.788996062992126
11
1.3850354724409448
21
1.788996062992126
0
LINE
8
BLACK
6
CONTINUOUS
10
1.3850354724409448
20
1.788996062992126
11
1.387363464566929
21
1.7882396456692913
0
LINE
8
BLACK
6
CONTINUOUS
10
0.627251653543307
20
0.507016062992126
11
0.6272514566929134
21
0.5070160236220472
0
LINE
8
BLACK
6
CONTINUOUS
10
0.6272514566929134
20
0.5070160236220472
11
0.6199716929133858
21
0.504731968503937
0
LINE
8
BLACK
6
CONTINUOUS
10
0.6199716929133858
20
0.504731968503937
11
0.6133003937007874
21
0.501029094488189
0
LINE
8
BLACK
6
CONTINUOUS
10
0.6133003937007874
20
0.501029094488189
11
0.6133003543307086
21
0.5010290551181102
0
LINE
8
BLACK
6
CONTINUOUS
10
0.6133003543307086
20
0.5010290551181102
11
0.6075111811023622
21
0.4960592125984252
0
LINE
8
BLACK
6
CONTINUOUS
10
0.6075111811023622
20
0.4960592125984252
11
0.6028408267716535
21
0.4900255905511811
0
LINE
8
BLACK
6
CONTINUOUS
10
0.6028408267716535
20
0.4900255905511811
11
0.5994806299212598
21
0.4831753937007874
0
LINE
8
BLACK
6
CONTINUOUS
10
0.5994806299212598
20
0.4831753937007874
11
0.5975681496062992
21
0.475788937007874
0
LINE
8
BLACK
6
CONTINUOUS
10
0.5975681496062992
20
0.475788937007874
11
0.5971816929133859
21
0.4681688976377953
0
LINE
8
BLACK
6
CONTINUOUS
10
0.5971816929133859
20
0.4681688976377953
11
0.5971816929133859
21
0.4681688188976378
0
LINE
8
BLACK
6
CONTINUOUS
10
0.5971816929133859
20
0.4681688188976378
11
0.5983370866141732
21
0.4606267322834646
0
LINE
8
BLACK
6
CONTINUOUS
10
0.5983370866141732
20
0.4606267322834646
11
0.5996869291338582
21
0.456982125984252
0
LINE
8
BLACK
6
CONTINUOUS
10
0.5996869291338582
20
0.456982125984252
11
0.6009870078740157
21
0.4534718110236221
0
LINE
8
BLACK
6
CONTINUOUS
10
0.6009870078740157
20
0.4534718110236221
11
0.6050229921259842
21
0.4469966929133858
0
LINE
8
BLACK
6
CONTINUOUS
10
0.6050229921259842
20
0.4469966929133858
11
0.6102797637795275
21
0.4414665748031496
0
LINE
8
BLACK
6
CONTINUOUS
10
0.6102797637795275
20
0.4414665748031496
11
0.6165421653543307
21
0.4371078346456693
0
LINE
8
BLACK
6
CONTINUOUS
10
0.6165421653543307
20
0.4371078346456693
11
0.6235537795275591
21
0.4340988976377952
0
LINE
8
BLACK
6
CONTINUOUS
10
0.6235537795275591
20
0.4340988976377952
11
0.6310275590551181
21
0.4325629921259843
0
LINE
8
BLACK
6
CONTINUOUS
10
0.6310275590551181
20
0.4325629921259843
11
0.6310275984251968
21
0.4325629921259843
0
LINE
8
BLACK
6
CONTINUOUS
10
0.6310275984251968
20
0.4325629921259843
11
0.6643040157480314
21
0.4325629921259843
0
LINE
8
BLACK
6
CONTINUOUS
10
0.6643040157480314
20
0.4325629921259843
11
0.6699924015748031
21
0.4331414566929134
0
LINE
8
BLACK
6
CONTINUOUS
10
0.6699924015748031
20
0.4331414566929134
11
0.6699925984251969
21
0.4331414960629921
0
LINE
8
BLACK
6
CONTINUOUS
10
0.6699925984251969
20
0.4331414960629921
11
0.6734536614173228
21
0.4342274409448819
0
LINE
8
BLACK
6
CONTINUOUS
10
0.6734536614173228
20
0.4342274409448819
11
0.6772724409448819
21
0.4354255511811024
0
LINE
8
BLACK
6
CONTINUOUS
10
0.6772724409448819
20
0.4354255511811024
11
0.6839436614173228
21
0.4391283858267717
0
LINE
8
BLACK
6
CONTINUOUS
10
0.6839436614173228
20
0.4391283858267717
11
0.6897329527559055
21
0.4440983464566929
0
LINE
8
BLACK
6
CONTINUOUS
10
0.6897329527559055
20
0.4440983464566929
11
0.6944032677165354
21
0.4501319291338582
0
LINE
8
BLACK
6
CONTINUOUS
10
0.6944032677165354
20
0.4501319291338582
11
0.6977634645669292
21
0.456982125984252
0
LINE
8
BLACK
6
CONTINUOUS
10
0.6977634645669292
20
0.456982125984252
11
0.6996759448818898
21
0.4643685039370078
0
LINE
8
BLACK
6
CONTINUOUS
10
0.6996759448818898
20
0.4643685039370078
11
0.6998686614173228
21
0.4681688188976378
0
LINE
8
BLACK
6
CONTINUOUS
10
0.6998686614173228
20
0.4681688188976378
11
0.7000624015748032
21
0.4719886614173228
0
LINE
8
BLACK
6
CONTINUOUS
10
0.7000624015748032
20
0.4719886614173228
11
0.6989070078740157
21
0.4795306692913386
0
LINE
8
BLACK
6
CONTINUOUS
10
0.6989070078740157
20
0.4795306692913386
11
0.6962570866141732
21
0.4866856692913386
0
LINE
8
BLACK
6
CONTINUOUS
10
0.6962570866141732
20
0.4866856692913386
11
0.6922211023622047
21
0.4931607874015748
0
LINE
8
BLACK
6
CONTINUOUS
10
0.6922211023622047
20
0.4931607874015748
11
0.6869643307086614
21
0.498690905511811
0
LINE
8
BLACK
6
CONTINUOUS
10
0.6869643307086614
20
0.498690905511811
11
0.6807019291338583
21
0.5030496456692913
0
LINE
8
BLACK
6
CONTINUOUS
10
0.6807019291338583
20
0.5030496456692913
11
0.6736903149606299
21
0.5060585826771653
0
LINE
8
BLACK
6
CONTINUOUS
10
0.6736903149606299
20
0.5060585826771653
11
0.6736901968503937
21
0.5060586220472441
0
LINE
8
BLACK
6
CONTINUOUS
10
0.6736901968503937
20
0.5060586220472441
11
0.6736901574803149
21
0.5060586220472441
0
LINE
8
BLACK
6
CONTINUOUS
10
0.6736901574803149
20
0.5060586220472441
11
0.6702215748031496
21
0.5067714566929133
0
LINE
8
BLACK
6
CONTINUOUS
10
0.6702215748031496
20
0.5067714566929133
11
0.6662165354330708
21
0.5075944881889763
0
LINE
8
BLACK
6
CONTINUOUS
10
0.6662165354330708
20
0.5075944881889763
11
0.6329400787401575
21
0.5075944881889763
0
LINE
8
BLACK
6
CONTINUOUS
10
0.6329400787401575
20
0.5075944881889763
11
0.627251653543307
21
0.507016062992126
0
LINE
8
BLACK
6
CONTINUOUS
10
0.8983370866141732
20
0.4606267322834646
11
0.8996869291338583
21
0.456982125984252
0
LINE
8
BLACK
6
CONTINUOUS
10
0.8996869291338583
20
0.456982125984252
11
0.9009870078740158
21
0.4534718110236221
0
LINE
8
BLACK
6
CONTINUOUS
10
0.9009870078740158
20
0.4534718110236221
11
0.9050229921259842
21
0.4469966929133858
0
LINE
8
BLACK
6
CONTINUOUS
10
0.9050229921259842
20
0.4469966929133858
11
0.9102797637795276
21
0.4414665748031496
0
LINE
8
BLACK
6
CONTINUOUS
10
0.9102797637795276
20
0.4414665748031496
11
0.9165421653543306
21
0.4371078346456693
0
LINE
8
BLACK
6
CONTINUOUS
10
0.9165421653543306
20
0.4371078346456693
11
0.923553779527559
21
0.4340988976377952
0
LINE
8
BLACK
6
CONTINUOUS
10
0.923553779527559
20
0.4340988976377952
11
0.9310275590551181
21
0.4325629921259843
0
LINE
8
BLACK
6
CONTINUOUS
10
0.9310275590551181
20
0.4325629921259843
11
0.9310275984251968
21
0.4325629921259843
0
LINE
8
BLACK
6
CONTINUOUS
10
0.9310275984251968
20
0.4325629921259843
11
0.9643040157480315
21
0.4325629921259843
0
LINE
8
BLACK
6
CONTINUOUS
10
0.9643040157480315
20
0.4325629921259843
11
0.9699924015748032
21
0.4331414566929134
0
LINE
8
BLACK
6
CONTINUOUS
10
0.9699924015748032
20
0.4331414566929134
11
0.9699925984251968
21
0.4331414960629921
0
LINE
8
BLACK
6
CONTINUOUS
10
0.9699925984251968
20
0.4331414960629921
11
0.9734536614173228
21
0.4342274409448819
0
LINE
8
BLACK
6
CONTINUOUS
10
0.9734536614173228
20
0.4342274409448819
11
0.9772724409448819
21
0.4354255511811024
0
LINE
8
BLACK
6
CONTINUOUS
10
0.9772724409448819
20
0.4354255511811024
11
0.9839436614173228
21
0.4391283858267717
0
LINE
8
BLACK
6
CONTINUOUS
10
0.9839436614173228
20
0.4391283858267717
11
0.9897329527559054
21
0.4440983464566929
0
LINE
8
BLACK
6
CONTINUOUS
10
0.9897329527559054
20
0.4440983464566929
11
0.9944032677165354
21
0.4501319291338582
0
LINE
8
BLACK
6
CONTINUOUS
10
0.9944032677165354
20
0.4501319291338582
11
0.9977634645669291
21
0.456982125984252
0
LINE
8
BLACK
6
CONTINUOUS
10
0.9977634645669291
20
0.456982125984252
11
0.9996759448818897
21
0.4643685039370078
0
LINE
8
BLACK
6
CONTINUOUS
10
0.9996759448818897
20
0.4643685039370078
11
1.0000624015748032
21
0.4719886614173228
0
LINE
8
BLACK
6
CONTINUOUS
10
1.0000624015748032
20
0.4719886614173228
11
0.9989070078740158
21
0.4795306692913386
0
LINE
8
BLACK
6
CONTINUOUS
10
0.9989070078740158
20
0.4795306692913386
11
0.9962570866141732
21
0.4866856692913386
0
LINE
8
BLACK
6
CONTINUOUS
10
0.9962570866141732
20
0.4866856692913386
11
0.9922211023622047
21
0.4931607874015748
0
LINE
8
BLACK
6
CONTINUOUS
10
0.9922211023622047
20
0.4931607874015748
11
0.9869643307086614
21
0.498690905511811
0
LINE
8
BLACK
6
CONTINUOUS
10
0.9869643307086614
20
0.498690905511811
11
0.9807019291338582
21
0.5030496456692913
0
LINE
8
BLACK
6
CONTINUOUS
10
0.9807019291338582
20
0.5030496456692913
11
0.9736903149606299
21
0.5060585826771653
0
LINE
8
BLACK
6
CONTINUOUS
10
0.9736903149606299
20
0.5060585826771653
11
0.9736901968503937
21
0.5060586220472441
0
LINE
8
BLACK
6
CONTINUOUS
10
0.9736901968503937
20
0.5060586220472441
11
0.973690157480315
21
0.5060586220472441
0
LINE
8
BLACK
6
CONTINUOUS
10
0.973690157480315
20
0.5060586220472441
11
0.9702215748031496
21
0.5067714566929133
0
LINE
8
BLACK
6
CONTINUOUS
10
0.9702215748031496
20
0.5067714566929133
11
0.9662165354330708
21
0.5075944881889763
0
LINE
8
BLACK
6
CONTINUOUS
10
0.9662165354330708
20
0.5075944881889763
11
0.9329400787401575
21
0.5075944881889763
0
LINE
8
BLACK
6
CONTINUOUS
10
0.9329400787401575
20
0.5075944881889763
11
0.9272516535433071
21
0.507016062992126
0
LINE
8
BLACK
6
CONTINUOUS
10
0.9272516535433071
20
0.507016062992126
11
0.9272514566929133
21
0.5070160236220472
0
LINE
8
BLACK
6
CONTINUOUS
10
0.9272514566929133
20
0.5070160236220472
11
0.9199716929133858
21
0.504731968503937
0
LINE
8
BLACK
6
CONTINUOUS
10
0.9199716929133858
20
0.504731968503937
11
0.9133003937007874
21
0.501029094488189
0
LINE
8
BLACK
6
CONTINUOUS
10
0.9133003937007874
20
0.501029094488189
11
0.9133003543307087
21
0.5010290551181102
0
LINE
8
BLACK
6
CONTINUOUS
10
0.9133003543307087
20
0.5010290551181102
11
0.9075111811023622
21
0.4960592125984252
0
LINE
8
BLACK
6
CONTINUOUS
10
0.9075111811023622
20
0.4960592125984252
11
0.9028408267716536
21
0.4900255905511811
0
LINE
8
BLACK
6
CONTINUOUS
10
0.9028408267716536
20
0.4900255905511811
11
0.8994806299212598
21
0.4831753937007874
0
LINE
8
BLACK
6
CONTINUOUS
10
0.8994806299212598
20
0.4831753937007874
11
0.8975681496062992
21
0.475788937007874
0
LINE
8
BLACK
6
CONTINUOUS
10
0.8975681496062992
20
0.475788937007874
11
0.8971816929133858
21
0.4681688976377953
0
LINE
8
BLACK
6
CONTINUOUS
10
0.8971816929133858
20
0.4681688976377953
11
0.8971816929133858
21
0.4681688188976378
0
LINE
8
BLACK
6
CONTINUOUS
10
0.8971816929133858
20
0.4681688188976378
11
0.8983370866141732
21
0.4606267322834646
0
LINE
8
BLACK
6
CONTINUOUS
10
0.5983370866141732
20
0.5606267322834646
11
0.5996869291338582
21
0.556982125984252
0
LINE
8
BLACK
6
CONTINUOUS
10
0.5996869291338582
20
0.556982125984252
11
0.6009870078740157
21
0.5534718110236221
0
LINE
8
BLACK
6
CONTINUOUS
10
0.6009870078740157
20
0.5534718110236221
11
0.6050229921259842
21
0.5469966929133858
0
LINE
8
BLACK
6
CONTINUOUS
10
0.6050229921259842
20
0.5469966929133858
11
0.6102797637795275
21
0.5414665748031496
0
LINE
8
BLACK
6
CONTINUOUS
10
0.6102797637795275
20
0.5414665748031496
11
0.6165421653543307
21
0.5371078346456692
0
LINE
8
BLACK
6
CONTINUOUS
10
0.6165421653543307
20
0.5371078346456692
11
0.6235537795275591
21
0.5340988976377953
0
LINE
8
BLACK
6
CONTINUOUS
10
0.6235537795275591
20
0.5340988976377953
11
0.6310275590551181
21
0.5325629921259842
0
LINE
8
BLACK
6
CONTINUOUS
10
0.6310275590551181
20
0.5325629921259842
11
0.6310275984251968
21
0.5325629921259842
0
LINE
8
BLACK
6
CONTINUOUS
10
0.6310275984251968
20
0.5325629921259842
11
0.6643040157480314
21
0.5325629921259842
0
LINE
8
BLACK
6
CONTINUOUS
10
0.6643040157480314
20
0.5325629921259842
11
0.6699924015748031
21
0.5331414566929134
0
LINE
8
BLACK
6
CONTINUOUS
10
0.6699924015748031
20
0.5331414566929134
11
0.6699925984251969
21
0.5331414960629921
0
LINE
8
BLACK
6
CONTINUOUS
10
0.6699925984251969
20
0.5331414960629921
11
0.6734536614173228
21
0.5342274409448818
0
LINE
8
BLACK
6
CONTINUOUS
10
0.6734536614173228
20
0.5342274409448818
11
0.6772724409448819
21
0.5354255511811024
0
LINE
8
BLACK
6
CONTINUOUS
10
0.6772724409448819
20
0.5354255511811024
11
0.6839436614173228
21
0.5391283858267717
0
LINE
8
BLACK
6
CONTINUOUS
10
0.6839436614173228
20
0.5391283858267717
11
0.6897329527559055
21
0.5440983464566929
0
LINE
8
BLACK
6
CONTINUOUS
10
0.6897329527559055
20
0.5440983464566929
11
0.6944032677165354
21
0.5501319291338582
0
LINE
8
BLACK
6
CONTINUOUS
10
0.6944032677165354
20
0.5501319291338582
11
0.6977634645669292
21
0.556982125984252
0
LINE
8
BLACK
6
CONTINUOUS
10
0.6977634645669292
20
0.556982125984252
11
0.6996759448818898
21
0.5643685039370079
0
LINE
8
BLACK
6
CONTINUOUS
10
0.6996759448818898
20
0.5643685039370079
11
0.6998686614173228
21
0.5681688188976378
0
LINE
8
BLACK
6
CONTINUOUS
10
0.6998686614173228
20
0.5681688188976378
11
0.7000624015748032
21
0.5719886614173229
0
LINE
8
BLACK
6
CONTINUOUS
10
0.7000624015748032
20
0.5719886614173229
11
0.6989070078740157
21
0.5795306692913386
0
LINE
8
BLACK
6
CONTINUOUS
10
0.6989070078740157
20
0.5795306692913386
11
0.6962570866141732
21
0.5866856692913386
0
LINE
8
BLACK
6
CONTINUOUS
10
0.6962570866141732
20
0.5866856692913386
11
0.6922211023622047
21
0.5931607874015747
0
LINE
8
BLACK
6
CONTINUOUS
10
0.6922211023622047
20
0.5931607874015747
11
0.6869643307086614
21
0.598690905511811
0
LINE
8
BLACK
6
CONTINUOUS
10
0.6869643307086614
20
0.598690905511811
11
0.6807019291338583
21
0.6030496456692913
0
LINE
8
BLACK
6
CONTINUOUS
10
0.6807019291338583
20
0.6030496456692913
11
0.6736903149606299
21
0.6060585826771654
0
LINE
8
BLACK
6
CONTINUOUS
10
0.6736903149606299
20
0.6060585826771654
11
0.6736901968503937
21
0.606058622047244
0
LINE
8
BLACK
6
CONTINUOUS
10
0.6736901968503937
20
0.606058622047244
11
0.6736901574803149
21
0.606058622047244
0
LINE
8
BLACK
6
CONTINUOUS
10
0.6736901574803149
20
0.606058622047244
11
0.6702215748031496
21
0.6067714566929133
0
LINE
8
BLACK
6
CONTINUOUS
10
0.6702215748031496
20
0.6067714566929133
11
0.6662165354330708
21
0.6075944881889763
0
LINE
8
BLACK
6
CONTINUOUS
10
0.6662165354330708
20
0.6075944881889763
11
0.6329400787401575
21
0.6075944881889763
0
LINE
8
BLACK
6
CONTINUOUS
10
0.6329400787401575
20
0.6075944881889763
11
0.627251653543307
21
0.607016062992126
0
LINE
8
BLACK
6
CONTINUOUS
10
0.627251653543307
20
0.607016062992126
11
0.6272514566929134
21
0.6070160236220472
0
LINE
8
BLACK
6
CONTINUOUS
10
0.6272514566929134
20
0.6070160236220472
11
0.6199716929133858
21
0.604731968503937
0
LINE
8
BLACK
6
CONTINUOUS
10
0.6199716929133858
20
0.604731968503937
11
0.6133003937007874
21
0.601029094488189
0
LINE
8
BLACK
6
CONTINUOUS
10
0.6133003937007874
20
0.601029094488189
11
0.6133003543307086
21
0.6010290551181102
0
LINE
8
BLACK
6
CONTINUOUS
10
0.6133003543307086
20
0.6010290551181102
11
0.6075111811023622
21
0.5960592125984252
0
LINE
8
BLACK
6
CONTINUOUS
10
0.6075111811023622
20
0.5960592125984252
11
0.6028408267716535
21
0.5900255905511811
0
LINE
8
BLACK
6
CONTINUOUS
10
0.6028408267716535
20
0.5900255905511811
11
0.5994806299212598
21
0.5831753937007874
0
LINE
8
BLACK
6
CONTINUOUS
10
0.5994806299212598
20
0.5831753937007874
11
0.5975681496062992
21
0.575788937007874
0
LINE
8
BLACK
6
CONTINUOUS
10
0.5975681496062992
20
0.575788937007874
11
0.5971816929133859
21
0.5681688976377952
0
LINE
8
BLACK
6
CONTINUOUS
10
0.5971816929133859
20
0.5681688976377952
11
0.5971816929133859
21
0.5681688188976378
0
LINE
8
BLACK
6
CONTINUOUS
10
0.5971816929133859
20
0.5681688188976378
11
0.5983370866141732
21
0.5606267322834646
0
LINE
8
BLACK
6
CONTINUOUS
10
0.8983370866141732
20
0.5606267322834646
11
0.8996869291338583
21
0.556982125984252
0
LINE
8
BLACK
6
CONTINUOUS
10
0.8996869291338583
20
0.556982125984252
11
0.9009870078740158
21
0.5534718110236221
0
LINE
8
BLACK
6
CONTINUOUS
10
0.9009870078740158
20
0.5534718110236221
11
0.9050229921259842
21
0.5469966929133858
0
LINE
8
BLACK
6
CONTINUOUS
10
0.9050229921259842
20
0.5469966929133858
11
0.9102797637795276
21
0.5414665748031496
0
LINE
8
BLACK
6
CONTINUOUS
10
0.9102797637795276
20
0.5414665748031496
11
0.9165421653543306
21
0.5371078346456692
0
LINE
8
BLACK
6
CONTINUOUS
10
0.9165421653543306
20
0.5371078346456692
11
0.923553779527559
21
0.5340988976377953
0
LINE
8
BLACK
6
CONTINUOUS
10
0.923553779527559
20
0.5340988976377953
11
0.9310275590551181
21
0.5325629921259842
0
LINE
8
BLACK
6
CONTINUOUS
10
0.9310275590551181
20
0.5325629921259842
11
0.9310275984251968
21
0.5325629921259842
0
LINE
8
BLACK
6
CONTINUOUS
10
0.9310275984251968
20
0.5325629921259842
11
0.9643040157480315
21
0.5325629921259842
0
LINE
8
BLACK
6
CONTINUOUS
10
0.9643040157480315
20
0.5325629921259842
11
0.9699924015748032
21
0.5331414566929134
0
LINE
8
BLACK
6
CONTINUOUS
10
0.9699924015748032
20
0.5331414566929134
11
0.9699925984251968
21
0.5331414960629921
0
LINE
8
BLACK
6
CONTINUOUS
10
0.9699925984251968
20
0.5331414960629921
11
0.9734536614173228
21
0.5342274409448818
0
LINE
8
BLACK
6
CONTINUOUS
10
0.9734536614173228
20
0.5342274409448818
11
0.9772724409448819
21
0.5354255511811024
0
LINE
8
BLACK
6
CONTINUOUS
10
0.9772724409448819
20
0.5354255511811024
11
0.9839436614173228
21
0.5391283858267717
0
LINE
8
BLACK
6
CONTINUOUS
10
0.9839436614173228
20
0.5391283858267717
11
0.9897329527559054
21
0.5440983464566929
0
LINE
8
BLACK
6
CONTINUOUS
10
0.9897329527559054
20
0.5440983464566929
11
0.9944032677165354
21
0.5501319291338582
0
LINE
8
BLACK
6
CONTINUOUS
10
0.9944032677165354
20
0.5501319291338582
11
0.9977634645669291
21
0.556982125984252
0
LINE
8
BLACK
6
CONTINUOUS
10
0.9977634645669291
20
0.556982125984252
11
0.9996759448818897
21
0.5643685039370079
0
LINE
8
BLACK
6
CONTINUOUS
10
0.9996759448818897
20
0.5643685039370079
11
1.0000624015748032
21
0.5719886614173229
0
LINE
8
BLACK
6
CONTINUOUS
10
1.0000624015748032
20
0.5719886614173229
11
0.9989070078740158
21
0.5795306692913386
0
LINE
8
BLACK
6
CONTINUOUS
10
0.9989070078740158
20
0.5795306692913386
11
0.9965322440944882
21
0.5859427165354331
0
LINE
8
BLACK
6
CONTINUOUS
10
0.9965322440944882
20
0.5859427165354331
11
0.9962570866141732
21
0.5866856692913386
0
LINE
8
BLACK
6
CONTINUOUS
10
0.9962570866141732
20
0.5866856692913386
11
0.9922211023622047
21
0.5931607874015747
0
LINE
8
BLACK
6
CONTINUOUS
10
0.9922211023622047
20
0.5931607874015747
11
0.9869643307086614
21
0.598690905511811
0
LINE
8
BLACK
6
CONTINUOUS
10
0.9869643307086614
20
0.598690905511811
11
0.9807019291338582
21
0.6030496456692913
0
LINE
8
BLACK
6
CONTINUOUS
10
0.9807019291338582
20
0.6030496456692913
11
0.9736903149606299
21
0.6060585826771654
0
LINE
8
BLACK
6
CONTINUOUS
10
0.9736903149606299
20
0.6060585826771654
11
0.9736901968503937
21
0.606058622047244
0
LINE
8
BLACK
6
CONTINUOUS
10
0.9736901968503937
20
0.606058622047244
11
0.973690157480315
21
0.606058622047244
0
LINE
8
BLACK
6
CONTINUOUS
10
0.973690157480315
20
0.606058622047244
11
0.9702215748031496
21
0.6067714566929133
0
LINE
8
BLACK
6
CONTINUOUS
10
0.9702215748031496
20
0.6067714566929133
11
0.9662165354330708
21
0.6075944881889763
0
LINE
8
BLACK
6
CONTINUOUS
10
0.9662165354330708
20
0.6075944881889763
11
0.9329400787401575
21
0.6075944881889763
0
LINE
8
BLACK
6
CONTINUOUS
10
0.9329400787401575
20
0.6075944881889763
11
0.9272516535433071
21
0.607016062992126
0
LINE
8
BLACK
6
CONTINUOUS
10
0.9272516535433071
20
0.607016062992126
11
0.9272514566929133
21
0.6070160236220472
0
LINE
8
BLACK
6
CONTINUOUS
10
0.9272514566929133
20
0.6070160236220472
11
0.9199716929133858
21
0.604731968503937
0
LINE
8
BLACK
6
CONTINUOUS
10
0.9199716929133858
20
0.604731968503937
11
0.9133003937007874
21
0.601029094488189
0
LINE
8
BLACK
6
CONTINUOUS
10
0.9133003937007874
20
0.601029094488189
11
0.9133003543307087
21
0.6010290551181102
0
LINE
8
BLACK
6
CONTINUOUS
10
0.9133003543307087
20
0.6010290551181102
11
0.9075111811023622
21
0.5960592125984252
0
LINE
8
BLACK
6
CONTINUOUS
10
0.9075111811023622
20
0.5960592125984252
11
0.9028408267716536
21
0.5900255905511811
0
LINE
8
BLACK
6
CONTINUOUS
10
0.9028408267716536
20
0.5900255905511811
11
0.8994806299212598
21
0.5831753937007874
0
LINE
8
BLACK
6
CONTINUOUS
10
0.8994806299212598
20
0.5831753937007874
11
0.8975681496062992
21
0.575788937007874
0
LINE
8
BLACK
6
CONTINUOUS
10
0.8975681496062992
20
0.575788937007874
11
0.8971816929133858
21
0.5681688976377952
0
LINE
8
BLACK
6
CONTINUOUS
10
0.8971816929133858
20
0.5681688976377952
11
0.8971816929133858
21
0.5681688188976378
0
LINE
8
BLACK
6
CONTINUOUS
10
0.8971816929133858
20
0.5681688188976378
11
0.8983370866141732
21
0.5606267322834646
0
LINE
8
BLACK
6
CONTINUOUS
10
0.3198413779527559
20
0.5841867322834645
11
0.3198414566929134
21
0.5841865748031496
0
LINE
8
BLACK
6
CONTINUOUS
10
0.3198414566929134
20
0.5841865748031496
11
0.321171811023622
21
0.5821955905511811
0
LINE
8
BLACK
6
CONTINUOUS
10
0.321171811023622
20
0.5821955905511811
11
0.3211718503937008
21
0.5821955511811023
0
LINE
8
BLACK
6
CONTINUOUS
10
0.3211718503937008
20
0.5821955511811023
11
0.3211718897637795
21
0.5821955118110236
0
LINE
8
BLACK
6
CONTINUOUS
10
0.3211718897637795
20
0.5821955118110236
11
0.3231630708661417
21
0.5808650393700787
0
LINE
8
BLACK
6
CONTINUOUS
10
0.3231630708661417
20
0.5808650393700787
11
0.3249190157480315
21
0.5805157480314961
0
LINE
8
BLACK
6
CONTINUOUS
10
0.3249190157480315
20
0.5805157480314961
11
0.3861045669291339
21
0.5805157874015748
0
LINE
8
BLACK
6
CONTINUOUS
10
0.3861045669291339
20
0.5805157874015748
11
0.3878605511811024
21
0.5808650393700787
0
LINE
8
BLACK
6
CONTINUOUS
10
0.3878605511811024
20
0.5808650393700787
11
0.3898517322834645
21
0.5821955118110236
0
LINE
8
BLACK
6
CONTINUOUS
10
0.3898517322834645
20
0.5821955118110236
11
0.3911822047244095
21
0.5841866929133858
0
LINE
8
BLACK
6
CONTINUOUS
10
0.3911822047244095
20
0.5841866929133858
11
0.3915314960629921
21
0.5859426377952756
0
LINE
8
BLACK
6
CONTINUOUS
10
0.3915314960629921
20
0.5859426377952756
11
0.3915314960629921
21
0.5859427165354331
0
LINE
8
BLACK
6
CONTINUOUS
10
0.3915314960629921
20
0.5859427165354331
11
0.3915314566929134
21
0.6471281889763779
0
LINE
8
BLACK
6
CONTINUOUS
10
0.3915314566929134
20
0.6471281889763779
11
0.3911822047244095
21
0.6488841732283465
0
LINE
8
BLACK
6
CONTINUOUS
10
0.3911822047244095
20
0.6488841732283465
11
0.3911821259842519
21
0.6488843307086614
0
LINE
8
BLACK
6
CONTINUOUS
10
0.3911821259842519
20
0.6488843307086614
11
0.3898517716535433
21
0.6508753149606299
0
LINE
8
BLACK
6
CONTINUOUS
10
0.3898517716535433
20
0.6508753149606299
11
0.3898516929133858
21
0.6508753937007874
0
LINE
8
BLACK
6
CONTINUOUS
10
0.3898516929133858
20
0.6508753937007874
11
0.3878605118110236
21
0.6522058661417323
0
LINE
8
BLACK
6
CONTINUOUS
10
0.3878605118110236
20
0.6522058661417323
11
0.3864538582677165
21
0.6524856692913386
0
LINE
8
BLACK
6
CONTINUOUS
10
0.3864538582677165
20
0.6524856692913386
11
0.3861046062992126
21
0.6525551181102363
0
LINE
8
BLACK
6
CONTINUOUS
10
0.3861046062992126
20
0.6525551181102363
11
0.3861045669291339
21
0.6525551181102363
0
LINE
8
BLACK
6
CONTINUOUS
10
0.3861045669291339
20
0.6525551181102363
11
0.3249190551181103
21
0.6525551181102363
0
LINE
8
BLACK
6
CONTINUOUS
10
0.3249190551181103
20
0.6525551181102363
11
0.3231630708661417
21
0.6522058661417323
0
LINE
8
BLACK
6
CONTINUOUS
10
0.3231630708661417
20
0.6522058661417323
11
0.3231629133858268
21
0.6522057874015748
0
LINE
8
BLACK
6
CONTINUOUS
10
0.3231629133858268
20
0.6522057874015748
11
0.3211719291338583
21
0.6508754330708661
0
LINE
8
BLACK
6
CONTINUOUS
10
0.3211719291338583
20
0.6508754330708661
11
0.3211718503937008
21
0.6508753543307086
0
LINE
8
BLACK
6
CONTINUOUS
10
0.3211718503937008
20
0.6508753543307086
11
0.3198413779527559
21
0.6488841732283465
0
LINE
8
BLACK
6
CONTINUOUS
10
0.3198413779527559
20
0.6488841732283465
11
0.319492125984252
21
0.6471282283464567
0
LINE
8
BLACK
6
CONTINUOUS
10
0.319492125984252
20
0.6471282283464567
11
0.319492125984252
21
0.5859427165354331
0
LINE
8
BLACK
6
CONTINUOUS
10
0.319492125984252
20
0.5859427165354331
11
0.3198413779527559
21
0.5841867322834645
0
LINE
8
BLACK
6
CONTINUOUS
10
0.4198413779527559
20
0.5841867322834645
11
0.4198414566929134
21
0.5841865748031496
0
LINE
8
BLACK
6
CONTINUOUS
10
0.4198414566929134
20
0.5841865748031496
11
0.4211718110236221
21
0.5821955905511811
0
LINE
8
BLACK
6
CONTINUOUS
10
0.4211718110236221
20
0.5821955905511811
11
0.4211718503937008
21
0.5821955511811023
0
LINE
8
BLACK
6
CONTINUOUS
10
0.4211718503937008
20
0.5821955511811023
11
0.4211718897637795
21
0.5821955118110236
0
LINE
8
BLACK
6
CONTINUOUS
10
0.4211718897637795
20
0.5821955118110236
11
0.4231630708661417
21
0.5808650393700787
0
LINE
8
BLACK
6
CONTINUOUS
10
0.4231630708661417
20
0.5808650393700787
11
0.4249190157480315
21
0.5805157480314961
0
LINE
8
BLACK
6
CONTINUOUS
10
0.4249190157480315
20
0.5805157480314961
11
0.4861045669291338
21
0.5805157874015748
0
LINE
8
BLACK
6
CONTINUOUS
10
0.4861045669291338
20
0.5805157874015748
11
0.4878605511811023
21
0.5808650393700787
0
LINE
8
BLACK
6
CONTINUOUS
10
0.4878605511811023
20
0.5808650393700787
11
0.4898517322834646
21
0.5821955118110236
0
LINE
8
BLACK
6
CONTINUOUS
10
0.4898517322834646
20
0.5821955118110236
11
0.4911822047244094
21
0.5841866929133858
0
LINE
8
BLACK
6
CONTINUOUS
10
0.4911822047244094
20
0.5841866929133858
11
0.4915314960629921
21
0.5859426377952756
0
LINE
8
BLACK
6
CONTINUOUS
10
0.4915314960629921
20
0.5859426377952756
11
0.4915314566929134
21
0.6471281889763779
0
LINE
8
BLACK
6
CONTINUOUS
10
0.4915314566929134
20
0.6471281889763779
11
0.4911822047244094
21
0.6488841732283465
0
LINE
8
BLACK
6
CONTINUOUS
10
0.4911822047244094
20
0.6488841732283465
11
0.491182125984252
21
0.6488843307086614
0
LINE
8
BLACK
6
CONTINUOUS
10
0.491182125984252
20
0.6488843307086614
11
0.4898517716535433
21
0.6508753149606299
0
LINE
8
BLACK
6
CONTINUOUS
10
0.4898517716535433
20
0.6508753149606299
11
0.4898516929133858
21
0.6508753937007874
0
LINE
8
BLACK
6
CONTINUOUS
10
0.4898516929133858
20
0.6508753937007874
11
0.4878605118110236
21
0.6522058661417323
0
LINE
8
BLACK
6
CONTINUOUS
10
0.4878605118110236
20
0.6522058661417323
11
0.4864538582677165
21
0.6524856692913386
0
LINE
8
BLACK
6
CONTINUOUS
10
0.4864538582677165
20
0.6524856692913386
11
0.4861046062992126
21
0.6525551181102363
0
LINE
8
BLACK
6
CONTINUOUS
10
0.4861046062992126
20
0.6525551181102363
11
0.4861045669291338
21
0.6525551181102363
0
LINE
8
BLACK
6
CONTINUOUS
10
0.4861045669291338
20
0.6525551181102363
11
0.4249190551181102
21
0.6525551181102363
0
LINE
8
BLACK
6
CONTINUOUS
10
0.4249190551181102
20
0.6525551181102363
11
0.4231630708661417
21
0.6522058661417323
0
LINE
8
BLACK
6
CONTINUOUS
10
0.4231630708661417
20
0.6522058661417323
11
0.4231629133858268
21
0.6522057874015748
0
LINE
8
BLACK
6
CONTINUOUS
10
0.4231629133858268
20
0.6522057874015748
11
0.4211719291338583
21
0.6508754330708661
0
LINE
8
BLACK
6
CONTINUOUS
10
0.4211719291338583
20
0.6508754330708661
11
0.4211718503937008
21
0.6508753543307086
0
LINE
8
BLACK
6
CONTINUOUS
10
0.4211718503937008
20
0.6508753543307086
11
0.4198413779527559
21
0.6488841732283465
0
LINE
8
BLACK
6
CONTINUOUS
10
0.4198413779527559
20
0.6488841732283465
11
0.419492125984252
21
0.6471282283464567
0
LINE
8
BLACK
6
CONTINUOUS
10
0.419492125984252
20
0.6471282283464567
11
0.419492125984252
21
0.5859427165354331
0
LINE
8
BLACK
6
CONTINUOUS
10
0.419492125984252
20
0.5859427165354331
11
0.4198413779527559
21
0.5841867322834645
0
LINE
8
BLACK
6
CONTINUOUS
10
1.1190539763779528
20
0.5841867322834645
11
1.1190540551181103
21
0.5841865748031496
0
LINE
8
BLACK
6
CONTINUOUS
10
1.1190540551181103
20
0.5841865748031496
11
1.1203844094488189
21
0.5821955905511811
0
LINE
8
BLACK
6
CONTINUOUS
10
1.1203844094488189
20
0.5821955905511811
11
1.1203844488188976
21
0.5821955511811023
0
LINE
8
BLACK
6
CONTINUOUS
10
1.1203844488188976
20
0.5821955511811023
11
1.1203844881889764
21
0.5821955118110236
0
LINE
8
BLACK
6
CONTINUOUS
10
1.1203844881889764
20
0.5821955118110236
11
1.1223756692913385
21
0.5808650393700787
0
LINE
8
BLACK
6
CONTINUOUS
10
1.1223756692913385
20
0.5808650393700787
11
1.1241316141732283
21
0.5805157480314961
0
LINE
8
BLACK
6
CONTINUOUS
10
1.1241316141732283
20
0.5805157480314961
11
1.1853171653543306
21
0.5805157874015748
0
LINE
8
BLACK
6
CONTINUOUS
10
1.1853171653543306
20
0.5805157874015748
11
1.1870731496062992
21
0.5808650393700787
0
LINE
8
BLACK
6
CONTINUOUS
10
1.1870731496062992
20
0.5808650393700787
11
1.1890643307086615
21
0.5821955118110236
0
LINE
8
BLACK
6
CONTINUOUS
10
1.1890643307086615
20
0.5821955118110236
11
1.1903948031496063
21
0.5841866929133858
0
LINE
8
BLACK
6
CONTINUOUS
10
1.1903948031496063
20
0.5841866929133858
11
1.1907440944881889
21
0.5859426377952756
0
LINE
8
BLACK
6
CONTINUOUS
10
1.1907440944881889
20
0.5859426377952756
11
1.1907440944881889
21
0.5859427165354331
0
LINE
8
BLACK
6
CONTINUOUS
10
1.1907440944881889
20
0.5859427165354331
11
1.1907440551181101
21
0.6471281889763779
0
LINE
8
BLACK
6
CONTINUOUS
10
1.1907440551181101
20
0.6471281889763779
11
1.1903948031496063
21
0.6488841732283465
0
LINE
8
BLACK
6
CONTINUOUS
10
1.1903948031496063
20
0.6488841732283465
11
1.1903947244094488
21
0.6488843307086614
0
LINE
8
BLACK
6
CONTINUOUS
10
1.1903947244094488
20
0.6488843307086614
11
1.1890643700787402
21
0.6508753149606299
0
LINE
8
BLACK
6
CONTINUOUS
10
1.1890643700787402
20
0.6508753149606299
11
1.1890642913385827
21
0.6508753937007874
0
LINE
8
BLACK
6
CONTINUOUS
10
1.1890642913385827
20
0.6508753937007874
11
1.1870731102362204
21
0.6522058661417323
0
LINE
8
BLACK
6
CONTINUOUS
10
1.1870731102362204
20
0.6522058661417323
11
1.1856664566929134
21
0.6524856692913386
0
LINE
8
BLACK
6
CONTINUOUS
10
1.1856664566929134
20
0.6524856692913386
11
1.1853172047244094
21
0.6525551181102363
0
LINE
8
BLACK
6
CONTINUOUS
10
1.1853172047244094
20
0.6525551181102363
11
1.1853171653543306
21
0.6525551181102363
0
LINE
8
BLACK
6
CONTINUOUS
10
1.1853171653543306
20
0.6525551181102363
11
1.124131653543307
21
0.6525551181102363
0
LINE
8
BLACK
6
CONTINUOUS
10
1.124131653543307
20
0.6525551181102363
11
1.1223756692913385
21
0.6522058661417323
0
LINE
8
BLACK
6
CONTINUOUS
10
1.1223756692913385
20
0.6522058661417323
11
1.1223755118110237
21
0.6522057874015748
0
LINE
8
BLACK
6
CONTINUOUS
10
1.1223755118110237
20
0.6522057874015748
11
1.1203845275590552
21
0.6508754330708661
0
LINE
8
BLACK
6
CONTINUOUS
10
1.1203845275590552
20
0.6508754330708661
11
1.1203844488188976
21
0.6508753543307086
0
LINE
8
BLACK
6
CONTINUOUS
10
1.1203844488188976
20
0.6508753543307086
11
1.1190539763779528
21
0.6488841732283465
0
LINE
8
BLACK
6
CONTINUOUS
10
1.1190539763779528
20
0.6488841732283465
11
1.1187047244094488
21
0.6471282283464567
0
LINE
8
BLACK
6
CONTINUOUS
10
1.1187047244094488
20
0.6471282283464567
11
1.1187047244094488
21
0.5859427165354331
0
LINE
8
BLACK
6
CONTINUOUS
10
1.1187047244094488
20
0.5859427165354331
11
1.1190539763779528
21
0.5841867322834645
0
LINE
8
BLACK
6
CONTINUOUS
10
1.2190539763779527
20
0.5841867322834645
11
1.2190540551181102
21
0.5841865748031496
0
LINE
8
BLACK
6
CONTINUOUS
10
1.2190540551181102
20
0.5841865748031496
11
1.2203844094488188
21
0.5821955905511811
0
LINE
8
BLACK
6
CONTINUOUS
10
1.2203844094488188
20
0.5821955905511811
11
1.2203844488188975
21
0.5821955511811023
0
LINE
8
BLACK
6
CONTINUOUS
10
1.2203844488188975
20
0.5821955511811023
11
1.2203844881889763
21
0.5821955118110236
0
LINE
8
BLACK
6
CONTINUOUS
10
1.2203844881889763
20
0.5821955118110236
11
1.2223756692913386
21
0.5808650393700787
0
LINE
8
BLACK
6
CONTINUOUS
10
1.2223756692913386
20
0.5808650393700787
11
1.2241316141732284
21
0.5805157480314961
0
LINE
8
BLACK
6
CONTINUOUS
10
1.2241316141732284
20
0.5805157480314961
11
1.2853171653543307
21
0.5805157874015748
0
LINE
8
BLACK
6
CONTINUOUS
10
1.2853171653543307
20
0.5805157874015748
11
1.2870731496062993
21
0.5808650393700787
0
LINE
8
BLACK
6
CONTINUOUS
10
1.2870731496062993
20
0.5808650393700787
11
1.2890643307086613
21
0.5821955118110236
0
LINE
8
BLACK
6
CONTINUOUS
10
1.2890643307086613
20
0.5821955118110236
11
1.2903948031496062
21
0.5841866929133858
0
LINE
8
BLACK
6
CONTINUOUS
10
1.2903948031496062
20
0.5841866929133858
11
1.2907440944881889
21
0.5859426377952756
0
LINE
8
BLACK
6
CONTINUOUS
10
1.2907440944881889
20
0.5859426377952756
11
1.2907440551181102
21
0.6471281889763779
0
LINE
8
BLACK
6
CONTINUOUS
10
1.2907440551181102
20
0.6471281889763779
11
1.2903948031496062
21
0.6488841732283465
0
LINE
8
BLACK
6
CONTINUOUS
10
1.2903948031496062
20
0.6488841732283465
11
1.2903947244094487
21
0.6488843307086614
0
LINE
8
BLACK
6
CONTINUOUS
10
1.2903947244094487
20
0.6488843307086614
11
1.2890643700787401
21
0.6508753149606299
0
LINE
8
BLACK
6
CONTINUOUS
10
1.2890643700787401
20
0.6508753149606299
11
1.2890642913385826
21
0.6508753937007874
0
LINE
8
BLACK
6
CONTINUOUS
10
1.2890642913385826
20
0.6508753937007874
11
1.2870731102362205
21
0.6522058661417323
0
LINE
8
BLACK
6
CONTINUOUS
10
1.2870731102362205
20
0.6522058661417323
11
1.2856664566929135
21
0.6524856692913386
0
LINE
8
BLACK
6
CONTINUOUS
10
1.2856664566929135
20
0.6524856692913386
11
1.2853172047244095
21
0.6525551181102363
0
LINE
8
BLACK
6
CONTINUOUS
10
1.2853172047244095
20
0.6525551181102363
11
1.2853171653543307
21
0.6525551181102363
0
LINE
8
BLACK
6
CONTINUOUS
10
1.2853171653543307
20
0.6525551181102363
11
1.2241316535433071
21
0.6525551181102363
0
LINE
8
BLACK
6
CONTINUOUS
10
1.2241316535433071
20
0.6525551181102363
11
1.2223756692913386
21
0.6522058661417323
0
LINE
8
BLACK
6
CONTINUOUS
10
1.2223756692913386
20
0.6522058661417323
11
1.2223755118110236
21
0.6522057874015748
0
LINE
8
BLACK
6
CONTINUOUS
10
1.2223755118110236
20
0.6522057874015748
11
1.220384527559055
21
0.6508754330708661
0
LINE
8
BLACK
6
CONTINUOUS
10
1.220384527559055
20
0.6508754330708661
11
1.2203844488188975
21
0.6508753543307086
0
LINE
8
BLACK
6
CONTINUOUS
10
1.2203844488188975
20
0.6508753543307086
11
1.2190539763779527
21
0.6488841732283465
0
LINE
8
BLACK
6
CONTINUOUS
10
1.2190539763779527
20
0.6488841732283465
11
1.2187047244094489
21
0.6471282283464567
0
LINE
8
BLACK
6
CONTINUOUS
10
1.2187047244094489
20
0.6471282283464567
11
1.2187047244094489
21
0.5859427165354331
0
LINE
8
BLACK
6
CONTINUOUS
10
1.2187047244094489
20
0.5859427165354331
11
1.2190539763779527
21
0.5841867322834645
0
LINE
8
BLACK
6
CONTINUOUS
10
0.5983370866141732
20
0.6606267322834646
11
0.5996869291338582
21
0.656982125984252
0
LINE
8
BLACK
6
CONTINUOUS
10
0.5996869291338582
20
0.656982125984252
11
0.6009870078740157
21
0.6534718110236221
0
LINE
8
BLACK
6
CONTINUOUS
10
0.6009870078740157
20
0.6534718110236221
11
0.6026053937007874
21
0.6508753543307086
0
LINE
8
BLACK
6
CONTINUOUS
10
0.6026053937007874
20
0.6508753543307086
11
0.6049409842519685
21
0.6471282283464567
0
LINE
8
BLACK
6
CONTINUOUS
10
0.6049409842519685
20
0.6471282283464567
11
0.6050229921259842
21
0.6469966929133858
0
LINE
8
BLACK
6
CONTINUOUS
10
0.6050229921259842
20
0.6469966929133858
11
0.6102797637795275
21
0.6414665748031496
0
LINE
8
BLACK
6
CONTINUOUS
10
0.6102797637795275
20
0.6414665748031496
11
0.6165421653543307
21
0.6371078346456692
0
LINE
8
BLACK
6
CONTINUOUS
10
0.6165421653543307
20
0.6371078346456692
11
0.6235537795275591
21
0.6340988976377953
0
LINE
8
BLACK
6
CONTINUOUS
10
0.6235537795275591
20
0.6340988976377953
11
0.6310275590551181
21
0.6325629921259842
0
LINE
8
BLACK
6
CONTINUOUS
10
0.6310275590551181
20
0.6325629921259842
11
0.6310275984251968
21
0.6325629921259842
0
LINE
8
BLACK
6
CONTINUOUS
10
0.6310275984251968
20
0.6325629921259842
11
0.6643040157480314
21
0.6325629921259842
0
LINE
8
BLACK
6
CONTINUOUS
10
0.6643040157480314
20
0.6325629921259842
11
0.6699924015748031
21
0.6331414566929133
0
LINE
8
BLACK
6
CONTINUOUS
10
0.6699924015748031
20
0.6331414566929133
11
0.6699925984251969
21
0.6331414960629921
0
LINE
8
BLACK
6
CONTINUOUS
10
0.6699925984251969
20
0.6331414960629921
11
0.6734536614173228
21
0.6342274409448819
0
LINE
8
BLACK
6
CONTINUOUS
10
0.6734536614173228
20
0.6342274409448819
11
0.6772724409448819
21
0.6354255511811023
0
LINE
8
BLACK
6
CONTINUOUS
10
0.6772724409448819
20
0.6354255511811023
11
0.6839436614173228
21
0.6391283858267717
0
LINE
8
BLACK
6
CONTINUOUS
10
0.6839436614173228
20
0.6391283858267717
11
0.6897329527559055
21
0.6440983464566929
0
LINE
8
BLACK
6
CONTINUOUS
10
0.6897329527559055
20
0.6440983464566929
11
0.6944032677165354
21
0.6501319291338582
0
LINE
8
BLACK
6
CONTINUOUS
10
0.6944032677165354
20
0.6501319291338582
11
0.6977634645669292
21
0.656982125984252
0
LINE
8
BLACK
6
CONTINUOUS
10
0.6977634645669292
20
0.656982125984252
11
0.6996759448818898
21
0.6643685039370079
0
LINE
8
BLACK
6
CONTINUOUS
10
0.6996759448818898
20
0.6643685039370079
11
0.6998686614173228
21
0.6681688188976378
0
LINE
8
BLACK
6
CONTINUOUS
10
0.6998686614173228
20
0.6681688188976378
11
0.7000624015748032
21
0.6719886614173228
0
LINE
8
BLACK
6
CONTINUOUS
10
0.7000624015748032
20
0.6719886614173228
11
0.6989070078740157
21
0.6795306692913385
0
LINE
8
BLACK
6
CONTINUOUS
10
0.6989070078740157
20
0.6795306692913385
11
0.6962570866141732
21
0.6866856692913386
0
LINE
8
BLACK
6
CONTINUOUS
10
0.6962570866141732
20
0.6866856692913386
11
0.6922211023622047
21
0.6931607874015748
0
LINE
8
BLACK
6
CONTINUOUS
10
0.6922211023622047
20
0.6931607874015748
11
0.6869643307086614
21
0.698690905511811
0
LINE
8
BLACK
6
CONTINUOUS
10
0.6869643307086614
20
0.698690905511811
11
0.6807019291338583
21
0.7030496456692913
0
LINE
8
BLACK
6
CONTINUOUS
10
0.6807019291338583
20
0.7030496456692913
11
0.6736903149606299
21
0.7060585826771654
0
LINE
8
BLACK
6
CONTINUOUS
10
0.6736903149606299
20
0.7060585826771654
11
0.6736901968503937
21
0.7060586220472441
0
LINE
8
BLACK
6
CONTINUOUS
10
0.6736901968503937
20
0.7060586220472441
11
0.6736901574803149
21
0.7060586220472441
0
LINE
8
BLACK
6
CONTINUOUS
10
0.6736901574803149
20
0.7060586220472441
11
0.6702215748031496
21
0.7067714566929134
0
LINE
8
BLACK
6
CONTINUOUS
10
0.6702215748031496
20
0.7067714566929134
11
0.6662165354330708
21
0.7075944881889764
0
LINE
8
BLACK
6
CONTINUOUS
10
0.6662165354330708
20
0.7075944881889764
11
0.6329400787401575
21
0.7075944881889764
0
LINE
8
BLACK
6
CONTINUOUS
10
0.6329400787401575
20
0.7075944881889764
11
0.627251653543307
21
0.7070160629921259
0
LINE
8
BLACK
6
CONTINUOUS
10
0.627251653543307
20
0.7070160629921259
11
0.6272514566929134
21
0.7070160236220472
0
LINE
8
BLACK
6
CONTINUOUS
10
0.6272514566929134
20
0.7070160236220472
11
0.6199716929133858
21
0.704731968503937
0
LINE
8
BLACK
6
CONTINUOUS
10
0.6199716929133858
20
0.704731968503937
11
0.6133003937007874
21
0.701029094488189
0
LINE
8
BLACK
6
CONTINUOUS
10
0.6133003937007874
20
0.701029094488189
11
0.6133003543307086
21
0.7010290551181102
0
LINE
8
BLACK
6
CONTINUOUS
10
0.6133003543307086
20
0.7010290551181102
11
0.6075111811023622
21
0.6960592125984252
0
LINE
8
BLACK
6
CONTINUOUS
10
0.6075111811023622
20
0.6960592125984252
11
0.6028408267716535
21
0.6900255905511811
0
LINE
8
BLACK
6
CONTINUOUS
10
0.6028408267716535
20
0.6900255905511811
11
0.5994806299212598
21
0.6831753937007874
0
LINE
8
BLACK
6
CONTINUOUS
10
0.5994806299212598
20
0.6831753937007874
11
0.5975681496062992
21
0.675788937007874
0
LINE
8
BLACK
6
CONTINUOUS
10
0.5975681496062992
20
0.675788937007874
11
0.5971816929133859
21
0.6681688976377953
0
LINE
8
BLACK
6
CONTINUOUS
10
0.5971816929133859
20
0.6681688976377953
11
0.5971816929133859
21
0.6681688188976378
0
LINE
8
BLACK
6
CONTINUOUS
10
0.5971816929133859
20
0.6681688188976378
11
0.5983370866141732
21
0.6606267322834646
0
LINE
8
BLACK
6
CONTINUOUS
10
0.8983370866141732
20
0.6606267322834646
11
0.8996869291338583
21
0.656982125984252
0
LINE
8
BLACK
6
CONTINUOUS
10
0.8996869291338583
20
0.656982125984252
11
0.9009870078740158
21
0.6534718110236221
0
LINE
8
BLACK
6
CONTINUOUS
10
0.9009870078740158
20
0.6534718110236221
11
0.9026053937007874
21
0.6508753543307086
0
LINE
8
BLACK
6
CONTINUOUS
10
0.9026053937007874
20
0.6508753543307086
11
0.9049409842519684
21
0.6471282283464567
0
LINE
8
BLACK
6
CONTINUOUS
10
0.9049409842519684
20
0.6471282283464567
11
0.9050229921259842
21
0.6469966929133858
0
LINE
8
BLACK
6
CONTINUOUS
10
0.9050229921259842
20
0.6469966929133858
11
0.9102797637795276
21
0.6414665748031496
0
LINE
8
BLACK
6
CONTINUOUS
10
0.9102797637795276
20
0.6414665748031496
11
0.9165421653543306
21
0.6371078346456692
0
LINE
8
BLACK
6
CONTINUOUS
10
0.9165421653543306
20
0.6371078346456692
11
0.923553779527559
21
0.6340988976377953
0
LINE
8
BLACK
6
CONTINUOUS
10
0.923553779527559
20
0.6340988976377953
11
0.9310275590551181
21
0.6325629921259842
0
LINE
8
BLACK
6
CONTINUOUS
10
0.9310275590551181
20
0.6325629921259842
11
0.9310275984251968
21
0.6325629921259842
0
LINE
8
BLACK
6
CONTINUOUS
10
0.9310275984251968
20
0.6325629921259842
11
0.9643040157480315
21
0.6325629921259842
0
LINE
8
BLACK
6
CONTINUOUS
10
0.9643040157480315
20
0.6325629921259842
11
0.9699924015748032
21
0.6331414566929133
0
LINE
8
BLACK
6
CONTINUOUS
10
0.9699924015748032
20
0.6331414566929133
11
0.9699925984251968
21
0.6331414960629921
0
LINE
8
BLACK
6
CONTINUOUS
10
0.9699925984251968
20
0.6331414960629921
11
0.9734536614173228
21
0.6342274409448819
0
LINE
8
BLACK
6
CONTINUOUS
10
0.9734536614173228
20
0.6342274409448819
11
0.9772724409448819
21
0.6354255511811023
0
LINE
8
BLACK
6
CONTINUOUS
10
0.9772724409448819
20
0.6354255511811023
11
0.9839436614173228
21
0.6391283858267717
0
LINE
8
BLACK
6
CONTINUOUS
10
0.9839436614173228
20
0.6391283858267717
11
0.9897329527559054
21
0.6440983464566929
0
LINE
8
BLACK
6
CONTINUOUS
10
0.9897329527559054
20
0.6440983464566929
11
0.9944032677165354
21
0.6501319291338582
0
LINE
8
BLACK
6
CONTINUOUS
10
0.9944032677165354
20
0.6501319291338582
11
0.9977634645669291
21
0.656982125984252
0
LINE
8
BLACK
6
CONTINUOUS
10
0.9977634645669291
20
0.656982125984252
11
0.9996759448818897
21
0.6643685039370079
0
LINE
8
BLACK
6
CONTINUOUS
10
0.9996759448818897
20
0.6643685039370079
11
1.0000624015748032
21
0.6719886614173228
0
LINE
8
BLACK
6
CONTINUOUS
10
1.0000624015748032
20
0.6719886614173228
11
0.9989070078740158
21
0.6795306692913385
0
LINE
8
BLACK
6
CONTINUOUS
10
0.9989070078740158
20
0.6795306692913385
11
0.9965322440944882
21
0.685942716535433
0
LINE
8
BLACK
6
CONTINUOUS
10
0.9965322440944882
20
0.685942716535433
11
0.9962570866141732
21
0.6866856692913386
0
LINE
8
BLACK
6
CONTINUOUS
10
0.9962570866141732
20
0.6866856692913386
11
0.9922211023622047
21
0.6931607874015748
0
LINE
8
BLACK
6
CONTINUOUS
10
0.9922211023622047
20
0.6931607874015748
11
0.9869643307086614
21
0.698690905511811
0
LINE
8
BLACK
6
CONTINUOUS
10
0.9869643307086614
20
0.698690905511811
11
0.9807019291338582
21
0.7030496456692913
0
LINE
8
BLACK
6
CONTINUOUS
10
0.9807019291338582
20
0.7030496456692913
11
0.9736903149606299
21
0.7060585826771654
0
LINE
8
BLACK
6
CONTINUOUS
10
0.9736903149606299
20
0.7060585826771654
11
0.9736901968503937
21
0.7060586220472441
0
LINE
8
BLACK
6
CONTINUOUS
10
0.9736901968503937
20
0.7060586220472441
11
0.973690157480315
21
0.7060586220472441
0
LINE
8
BLACK
6
CONTINUOUS
10
0.973690157480315
20
0.7060586220472441
11
0.9702215748031496
21
0.7067714566929134
0
LINE
8
BLACK
6
CONTINUOUS
10
0.9702215748031496
20
0.7067714566929134
11
0.9662165354330708
21
0.7075944881889764
0
LINE
8
BLACK
6
CONTINUOUS
10
0.9662165354330708
20
0.7075944881889764
11
0.9329400787401575
21
0.7075944881889764
0
LINE
8
BLACK
6
CONTINUOUS
10
0.9329400787401575
20
0.7075944881889764
11
0.9272516535433071
21
0.7070160629921259
0
LINE
8
BLACK
6
CONTINUOUS
10
0.9272516535433071
20
0.7070160629921259
11
0.9272514566929133
21
0.7070160236220472
0
LINE
8
BLACK
6
CONTINUOUS
10
0.9272514566929133
20
0.7070160236220472
11
0.9199716929133858
21
0.704731968503937
0
LINE
8
BLACK
6
CONTINUOUS
10
0.9199716929133858
20
0.704731968503937
11
0.9133003937007874
21
0.701029094488189
0
LINE
8
BLACK
6
CONTINUOUS
10
0.9133003937007874
20
0.701029094488189
11
0.9133003543307087
21
0.7010290551181102
0
LINE
8
BLACK
6
CONTINUOUS
10
0.9133003543307087
20
0.7010290551181102
11
0.9075111811023622
21
0.6960592125984252
0
LINE
8
BLACK
6
CONTINUOUS
10
0.9075111811023622
20
0.6960592125984252
11
0.9028408267716536
21
0.6900255905511811
0
LINE
8
BLACK
6
CONTINUOUS
10
0.9028408267716536
20
0.6900255905511811
11
0.8994806299212598
21
0.6831753937007874
0
LINE
8
BLACK
6
CONTINUOUS
10
0.8994806299212598
20
0.6831753937007874
11
0.8975681496062992
21
0.675788937007874
0
LINE
8
BLACK
6
CONTINUOUS
10
0.8975681496062992
20
0.675788937007874
11
0.8971816929133858
21
0.6681688976377953
0
LINE
8
BLACK
6
CONTINUOUS
10
0.8971816929133858
20
0.6681688976377953
11
0.8971816929133858
21
0.6681688188976378
0
LINE
8
BLACK
6
CONTINUOUS
10
0.8971816929133858
20
0.6681688188976378
11
0.8983370866141732
21
0.6606267322834646
0
LINE
8
BLACK
6
CONTINUOUS
10
0.3198413779527559
20
0.6841867322834646
11
0.3198414566929134
21
0.6841865748031496
0
LINE
8
BLACK
6
CONTINUOUS
10
0.3198414566929134
20
0.6841865748031496
11
0.321171811023622
21
0.6821955905511811
0
LINE
8
BLACK
6
CONTINUOUS
10
0.321171811023622
20
0.6821955905511811
11
0.3211718503937008
21
0.6821955511811023
0
LINE
8
BLACK
6
CONTINUOUS
10
0.3211718503937008
20
0.6821955511811023
11
0.3211718897637795
21
0.6821955118110236
0
LINE
8
BLACK
6
CONTINUOUS
10
0.3211718897637795
20
0.6821955118110236
11
0.3231630708661417
21
0.6808650393700787
0
LINE
8
BLACK
6
CONTINUOUS
10
0.3231630708661417
20
0.6808650393700787
11
0.3249190157480315
21
0.6805157480314961
0
LINE
8
BLACK
6
CONTINUOUS
10
0.3249190157480315
20
0.6805157480314961
11
0.3861045669291339
21
0.6805157874015748
0
LINE
8
BLACK
6
CONTINUOUS
10
0.3861045669291339
20
0.6805157874015748
11
0.3878605511811024
21
0.6808650393700787
0
LINE
8
BLACK
6
CONTINUOUS
10
0.3878605511811024
20
0.6808650393700787
11
0.3898517322834645
21
0.6821955118110236
0
LINE
8
BLACK
6
CONTINUOUS
10
0.3898517322834645
20
0.6821955118110236
11
0.3911822047244095
21
0.6841866929133859
0
LINE
8
BLACK
6
CONTINUOUS
10
0.3911822047244095
20
0.6841866929133859
11
0.3915314960629921
21
0.6859426377952755
0
LINE
8
BLACK
6
CONTINUOUS
10
0.3915314960629921
20
0.6859426377952755
11
0.3915314960629921
21
0.685942716535433
0
LINE
8
BLACK
6
CONTINUOUS
10
0.3915314960629921
20
0.685942716535433
11
0.3915314566929134
21
0.7471281889763779
0
LINE
8
BLACK
6
CONTINUOUS
10
0.3915314566929134
20
0.7471281889763779
11
0.3911822047244095
21
0.7488841732283464
0
LINE
8
BLACK
6
CONTINUOUS
10
0.3911822047244095
20
0.7488841732283464
11
0.3911821259842519
21
0.7488843307086614
0
LINE
8
BLACK
6
CONTINUOUS
10
0.3911821259842519
20
0.7488843307086614
11
0.3898517716535433
21
0.7508753149606299
0
LINE
8
BLACK
6
CONTINUOUS
10
0.3898517716535433
20
0.7508753149606299
11
0.3898516929133858
21
0.7508753937007874
0
LINE
8
BLACK
6
CONTINUOUS
10
0.3898516929133858
20
0.7508753937007874
11
0.3878605118110236
21
0.7522058661417322
0
LINE
8
BLACK
6
CONTINUOUS
10
0.3878605118110236
20
0.7522058661417322
11
0.3864538582677165
21
0.7524856692913385
0
LINE
8
BLACK
6
CONTINUOUS
10
0.3864538582677165
20
0.7524856692913385
11
0.3861046062992126
21
0.7525551181102362
0
LINE
8
BLACK
6
CONTINUOUS
10
0.3861046062992126
20
0.7525551181102362
11
0.3861045669291339
21
0.7525551181102362
0
LINE
8
BLACK
6
CONTINUOUS
10
0.3861045669291339
20
0.7525551181102362
11
0.3249190551181103
21
0.7525551181102362
0
LINE
8
BLACK
6
CONTINUOUS
10
0.3249190551181103
20
0.7525551181102362
11
0.3231630708661417
21
0.7522058661417322
0
LINE
8
BLACK
6
CONTINUOUS
10
0.3231630708661417
20
0.7522058661417322
11
0.3231629133858268
21
0.7522057874015747
0
LINE
8
BLACK
6
CONTINUOUS
10
0.3231629133858268
20
0.7522057874015747
11
0.3211719291338583
21
0.7508754330708661
0
LINE
8
BLACK
6
CONTINUOUS
10
0.3211719291338583
20
0.7508754330708661
11
0.3211718503937008
21
0.7508753543307086
0
LINE
8
BLACK
6
CONTINUOUS
10
0.3211718503937008
20
0.7508753543307086
11
0.3198413779527559
21
0.7488841732283464
0
LINE
8
BLACK
6
CONTINUOUS
10
0.3198413779527559
20
0.7488841732283464
11
0.319492125984252
21
0.7471282283464566
0
LINE
8
BLACK
6
CONTINUOUS
10
0.319492125984252
20
0.7471282283464566
11
0.319492125984252
21
0.685942716535433
0
LINE
8
BLACK
6
CONTINUOUS
10
0.319492125984252
20
0.685942716535433
11
0.3198413779527559
21
0.6841867322834646
0
LINE
8
BLACK
6
CONTINUOUS
10
0.4198413779527559
20
0.6841867322834646
11
0.4198414566929134
21
0.6841865748031496
0
LINE
8
BLACK
6
CONTINUOUS
10
0.4198414566929134
20
0.6841865748031496
11
0.4211718110236221
21
0.6821955905511811
0
LINE
8
BLACK
6
CONTINUOUS
10
0.4211718110236221
20
0.6821955905511811
11
0.4211718503937008
21
0.6821955511811023
0
LINE
8
BLACK
6
CONTINUOUS
10
0.4211718503937008
20
0.6821955511811023
11
0.4211718897637795
21
0.6821955118110236
0
LINE
8
BLACK
6
CONTINUOUS
10
0.4211718897637795
20
0.6821955118110236
11
0.4231630708661417
21
0.6808650393700787
0
LINE
8
BLACK
6
CONTINUOUS
10
0.4231630708661417
20
0.6808650393700787
11
0.4249190157480315
21
0.6805157480314961
0
LINE
8
BLACK
6
CONTINUOUS
10
0.4249190157480315
20
0.6805157480314961
11
0.4861045669291338
21
0.6805157874015748
0
LINE
8
BLACK
6
CONTINUOUS
10
0.4861045669291338
20
0.6805157874015748
11
0.4878605511811023
21
0.6808650393700787
0
LINE
8
BLACK
6
CONTINUOUS
10
0.4878605511811023
20
0.6808650393700787
11
0.4898517322834646
21
0.6821955118110236
0
LINE
8
BLACK
6
CONTINUOUS
10
0.4898517322834646
20
0.6821955118110236
11
0.4911822047244094
21
0.6841866929133859
0
LINE
8
BLACK
6
CONTINUOUS
10
0.4911822047244094
20
0.6841866929133859
11
0.4915314960629921
21
0.6859426377952755
0
LINE
8
BLACK
6
CONTINUOUS
10
0.4915314960629921
20
0.6859426377952755
11
0.4915314566929134
21
0.7471281889763779
0
LINE
8
BLACK
6
CONTINUOUS
10
0.4915314566929134
20
0.7471281889763779
11
0.4911822047244094
21
0.7488841732283464
0
LINE
8
BLACK
6
CONTINUOUS
10
0.4911822047244094
20
0.7488841732283464
11
0.491182125984252
21
0.7488843307086614
0
LINE
8
BLACK
6
CONTINUOUS
10
0.491182125984252
20
0.7488843307086614
11
0.4898517716535433
21
0.7508753149606299
0
LINE
8
BLACK
6
CONTINUOUS
10
0.4898517716535433
20
0.7508753149606299
11
0.4898516929133858
21
0.7508753937007874
0
LINE
8
BLACK
6
CONTINUOUS
10
0.4898516929133858
20
0.7508753937007874
11
0.4878605118110236
21
0.7522058661417322
0
LINE
8
BLACK
6
CONTINUOUS
10
0.4878605118110236
20
0.7522058661417322
11
0.4864538582677165
21
0.7524856692913385
0
LINE
8
BLACK
6
CONTINUOUS
10
0.4864538582677165
20
0.7524856692913385
11
0.4861046062992126
21
0.7525551181102362
0
LINE
8
BLACK
6
CONTINUOUS
10
0.4861046062992126
20
0.7525551181102362
11
0.4861045669291338
21
0.7525551181102362
0
LINE
8
BLACK
6
CONTINUOUS
10
0.4861045669291338
20
0.7525551181102362
11
0.4249190551181102
21
0.7525551181102362
0
LINE
8
BLACK
6
CONTINUOUS
10
0.4249190551181102
20
0.7525551181102362
11
0.4231630708661417
21
0.7522058661417322
0
LINE
8
BLACK
6
CONTINUOUS
10
0.4231630708661417
20
0.7522058661417322
11
0.4231629133858268
21
0.7522057874015747
0
LINE
8
BLACK
6
CONTINUOUS
10
0.4231629133858268
20
0.7522057874015747
11
0.4211719291338583
21
0.7508754330708661
0
LINE
8
BLACK
6
CONTINUOUS
10
0.4211719291338583
20
0.7508754330708661
11
0.4211718503937008
21
0.7508753543307086
0
LINE
8
BLACK
6
CONTINUOUS
10
0.4211718503937008
20
0.7508753543307086
11
0.4198413779527559
21
0.7488841732283464
0
LINE
8
BLACK
6
CONTINUOUS
10
0.4198413779527559
20
0.7488841732283464
11
0.419492125984252
21
0.7471282283464566
0
LINE
8
BLACK
6
CONTINUOUS
10
0.419492125984252
20
0.7471282283464566
11
0.419492125984252
21
0.685942716535433
0
LINE
8
BLACK
6
CONTINUOUS
10
0.419492125984252
20
0.685942716535433
11
0.4198413779527559
21
0.6841867322834646
0
LINE
8
BLACK
6
CONTINUOUS
10
1.1190539763779528
20
0.6841867322834646
11
1.1190540551181103
21
0.6841865748031496
0
LINE
8
BLACK
6
CONTINUOUS
10
1.1190540551181103
20
0.6841865748031496
11
1.1203844094488189
21
0.6821955905511811
0
LINE
8
BLACK
6
CONTINUOUS
10
1.1203844094488189
20
0.6821955905511811
11
1.1203844488188976
21
0.6821955511811023
0
LINE
8
BLACK
6
CONTINUOUS
10
1.1203844488188976
20
0.6821955511811023
11
1.1203844881889764
21
0.6821955118110236
0
LINE
8
BLACK
6
CONTINUOUS
10
1.1203844881889764
20
0.6821955118110236
11
1.1223756692913385
21
0.6808650393700787
0
LINE
8
BLACK
6
CONTINUOUS
10
1.1223756692913385
20
0.6808650393700787
11
1.1241316141732283
21
0.6805157480314961
0
LINE
8
BLACK
6
CONTINUOUS
10
1.1241316141732283
20
0.6805157480314961
11
1.1853171653543306
21
0.6805157874015748
0
LINE
8
BLACK
6
CONTINUOUS
10
1.1853171653543306
20
0.6805157874015748
11
1.1870731496062992
21
0.6808650393700787
0
LINE
8
BLACK
6
CONTINUOUS
10
1.1870731496062992
20
0.6808650393700787
11
1.1890643307086615
21
0.6821955118110236
0
LINE
8
BLACK
6
CONTINUOUS
10
1.1890643307086615
20
0.6821955118110236
11
1.1903948031496063
21
0.6841866929133859
0
LINE
8
BLACK
6
CONTINUOUS
10
1.1903948031496063
20
0.6841866929133859
11
1.1907440944881889
21
0.6859426377952755
0
LINE
8
BLACK
6
CONTINUOUS
10
1.1907440944881889
20
0.6859426377952755
11
1.1907440944881889
21
0.685942716535433
0
LINE
8
BLACK
6
CONTINUOUS
10
1.1907440944881889
20
0.685942716535433
11
1.1907440551181101
21
0.7471281889763779
0
LINE
8
BLACK
6
CONTINUOUS
10
1.1907440551181101
20
0.7471281889763779
11
1.1903948031496063
21
0.7488841732283464
0
LINE
8
BLACK
6
CONTINUOUS
10
1.1903948031496063
20
0.7488841732283464
11
1.1903947244094488
21
0.7488843307086614
0
LINE
8
BLACK
6
CONTINUOUS
10
1.1903947244094488
20
0.7488843307086614
11
1.1890643700787402
21
0.7508753149606299
0
LINE
8
BLACK
6
CONTINUOUS
10
1.1890643700787402
20
0.7508753149606299
11
1.1890642913385827
21
0.7508753937007874
0
LINE
8
BLACK
6
CONTINUOUS
10
1.1890642913385827
20
0.7508753937007874
11
1.1870731102362204
21
0.7522058661417322
0
LINE
8
BLACK
6
CONTINUOUS
10
1.1870731102362204
20
0.7522058661417322
11
1.1856664566929134
21
0.7524856692913385
0
LINE
8
BLACK
6
CONTINUOUS
10
1.1856664566929134
20
0.7524856692913385
11
1.1853172047244094
21
0.7525551181102362
0
LINE
8
BLACK
6
CONTINUOUS
10
1.1853172047244094
20
0.7525551181102362
11
1.1853171653543306
21
0.7525551181102362
0
LINE
8
BLACK
6
CONTINUOUS
10
1.1853171653543306
20
0.7525551181102362
11
1.124131653543307
21
0.7525551181102362
0
LINE
8
BLACK
6
CONTINUOUS
10
1.124131653543307
20
0.7525551181102362
11
1.1223756692913385
21
0.7522058661417322
0
LINE
8
BLACK
6
CONTINUOUS
10
1.1223756692913385
20
0.7522058661417322
11
1.1223755118110237
21
0.7522057874015747
0
LINE
8
BLACK
6
CONTINUOUS
10
1.1223755118110237
20
0.7522057874015747
11
1.1203845275590552
21
0.7508754330708661
0
LINE
8
BLACK
6
CONTINUOUS
10
1.1203845275590552
20
0.7508754330708661
11
1.1203844488188976
21
0.7508753543307086
0
LINE
8
BLACK
6
CONTINUOUS
10
1.1203844488188976
20
0.7508753543307086
11
1.1190539763779528
21
0.7488841732283464
0
LINE
8
BLACK
6
CONTINUOUS
10
1.1190539763779528
20
0.7488841732283464
11
1.1187047244094488
21
0.7471282283464566
0
LINE
8
BLACK
6
CONTINUOUS
10
1.1187047244094488
20
0.7471282283464566
11
1.1187047244094488
21
0.685942716535433
0
LINE
8
BLACK
6
CONTINUOUS
10
1.1187047244094488
20
0.685942716535433
11
1.1190539763779528
21
0.6841867322834646
0
LINE
8
BLACK
6
CONTINUOUS
10
1.2190539763779527
20
0.6841867322834646
11
1.2190540551181102
21
0.6841865748031496
0
LINE
8
BLACK
6
CONTINUOUS
10
1.2190540551181102
20
0.6841865748031496
11
1.2203844094488188
21
0.6821955905511811
0
LINE
8
BLACK
6
CONTINUOUS
10
1.2203844094488188
20
0.6821955905511811
11
1.2203844488188975
21
0.6821955511811023
0
LINE
8
BLACK
6
CONTINUOUS
10
1.2203844488188975
20
0.6821955511811023
11
1.2203844881889763
21
0.6821955118110236
0
LINE
8
BLACK
6
CONTINUOUS
10
1.2203844881889763
20
0.6821955118110236
11
1.2223756692913386
21
0.6808650393700787
0
LINE
8
BLACK
6
CONTINUOUS
10
1.2223756692913386
20
0.6808650393700787
11
1.2241316141732284
21
0.6805157480314961
0
LINE
8
BLACK
6
CONTINUOUS
10
1.2241316141732284
20
0.6805157480314961
11
1.2853171653543307
21
0.6805157874015748
0
LINE
8
BLACK
6
CONTINUOUS
10
1.2853171653543307
20
0.6805157874015748
11
1.2870731496062993
21
0.6808650393700787
0
LINE
8
BLACK
6
CONTINUOUS
10
1.2870731496062993
20
0.6808650393700787
11
1.2890643307086613
21
0.6821955118110236
0
LINE
8
BLACK
6
CONTINUOUS
10
1.2890643307086613
20
0.6821955118110236
11
1.2903948031496062
21
0.6841866929133859
0
LINE
8
BLACK
6
CONTINUOUS
10
1.2903948031496062
20
0.6841866929133859
11
1.2907440944881889
21
0.6859426377952755
0
LINE
8
BLACK
6
CONTINUOUS
10
1.2907440944881889
20
0.6859426377952755
11
1.2907440551181102
21
0.7471281889763779
0
LINE
8
BLACK
6
CONTINUOUS
10
1.2907440551181102
20
0.7471281889763779
11
1.2903948031496062
21
0.7488841732283464
0
LINE
8
BLACK
6
CONTINUOUS
10
1.2903948031496062
20
0.7488841732283464
11
1.2903947244094487
21
0.7488843307086614
0
LINE
8
BLACK
6
CONTINUOUS
10
1.2903947244094487
20
0.7488843307086614
11
1.2890643700787401
21
0.7508753149606299
0
LINE
8
BLACK
6
CONTINUOUS
10
1.2890643700787401
20
0.7508753149606299
11
1.2890642913385826
21
0.7508753937007874
0
LINE
8
BLACK
6
CONTINUOUS
10
1.2890642913385826
20
0.7508753937007874
11
1.2870731102362205
21
0.7522058661417322
0
LINE
8
BLACK
6
CONTINUOUS
10
1.2870731102362205
20
0.7522058661417322
11
1.2856664566929135
21
0.7524856692913385
0
LINE
8
BLACK
6
CONTINUOUS
10
1.2856664566929135
20
0.7524856692913385
11
1.2853172047244095
21
0.7525551181102362
0
LINE
8
BLACK
6
CONTINUOUS
10
1.2853172047244095
20
0.7525551181102362
11
1.2853171653543307
21
0.7525551181102362
0
LINE
8
BLACK
6
CONTINUOUS
10
1.2853171653543307
20
0.7525551181102362
11
1.2241316535433071
21
0.7525551181102362
0
LINE
8
BLACK
6
CONTINUOUS
10
1.2241316535433071
20
0.7525551181102362
11
1.2223756692913386
21
0.7522058661417322
0
LINE
8
BLACK
6
CONTINUOUS
10
1.2223756692913386
20
0.7522058661417322
11
1.2223755118110236
21
0.7522057874015747
0
LINE
8
BLACK
6
CONTINUOUS
10
1.2223755118110236
20
0.7522057874015747
11
1.220384527559055
21
0.7508754330708661
0
LINE
8
BLACK
6
CONTINUOUS
10
1.220384527559055
20
0.7508754330708661
11
1.2203844488188975
21
0.7508753543307086
0
LINE
8
BLACK
6
CONTINUOUS
10
1.2203844488188975
20
0.7508753543307086
11
1.2190539763779527
21
0.7488841732283464
0
LINE
8
BLACK
6
CONTINUOUS
10
1.2190539763779527
20
0.7488841732283464
11
1.2187047244094489
21
0.7471282283464566
0
LINE
8
BLACK
6
CONTINUOUS
10
1.2187047244094489
20
0.7471282283464566
11
1.2187047244094489
21
0.685942716535433
0
LINE
8
BLACK
6
CONTINUOUS
10
1.2187047244094489
20
0.685942716535433
11
1.2190539763779527
21
0.6841867322834646
0
LINE
8
BLACK
6
CONTINUOUS
10
0.5983370866141732
20
0.7606267322834646
11
0.5996869291338582
21
0.756982125984252
0
LINE
8
BLACK
6
CONTINUOUS
10
0.5996869291338582
20
0.756982125984252
11
0.6009870078740157
21
0.753471811023622
0
LINE
8
BLACK
6
CONTINUOUS
10
0.6009870078740157
20
0.753471811023622
11
0.6026053937007874
21
0.7508753543307086
0
LINE
8
BLACK
6
CONTINUOUS
10
0.6026053937007874
20
0.7508753543307086
11
0.6049409842519685
21
0.7471282283464566
0
LINE
8
BLACK
6
CONTINUOUS
10
0.6049409842519685
20
0.7471282283464566
11
0.6050229921259842
21
0.7469966929133858
0
LINE
8
BLACK
6
CONTINUOUS
10
0.6050229921259842
20
0.7469966929133858
11
0.6102797637795275
21
0.7414665748031496
0
LINE
8
BLACK
6
CONTINUOUS
10
0.6102797637795275
20
0.7414665748031496
11
0.6165421653543307
21
0.7371078346456693
0
LINE
8
BLACK
6
CONTINUOUS
10
0.6165421653543307
20
0.7371078346456693
11
0.6235537795275591
21
0.7340988976377952
0
LINE
8
BLACK
6
CONTINUOUS
10
0.6235537795275591
20
0.7340988976377952
11
0.6310275590551181
21
0.7325629921259842
0
LINE
8
BLACK
6
CONTINUOUS
10
0.6310275590551181
20
0.7325629921259842
11
0.6310275984251968
21
0.7325629921259842
0
LINE
8
BLACK
6
CONTINUOUS
10
0.6310275984251968
20
0.7325629921259842
11
0.6643040157480314
21
0.7325629921259842
0
LINE
8
BLACK
6
CONTINUOUS
10
0.6643040157480314
20
0.7325629921259842
11
0.6699924015748031
21
0.7331414566929134
0
LINE
8
BLACK
6
CONTINUOUS
10
0.6699924015748031
20
0.7331414566929134
11
0.6699925984251969
21
0.7331414960629921
0
LINE
8
BLACK
6
CONTINUOUS
10
0.6699925984251969
20
0.7331414960629921
11
0.6734536614173228
21
0.7342274409448819
0
LINE
8
BLACK
6
CONTINUOUS
10
0.6734536614173228
20
0.7342274409448819
11
0.6772724409448819
21
0.7354255511811023
0
LINE
8
BLACK
6
CONTINUOUS
10
0.6772724409448819
20
0.7354255511811023
11
0.6839436614173228
21
0.7391283858267717
0
LINE
8
BLACK
6
CONTINUOUS
10
0.6839436614173228
20
0.7391283858267717
11
0.6897329527559055
21
0.7440983464566929
0
LINE
8
BLACK
6
CONTINUOUS
10
0.6897329527559055
20
0.7440983464566929
11
0.6944032677165354
21
0.7501319291338583
0
LINE
8
BLACK
6
CONTINUOUS
10
0.6944032677165354
20
0.7501319291338583
11
0.6977634645669292
21
0.756982125984252
0
LINE
8
BLACK
6
CONTINUOUS
10
0.6977634645669292
20
0.756982125984252
11
0.6996759448818898
21
0.7643685039370078
0
LINE
8
BLACK
6
CONTINUOUS
10
0.6996759448818898
20
0.7643685039370078
11
0.6998686614173228
21
0.7681688188976378
0
LINE
8
BLACK
6
CONTINUOUS
10
0.6998686614173228
20
0.7681688188976378
11
0.7000624015748032
21
0.7719886614173228
0
LINE
8
BLACK
6
CONTINUOUS
10
0.7000624015748032
20
0.7719886614173228
11
0.6989070078740157
21
0.7795306692913385
0
LINE
8
BLACK
6
CONTINUOUS
10
0.6989070078740157
20
0.7795306692913385
11
0.6962570866141732
21
0.7866856692913385
0
LINE
8
BLACK
6
CONTINUOUS
10
0.6962570866141732
20
0.7866856692913385
11
0.6922211023622047
21
0.7931607874015748
0
LINE
8
BLACK
6
CONTINUOUS
10
0.6922211023622047
20
0.7931607874015748
11
0.6869643307086614
21
0.798690905511811
0
LINE
8
BLACK
6
CONTINUOUS
10
0.6869643307086614
20
0.798690905511811
11
0.6807019291338583
21
0.8030496456692913
0
LINE
8
BLACK
6
CONTINUOUS
10
0.6807019291338583
20
0.8030496456692913
11
0.6736903149606299
21
0.8060585826771653
0
LINE
8
BLACK
6
CONTINUOUS
10
0.6736903149606299
20
0.8060585826771653
11
0.6736901968503937
21
0.8060586220472441
0
LINE
8
BLACK
6
CONTINUOUS
10
0.6736901968503937
20
0.8060586220472441
11
0.6736901574803149
21
0.8060586220472441
0
LINE
8
BLACK
6
CONTINUOUS
10
0.6736901574803149
20
0.8060586220472441
11
0.6702215748031496
21
0.8067714566929134
0
LINE
8
BLACK
6
CONTINUOUS
10
0.6702215748031496
20
0.8067714566929134
11
0.6662165354330708
21
0.8075944881889764
0
LINE
8
BLACK
6
CONTINUOUS
10
0.6662165354330708
20
0.8075944881889764
11
0.6329400787401575
21
0.8075944881889764
0
LINE
8
BLACK
6
CONTINUOUS
10
0.6329400787401575
20
0.8075944881889764
11
0.627251653543307
21
0.8070160629921259
0
LINE
8
BLACK
6
CONTINUOUS
10
0.627251653543307
20
0.8070160629921259
11
0.6272514566929134
21
0.8070160236220473
0
LINE
8
BLACK
6
CONTINUOUS
10
0.6272514566929134
20
0.8070160236220473
11
0.6199716929133858
21
0.804731968503937
0
LINE
8
BLACK
6
CONTINUOUS
10
0.6199716929133858
20
0.804731968503937
11
0.6133003937007874
21
0.8010290944881889
0
LINE
8
BLACK
6
CONTINUOUS
10
0.6133003937007874
20
0.8010290944881889
11
0.6133003543307086
21
0.8010290551181102
0
LINE
8
BLACK
6
CONTINUOUS
10
0.6133003543307086
20
0.8010290551181102
11
0.6075111811023622
21
0.7960592125984252
0
LINE
8
BLACK
6
CONTINUOUS
10
0.6075111811023622
20
0.7960592125984252
11
0.6028408267716535
21
0.790025590551181
0
LINE
8
BLACK
6
CONTINUOUS
10
0.6028408267716535
20
0.790025590551181
11
0.5994806299212598
21
0.7831753937007874
0
LINE
8
BLACK
6
CONTINUOUS
10
0.5994806299212598
20
0.7831753937007874
11
0.5975681496062992
21
0.775788937007874
0
LINE
8
BLACK
6
CONTINUOUS
10
0.5975681496062992
20
0.775788937007874
11
0.5971816929133859
21
0.7681688976377953
0
LINE
8
BLACK
6
CONTINUOUS
10
0.5971816929133859
20
0.7681688976377953
11
0.5971816929133859
21
0.7681688188976378
0
LINE
8
BLACK
6
CONTINUOUS
10
0.5971816929133859
20
0.7681688188976378
11
0.5983370866141732
21
0.7606267322834646
0
LINE
8
BLACK
6
CONTINUOUS
10
0.8983370866141732
20
0.7606267322834646
11
0.8996869291338583
21
0.756982125984252
0
LINE
8
BLACK
6
CONTINUOUS
10
0.8996869291338583
20
0.756982125984252
11
0.9009870078740158
21
0.753471811023622
0
LINE
8
BLACK
6
CONTINUOUS
10
0.9009870078740158
20
0.753471811023622
11
0.9026053937007874
21
0.7508753543307086
0
LINE
8
BLACK
6
CONTINUOUS
10
0.9026053937007874
20
0.7508753543307086
11
0.9049409842519684
21
0.7471282283464566
0
LINE
8
BLACK
6
CONTINUOUS
10
0.9049409842519684
20
0.7471282283464566
11
0.9050229921259842
21
0.7469966929133858
0
LINE
8
BLACK
6
CONTINUOUS
10
0.9050229921259842
20
0.7469966929133858
11
0.9102797637795276
21
0.7414665748031496
0
LINE
8
BLACK
6
CONTINUOUS
10
0.9102797637795276
20
0.7414665748031496
11
0.9165421653543306
21
0.7371078346456693
0
LINE
8
BLACK
6
CONTINUOUS
10
0.9165421653543306
20
0.7371078346456693
11
0.923553779527559
21
0.7340988976377952
0
LINE
8
BLACK
6
CONTINUOUS
10
0.923553779527559
20
0.7340988976377952
11
0.9310275590551181
21
0.7325629921259842
0
LINE
8
BLACK
6
CONTINUOUS
10
0.9310275590551181
20
0.7325629921259842
11
0.9310275984251968
21
0.7325629921259842
0
LINE
8
BLACK
6
CONTINUOUS
10
0.9310275984251968
20
0.7325629921259842
11
0.9643040157480315
21
0.7325629921259842
0
LINE
8
BLACK
6
CONTINUOUS
10
0.9643040157480315
20
0.7325629921259842
11
0.9699924015748032
21
0.7331414566929134
0
LINE
8
BLACK
6
CONTINUOUS
10
0.9699924015748032
20
0.7331414566929134
11
0.9699925984251968
21
0.7331414960629921
0
LINE
8
BLACK
6
CONTINUOUS
10
0.9699925984251968
20
0.7331414960629921
11
0.9734536614173228
21
0.7342274409448819
0
LINE
8
BLACK
6
CONTINUOUS
10
0.9734536614173228
20
0.7342274409448819
11
0.9772724409448819
21
0.7354255511811023
0
LINE
8
BLACK
6
CONTINUOUS
10
0.9772724409448819
20
0.7354255511811023
11
0.9839436614173228
21
0.7391283858267717
0
LINE
8
BLACK
6
CONTINUOUS
10
0.9839436614173228
20
0.7391283858267717
11
0.9897329527559054
21
0.7440983464566929
0
LINE
8
BLACK
6
CONTINUOUS
10
0.9897329527559054
20
0.7440983464566929
11
0.9944032677165354
21
0.7501319291338583
0
LINE
8
BLACK
6
CONTINUOUS
10
0.9944032677165354
20
0.7501319291338583
11
0.9977634645669291
21
0.756982125984252
0
LINE
8
BLACK
6
CONTINUOUS
10
0.9977634645669291
20
0.756982125984252
11
0.9996759448818897
21
0.7643685039370078
0
LINE
8
BLACK
6
CONTINUOUS
10
0.9996759448818897
20
0.7643685039370078
11
1.0000624015748032
21
0.7719886614173228
0
LINE
8
BLACK
6
CONTINUOUS
10
1.0000624015748032
20
0.7719886614173228
11
0.9989070078740158
21
0.7795306692913385
0
LINE
8
BLACK
6
CONTINUOUS
10
0.9989070078740158
20
0.7795306692913385
11
0.9965322440944882
21
0.785942716535433
0
LINE
8
BLACK
6
CONTINUOUS
10
0.9965322440944882
20
0.785942716535433
11
0.9962570866141732
21
0.7866856692913385
0
LINE
8
BLACK
6
CONTINUOUS
10
0.9962570866141732
20
0.7866856692913385
11
0.9922211023622047
21
0.7931607874015748
0
LINE
8
BLACK
6
CONTINUOUS
10
0.9922211023622047
20
0.7931607874015748
11
0.9869643307086614
21
0.798690905511811
0
LINE
8
BLACK
6
CONTINUOUS
10
0.9869643307086614
20
0.798690905511811
11
0.9807019291338582
21
0.8030496456692913
0
LINE
8
BLACK
6
CONTINUOUS
10
0.9807019291338582
20
0.8030496456692913
11
0.9736903149606299
21
0.8060585826771653
0
LINE
8
BLACK
6
CONTINUOUS
10
0.9736903149606299
20
0.8060585826771653
11
0.9736901968503937
21
0.8060586220472441
0
LINE
8
BLACK
6
CONTINUOUS
10
0.9736901968503937
20
0.8060586220472441
11
0.973690157480315
21
0.8060586220472441
0
LINE
8
BLACK
6
CONTINUOUS
10
0.973690157480315
20
0.8060586220472441
11
0.9702215748031496
21
0.8067714566929134
0
LINE
8
BLACK
6
CONTINUOUS
10
0.9702215748031496
20
0.8067714566929134
11
0.9662165354330708
21
0.8075944881889764
0
LINE
8
BLACK
6
CONTINUOUS
10
0.9662165354330708
20
0.8075944881889764
11
0.9329400787401575
21
0.8075944881889764
0
LINE
8
BLACK
6
CONTINUOUS
10
0.9329400787401575
20
0.8075944881889764
11
0.9272516535433071
21
0.8070160629921259
0
LINE
8
BLACK
6
CONTINUOUS
10
0.9272516535433071
20
0.8070160629921259
11
0.9272514566929133
21
0.8070160236220473
0
LINE
8
BLACK
6
CONTINUOUS
10
0.9272514566929133
20
0.8070160236220473
11
0.9199716929133858
21
0.804731968503937
0
LINE
8
BLACK
6
CONTINUOUS
10
0.9199716929133858
20
0.804731968503937
11
0.9133003937007874
21
0.8010290944881889
0
LINE
8
BLACK
6
CONTINUOUS
10
0.9133003937007874
20
0.8010290944881889
11
0.9133003543307087
21
0.8010290551181102
0
LINE
8
BLACK
6
CONTINUOUS
10
0.9133003543307087
20
0.8010290551181102
11
0.9075111811023622
21
0.7960592125984252
0
LINE
8
BLACK
6
CONTINUOUS
10
0.9075111811023622
20
0.7960592125984252
11
0.9028408267716536
21
0.790025590551181
0
LINE
8
BLACK
6
CONTINUOUS
10
0.9028408267716536
20
0.790025590551181
11
0.8994806299212598
21
0.7831753937007874
0
LINE
8
BLACK
6
CONTINUOUS
10
0.8994806299212598
20
0.7831753937007874
11
0.8975681496062992
21
0.775788937007874
0
LINE
8
BLACK
6
CONTINUOUS
10
0.8975681496062992
20
0.775788937007874
11
0.8971816929133858
21
0.7681688976377953
0
LINE
8
BLACK
6
CONTINUOUS
10
0.8971816929133858
20
0.7681688976377953
11
0.8971816929133858
21
0.7681688188976378
0
LINE
8
BLACK
6
CONTINUOUS
10
0.8971816929133858
20
0.7681688188976378
11
0.8983370866141732
21
0.7606267322834646
0
LINE
8
BLACK
6
CONTINUOUS
10
0.3198413779527559
20
0.7841867322834646
11
0.3198414566929134
21
0.7841865748031496
0
LINE
8
BLACK
6
CONTINUOUS
10
0.3198414566929134
20
0.7841865748031496
11
0.321171811023622
21
0.782195590551181
0
LINE
8
BLACK
6
CONTINUOUS
10
0.321171811023622
20
0.782195590551181
11
0.3211718503937008
21
0.7821955511811024
0
LINE
8
BLACK
6
CONTINUOUS
10
0.3211718503937008
20
0.7821955511811024
11
0.3211718897637795
21
0.7821955118110236
0
LINE
8
BLACK
6
CONTINUOUS
10
0.3211718897637795
20
0.7821955118110236
11
0.3231630708661417
21
0.7808650393700787
0
LINE
8
BLACK
6
CONTINUOUS
10
0.3231630708661417
20
0.7808650393700787
11
0.3249190157480315
21
0.780515748031496
0
LINE
8
BLACK
6
CONTINUOUS
10
0.3249190157480315
20
0.780515748031496
11
0.3861045669291339
21
0.7805157874015748
0
LINE
8
BLACK
6
CONTINUOUS
10
0.3861045669291339
20
0.7805157874015748
11
0.3878605511811024
21
0.7808650393700787
0
LINE
8
BLACK
6
CONTINUOUS
10
0.3878605511811024
20
0.7808650393700787
11
0.3898517322834645
21
0.7821955118110236
0
LINE
8
BLACK
6
CONTINUOUS
10
0.3898517322834645
20
0.7821955118110236
11
0.3911822047244095
21
0.7841866929133858
0
LINE
8
BLACK
6
CONTINUOUS
10
0.3911822047244095
20
0.7841866929133858
11
0.3915314960629921
21
0.7859426377952756
0
LINE
8
BLACK
6
CONTINUOUS
10
0.3915314960629921
20
0.7859426377952756
11
0.3915314960629921
21
0.785942716535433
0
LINE
8
BLACK
6
CONTINUOUS
10
0.3915314960629921
20
0.785942716535433
11
0.3915314566929134
21
0.847128188976378
0
LINE
8
BLACK
6
CONTINUOUS
10
0.3915314566929134
20
0.847128188976378
11
0.3911822047244095
21
0.8488841732283464
0
LINE
8
BLACK
6
CONTINUOUS
10
0.3911822047244095
20
0.8488841732283464
11
0.3911821259842519
21
0.8488843307086614
0
LINE
8
BLACK
6
CONTINUOUS
10
0.3911821259842519
20
0.8488843307086614
11
0.3898517716535433
21
0.8508753149606298
0
LINE
8
BLACK
6
CONTINUOUS
10
0.3898517716535433
20
0.8508753149606298
11
0.3898516929133858
21
0.8508753937007874
0
LINE
8
BLACK
6
CONTINUOUS
10
0.3898516929133858
20
0.8508753937007874
11
0.3878605118110236
21
0.8522058661417322
0
LINE
8
BLACK
6
CONTINUOUS
10
0.3878605118110236
20
0.8522058661417322
11
0.3864538582677165
21
0.8524856692913385
0
LINE
8
BLACK
6
CONTINUOUS
10
0.3864538582677165
20
0.8524856692913385
11
0.3861046062992126
21
0.8525551181102362
0
LINE
8
BLACK
6
CONTINUOUS
10
0.3861046062992126
20
0.8525551181102362
11
0.3861045669291339
21
0.8525551181102362
0
LINE
8
BLACK
6
CONTINUOUS
10
0.3861045669291339
20
0.8525551181102362
11
0.3249190551181103
21
0.8525551181102362
0
LINE
8
BLACK
6
CONTINUOUS
10
0.3249190551181103
20
0.8525551181102362
11
0.3231630708661417
21
0.8522058661417322
0
LINE
8
BLACK
6
CONTINUOUS
10
0.3231630708661417
20
0.8522058661417322
11
0.3231629133858268
21
0.8522057874015748
0
LINE
8
BLACK
6
CONTINUOUS
10
0.3231629133858268
20
0.8522057874015748
11
0.3211719291338583
21
0.8508754330708661
0
LINE
8
BLACK
6
CONTINUOUS
10
0.3211719291338583
20
0.8508754330708661
11
0.3211718503937008
21
0.8508753543307086
0
LINE
8
BLACK
6
CONTINUOUS
10
0.3211718503937008
20
0.8508753543307086
11
0.3198413779527559
21
0.8488841732283464
0
LINE
8
BLACK
6
CONTINUOUS
10
0.3198413779527559
20
0.8488841732283464
11
0.319492125984252
21
0.8471282283464566
0
LINE
8
BLACK
6
CONTINUOUS
10
0.319492125984252
20
0.8471282283464566
11
0.319492125984252
21
0.785942716535433
0
LINE
8
BLACK
6
CONTINUOUS
10
0.319492125984252
20
0.785942716535433
11
0.3198413779527559
21
0.7841867322834646
0
LINE
8
BLACK
6
CONTINUOUS
10
0.4198413779527559
20
0.7841867322834646
11
0.4198414566929134
21
0.7841865748031496
0
LINE
8
BLACK
6
CONTINUOUS
10
0.4198414566929134
20
0.7841865748031496
11
0.4211718110236221
21
0.782195590551181
0
LINE
8
BLACK
6
CONTINUOUS
10
0.4211718110236221
20
0.782195590551181
11
0.4211718503937008
21
0.7821955511811024
0
LINE
8
BLACK
6
CONTINUOUS
10
0.4211718503937008
20
0.7821955511811024
11
0.4211718897637795
21
0.7821955118110236
0
LINE
8
BLACK
6
CONTINUOUS
10
0.4211718897637795
20
0.7821955118110236
11
0.4231630708661417
21
0.7808650393700787
0
LINE
8
BLACK
6
CONTINUOUS
10
0.4231630708661417
20
0.7808650393700787
11
0.4249190157480315
21
0.780515748031496
0
LINE
8
BLACK
6
CONTINUOUS
10
0.4249190157480315
20
0.780515748031496
11
0.4861045669291338
21
0.7805157874015748
0
LINE
8
BLACK
6
CONTINUOUS
10
0.4861045669291338
20
0.7805157874015748
11
0.4878605511811023
21
0.7808650393700787
0
LINE
8
BLACK
6
CONTINUOUS
10
0.4878605511811023
20
0.7808650393700787
11
0.4898517322834646
21
0.7821955118110236
0
LINE
8
BLACK
6
CONTINUOUS
10
0.4898517322834646
20
0.7821955118110236
11
0.4911822047244094
21
0.7841866929133858
0
LINE
8
BLACK
6
CONTINUOUS
10
0.4911822047244094
20
0.7841866929133858
11
0.4915314960629921
21
0.7859426377952756
0
LINE
8
BLACK
6
CONTINUOUS
10
0.4915314960629921
20
0.7859426377952756
11
0.4915314566929134
21
0.847128188976378
0
LINE
8
BLACK
6
CONTINUOUS
10
0.4915314566929134
20
0.847128188976378
11
0.4911822047244094
21
0.8488841732283464
0
LINE
8
BLACK
6
CONTINUOUS
10
0.4911822047244094
20
0.8488841732283464
11
0.491182125984252
21
0.8488843307086614
0
LINE
8
BLACK
6
CONTINUOUS
10
0.491182125984252
20
0.8488843307086614
11
0.4898517716535433
21
0.8508753149606298
0
LINE
8
BLACK
6
CONTINUOUS
10
0.4898517716535433
20
0.8508753149606298
11
0.4898516929133858
21
0.8508753937007874
0
LINE
8
BLACK
6
CONTINUOUS
10
0.4898516929133858
20
0.8508753937007874
11
0.4878605118110236
21
0.8522058661417322
0
LINE
8
BLACK
6
CONTINUOUS
10
0.4878605118110236
20
0.8522058661417322
11
0.4864538582677165
21
0.8524856692913385
0
LINE
8
BLACK
6
CONTINUOUS
10
0.4864538582677165
20
0.8524856692913385
11
0.4861046062992126
21
0.8525551181102362
0
LINE
8
BLACK
6
CONTINUOUS
10
0.4861046062992126
20
0.8525551181102362
11
0.4861045669291338
21
0.8525551181102362
0
LINE
8
BLACK
6
CONTINUOUS
10
0.4861045669291338
20
0.8525551181102362
11
0.4249190551181102
21
0.8525551181102362
0
LINE
8
BLACK
6
CONTINUOUS
10
0.4249190551181102
20
0.8525551181102362
11
0.4231630708661417
21
0.8522058661417322
0
LINE
8
BLACK
6
CONTINUOUS
10
0.4231630708661417
20
0.8522058661417322
11
0.4231629133858268
21
0.8522057874015748
0
LINE
8
BLACK
6
CONTINUOUS
10
0.4231629133858268
20
0.8522057874015748
11
0.4211719291338583
21
0.8508754330708661
0
LINE
8
BLACK
6
CONTINUOUS
10
0.4211719291338583
20
0.8508754330708661
11
0.4211718503937008
21
0.8508753543307086
0
LINE
8
BLACK
6
CONTINUOUS
10
0.4211718503937008
20
0.8508753543307086
11
0.4198413779527559
21
0.8488841732283464
0
LINE
8
BLACK
6
CONTINUOUS
10
0.4198413779527559
20
0.8488841732283464
11
0.419492125984252
21
0.8471282283464566
0
LINE
8
BLACK
6
CONTINUOUS
10
0.419492125984252
20
0.8471282283464566
11
0.419492125984252
21
0.785942716535433
0
LINE
8
BLACK
6
CONTINUOUS
10
0.419492125984252
20
0.785942716535433
11
0.4198413779527559
21
0.7841867322834646
0
LINE
8
BLACK
6
CONTINUOUS
10
1.1190539763779528
20
0.7841867322834646
11
1.1190540551181103
21
0.7841865748031496
0
LINE
8
BLACK
6
CONTINUOUS
10
1.1190540551181103
20
0.7841865748031496
11
1.1203844094488189
21
0.782195590551181
0
LINE
8
BLACK
6
CONTINUOUS
10
1.1203844094488189
20
0.782195590551181
11
1.1203844488188976
21
0.7821955511811024
0
LINE
8
BLACK
6
CONTINUOUS
10
1.1203844488188976
20
0.7821955511811024
11
1.1203844881889764
21
0.7821955118110236
0
LINE
8
BLACK
6
CONTINUOUS
10
1.1203844881889764
20
0.7821955118110236
11
1.1223756692913385
21
0.7808650393700787
0
LINE
8
BLACK
6
CONTINUOUS
10
1.1223756692913385
20
0.7808650393700787
11
1.1241316141732283
21
0.780515748031496
0
LINE
8
BLACK
6
CONTINUOUS
10
1.1241316141732283
20
0.780515748031496
11
1.1853171653543306
21
0.7805157874015748
0
LINE
8
BLACK
6
CONTINUOUS
10
1.1853171653543306
20
0.7805157874015748
11
1.1870731496062992
21
0.7808650393700787
0
LINE
8
BLACK
6
CONTINUOUS
10
1.1870731496062992
20
0.7808650393700787
11
1.1890643307086615
21
0.7821955118110236
0
LINE
8
BLACK
6
CONTINUOUS
10
1.1890643307086615
20
0.7821955118110236
11
1.1903948031496063
21
0.7841866929133858
0
LINE
8
BLACK
6
CONTINUOUS
10
1.1903948031496063
20
0.7841866929133858
11
1.1907440944881889
21
0.7859426377952756
0
LINE
8
BLACK
6
CONTINUOUS
10
1.1907440944881889
20
0.7859426377952756
11
1.1907440944881889
21
0.785942716535433
0
LINE
8
BLACK
6
CONTINUOUS
10
1.1907440944881889
20
0.785942716535433
11
1.1907440551181101
21
0.847128188976378
0
LINE
8
BLACK
6
CONTINUOUS
10
1.1907440551181101
20
0.847128188976378
11
1.1903948031496063
21
0.8488841732283464
0
LINE
8
BLACK
6
CONTINUOUS
10
1.1903948031496063
20
0.8488841732283464
11
1.1903947244094488
21
0.8488843307086614
0
LINE
8
BLACK
6
CONTINUOUS
10
1.1903947244094488
20
0.8488843307086614
11
1.1890643700787402
21
0.8508753149606298
0
LINE
8
BLACK
6
CONTINUOUS
10
1.1890643700787402
20
0.8508753149606298
11
1.1890642913385827
21
0.8508753937007874
0
LINE
8
BLACK
6
CONTINUOUS
10
1.1890642913385827
20
0.8508753937007874
11
1.1870731102362204
21
0.8522058661417322
0
LINE
8
BLACK
6
CONTINUOUS
10
1.1870731102362204
20
0.8522058661417322
11
1.1856664566929134
21
0.8524856692913385
0
LINE
8
BLACK
6
CONTINUOUS
10
1.1856664566929134
20
0.8524856692913385
11
1.1853172047244094
21
0.8525551181102362
0
LINE
8
BLACK
6
CONTINUOUS
10
1.1853172047244094
20
0.8525551181102362
11
1.1853171653543306
21
0.8525551181102362
0
LINE
8
BLACK
6
CONTINUOUS
10
1.1853171653543306
20
0.8525551181102362
11
1.124131653543307
21
0.8525551181102362
0
LINE
8
BLACK
6
CONTINUOUS
10
1.124131653543307
20
0.8525551181102362
11
1.1223756692913385
21
0.8522058661417322
0
LINE
8
BLACK
6
CONTINUOUS
10
1.1223756692913385
20
0.8522058661417322
11
1.1223755118110237
21
0.8522057874015748
0
LINE
8
BLACK
6
CONTINUOUS
10
1.1223755118110237
20
0.8522057874015748
11
1.1203845275590552
21
0.8508754330708661
0
LINE
8
BLACK
6
CONTINUOUS
10
1.1203845275590552
20
0.8508754330708661
11
1.1203844488188976
21
0.8508753543307086
0
LINE
8
BLACK
6
CONTINUOUS
10
1.1203844488188976
20
0.8508753543307086
11
1.1190539763779528
21
0.8488841732283464
0
LINE
8
BLACK
6
CONTINUOUS
10
1.1190539763779528
20
0.8488841732283464
11
1.1187047244094488
21
0.8471282283464566
0
LINE
8
BLACK
6
CONTINUOUS
10
1.1187047244094488
20
0.8471282283464566
11
1.1187047244094488
21
0.785942716535433
0
LINE
8
BLACK
6
CONTINUOUS
10
1.1187047244094488
20
0.785942716535433
11
1.1190539763779528
21
0.7841867322834646
0
LINE
8
BLACK
6
CONTINUOUS
10
1.2190539763779527
20
0.7841867322834646
11
1.2190540551181102
21
0.7841865748031496
0
LINE
8
BLACK
6
CONTINUOUS
10
1.2190540551181102
20
0.7841865748031496
11
1.2203844094488188
21
0.782195590551181
0
LINE
8
BLACK
6
CONTINUOUS
10
1.2203844094488188
20
0.782195590551181
11
1.2203844488188975
21
0.7821955511811024
0
LINE
8
BLACK
6
CONTINUOUS
10
1.2203844488188975
20
0.7821955511811024
11
1.2203844881889763
21
0.7821955118110236
0
LINE
8
BLACK
6
CONTINUOUS
10
1.2203844881889763
20
0.7821955118110236
11
1.2223756692913386
21
0.7808650393700787
0
LINE
8
BLACK
6
CONTINUOUS
10
1.2223756692913386
20
0.7808650393700787
11
1.2241316141732284
21
0.780515748031496
0
LINE
8
BLACK
6
CONTINUOUS
10
1.2241316141732284
20
0.780515748031496
11
1.2853171653543307
21
0.7805157874015748
0
LINE
8
BLACK
6
CONTINUOUS
10
1.2853171653543307
20
0.7805157874015748
11
1.2870731496062993
21
0.7808650393700787
0
LINE
8
BLACK
6
CONTINUOUS
10
1.2870731496062993
20
0.7808650393700787
11
1.2890643307086613
21
0.7821955118110236
0
LINE
8
BLACK
6
CONTINUOUS
10
1.2890643307086613
20
0.7821955118110236
11
1.2903948031496062
21
0.7841866929133858
0
LINE
8
BLACK
6
CONTINUOUS
10
1.2903948031496062
20
0.7841866929133858
11
1.2907440944881889
21
0.7859426377952756
0
LINE
8
BLACK
6
CONTINUOUS
10
1.2907440944881889
20
0.7859426377952756
11
1.2907440551181102
21
0.847128188976378
0
LINE
8
BLACK
6
CONTINUOUS
10
1.2907440551181102
20
0.847128188976378
11
1.2903948031496062
21
0.8488841732283464
0
LINE
8
BLACK
6
CONTINUOUS
10
1.2903948031496062
20
0.8488841732283464
11
1.2903947244094487
21
0.8488843307086614
0
LINE
8
BLACK
6
CONTINUOUS
10
1.2903947244094487
20
0.8488843307086614
11
1.2890643700787401
21
0.8508753149606298
0
LINE
8
BLACK
6
CONTINUOUS
10
1.2890643700787401
20
0.8508753149606298
11
1.2890642913385826
21
0.8508753937007874
0
LINE
8
BLACK
6
CONTINUOUS
10
1.2890642913385826
20
0.8508753937007874
11
1.2870731102362205
21
0.8522058661417322
0
LINE
8
BLACK
6
CONTINUOUS
10
1.2870731102362205
20
0.8522058661417322
11
1.2856664566929135
21
0.8524856692913385
0
LINE
8
BLACK
6
CONTINUOUS
10
1.2856664566929135
20
0.8524856692913385
11
1.2853172047244095
21
0.8525551181102362
0
LINE
8
BLACK
6
CONTINUOUS
10
1.2853172047244095
20
0.8525551181102362
11
1.2853171653543307
21
0.8525551181102362
0
LINE
8
BLACK
6
CONTINUOUS
10
1.2853171653543307
20
0.8525551181102362
11
1.2241316535433071
21
0.8525551181102362
0
LINE
8
BLACK
6
CONTINUOUS
10
1.2241316535433071
20
0.8525551181102362
11
1.2223756692913386
21
0.8522058661417322
0
LINE
8
BLACK
6
CONTINUOUS
10
1.2223756692913386
20
0.8522058661417322
11
1.2223755118110236
21
0.8522057874015748
0
LINE
8
BLACK
6
CONTINUOUS
10
1.2223755118110236
20
0.8522057874015748
11
1.220384527559055
21
0.8508754330708661
0
LINE
8
BLACK
6
CONTINUOUS
10
1.220384527559055
20
0.8508754330708661
11
1.2203844488188975
21
0.8508753543307086
0
LINE
8
BLACK
6
CONTINUOUS
10
1.2203844488188975
20
0.8508753543307086
11
1.2190539763779527
21
0.8488841732283464
0
LINE
8
BLACK
6
CONTINUOUS
10
1.2190539763779527
20
0.8488841732283464
11
1.2187047244094489
21
0.8471282283464566
0
LINE
8
BLACK
6
CONTINUOUS
10
1.2187047244094489
20
0.8471282283464566
11
1.2187047244094489
21
0.785942716535433
0
LINE
8
BLACK
6
CONTINUOUS
10
1.2187047244094489
20
0.785942716535433
11
1.2190539763779527
21
0.7841867322834646
0
LINE
8
BLACK
6
CONTINUOUS
10
0.5983370866141732
20
0.8606267322834645
11
0.5996869291338582
21
0.8569821259842519
0
LINE
8
BLACK
6
CONTINUOUS
10
0.5996869291338582
20
0.8569821259842519
11
0.6009870078740157
21
0.853471811023622
0
LINE
8
BLACK
6
CONTINUOUS
10
0.6009870078740157
20
0.853471811023622
11
0.6026053937007874
21
0.8508753543307086
0
LINE
8
BLACK
6
CONTINUOUS
10
0.6026053937007874
20
0.8508753543307086
11
0.6049409842519685
21
0.8471282283464566
0
LINE
8
BLACK
6
CONTINUOUS
10
0.6049409842519685
20
0.8471282283464566
11
0.6050229921259842
21
0.8469966929133859
0
LINE
8
BLACK
6
CONTINUOUS
10
0.6050229921259842
20
0.8469966929133859
11
0.6102797637795275
21
0.8414665748031496
0
LINE
8
BLACK
6
CONTINUOUS
10
0.6102797637795275
20
0.8414665748031496
11
0.6165421653543307
21
0.8371078346456693
0
LINE
8
BLACK
6
CONTINUOUS
10
0.6165421653543307
20
0.8371078346456693
11
0.6235537795275591
21
0.8340988976377952
0
LINE
8
BLACK
6
CONTINUOUS
10
0.6235537795275591
20
0.8340988976377952
11
0.6310275590551181
21
0.8325629921259843
0
LINE
8
BLACK
6
CONTINUOUS
10
0.6310275590551181
20
0.8325629921259843
11
0.6310275984251968
21
0.8325629921259843
0
LINE
8
BLACK
6
CONTINUOUS
10
0.6310275984251968
20
0.8325629921259843
11
0.6643040157480314
21
0.8325629921259843
0
LINE
8
BLACK
6
CONTINUOUS
10
0.6643040157480314
20
0.8325629921259843
11
0.6699924015748031
21
0.8331414566929134
0
LINE
8
BLACK
6
CONTINUOUS
10
0.6699924015748031
20
0.8331414566929134
11
0.6699925984251969
21
0.8331414960629921
0
LINE
8
BLACK
6
CONTINUOUS
10
0.6699925984251969
20
0.8331414960629921
11
0.6734536614173228
21
0.8342274409448819
0
LINE
8
BLACK
6
CONTINUOUS
10
0.6734536614173228
20
0.8342274409448819
11
0.6772724409448819
21
0.8354255511811023
0
LINE
8
BLACK
6
CONTINUOUS
10
0.6772724409448819
20
0.8354255511811023
11
0.6839436614173228
21
0.8391283858267716
0
LINE
8
BLACK
6
CONTINUOUS
10
0.6839436614173228
20
0.8391283858267716
11
0.6897329527559055
21
0.8440983464566929
0
LINE
8
BLACK
6
CONTINUOUS
10
0.6897329527559055
20
0.8440983464566929
11
0.6944032677165354
21
0.8501319291338583
0
LINE
8
BLACK
6
CONTINUOUS
10
0.6944032677165354
20
0.8501319291338583
11
0.6977634645669292
21
0.8569821259842519
0
LINE
8
BLACK
6
CONTINUOUS
10
0.6977634645669292
20
0.8569821259842519
11
0.6996759448818898
21
0.8643685039370078
0
LINE
8
BLACK
6
CONTINUOUS
10
0.6996759448818898
20
0.8643685039370078
11
0.6998686614173228
21
0.8681688188976378
0
LINE
8
BLACK
6
CONTINUOUS
10
0.6998686614173228
20
0.8681688188976378
11
0.7000624015748032
21
0.8719886614173228
0
LINE
8
BLACK
6
CONTINUOUS
10
0.7000624015748032
20
0.8719886614173228
11
0.6989070078740157
21
0.8795306692913386
0
LINE
8
BLACK
6
CONTINUOUS
10
0.6989070078740157
20
0.8795306692913386
11
0.6962570866141732
21
0.8866856692913385
0
LINE
8
BLACK
6
CONTINUOUS
10
0.6962570866141732
20
0.8866856692913385
11
0.6922211023622047
21
0.8931607874015748
0
LINE
8
BLACK
6
CONTINUOUS
10
0.6922211023622047
20
0.8931607874015748
11
0.6869643307086614
21
0.898690905511811
0
LINE
8
BLACK
6
CONTINUOUS
10
0.6869643307086614
20
0.898690905511811
11
0.6807019291338583
21
0.9030496456692914
0
LINE
8
BLACK
6
CONTINUOUS
10
0.6807019291338583
20
0.9030496456692914
11
0.6736903149606299
21
0.9060585826771653
0
LINE
8
BLACK
6
CONTINUOUS
10
0.6736903149606299
20
0.9060585826771653
11
0.6736901968503937
21
0.9060586220472441
0
LINE
8
BLACK
6
CONTINUOUS
10
0.6736901968503937
20
0.9060586220472441
11
0.6736901574803149
21
0.9060586220472441
0
LINE
8
BLACK
6
CONTINUOUS
10
0.6736901574803149
20
0.9060586220472441
11
0.6702215748031496
21
0.9067714566929134
0
LINE
8
BLACK
6
CONTINUOUS
10
0.6702215748031496
20
0.9067714566929134
11
0.6662165354330708
21
0.9075944881889764
0
LINE
8
BLACK
6
CONTINUOUS
10
0.6662165354330708
20
0.9075944881889764
11
0.6329400787401575
21
0.9075944881889764
0
LINE
8
BLACK
6
CONTINUOUS
10
0.6329400787401575
20
0.9075944881889764
11
0.627251653543307
21
0.907016062992126
0
LINE
8
BLACK
6
CONTINUOUS
10
0.627251653543307
20
0.907016062992126
11
0.6272514566929134
21
0.9070160236220473
0
LINE
8
BLACK
6
CONTINUOUS
10
0.6272514566929134
20
0.9070160236220473
11
0.6199716929133858
21
0.904731968503937
0
LINE
8
BLACK
6
CONTINUOUS
10
0.6199716929133858
20
0.904731968503937
11
0.6133003937007874
21
0.9010290944881889
0
LINE
8
BLACK
6
CONTINUOUS
10
0.6133003937007874
20
0.9010290944881889
11
0.6133003543307086
21
0.9010290551181103
0
LINE
8
BLACK
6
CONTINUOUS
10
0.6133003543307086
20
0.9010290551181103
11
0.6075111811023622
21
0.8960592125984251
0
LINE
8
BLACK
6
CONTINUOUS
10
0.6075111811023622
20
0.8960592125984251
11
0.6028408267716535
21
0.8900255905511811
0
LINE
8
BLACK
6
CONTINUOUS
10
0.6028408267716535
20
0.8900255905511811
11
0.5994806299212598
21
0.8831753937007873
0
LINE
8
BLACK
6
CONTINUOUS
10
0.5994806299212598
20
0.8831753937007873
11
0.5975681496062992
21
0.875788937007874
0
LINE
8
BLACK
6
CONTINUOUS
10
0.5975681496062992
20
0.875788937007874
11
0.5971816929133859
21
0.8681688976377953
0
LINE
8
BLACK
6
CONTINUOUS
10
0.5971816929133859
20
0.8681688976377953
11
0.5971816929133859
21
0.8681688188976378
0
LINE
8
BLACK
6
CONTINUOUS
10
0.5971816929133859
20
0.8681688188976378
11
0.5983370866141732
21
0.8606267322834645
0
LINE
8
BLACK
6
CONTINUOUS
10
0.8983370866141732
20
0.8606267322834645
11
0.8996869291338583
21
0.8569821259842519
0
LINE
8
BLACK
6
CONTINUOUS
10
0.8996869291338583
20
0.8569821259842519
11
0.9009870078740158
21
0.853471811023622
0
LINE
8
BLACK
6
CONTINUOUS
10
0.9009870078740158
20
0.853471811023622
11
0.9026053937007874
21
0.8508753543307086
0
LINE
8
BLACK
6
CONTINUOUS
10
0.9026053937007874
20
0.8508753543307086
11
0.9049409842519684
21
0.8471282283464566
0
LINE
8
BLACK
6
CONTINUOUS
10
0.9049409842519684
20
0.8471282283464566
11
0.9050229921259842
21
0.8469966929133859
0
LINE
8
BLACK
6
CONTINUOUS
10
0.9050229921259842
20
0.8469966929133859
11
0.9102797637795276
21
0.8414665748031496
0
LINE
8
BLACK
6
CONTINUOUS
10
0.9102797637795276
20
0.8414665748031496
11
0.9165421653543306
21
0.8371078346456693
0
LINE
8
BLACK
6
CONTINUOUS
10
0.9165421653543306
20
0.8371078346456693
11
0.923553779527559
21
0.8340988976377952
0
LINE
8
BLACK
6
CONTINUOUS
10
0.923553779527559
20
0.8340988976377952
11
0.9310275590551181
21
0.8325629921259843
0
LINE
8
BLACK
6
CONTINUOUS
10
0.9310275590551181
20
0.8325629921259843
11
0.9310275984251968
21
0.8325629921259843
0
LINE
8
BLACK
6
CONTINUOUS
10
0.9310275984251968
20
0.8325629921259843
11
0.9643040157480315
21
0.8325629921259843
0
LINE
8
BLACK
6
CONTINUOUS
10
0.9643040157480315
20
0.8325629921259843
11
0.9699924015748032
21
0.8331414566929134
0
LINE
8
BLACK
6
CONTINUOUS
10
0.9699924015748032
20
0.8331414566929134
11
0.9699925984251968
21
0.8331414960629921
0
LINE
8
BLACK
6
CONTINUOUS
10
0.9699925984251968
20
0.8331414960629921
11
0.9734536614173228
21
0.8342274409448819
0
LINE
8
BLACK
6
CONTINUOUS
10
0.9734536614173228
20
0.8342274409448819
11
0.9772724409448819
21
0.8354255511811023
0
LINE
8
BLACK
6
CONTINUOUS
10
0.9772724409448819
20
0.8354255511811023
11
0.9839436614173228
21
0.8391283858267716
0
LINE
8
BLACK
6
CONTINUOUS
10
0.9839436614173228
20
0.8391283858267716
11
0.9897329527559054
21
0.8440983464566929
0
LINE
8
BLACK
6
CONTINUOUS
10
0.9897329527559054
20
0.8440983464566929
11
0.9944032677165354
21
0.8501319291338583
0
LINE
8
BLACK
6
CONTINUOUS
10
0.9944032677165354
20
0.8501319291338583
11
0.9977634645669291
21
0.8569821259842519
0
LINE
8
BLACK
6
CONTINUOUS
10
0.9977634645669291
20
0.8569821259842519
11
0.9996759448818897
21
0.8643685039370078
0
LINE
8
BLACK
6
CONTINUOUS
10
0.9996759448818897
20
0.8643685039370078
11
1.0000624015748032
21
0.8719886614173228
0
LINE
8
BLACK
6
CONTINUOUS
10
1.0000624015748032
20
0.8719886614173228
11
0.9989070078740158
21
0.8795306692913386
0
LINE
8
BLACK
6
CONTINUOUS
10
0.9989070078740158
20
0.8795306692913386
11
0.9965322440944882
21
0.8859427165354331
0
LINE
8
BLACK
6
CONTINUOUS
10
0.9965322440944882
20
0.8859427165354331
11
0.9962570866141732
21
0.8866856692913385
0
LINE
8
BLACK
6
CONTINUOUS
10
0.9962570866141732
20
0.8866856692913385
11
0.9922211023622047
21
0.8931607874015748
0
LINE
8
BLACK
6
CONTINUOUS
10
0.9922211023622047
20
0.8931607874015748
11
0.9869643307086614
21
0.898690905511811
0
LINE
8
BLACK
6
CONTINUOUS
10
0.9869643307086614
20
0.898690905511811
11
0.9807019291338582
21
0.9030496456692914
0
LINE
8
BLACK
6
CONTINUOUS
10
0.9807019291338582
20
0.9030496456692914
11
0.9736903149606299
21
0.9060585826771653
0
LINE
8
BLACK
6
CONTINUOUS
10
0.9736903149606299
20
0.9060585826771653
11
0.9736901968503937
21
0.9060586220472441
0
LINE
8
BLACK
6
CONTINUOUS
10
0.9736901968503937
20
0.9060586220472441
11
0.973690157480315
21
0.9060586220472441
0
LINE
8
BLACK
6
CONTINUOUS
10
0.973690157480315
20
0.9060586220472441
11
0.9702215748031496
21
0.9067714566929134
0
LINE
8
BLACK
6
CONTINUOUS
10
0.9702215748031496
20
0.9067714566929134
11
0.9662165354330708
21
0.9075944881889764
0
LINE
8
BLACK
6
CONTINUOUS
10
0.9662165354330708
20
0.9075944881889764
11
0.9329400787401575
21
0.9075944881889764
0
LINE
8
BLACK
6
CONTINUOUS
10
0.9329400787401575
20
0.9075944881889764
11
0.9272516535433071
21
0.907016062992126
0
LINE
8
BLACK
6
CONTINUOUS
10
0.9272516535433071
20
0.907016062992126
11
0.9272514566929133
21
0.9070160236220473
0
LINE
8
BLACK
6
CONTINUOUS
10
0.9272514566929133
20
0.9070160236220473
11
0.9199716929133858
21
0.904731968503937
0
LINE
8
BLACK
6
CONTINUOUS
10
0.9199716929133858
20
0.904731968503937
11
0.9133003937007874
21
0.9010290944881889
0
LINE
8
BLACK
6
CONTINUOUS
10
0.9133003937007874
20
0.9010290944881889
11
0.9133003543307087
21
0.9010290551181103
0
LINE
8
BLACK
6
CONTINUOUS
10
0.9133003543307087
20
0.9010290551181103
11
0.9075111811023622
21
0.8960592125984251
0
LINE
8
BLACK
6
CONTINUOUS
10
0.9075111811023622
20
0.8960592125984251
11
0.9028408267716536
21
0.8900255905511811
0
LINE
8
BLACK
6
CONTINUOUS
10
0.9028408267716536
20
0.8900255905511811
11
0.8994806299212598
21
0.8831753937007873
0
LINE
8
BLACK
6
CONTINUOUS
10
0.8994806299212598
20
0.8831753937007873
11
0.8975681496062992
21
0.875788937007874
0
LINE
8
BLACK
6
CONTINUOUS
10
0.8975681496062992
20
0.875788937007874
11
0.8971816929133858
21
0.8681688976377953
0
LINE
8
BLACK
6
CONTINUOUS
10
0.8971816929133858
20
0.8681688976377953
11
0.8971816929133858
21
0.8681688188976378
0
LINE
8
BLACK
6
CONTINUOUS
10
0.8971816929133858
20
0.8681688188976378
11
0.8983370866141732
21
0.8606267322834645
0
LINE
8
BLACK
6
CONTINUOUS
10
0.3198413779527559
20
0.8841867322834646
11
0.3198414566929134
21
0.8841865748031495
0
LINE
8
BLACK
6
CONTINUOUS
10
0.3198414566929134
20
0.8841865748031495
11
0.321171811023622
21
0.8821955905511811
0
LINE
8
BLACK
6
CONTINUOUS
10
0.321171811023622
20
0.8821955905511811
11
0.3211718503937008
21
0.8821955511811024
0
LINE
8
BLACK
6
CONTINUOUS
10
0.3211718503937008
20
0.8821955511811024
11
0.3211718897637795
21
0.8821955118110236
0
LINE
8
BLACK
6
CONTINUOUS
10
0.3211718897637795
20
0.8821955118110236
11
0.3231630708661417
21
0.8808650393700788
0
LINE
8
BLACK
6
CONTINUOUS
10
0.3231630708661417
20
0.8808650393700788
11
0.3249190157480315
21
0.880515748031496
0
LINE
8
BLACK
6
CONTINUOUS
10
0.3249190157480315
20
0.880515748031496
11
0.3861045669291339
21
0.8805157874015748
0
LINE
8
BLACK
6
CONTINUOUS
10
0.3861045669291339
20
0.8805157874015748
11
0.3878605511811024
21
0.8808650393700788
0
LINE
8
BLACK
6
CONTINUOUS
10
0.3878605511811024
20
0.8808650393700788
11
0.3898517322834645
21
0.8821955118110236
0
LINE
8
BLACK
6
CONTINUOUS
10
0.3898517322834645
20
0.8821955118110236
11
0.3911822047244095
21
0.8841866929133858
0
LINE
8
BLACK
6
CONTINUOUS
10
0.3911822047244095
20
0.8841866929133858
11
0.3915314960629921
21
0.8859426377952756
0
LINE
8
BLACK
6
CONTINUOUS
10
0.3915314960629921
20
0.8859426377952756
11
0.3915314960629921
21
0.8859427165354331
0
LINE
8
BLACK
6
CONTINUOUS
10
0.3915314960629921
20
0.8859427165354331
11
0.3915314566929134
21
0.947128188976378
0
LINE
8
BLACK
6
CONTINUOUS
10
0.3915314566929134
20
0.947128188976378
11
0.3911822047244095
21
0.9488841732283464
0
LINE
8
BLACK
6
CONTINUOUS
10
0.3911822047244095
20
0.9488841732283464
11
0.3911821259842519
21
0.9488843307086614
0
LINE
8
BLACK
6
CONTINUOUS
10
0.3911821259842519
20
0.9488843307086614
11
0.3898517716535433
21
0.9508753149606299
0
LINE
8
BLACK
6
CONTINUOUS
10
0.3898517716535433
20
0.9508753149606299
11
0.3898516929133858
21
0.9508753937007873
0
LINE
8
BLACK
6
CONTINUOUS
10
0.3898516929133858
20
0.9508753937007873
11
0.3878605118110236
21
0.9522058661417323
0
LINE
8
BLACK
6
CONTINUOUS
10
0.3878605118110236
20
0.9522058661417323
11
0.3864538582677165
21
0.9524856692913386
0
LINE
8
BLACK
6
CONTINUOUS
10
0.3864538582677165
20
0.9524856692913386
11
0.3861046062992126
21
0.9525551181102362
0
LINE
8
BLACK
6
CONTINUOUS
10
0.3861046062992126
20
0.9525551181102362
11
0.3861045669291339
21
0.9525551181102362
0
LINE
8
BLACK
6
CONTINUOUS
10
0.3861045669291339
20
0.9525551181102362
11
0.3249190551181103
21
0.9525551181102362
0
LINE
8
BLACK
6
CONTINUOUS
10
0.3249190551181103
20
0.9525551181102362
11
0.3231630708661417
21
0.9522058661417323
0
LINE
8
BLACK
6
CONTINUOUS
10
0.3231630708661417
20
0.9522058661417323
11
0.3231629133858268
21
0.9522057874015748
0
LINE
8
BLACK
6
CONTINUOUS
10
0.3231629133858268
20
0.9522057874015748
11
0.3211719291338583
21
0.9508754330708661
0
LINE
8
BLACK
6
CONTINUOUS
10
0.3211719291338583
20
0.9508754330708661
11
0.3211718503937008
21
0.9508753543307087
0
LINE
8
BLACK
6
CONTINUOUS
10
0.3211718503937008
20
0.9508753543307087
11
0.3198413779527559
21
0.9488841732283464
0
LINE
8
BLACK
6
CONTINUOUS
10
0.3198413779527559
20
0.9488841732283464
11
0.319492125984252
21
0.9471282283464567
0
LINE
8
BLACK
6
CONTINUOUS
10
0.319492125984252
20
0.9471282283464567
11
0.319492125984252
21
0.8859427165354331
0
LINE
8
BLACK
6
CONTINUOUS
10
0.319492125984252
20
0.8859427165354331
11
0.3198413779527559
21
0.8841867322834646
0
LINE
8
BLACK
6
CONTINUOUS
10
0.4198413779527559
20
0.8841867322834646
11
0.4198414566929134
21
0.8841865748031495
0
LINE
8
BLACK
6
CONTINUOUS
10
0.4198414566929134
20
0.8841865748031495
11
0.4211718110236221
21
0.8821955905511811
0
LINE
8
BLACK
6
CONTINUOUS
10
0.4211718110236221
20
0.8821955905511811
11
0.4211718503937008
21
0.8821955511811024
0
LINE
8
BLACK
6
CONTINUOUS
10
0.4211718503937008
20
0.8821955511811024
11
0.4211718897637795
21
0.8821955118110236
0
LINE
8
BLACK
6
CONTINUOUS
10
0.4211718897637795
20
0.8821955118110236
11
0.4231630708661417
21
0.8808650393700788
0
LINE
8
BLACK
6
CONTINUOUS
10
0.4231630708661417
20
0.8808650393700788
11
0.4249190157480315
21
0.880515748031496
0
LINE
8
BLACK
6
CONTINUOUS
10
0.4249190157480315
20
0.880515748031496
11
0.4861045669291338
21
0.8805157874015748
0
LINE
8
BLACK
6
CONTINUOUS
10
0.4861045669291338
20
0.8805157874015748
11
0.4878605511811023
21
0.8808650393700788
0
LINE
8
BLACK
6
CONTINUOUS
10
0.4878605511811023
20
0.8808650393700788
11
0.4898517322834646
21
0.8821955118110236
0
LINE
8
BLACK
6
CONTINUOUS
10
0.4898517322834646
20
0.8821955118110236
11
0.4911822047244094
21
0.8841866929133858
0
LINE
8
BLACK
6
CONTINUOUS
10
0.4911822047244094
20
0.8841866929133858
11
0.4915314960629921
21
0.8859426377952756
0
LINE
8
BLACK
6
CONTINUOUS
10
0.4915314960629921
20
0.8859426377952756
11
0.4915314566929134
21
0.947128188976378
0
LINE
8
BLACK
6
CONTINUOUS
10
0.4915314566929134
20
0.947128188976378
11
0.4911822047244094
21
0.9488841732283464
0
LINE
8
BLACK
6
CONTINUOUS
10
0.4911822047244094
20
0.9488841732283464
11
0.491182125984252
21
0.9488843307086614
0
LINE
8
BLACK
6
CONTINUOUS
10
0.491182125984252
20
0.9488843307086614
11
0.4898517716535433
21
0.9508753149606299
0
LINE
8
BLACK
6
CONTINUOUS
10
0.4898517716535433
20
0.9508753149606299
11
0.4898516929133858
21
0.9508753937007873
0
LINE
8
BLACK
6
CONTINUOUS
10
0.4898516929133858
20
0.9508753937007873
11
0.4878605118110236
21
0.9522058661417323
0
LINE
8
BLACK
6
CONTINUOUS
10
0.4878605118110236
20
0.9522058661417323
11
0.4864538582677165
21
0.9524856692913386
0
LINE
8
BLACK
6
CONTINUOUS
10
0.4864538582677165
20
0.9524856692913386
11
0.4861046062992126
21
0.9525551181102362
0
LINE
8
BLACK
6
CONTINUOUS
10
0.4861046062992126
20
0.9525551181102362
11
0.4861045669291338
21
0.9525551181102362
0
LINE
8
BLACK
6
CONTINUOUS
10
0.4861045669291338
20
0.9525551181102362
11
0.4249190551181102
21
0.9525551181102362
0
LINE
8
BLACK
6
CONTINUOUS
10
0.4249190551181102
20
0.9525551181102362
11
0.4231630708661417
21
0.9522058661417323
0
LINE
8
BLACK
6
CONTINUOUS
10
0.4231630708661417
20
0.9522058661417323
11
0.4231629133858268
21
0.9522057874015748
0
LINE
8
BLACK
6
CONTINUOUS
10
0.4231629133858268
20
0.9522057874015748
11
0.4211719291338583
21
0.9508754330708661
0
LINE
8
BLACK
6
CONTINUOUS
10
0.4211719291338583
20
0.9508754330708661
11
0.4211718503937008
21
0.9508753543307087
0
LINE
8
BLACK
6
CONTINUOUS
10
0.4211718503937008
20
0.9508753543307087
11
0.4198413779527559
21
0.9488841732283464
0
LINE
8
BLACK
6
CONTINUOUS
10
0.4198413779527559
20
0.9488841732283464
11
0.419492125984252
21
0.9471282283464567
0
LINE
8
BLACK
6
CONTINUOUS
10
0.419492125984252
20
0.9471282283464567
11
0.419492125984252
21
0.8859427165354331
0
LINE
8
BLACK
6
CONTINUOUS
10
0.419492125984252
20
0.8859427165354331
11
0.4198413779527559
21
0.8841867322834646
0
LINE
8
BLACK
6
CONTINUOUS
10
1.1190539763779528
20
0.8841867322834646
11
1.1190540551181103
21
0.8841865748031495
0
LINE
8
BLACK
6
CONTINUOUS
10
1.1190540551181103
20
0.8841865748031495
11
1.1203844094488189
21
0.8821955905511811
0
LINE
8
BLACK
6
CONTINUOUS
10
1.1203844094488189
20
0.8821955905511811
11
1.1203844488188976
21
0.8821955511811024
0
LINE
8
BLACK
6
CONTINUOUS
10
1.1203844488188976
20
0.8821955511811024
11
1.1203844881889764
21
0.8821955118110236
0
LINE
8
BLACK
6
CONTINUOUS
10
1.1203844881889764
20
0.8821955118110236
11
1.1223756692913385
21
0.8808650393700788
0
LINE
8
BLACK
6
CONTINUOUS
10
1.1223756692913385
20
0.8808650393700788
11
1.1241316141732283
21
0.880515748031496
0
LINE
8
BLACK
6
CONTINUOUS
10
1.1241316141732283
20
0.880515748031496
11
1.1853171653543306
21
0.8805157874015748
0
LINE
8
BLACK
6
CONTINUOUS
10
1.1853171653543306
20
0.8805157874015748
11
1.1870731496062992
21
0.8808650393700788
0
LINE
8
BLACK
6
CONTINUOUS
10
1.1870731496062992
20
0.8808650393700788
11
1.1890643307086615
21
0.8821955118110236
0
LINE
8
BLACK
6
CONTINUOUS
10
1.1890643307086615
20
0.8821955118110236
11
1.1903948031496063
21
0.8841866929133858
0
LINE
8
BLACK
6
CONTINUOUS
10
1.1903948031496063
20
0.8841866929133858
11
1.1907440944881889
21
0.8859426377952756
0
LINE
8
BLACK
6
CONTINUOUS
10
1.1907440944881889
20
0.8859426377952756
11
1.1907440944881889
21
0.8859427165354331
0
LINE
8
BLACK
6
CONTINUOUS
10
1.1907440944881889
20
0.8859427165354331
11
1.1907440551181101
21
0.947128188976378
0
LINE
8
BLACK
6
CONTINUOUS
10
1.1907440551181101
20
0.947128188976378
11
1.1903948031496063
21
0.9488841732283464
0
LINE
8
BLACK
6
CONTINUOUS
10
1.1903948031496063
20
0.9488841732283464
11
1.1903947244094488
21
0.9488843307086614
0
LINE
8
BLACK
6
CONTINUOUS
10
1.1903947244094488
20
0.9488843307086614
11
1.1890643700787402
21
0.9508753149606299
0
LINE
8
BLACK
6
CONTINUOUS
10
1.1890643700787402
20
0.9508753149606299
11
1.1890642913385827
21
0.9508753937007873
0
LINE
8
BLACK
6
CONTINUOUS
10
1.1890642913385827
20
0.9508753937007873
11
1.1870731102362204
21
0.9522058661417323
0
LINE
8
BLACK
6
CONTINUOUS
10
1.1870731102362204
20
0.9522058661417323
11
1.1856664566929134
21
0.9524856692913386
0
LINE
8
BLACK
6
CONTINUOUS
10
1.1856664566929134
20
0.9524856692913386
11
1.1853172047244094
21
0.9525551181102362
0
LINE
8
BLACK
6
CONTINUOUS
10
1.1853172047244094
20
0.9525551181102362
11
1.1853171653543306
21
0.9525551181102362
0
LINE
8
BLACK
6
CONTINUOUS
10
1.1853171653543306
20
0.9525551181102362
11
1.124131653543307
21
0.9525551181102362
0
LINE
8
BLACK
6
CONTINUOUS
10
1.124131653543307
20
0.9525551181102362
11
1.1223756692913385
21
0.9522058661417323
0
LINE
8
BLACK
6
CONTINUOUS
10
1.1223756692913385
20
0.9522058661417323
11
1.1223755118110237
21
0.9522057874015748
0
LINE
8
BLACK
6
CONTINUOUS
10
1.1223755118110237
20
0.9522057874015748
11
1.1203845275590552
21
0.9508754330708661
0
LINE
8
BLACK
6
CONTINUOUS
10
1.1203845275590552
20
0.9508754330708661
11
1.1203844488188976
21
0.9508753543307087
0
LINE
8
BLACK
6
CONTINUOUS
10
1.1203844488188976
20
0.9508753543307087
11
1.1190539763779528
21
0.9488841732283464
0
LINE
8
BLACK
6
CONTINUOUS
10
1.1190539763779528
20
0.9488841732283464
11
1.1187047244094488
21
0.9471282283464567
0
LINE
8
BLACK
6
CONTINUOUS
10
1.1187047244094488
20
0.9471282283464567
11
1.1187047244094488
21
0.8859427165354331
0
LINE
8
BLACK
6
CONTINUOUS
10
1.1187047244094488
20
0.8859427165354331
11
1.1190539763779528
21
0.8841867322834646
0
LINE
8
BLACK
6
CONTINUOUS
10
1.2190539763779527
20
0.8841867322834646
11
1.2190540551181102
21
0.8841865748031495
0
LINE
8
BLACK
6
CONTINUOUS
10
1.2190540551181102
20
0.8841865748031495
11
1.2203844094488188
21
0.8821955905511811
0
LINE
8
BLACK
6
CONTINUOUS
10
1.2203844094488188
20
0.8821955905511811
11
1.2203844488188975
21
0.8821955511811024
0
LINE
8
BLACK
6
CONTINUOUS
10
1.2203844488188975
20
0.8821955511811024
11
1.2203844881889763
21
0.8821955118110236
0
LINE
8
BLACK
6
CONTINUOUS
10
1.2203844881889763
20
0.8821955118110236
11
1.2223756692913386
21
0.8808650393700788
0
LINE
8
BLACK
6
CONTINUOUS
10
1.2223756692913386
20
0.8808650393700788
11
1.2241316141732284
21
0.880515748031496
0
LINE
8
BLACK
6
CONTINUOUS
10
1.2241316141732284
20
0.880515748031496
11
1.2853171653543307
21
0.8805157874015748
0
LINE
8
BLACK
6
CONTINUOUS
10
1.2853171653543307
20
0.8805157874015748
11
1.2870731496062993
21
0.8808650393700788
0
LINE
8
BLACK
6
CONTINUOUS
10
1.2870731496062993
20
0.8808650393700788
11
1.2890643307086613
21
0.8821955118110236
0
LINE
8
BLACK
6
CONTINUOUS
10
1.2890643307086613
20
0.8821955118110236
11
1.2903948031496062
21
0.8841866929133858
0
LINE
8
BLACK
6
CONTINUOUS
10
1.2903948031496062
20
0.8841866929133858
11
1.2907440944881889
21
0.8859426377952756
0
LINE
8
BLACK
6
CONTINUOUS
10
1.2907440944881889
20
0.8859426377952756
11
1.2907440551181102
21
0.947128188976378
0
LINE
8
BLACK
6
CONTINUOUS
10
1.2907440551181102
20
0.947128188976378
11
1.2903948031496062
21
0.9488841732283464
0
LINE
8
BLACK
6
CONTINUOUS
10
1.2903948031496062
20
0.9488841732283464
11
1.2903947244094487
21
0.9488843307086614
0
LINE
8
BLACK
6
CONTINUOUS
10
1.2903947244094487
20
0.9488843307086614
11
1.2890643700787401
21
0.9508753149606299
0
LINE
8
BLACK
6
CONTINUOUS
10
1.2890643700787401
20
0.9508753149606299
11
1.2890642913385826
21
0.9508753937007873
0
LINE
8
BLACK
6
CONTINUOUS
10
1.2890642913385826
20
0.9508753937007873
11
1.2870731102362205
21
0.9522058661417323
0
LINE
8
BLACK
6
CONTINUOUS
10
1.2870731102362205
20
0.9522058661417323
11
1.2856664566929135
21
0.9524856692913386
0
LINE
8
BLACK
6
CONTINUOUS
10
1.2856664566929135
20
0.9524856692913386
11
1.2853172047244095
21
0.9525551181102362
0
LINE
8
BLACK
6
CONTINUOUS
10
1.2853172047244095
20
0.9525551181102362
11
1.2853171653543307
21
0.9525551181102362
0
LINE
8
BLACK
6
CONTINUOUS
10
1.2853171653543307
20
0.9525551181102362
11
1.2241316535433071
21
0.9525551181102362
0
LINE
8
BLACK
6
CONTINUOUS
10
1.2241316535433071
20
0.9525551181102362
11
1.2223756692913386
21
0.9522058661417323
0
LINE
8
BLACK
6
CONTINUOUS
10
1.2223756692913386
20
0.9522058661417323
11
1.2223755118110236
21
0.9522057874015748
0
LINE
8
BLACK
6
CONTINUOUS
10
1.2223755118110236
20
0.9522057874015748
11
1.220384527559055
21
0.9508754330708661
0
LINE
8
BLACK
6
CONTINUOUS
10
1.220384527559055
20
0.9508754330708661
11
1.2203844488188975
21
0.9508753543307087
0
LINE
8
BLACK
6
CONTINUOUS
10
1.2203844488188975
20
0.9508753543307087
11
1.2190539763779527
21
0.9488841732283464
0
LINE
8
BLACK
6
CONTINUOUS
10
1.2190539763779527
20
0.9488841732283464
11
1.2187047244094489
21
0.9471282283464567
0
LINE
8
BLACK
6
CONTINUOUS
10
1.2187047244094489
20
0.9471282283464567
11
1.2187047244094489
21
0.8859427165354331
0
LINE
8
BLACK
6
CONTINUOUS
10
1.2187047244094489
20
0.8859427165354331
11
1.2190539763779527
21
0.8841867322834646
0
LINE
8
BLACK
6
CONTINUOUS
10
0.3198413779527559
20
0.9841867322834645
11
0.3198414566929134
21
0.9841865748031496
0
LINE
8
BLACK
6
CONTINUOUS
10
0.3198414566929134
20
0.9841865748031496
11
0.321171811023622
21
0.9821955905511811
0
LINE
8
BLACK
6
CONTINUOUS
10
0.321171811023622
20
0.9821955905511811
11
0.3211718503937008
21
0.9821955511811024
0
LINE
8
BLACK
6
CONTINUOUS
10
0.3211718503937008
20
0.9821955511811024
11
0.3211718897637795
21
0.9821955118110236
0
LINE
8
BLACK
6
CONTINUOUS
10
0.3211718897637795
20
0.9821955118110236
11
0.3231630708661417
21
0.9808650393700787
0
LINE
8
BLACK
6
CONTINUOUS
10
0.3231630708661417
20
0.9808650393700787
11
0.3249190157480315
21
0.980515748031496
0
LINE
8
BLACK
6
CONTINUOUS
10
0.3249190157480315
20
0.980515748031496
11
0.3861045669291339
21
0.9805157874015747
0
LINE
8
BLACK
6
CONTINUOUS
10
0.3861045669291339
20
0.9805157874015747
11
0.3878605511811024
21
0.9808650393700787
0
LINE
8
BLACK
6
CONTINUOUS
10
0.3878605511811024
20
0.9808650393700787
11
0.3898517322834645
21
0.9821955118110236
0
LINE
8
BLACK
6
CONTINUOUS
10
0.3898517322834645
20
0.9821955118110236
11
0.3911822047244095
21
0.9841866929133858
0
LINE
8
BLACK
6
CONTINUOUS
10
0.3911822047244095
20
0.9841866929133858
11
0.3915314960629921
21
0.9859426377952756
0
LINE
8
BLACK
6
CONTINUOUS
10
0.3915314960629921
20
0.9859426377952756
11
0.3915314960629921
21
0.9859427165354331
0
LINE
8
BLACK
6
CONTINUOUS
10
0.3915314960629921
20
0.9859427165354331
11
0.3915314566929134
21
1.0471281889763779
0
LINE
8
BLACK
6
CONTINUOUS
10
0.3915314566929134
20
1.0471281889763779
11
0.3911822047244095
21
1.0488841732283465
0
LINE
8
BLACK
6
CONTINUOUS
10
0.3911822047244095
20
1.0488841732283465
11
0.3911821259842519
21
1.0488843307086615
0
LINE
8
BLACK
6
CONTINUOUS
10
0.3911821259842519
20
1.0488843307086615
11
0.3898517716535433
21
1.0508753149606298
0
LINE
8
BLACK
6
CONTINUOUS
10
0.3898517716535433
20
1.0508753149606298
11
0.3898516929133858
21
1.0508753937007873
0
LINE
8
BLACK
6
CONTINUOUS
10
0.3898516929133858
20
1.0508753937007873
11
0.3878605118110236
21
1.0522058661417322
0
LINE
8
BLACK
6
CONTINUOUS
10
0.3878605118110236
20
1.0522058661417322
11
0.3864538582677165
21
1.0524856692913385
0
LINE
8
BLACK
6
CONTINUOUS
10
0.3864538582677165
20
1.0524856692913385
11
0.3861046062992126
21
1.0525551181102362
0
LINE
8
BLACK
6
CONTINUOUS
10
0.3861046062992126
20
1.0525551181102362
11
0.3861045669291339
21
1.0525551181102362
0
LINE
8
BLACK
6
CONTINUOUS
10
0.3861045669291339
20
1.0525551181102362
11
0.3249190551181103
21
1.0525551181102362
0
LINE
8
BLACK
6
CONTINUOUS
10
0.3249190551181103
20
1.0525551181102362
11
0.3231630708661417
21
1.0522058661417322
0
LINE
8
BLACK
6
CONTINUOUS
10
0.3231630708661417
20
1.0522058661417322
11
0.3231629133858268
21
1.0522057874015749
0
LINE
8
BLACK
6
CONTINUOUS
10
0.3231629133858268
20
1.0522057874015749
11
0.3211719291338583
21
1.0508754330708661
0
LINE
8
BLACK
6
CONTINUOUS
10
0.3211719291338583
20
1.0508754330708661
11
0.3211718503937008
21
1.0508753543307086
0
LINE
8
BLACK
6
CONTINUOUS
10
0.3211718503937008
20
1.0508753543307086
11
0.3198413779527559
21
1.0488841732283465
0
LINE
8
BLACK
6
CONTINUOUS
10
0.3198413779527559
20
1.0488841732283465
11
0.319492125984252
21
1.0471282283464567
0
LINE
8
BLACK
6
CONTINUOUS
10
0.319492125984252
20
1.0471282283464567
11
0.319492125984252
21
0.9859427165354331
0
LINE
8
BLACK
6
CONTINUOUS
10
0.319492125984252
20
0.9859427165354331
11
0.3198413779527559
21
0.9841867322834645
0
LINE
8
BLACK
6
CONTINUOUS
10
0.4198413779527559
20
0.9841867322834645
11
0.4198414566929134
21
0.9841865748031496
0
LINE
8
BLACK
6
CONTINUOUS
10
0.4198414566929134
20
0.9841865748031496
11
0.4211718110236221
21
0.9821955905511811
0
LINE
8
BLACK
6
CONTINUOUS
10
0.4211718110236221
20
0.9821955905511811
11
0.4211718503937008
21
0.9821955511811024
0
LINE
8
BLACK
6
CONTINUOUS
10
0.4211718503937008
20
0.9821955511811024
11
0.4211718897637795
21
0.9821955118110236
0
LINE
8
BLACK
6
CONTINUOUS
10
0.4211718897637795
20
0.9821955118110236
11
0.4231630708661417
21
0.9808650393700787
0
LINE
8
BLACK
6
CONTINUOUS
10
0.4231630708661417
20
0.9808650393700787
11
0.4249190157480315
21
0.980515748031496
0
LINE
8
BLACK
6
CONTINUOUS
10
0.4249190157480315
20
0.980515748031496
11
0.4861045669291338
21
0.9805157874015747
0
LINE
8
BLACK
6
CONTINUOUS
10
0.4861045669291338
20
0.9805157874015747
11
0.4878605511811023
21
0.9808650393700787
0
LINE
8
BLACK
6
CONTINUOUS
10
0.4878605511811023
20
0.9808650393700787
11
0.4898517322834646
21
0.9821955118110236
0
LINE
8
BLACK
6
CONTINUOUS
10
0.4898517322834646
20
0.9821955118110236
11
0.4911822047244094
21
0.9841866929133858
0
LINE
8
BLACK
6
CONTINUOUS
10
0.4911822047244094
20
0.9841866929133858
11
0.4915314960629921
21
0.9859426377952756
0
LINE
8
BLACK
6
CONTINUOUS
10
0.4915314960629921
20
0.9859426377952756
11
0.4915314960629921
21
0.9859427165354331
0
LINE
8
BLACK
6
CONTINUOUS
10
0.4915314960629921
20
0.9859427165354331
11
0.4915314566929134
21
1.0471281889763779
0
LINE
8
BLACK
6
CONTINUOUS
10
0.4915314566929134
20
1.0471281889763779
11
0.4911822047244094
21
1.0488841732283465
0
LINE
8
BLACK
6
CONTINUOUS
10
0.4911822047244094
20
1.0488841732283465
11
0.491182125984252
21
1.0488843307086615
0
LINE
8
BLACK
6
CONTINUOUS
10
0.491182125984252
20
1.0488843307086615
11
0.4898517716535433
21
1.0508753149606298
0
LINE
8
BLACK
6
CONTINUOUS
10
0.4898517716535433
20
1.0508753149606298
11
0.4898516929133858
21
1.0508753937007873
0
LINE
8
BLACK
6
CONTINUOUS
10
0.4898516929133858
20
1.0508753937007873
11
0.4878605118110236
21
1.0522058661417322
0
LINE
8
BLACK
6
CONTINUOUS
10
0.4878605118110236
20
1.0522058661417322
11
0.4864538582677165
21
1.0524856692913385
0
LINE
8
BLACK
6
CONTINUOUS
10
0.4864538582677165
20
1.0524856692913385
11
0.4861046062992126
21
1.0525551181102362
0
LINE
8
BLACK
6
CONTINUOUS
10
0.4861046062992126
20
1.0525551181102362
11
0.4861045669291338
21
1.0525551181102362
0
LINE
8
BLACK
6
CONTINUOUS
10
0.4861045669291338
20
1.0525551181102362
11
0.4249190551181102
21
1.0525551181102362
0
LINE
8
BLACK
6
CONTINUOUS
10
0.4249190551181102
20
1.0525551181102362
11
0.4231630708661417
21
1.0522058661417322
0
LINE
8
BLACK
6
CONTINUOUS
10
0.4231630708661417
20
1.0522058661417322
11
0.4231629133858268
21
1.0522057874015749
0
LINE
8
BLACK
6
CONTINUOUS
10
0.4231629133858268
20
1.0522057874015749
11
0.4211719291338583
21
1.0508754330708661
0
LINE
8
BLACK
6
CONTINUOUS
10
0.4211719291338583
20
1.0508754330708661
11
0.4211718503937008
21
1.0508753543307086
0
LINE
8
BLACK
6
CONTINUOUS
10
0.4211718503937008
20
1.0508753543307086
11
0.4198413779527559
21
1.0488841732283465
0
LINE
8
BLACK
6
CONTINUOUS
10
0.4198413779527559
20
1.0488841732283465
11
0.419492125984252
21
1.0471282283464567
0
LINE
8
BLACK
6
CONTINUOUS
10
0.419492125984252
20
1.0471282283464567
11
0.419492125984252
21
0.9859427165354331
0
LINE
8
BLACK
6
CONTINUOUS
10
0.419492125984252
20
0.9859427165354331
11
0.4198413779527559
21
0.9841867322834645
0
LINE
8
BLACK
6
CONTINUOUS
10
1.1190539763779528
20
0.9841867322834645
11
1.1190540551181103
21
0.9841865748031496
0
LINE
8
BLACK
6
CONTINUOUS
10
1.1190540551181103
20
0.9841865748031496
11
1.1203844094488189
21
0.9821955905511811
0
LINE
8
BLACK
6
CONTINUOUS
10
1.1203844094488189
20
0.9821955905511811
11
1.1203844488188976
21
0.9821955511811024
0
LINE
8
BLACK
6
CONTINUOUS
10
1.1203844488188976
20
0.9821955511811024
11
1.1203844881889764
21
0.9821955118110236
0
LINE
8
BLACK
6
CONTINUOUS
10
1.1203844881889764
20
0.9821955118110236
11
1.1223756692913385
21
0.9808650393700787
0
LINE
8
BLACK
6
CONTINUOUS
10
1.1223756692913385
20
0.9808650393700787
11
1.1241316141732283
21
0.980515748031496
0
LINE
8
BLACK
6
CONTINUOUS
10
1.1241316141732283
20
0.980515748031496
11
1.1853171653543306
21
0.9805157874015747
0
LINE
8
BLACK
6
CONTINUOUS
10
1.1853171653543306
20
0.9805157874015747
11
1.1870731496062992
21
0.9808650393700787
0
LINE
8
BLACK
6
CONTINUOUS
10
1.1870731496062992
20
0.9808650393700787
11
1.1890643307086615
21
0.9821955118110236
0
LINE
8
BLACK
6
CONTINUOUS
10
1.1890643307086615
20
0.9821955118110236
11
1.1903948031496063
21
0.9841866929133858
0
LINE
8
BLACK
6
CONTINUOUS
10
1.1903948031496063
20
0.9841866929133858
11
1.1907440944881889
21
0.9859426377952756
0
LINE
8
BLACK
6
CONTINUOUS
10
1.1907440944881889
20
0.9859426377952756
11
1.1907440944881889
21
0.9859427165354331
0
LINE
8
BLACK
6
CONTINUOUS
10
1.1907440944881889
20
0.9859427165354331
11
1.1907440551181101
21
1.0471281889763779
0
LINE
8
BLACK
6
CONTINUOUS
10
1.1907440551181101
20
1.0471281889763779
11
1.1903948031496063
21
1.0488841732283465
0
LINE
8
BLACK
6
CONTINUOUS
10
1.1903948031496063
20
1.0488841732283465
11
1.1903947244094488
21
1.0488843307086615
0
LINE
8
BLACK
6
CONTINUOUS
10
1.1903947244094488
20
1.0488843307086615
11
1.1890643700787402
21
1.0508753149606298
0
LINE
8
BLACK
6
CONTINUOUS
10
1.1890643700787402
20
1.0508753149606298
11
1.1890642913385827
21
1.0508753937007873
0
LINE
8
BLACK
6
CONTINUOUS
10
1.1890642913385827
20
1.0508753937007873
11
1.1870731102362204
21
1.0522058661417322
0
LINE
8
BLACK
6
CONTINUOUS
10
1.1870731102362204
20
1.0522058661417322
11
1.1856664566929134
21
1.0524856692913385
0
LINE
8
BLACK
6
CONTINUOUS
10
1.1856664566929134
20
1.0524856692913385
11
1.1853172047244094
21
1.0525551181102362
0
LINE
8
BLACK
6
CONTINUOUS
10
1.1853172047244094
20
1.0525551181102362
11
1.1853171653543306
21
1.0525551181102362
0
LINE
8
BLACK
6
CONTINUOUS
10
1.1853171653543306
20
1.0525551181102362
11
1.124131653543307
21
1.0525551181102362
0
LINE
8
BLACK
6
CONTINUOUS
10
1.124131653543307
20
1.0525551181102362
11
1.1223756692913385
21
1.0522058661417322
0
LINE
8
BLACK
6
CONTINUOUS
10
1.1223756692913385
20
1.0522058661417322
11
1.1223755118110237
21
1.0522057874015749
0
LINE
8
BLACK
6
CONTINUOUS
10
1.1223755118110237
20
1.0522057874015749
11
1.1203845275590552
21
1.0508754330708661
0
LINE
8
BLACK
6
CONTINUOUS
10
1.1203845275590552
20
1.0508754330708661
11
1.1203844488188976
21
1.0508753543307086
0
LINE
8
BLACK
6
CONTINUOUS
10
1.1203844488188976
20
1.0508753543307086
11
1.1190539763779528
21
1.0488841732283465
0
LINE
8
BLACK
6
CONTINUOUS
10
1.1190539763779528
20
1.0488841732283465
11
1.1187047244094488
21
1.0471282283464567
0
LINE
8
BLACK
6
CONTINUOUS
10
1.1187047244094488
20
1.0471282283464567
11
1.1187047244094488
21
0.9859427165354331
0
LINE
8
BLACK
6
CONTINUOUS
10
1.1187047244094488
20
0.9859427165354331
11
1.1190539763779528
21
0.9841867322834645
0
LINE
8
BLACK
6
CONTINUOUS
10
1.2190539763779527
20
0.9841867322834645
11
1.2190540551181102
21
0.9841865748031496
0
LINE
8
BLACK
6
CONTINUOUS
10
1.2190540551181102
20
0.9841865748031496
11
1.2203844094488188
21
0.9821955905511811
0
LINE
8
BLACK
6
CONTINUOUS
10
1.2203844094488188
20
0.9821955905511811
11
1.2203844488188975
21
0.9821955511811024
0
LINE
8
BLACK
6
CONTINUOUS
10
1.2203844488188975
20
0.9821955511811024
11
1.2203844881889763
21
0.9821955118110236
0
LINE
8
BLACK
6
CONTINUOUS
10
1.2203844881889763
20
0.9821955118110236
11
1.2223756692913386
21
0.9808650393700787
0
LINE
8
BLACK
6
CONTINUOUS
10
1.2223756692913386
20
0.9808650393700787
11
1.2241316141732284
21
0.980515748031496
0
LINE
8
BLACK
6
CONTINUOUS
10
1.2241316141732284
20
0.980515748031496
11
1.2853171653543307
21
0.9805157874015747
0
LINE
8
BLACK
6
CONTINUOUS
10
1.2853171653543307
20
0.9805157874015747
11
1.2870731496062993
21
0.9808650393700787
0
LINE
8
BLACK
6
CONTINUOUS
10
1.2870731496062993
20
0.9808650393700787
11
1.2890643307086613
21
0.9821955118110236
0
LINE
8
BLACK
6
CONTINUOUS
10
1.2890643307086613
20
0.9821955118110236
11
1.2903948031496062
21
0.9841866929133858
0
LINE
8
BLACK
6
CONTINUOUS
10
1.2903948031496062
20
0.9841866929133858
11
1.2907440944881889
21
0.9859426377952756
0
LINE
8
BLACK
6
CONTINUOUS
10
1.2907440944881889
20
0.9859426377952756
11
1.2907440551181102
21
1.0471281889763779
0
LINE
8
BLACK
6
CONTINUOUS
10
1.2907440551181102
20
1.0471281889763779
11
1.2903948031496062
21
1.0488841732283465
0
LINE
8
BLACK
6
CONTINUOUS
10
1.2903948031496062
20
1.0488841732283465
11
1.2903947244094487
21
1.0488843307086615
0
LINE
8
BLACK
6
CONTINUOUS
10
1.2903947244094487
20
1.0488843307086615
11
1.2890643700787401
21
1.0508753149606298
0
LINE
8
BLACK
6
CONTINUOUS
10
1.2890643700787401
20
1.0508753149606298
11
1.2890642913385826
21
1.0508753937007873
0
LINE
8
BLACK
6
CONTINUOUS
10
1.2890642913385826
20
1.0508753937007873
11
1.2870731102362205
21
1.0522058661417322
0
LINE
8
BLACK
6
CONTINUOUS
10
1.2870731102362205
20
1.0522058661417322
11
1.2856664566929135
21
1.0524856692913385
0
LINE
8
BLACK
6
CONTINUOUS
10
1.2856664566929135
20
1.0524856692913385
11
1.2853172047244095
21
1.0525551181102362
0
LINE
8
BLACK
6
CONTINUOUS
10
1.2853172047244095
20
1.0525551181102362
11
1.2853171653543307
21
1.0525551181102362
0
LINE
8
BLACK
6
CONTINUOUS
10
1.2853171653543307
20
1.0525551181102362
11
1.2241316535433071
21
1.0525551181102362
0
LINE
8
BLACK
6
CONTINUOUS
10
1.2241316535433071
20
1.0525551181102362
11
1.2223756692913386
21
1.0522058661417322
0
LINE
8
BLACK
6
CONTINUOUS
10
1.2223756692913386
20
1.0522058661417322
11
1.2223755118110236
21
1.0522057874015749
0
LINE
8
BLACK
6
CONTINUOUS
10
1.2223755118110236
20
1.0522057874015749
11
1.220384527559055
21
1.0508754330708661
0
LINE
8
BLACK
6
CONTINUOUS
10
1.220384527559055
20
1.0508754330708661
11
1.2203844488188975
21
1.0508753543307086
0
LINE
8
BLACK
6
CONTINUOUS
10
1.2203844488188975
20
1.0508753543307086
11
1.2190539763779527
21
1.0488841732283465
0
LINE
8
BLACK
6
CONTINUOUS
10
1.2190539763779527
20
1.0488841732283465
11
1.2187047244094489
21
1.0471282283464567
0
LINE
8
BLACK
6
CONTINUOUS
10
1.2187047244094489
20
1.0471282283464567
11
1.2187047244094489
21
0.9859427165354331
0
LINE
8
BLACK
6
CONTINUOUS
10
1.2187047244094489
20
0.9859427165354331
11
1.2190539763779527
21
0.9841867322834645
0
LINE
8
BLACK
6
CONTINUOUS
10
0.3198413779527559
20
1.0841867322834646
11
0.3198414566929134
21
1.0841865748031496
0
LINE
8
BLACK
6
CONTINUOUS
10
0.3198414566929134
20
1.0841865748031496
11
0.321171811023622
21
1.0821955905511811
0
LINE
8
BLACK
6
CONTINUOUS
10
0.321171811023622
20
1.0821955905511811
11
0.3211718503937008
21
1.0821955511811023
0
LINE
8
BLACK
6
CONTINUOUS
10
0.3211718503937008
20
1.0821955511811023
11
0.3211718897637795
21
1.0821955118110236
0
LINE
8
BLACK
6
CONTINUOUS
10
0.3211718897637795
20
1.0821955118110236
11
0.3231630708661417
21
1.0808650393700787
0
LINE
8
BLACK
6
CONTINUOUS
10
0.3231630708661417
20
1.0808650393700787
11
0.3249190157480315
21
1.080515748031496
0
LINE
8
BLACK
6
CONTINUOUS
10
0.3249190157480315
20
1.080515748031496
11
0.3861045669291339
21
1.0805157874015747
0
LINE
8
BLACK
6
CONTINUOUS
10
0.3861045669291339
20
1.0805157874015747
11
0.3878605511811024
21
1.0808650393700787
0
LINE
8
BLACK
6
CONTINUOUS
10
0.3878605511811024
20
1.0808650393700787
11
0.3898517322834645
21
1.0821955118110236
0
LINE
8
BLACK
6
CONTINUOUS
10
0.3898517322834645
20
1.0821955118110236
11
0.3911822047244095
21
1.0841866929133859
0
LINE
8
BLACK
6
CONTINUOUS
10
0.3911822047244095
20
1.0841866929133859
11
0.3915314960629921
21
1.0859426377952757
0
LINE
8
BLACK
6
CONTINUOUS
10
0.3915314960629921
20
1.0859426377952757
11
0.3915314960629921
21
1.0908070866141732
0
LINE
8
BLACK
6
CONTINUOUS
10
0.3915314960629921
20
1.0908070866141732
11
0.3922879133858267
21
1.0931350787401575
0
LINE
8
BLACK
6
CONTINUOUS
10
0.3922879133858267
20
1.0931350787401575
11
0.3942682283464567
21
1.0945738582677165
0
LINE
8
BLACK
6
CONTINUOUS
10
0.3942682283464567
20
1.0945738582677165
11
0.395492125984252
21
1.094767716535433
0
LINE
8
BLACK
6
CONTINUOUS
10
0.395492125984252
20
1.094767716535433
11
0.4155315354330709
21
1.094767716535433
0
LINE
8
BLACK
6
CONTINUOUS
10
0.4155315354330709
20
1.094767716535433
11
0.4178595275590551
21
1.0940112992125983
0
LINE
8
BLACK
6
CONTINUOUS
10
0.4178595275590551
20
1.0940112992125983
11
0.4192983070866141
21
1.0920309842519684
0
LINE
8
BLACK
6
CONTINUOUS
10
0.4192983070866141
20
1.0920309842519684
11
0.4194921653543307
21
1.0908070866141732
0
LINE
8
BLACK
6
CONTINUOUS
10
0.4194921653543307
20
1.0908070866141732
11
0.4194921653543307
21
1.085942716535433
0
LINE
8
BLACK
6
CONTINUOUS
10
0.4194921653543307
20
1.085942716535433
11
0.4198413779527559
21
1.0841867322834646
0
LINE
8
BLACK
6
CONTINUOUS
10
0.4198413779527559
20
1.0841867322834646
11
0.4198414566929134
21
1.0841865748031496
0
LINE
8
BLACK
6
CONTINUOUS
10
0.4198414566929134
20
1.0841865748031496
11
0.4211718110236221
21
1.0821955905511811
0
LINE
8
BLACK
6
CONTINUOUS
10
0.4211718110236221
20
1.0821955905511811
11
0.4211718503937008
21
1.0821955511811023
0
LINE
8
BLACK
6
CONTINUOUS
10
0.4211718503937008
20
1.0821955511811023
11
0.4211718897637795
21
1.0821955118110236
0
LINE
8
BLACK
6
CONTINUOUS
10
0.4211718897637795
20
1.0821955118110236
11
0.4231630708661417
21
1.0808650393700787
0
LINE
8
BLACK
6
CONTINUOUS
10
0.4231630708661417
20
1.0808650393700787
11
0.4249190157480315
21
1.080515748031496
0
LINE
8
BLACK
6
CONTINUOUS
10
0.4249190157480315
20
1.080515748031496
11
0.4861045669291338
21
1.0805157874015747
0
LINE
8
BLACK
6
CONTINUOUS
10
0.4861045669291338
20
1.0805157874015747
11
0.4878605511811023
21
1.0808650393700787
0
LINE
8
BLACK
6
CONTINUOUS
10
0.4878605511811023
20
1.0808650393700787
11
0.4898517322834646
21
1.0821955118110236
0
LINE
8
BLACK
6
CONTINUOUS
10
0.4898517322834646
20
1.0821955118110236
11
0.4911822047244094
21
1.0841866929133859
0
LINE
8
BLACK
6
CONTINUOUS
10
0.4911822047244094
20
1.0841866929133859
11
0.4915314960629921
21
1.0859426377952757
0
LINE
8
BLACK
6
CONTINUOUS
10
0.4915314960629921
20
1.0859426377952757
11
0.4915314960629921
21
1.0908070866141732
0
LINE
8
BLACK
6
CONTINUOUS
10
0.4915314960629921
20
1.0908070866141732
11
0.4922879133858268
21
1.0931350787401575
0
LINE
8
BLACK
6
CONTINUOUS
10
0.4922879133858268
20
1.0931350787401575
11
0.4942682283464567
21
1.0945738582677165
0
LINE
8
BLACK
6
CONTINUOUS
10
0.4942682283464567
20
1.0945738582677165
11
0.495492125984252
21
1.094767716535433
0
LINE
8
BLACK
6
CONTINUOUS
10
0.495492125984252
20
1.094767716535433
11
0.831653779527559
21
1.094767716535433
0
LINE
8
BLACK
6
CONTINUOUS
10
0.831653779527559
20
1.094767716535433
11
0.8342069291338583
21
1.094767716535433
0
LINE
8
BLACK
6
CONTINUOUS
10
0.8342069291338583
20
1.094767716535433
11
0.8343421653543307
21
1.0947653937007873
0
LINE
8
BLACK
6
CONTINUOUS
10
0.8343421653543307
20
1.0947653937007873
11
0.8368926377952756
21
1.0946782677165354
0
LINE
8
BLACK
6
CONTINUOUS
10
0.8368926377952756
20
1.0946782677165354
11
0.8368929527559055
21
1.0946783858267717
0
LINE
8
BLACK
6
CONTINUOUS
10
0.8368929527559055
20
1.0946783858267717
11
0.8371622440944881
21
1.0947059842519684
0
LINE
8
BLACK
6
CONTINUOUS
10
0.8371622440944881
20
1.0947059842519684
11
0.8371629527559055
21
1.0946990157480314
0
LINE
8
BLACK
6
CONTINUOUS
10
0.8371629527559055
20
1.0946990157480314
11
0.8377353543307087
21
1.094767716535433
0
LINE
8
BLACK
6
CONTINUOUS
10
0.8377353543307087
20
1.094767716535433
11
1.1147441338582678
21
1.094767716535433
0
LINE
8
BLACK
6
CONTINUOUS
10
1.1147441338582678
20
1.094767716535433
11
1.117072125984252
21
1.0940112992125983
0
LINE
8
BLACK
6
CONTINUOUS
10
1.117072125984252
20
1.0940112992125983
11
1.118510905511811
21
1.0920309842519684
0
LINE
8
BLACK
6
CONTINUOUS
10
1.118510905511811
20
1.0920309842519684
11
1.1187047637795275
21
1.0908070866141732
0
LINE
8
BLACK
6
CONTINUOUS
10
1.1187047637795275
20
1.0908070866141732
11
1.1187047637795275
21
1.085942716535433
0
LINE
8
BLACK
6
CONTINUOUS
10
1.1187047637795275
20
1.085942716535433
11
1.1190539763779528
21
1.0841867322834646
0
LINE
8
BLACK
6
CONTINUOUS
10
1.1190539763779528
20
1.0841867322834646
11
1.1190540551181103
21
1.0841865748031496
0
LINE
8
BLACK
6
CONTINUOUS
10
1.1190540551181103
20
1.0841865748031496
11
1.1203844094488189
21
1.0821955905511811
0
LINE
8
BLACK
6
CONTINUOUS
10
1.1203844094488189
20
1.0821955905511811
11
1.1203844488188976
21
1.0821955511811023
0
LINE
8
BLACK
6
CONTINUOUS
10
1.1203844488188976
20
1.0821955511811023
11
1.1203844881889764
21
1.0821955118110236
0
LINE
8
BLACK
6
CONTINUOUS
10
1.1203844881889764
20
1.0821955118110236
11
1.1223756692913385
21
1.0808650393700787
0
LINE
8
BLACK
6
CONTINUOUS
10
1.1223756692913385
20
1.0808650393700787
11
1.1241316141732283
21
1.080515748031496
0
LINE
8
BLACK
6
CONTINUOUS
10
1.1241316141732283
20
1.080515748031496
11
1.1853171653543306
21
1.0805157874015747
0
LINE
8
BLACK
6
CONTINUOUS
10
1.1853171653543306
20
1.0805157874015747
11
1.1870731496062992
21
1.0808650393700787
0
LINE
8
BLACK
6
CONTINUOUS
10
1.1870731496062992
20
1.0808650393700787
11
1.1890643307086615
21
1.0821955118110236
0
LINE
8
BLACK
6
CONTINUOUS
10
1.1890643307086615
20
1.0821955118110236
11
1.1903948031496063
21
1.0841866929133859
0
LINE
8
BLACK
6
CONTINUOUS
10
1.1903948031496063
20
1.0841866929133859
11
1.1907440944881889
21
1.0859426377952757
0
LINE
8
BLACK
6
CONTINUOUS
10
1.1907440944881889
20
1.0859426377952757
11
1.1907440944881889
21
1.0908070866141732
0
LINE
8
BLACK
6
CONTINUOUS
10
1.1907440944881889
20
1.0908070866141732
11
1.1915005118110236
21
1.0931350787401575
0
LINE
8
BLACK
6
CONTINUOUS
10
1.1915005118110236
20
1.0931350787401575
11
1.1934808267716535
21
1.0945738582677165
0
LINE
8
BLACK
6
CONTINUOUS
10
1.1934808267716535
20
1.0945738582677165
11
1.1947047244094489
21
1.094767716535433
0
LINE
8
BLACK
6
CONTINUOUS
10
1.1947047244094489
20
1.094767716535433
11
1.2147441338582676
21
1.094767716535433
0
LINE
8
BLACK
6
CONTINUOUS
10
1.2147441338582676
20
1.094767716535433
11
1.2170721259842519
21
1.0940112992125983
0
LINE
8
BLACK
6
CONTINUOUS
10
1.2170721259842519
20
1.0940112992125983
11
1.2185109055118111
21
1.0920309842519684
0
LINE
8
BLACK
6
CONTINUOUS
10
1.2185109055118111
20
1.0920309842519684
11
1.2187047637795276
21
1.0908070866141732
0
LINE
8
BLACK
6
CONTINUOUS
10
1.2187047637795276
20
1.0908070866141732
11
1.2187047637795276
21
1.085942716535433
0
LINE
8
BLACK
6
CONTINUOUS
10
1.2187047637795276
20
1.085942716535433
11
1.2190539763779527
21
1.0841867322834646
0
LINE
8
BLACK
6
CONTINUOUS
10
1.2190539763779527
20
1.0841867322834646
11
1.2190540551181102
21
1.0841865748031496
0
LINE
8
BLACK
6
CONTINUOUS
10
1.2190540551181102
20
1.0841865748031496
11
1.2203844094488188
21
1.0821955905511811
0
LINE
8
BLACK
6
CONTINUOUS
10
1.2203844094488188
20
1.0821955905511811
11
1.2203844488188975
21
1.0821955511811023
0
LINE
8
BLACK
6
CONTINUOUS
10
1.2203844488188975
20
1.0821955511811023
11
1.2203844881889763
21
1.0821955118110236
0
LINE
8
BLACK
6
CONTINUOUS
10
1.2203844881889763
20
1.0821955118110236
11
1.2223756692913386
21
1.0808650393700787
0
LINE
8
BLACK
6
CONTINUOUS
10
1.2223756692913386
20
1.0808650393700787
11
1.2241316141732284
21
1.080515748031496
0
LINE
8
BLACK
6
CONTINUOUS
10
1.2241316141732284
20
1.080515748031496
11
1.2853171653543307
21
1.0805157874015747
0
LINE
8
BLACK
6
CONTINUOUS
10
1.2853171653543307
20
1.0805157874015747
11
1.2870731496062993
21
1.0808650393700787
0
LINE
8
BLACK
6
CONTINUOUS
10
1.2870731496062993
20
1.0808650393700787
11
1.2890643307086613
21
1.0821955118110236
0
LINE
8
BLACK
6
CONTINUOUS
10
1.2890643307086613
20
1.0821955118110236
11
1.2903948031496062
21
1.0841866929133859
0
LINE
8
BLACK
6
CONTINUOUS
10
1.2903948031496062
20
1.0841866929133859
11
1.2907440944881889
21
1.0859426377952757
0
LINE
8
BLACK
6
CONTINUOUS
10
1.2907440944881889
20
1.0859426377952757
11
1.2907440551181102
21
1.147128188976378
0
LINE
8
BLACK
6
CONTINUOUS
10
1.2907440551181102
20
1.147128188976378
11
1.2903948031496062
21
1.1488841732283464
0
LINE
8
BLACK
6
CONTINUOUS
10
1.2903948031496062
20
1.1488841732283464
11
1.2903947244094487
21
1.1488843307086614
0
LINE
8
BLACK
6
CONTINUOUS
10
1.2903947244094487
20
1.1488843307086614
11
1.2890643700787401
21
1.1508753149606299
0
LINE
8
BLACK
6
CONTINUOUS
10
1.2890643700787401
20
1.1508753149606299
11
1.2890642913385826
21
1.1508753937007874
0
LINE
8
BLACK
6
CONTINUOUS
10
1.2890642913385826
20
1.1508753937007874
11
1.2870731102362205
21
1.1522058661417323
0
LINE
8
BLACK
6
CONTINUOUS
10
1.2870731102362205
20
1.1522058661417323
11
1.2856664566929135
21
1.1524856692913386
0
LINE
8
BLACK
6
CONTINUOUS
10
1.2856664566929135
20
1.1524856692913386
11
1.2853172047244095
21
1.1525551181102363
0
LINE
8
BLACK
6
CONTINUOUS
10
1.2853172047244095
20
1.1525551181102363
11
1.2853171653543307
21
1.1525551181102363
0
LINE
8
BLACK
6
CONTINUOUS
10
1.2853171653543307
20
1.1525551181102363
11
1.2241316535433071
21
1.1525551181102363
0
LINE
8
BLACK
6
CONTINUOUS
10
1.2241316535433071
20
1.1525551181102363
11
1.2223756692913386
21
1.1522058661417323
0
LINE
8
BLACK
6
CONTINUOUS
10
1.2223756692913386
20
1.1522058661417323
11
1.2223755118110236
21
1.1522057874015748
0
LINE
8
BLACK
6
CONTINUOUS
10
1.2223755118110236
20
1.1522057874015748
11
1.220384527559055
21
1.1508754330708661
0
LINE
8
BLACK
6
CONTINUOUS
10
1.220384527559055
20
1.1508754330708661
11
1.2203844488188975
21
1.1508753543307086
0
LINE
8
BLACK
6
CONTINUOUS
10
1.2203844488188975
20
1.1508753543307086
11
1.2190539763779527
21
1.1488841732283464
0
LINE
8
BLACK
6
CONTINUOUS
10
1.2190539763779527
20
1.1488841732283464
11
1.2187047244094489
21
1.1471282283464566
0
LINE
8
BLACK
6
CONTINUOUS
10
1.2187047244094489
20
1.1471282283464566
11
1.2187047244094489
21
1.142263779527559
0
LINE
8
BLACK
6
CONTINUOUS
10
1.2187047244094489
20
1.142263779527559
11
1.2179483070866142
21
1.1399357874015748
0
LINE
8
BLACK
6
CONTINUOUS
10
1.2179483070866142
20
1.1399357874015748
11
1.2159679921259843
21
1.1384970078740158
0
LINE
8
BLACK
6
CONTINUOUS
10
1.2159679921259843
20
1.1384970078740158
11
1.2147440944881889
21
1.1383031496062992
0
LINE
8
BLACK
6
CONTINUOUS
10
1.2147440944881889
20
1.1383031496062992
11
1.1947046850393701
21
1.1383031496062992
0
LINE
8
BLACK
6
CONTINUOUS
10
1.1947046850393701
20
1.1383031496062992
11
1.1923766929133859
21
1.1390595669291339
0
LINE
8
BLACK
6
CONTINUOUS
10
1.1923766929133859
20
1.1390595669291339
11
1.1909379133858267
21
1.1410398818897638
0
LINE
8
BLACK
6
CONTINUOUS
10
1.1909379133858267
20
1.1410398818897638
11
1.1907440551181101
21
1.142263779527559
0
LINE
8
BLACK
6
CONTINUOUS
10
1.1907440551181101
20
1.142263779527559
11
1.1907440551181101
21
1.147128188976378
0
LINE
8
BLACK
6
CONTINUOUS
10
1.1907440551181101
20
1.147128188976378
11
1.1903948031496063
21
1.1488841732283464
0
LINE
8
BLACK
6
CONTINUOUS
10
1.1903948031496063
20
1.1488841732283464
11
1.1903947244094488
21
1.1488843307086614
0
LINE
8
BLACK
6
CONTINUOUS
10
1.1903947244094488
20
1.1488843307086614
11
1.1890643700787402
21
1.1508753149606299
0
LINE
8
BLACK
6
CONTINUOUS
10
1.1890643700787402
20
1.1508753149606299
11
1.1890642913385827
21
1.1508753937007874
0
LINE
8
BLACK
6
CONTINUOUS
10
1.1890642913385827
20
1.1508753937007874
11
1.1870731102362204
21
1.1522058661417323
0
LINE
8
BLACK
6
CONTINUOUS
10
1.1870731102362204
20
1.1522058661417323
11
1.1856664566929134
21
1.1524856692913386
0
LINE
8
BLACK
6
CONTINUOUS
10
1.1856664566929134
20
1.1524856692913386
11
1.1853172047244094
21
1.1525551181102363
0
LINE
8
BLACK
6
CONTINUOUS
10
1.1853172047244094
20
1.1525551181102363
11
1.1853171653543306
21
1.1525551181102363
0
LINE
8
BLACK
6
CONTINUOUS
10
1.1853171653543306
20
1.1525551181102363
11
1.124131653543307
21
1.1525551181102363
0
LINE
8
BLACK
6
CONTINUOUS
10
1.124131653543307
20
1.1525551181102363
11
1.1223756692913385
21
1.1522058661417323
0
LINE
8
BLACK
6
CONTINUOUS
10
1.1223756692913385
20
1.1522058661417323
11
1.1223755118110237
21
1.1522057874015748
0
LINE
8
BLACK
6
CONTINUOUS
10
1.1223755118110237
20
1.1522057874015748
11
1.1203845275590552
21
1.1508754330708661
0
LINE
8
BLACK
6
CONTINUOUS
10
1.1203845275590552
20
1.1508754330708661
11
1.1203844488188976
21
1.1508753543307086
0
LINE
8
BLACK
6
CONTINUOUS
10
1.1203844488188976
20
1.1508753543307086
11
1.1190539763779528
21
1.1488841732283464
0
LINE
8
BLACK
6
CONTINUOUS
10
1.1190539763779528
20
1.1488841732283464
11
1.1187047244094488
21
1.1471282283464566
0
LINE
8
BLACK
6
CONTINUOUS
10
1.1187047244094488
20
1.1471282283464566
11
1.1187047244094488
21
1.142263779527559
0
LINE
8
BLACK
6
CONTINUOUS
10
1.1187047244094488
20
1.142263779527559
11
1.1179483070866141
21
1.1399357874015748
0
LINE
8
BLACK
6
CONTINUOUS
10
1.1179483070866141
20
1.1399357874015748
11
1.1159679921259842
21
1.1384970078740158
0
LINE
8
BLACK
6
CONTINUOUS
10
1.1159679921259842
20
1.1384970078740158
11
1.114744094488189
21
1.1383031496062992
0
LINE
8
BLACK
6
CONTINUOUS
10
1.114744094488189
20
1.1383031496062992
11
0.8611614566929133
21
1.1383031496062992
0
LINE
8
BLACK
6
CONTINUOUS
10
0.8611614566929133
20
1.1383031496062992
11
0.8588334645669291
21
1.1390595669291339
0
LINE
8
BLACK
6
CONTINUOUS
10
0.8588334645669291
20
1.1390595669291339
11
0.8573946850393701
21
1.1410398818897638
0
LINE
8
BLACK
6
CONTINUOUS
10
0.8573946850393701
20
1.1410398818897638
11
0.8572008267716535
21
1.142263779527559
0
LINE
8
BLACK
6
CONTINUOUS
10
0.8572008267716535
20
1.142263779527559
11
0.8572008267716535
21
1.217438779527559
0
LINE
8
BLACK
6
CONTINUOUS
10
0.8572008267716535
20
1.217438779527559
11
0.8572008267716535
21
1.3174387795275591
0
LINE
8
BLACK
6
CONTINUOUS
10
0.8572008267716535
20
1.3174387795275591
11
0.8572008267716535
21
1.5556890157480314
0
LINE
8
BLACK
6
CONTINUOUS
10
0.8572008267716535
20
1.5556890157480314
11
0.8579572440944881
21
1.5580170078740156
0
LINE
8
BLACK
6
CONTINUOUS
10
0.8579572440944881
20
1.5580170078740156
11
0.859937559055118
21
1.5594557874015749
0
LINE
8
BLACK
6
CONTINUOUS
10
0.859937559055118
20
1.5594557874015749
11
0.8611614566929133
21
1.5596496456692912
0
LINE
8
BLACK
6
CONTINUOUS
10
0.8611614566929133
20
1.5596496456692912
11
0.8660258661417323
21
1.5596496456692912
0
LINE
8
BLACK
6
CONTINUOUS
10
0.8660258661417323
20
1.5596496456692912
11
0.8677818503937008
21
1.5599988976377952
0
LINE
8
BLACK
6
CONTINUOUS
10
0.8677818503937008
20
1.5599988976377952
11
0.869773031496063
21
1.5613293700787401
0
LINE
8
BLACK
6
CONTINUOUS
10
0.869773031496063
20
1.5613293700787401
11
0.8711035039370079
21
1.5633205511811024
0
LINE
8
BLACK
6
CONTINUOUS
10
0.8711035039370079
20
1.5633205511811024
11
0.8713778740157481
21
1.5646998818897637
0
LINE
8
BLACK
6
CONTINUOUS
10
0.8713778740157481
20
1.5646998818897637
11
0.8714527952755905
21
1.5650764960629922
0
LINE
8
BLACK
6
CONTINUOUS
10
0.8714527952755905
20
1.5650764960629922
11
0.8714527559055117
21
1.6262620472440945
0
LINE
8
BLACK
6
CONTINUOUS
10
0.8714527559055117
20
1.6262620472440945
11
0.8711035039370079
21
1.6280180314960631
0
LINE
8
BLACK
6
CONTINUOUS
10
0.8711035039370079
20
1.6280180314960631
11
0.8711034251968504
21
1.6280181889763778
0
LINE
8
BLACK
6
CONTINUOUS
10
0.8711034251968504
20
1.6280181889763778
11
0.8697730708661418
21
1.6300091732283464
0
LINE
8
BLACK
6
CONTINUOUS
10
0.8697730708661418
20
1.6300091732283464
11
0.8697729921259842
21
1.6300092519685039
0
LINE
8
BLACK
6
CONTINUOUS
10
0.8697729921259842
20
1.6300092519685039
11
0.8677818110236221
21
1.6313397244094487
0
LINE
8
BLACK
6
CONTINUOUS
10
0.8677818110236221
20
1.6313397244094487
11
0.8663751574803149
21
1.631619527559055
0
LINE
8
BLACK
6
CONTINUOUS
10
0.8663751574803149
20
1.631619527559055
11
0.866025905511811
21
1.6316889763779527
0
LINE
8
BLACK
6
CONTINUOUS
10
0.866025905511811
20
1.6316889763779527
11
0.8660258661417323
21
1.6316889763779527
0
LINE
8
BLACK
6
CONTINUOUS
10
0.8660258661417323
20
1.6316889763779527
11
0.8611614566929133
21
1.6316889763779527
0
LINE
8
BLACK
6
CONTINUOUS
10
0.8611614566929133
20
1.6316889763779527
11
0.8588334645669291
21
1.6324453937007875
0
LINE
8
BLACK
6
CONTINUOUS
10
0.8588334645669291
20
1.6324453937007875
11
0.8573946850393701
21
1.6344257086614173
0
LINE
8
BLACK
6
CONTINUOUS
10
0.8573946850393701
20
1.6344257086614173
11
0.8572008267716535
21
1.6356496062992125
0
LINE
8
BLACK
6
CONTINUOUS
10
0.8572008267716535
20
1.6356496062992125
11
0.8572008267716535
21
1.6556890157480315
0
LINE
8
BLACK
6
CONTINUOUS
10
0.8572008267716535
20
1.6556890157480315
11
0.8579572440944881
21
1.6580170078740157
0
LINE
8
BLACK
6
CONTINUOUS
10
0.8579572440944881
20
1.6580170078740157
11
0.859937559055118
21
1.6594557874015747
0
LINE
8
BLACK
6
CONTINUOUS
10
0.859937559055118
20
1.6594557874015747
11
0.8611614566929133
21
1.6596496456692913
0
LINE
8
BLACK
6
CONTINUOUS
10
0.8611614566929133
20
1.6596496456692913
11
0.8660258661417323
21
1.6596496456692913
0
LINE
8
BLACK
6
CONTINUOUS
10
0.8660258661417323
20
1.6596496456692913
11
0.8677818503937008
21
1.6599988976377953
0
LINE
8
BLACK
6
CONTINUOUS
10
0.8677818503937008
20
1.6599988976377953
11
0.869773031496063
21
1.6613293700787402
0
LINE
8
BLACK
6
CONTINUOUS
10
0.869773031496063
20
1.6613293700787402
11
0.8711035039370079
21
1.6633205511811022
0
LINE
8
BLACK
6
CONTINUOUS
10
0.8711035039370079
20
1.6633205511811022
11
0.8713778740157481
21
1.6646998818897638
0
LINE
8
BLACK
6
CONTINUOUS
10
0.8713778740157481
20
1.6646998818897638
11
0.8714527952755905
21
1.665076496062992
0
LINE
8
BLACK
6
CONTINUOUS
10
0.8714527952755905
20
1.665076496062992
11
0.8714527559055117
21
1.7262620472440944
0
LINE
8
BLACK
6
CONTINUOUS
10
0.8714527559055117
20
1.7262620472440944
11
0.8711035039370079
21
1.7280180314960629
0
LINE
8
BLACK
6
CONTINUOUS
10
0.8711035039370079
20
1.7280180314960629
11
0.8711034251968504
21
1.7280181889763779
0
LINE
8
BLACK
6
CONTINUOUS
10
0.8711034251968504
20
1.7280181889763779
11
0.8697730708661418
21
1.7300091732283465
0
LINE
8
BLACK
6
CONTINUOUS
10
0.8697730708661418
20
1.7300091732283465
11
0.8697729921259842
21
1.730009251968504
0
LINE
8
BLACK
6
CONTINUOUS
10
0.8697729921259842
20
1.730009251968504
11
0.8677818110236221
21
1.7313397244094488
0
LINE
8
BLACK
6
CONTINUOUS
10
0.8677818110236221
20
1.7313397244094488
11
0.8663751574803149
21
1.7316195275590551
0
LINE
8
BLACK
6
CONTINUOUS
10
0.8663751574803149
20
1.7316195275590551
11
0.866025905511811
21
1.7316889763779528
0
LINE
8
BLACK
6
CONTINUOUS
10
0.866025905511811
20
1.7316889763779528
11
0.8660258661417323
21
1.7316889763779528
0
LINE
8
BLACK
6
CONTINUOUS
10
0.8660258661417323
20
1.7316889763779528
11
0.8048403543307087
21
1.7316889763779528
0
LINE
8
BLACK
6
CONTINUOUS
10
0.8048403543307087
20
1.7316889763779528
11
0.8030843700787401
21
1.7313397244094488
0
LINE
8
BLACK
6
CONTINUOUS
10
0.8030843700787401
20
1.7313397244094488
11
0.8030842125984252
21
1.7313396456692913
0
LINE
8
BLACK
6
CONTINUOUS
10
0.8030842125984252
20
1.7313396456692913
11
0.8010932283464567
21
1.7300092913385827
0
LINE
8
BLACK
6
CONTINUOUS
10
0.8010932283464567
20
1.7300092913385827
11
0.8010931496062992
21
1.7300092125984252
0
LINE
8
BLACK
6
CONTINUOUS
10
0.8010931496062992
20
1.7300092125984252
11
0.7997626771653543
21
1.7280180314960629
0
LINE
8
BLACK
6
CONTINUOUS
10
0.7997626771653543
20
1.7280180314960629
11
0.7994134251968503
21
1.7262620866141731
0
LINE
8
BLACK
6
CONTINUOUS
10
0.7994134251968503
20
1.7262620866141731
11
0.7994134251968503
21
1.6650765748031495
0
LINE
8
BLACK
6
CONTINUOUS
10
0.7994134251968503
20
1.6650765748031495
11
0.7997626771653543
21
1.663320590551181
0
LINE
8
BLACK
6
CONTINUOUS
10
0.7997626771653543
20
1.663320590551181
11
0.7997627559055118
21
1.6633204330708662
0
LINE
8
BLACK
6
CONTINUOUS
10
0.7997627559055118
20
1.6633204330708662
11
0.8010931102362204
21
1.6613294488188977
0
LINE
8
BLACK
6
CONTINUOUS
10
0.8010931102362204
20
1.6613294488188977
11
0.8010931496062992
21
1.6613294094488189
0
LINE
8
BLACK
6
CONTINUOUS
10
0.8010931496062992
20
1.6613294094488189
11
0.8010931889763779
21
1.6613293700787402
0
LINE
8
BLACK
6
CONTINUOUS
10
0.8010931889763779
20
1.6613293700787402
11
0.8030843700787401
21
1.6599988976377953
0
LINE
8
BLACK
6
CONTINUOUS
10
0.8030843700787401
20
1.6599988976377953
11
0.8048403149606299
21
1.6596496062992125
0
LINE
8
BLACK
6
CONTINUOUS
10
0.8048403149606299
20
1.6596496062992125
11
0.8097047637795275
21
1.6596496456692913
0
LINE
8
BLACK
6
CONTINUOUS
10
0.8097047637795275
20
1.6596496456692913
11
0.8120327559055118
21
1.6588932677165353
0
LINE
8
BLACK
6
CONTINUOUS
10
0.8120327559055118
20
1.6588932677165353
11
0.8134715354330708
21
1.6569129527559054
0
LINE
8
BLACK
6
CONTINUOUS
10
0.8134715354330708
20
1.6569129527559054
11
0.8136653937007874
21
1.6556890157480315
0
LINE
8
BLACK
6
CONTINUOUS
10
0.8136653937007874
20
1.6556890157480315
11
0.8136653937007874
21
1.6356496062992125
0
LINE
8
BLACK
6
CONTINUOUS
10
0.8136653937007874
20
1.6356496062992125
11
0.8129089763779528
21
1.6333216141732283
0
LINE
8
BLACK
6
CONTINUOUS
10
0.8129089763779528
20
1.6333216141732283
11
0.8109286614173228
21
1.6318828346456693
0
LINE
8
BLACK
6
CONTINUOUS
10
0.8109286614173228
20
1.6318828346456693
11
0.8097048031496062
21
1.6316889763779527
0
LINE
8
BLACK
6
CONTINUOUS
10
0.8097048031496062
20
1.6316889763779527
11
0.8048403149606299
21
1.6316889763779527
0
LINE
8
BLACK
6
CONTINUOUS
10
0.8048403149606299
20
1.6316889763779527
11
0.8030843700787401
21
1.6313397244094487
0
LINE
8
BLACK
6
CONTINUOUS
10
0.8030843700787401
20
1.6313397244094487
11
0.8030842125984252
21
1.6313396456692912
0
LINE
8
BLACK
6
CONTINUOUS
10
0.8030842125984252
20
1.6313396456692912
11
0.8010932283464567
21
1.6300092913385826
0
LINE
8
BLACK
6
CONTINUOUS
10
0.8010932283464567
20
1.6300092913385826
11
0.8010931496062992
21
1.6300092125984251
0
LINE
8
BLACK
6
CONTINUOUS
10
0.8010931496062992
20
1.6300092125984251
11
0.7997626771653543
21
1.6280180314960631
0
LINE
8
BLACK
6
CONTINUOUS
10
0.7997626771653543
20
1.6280180314960631
11
0.7994134251968503
21
1.6262620866141733
0
LINE
8
BLACK
6
CONTINUOUS
10
0.7994134251968503
20
1.6262620866141733
11
0.7994134251968503
21
1.5650765748031497
0
LINE
8
BLACK
6
CONTINUOUS
10
0.7994134251968503
20
1.5650765748031497
11
0.7997626771653543
21
1.5633205905511811
0
LINE
8
BLACK
6
CONTINUOUS
10
0.7997626771653543
20
1.5633205905511811
11
0.7997627559055118
21
1.5633204330708661
0
LINE
8
BLACK
6
CONTINUOUS
10
0.7997627559055118
20
1.5633204330708661
11
0.8010931102362204
21
1.5613294488188976
0
LINE
8
BLACK
6
CONTINUOUS
10
0.8010931102362204
20
1.5613294488188976
11
0.8010931496062992
21
1.5613294094488188
0
LINE
8
BLACK
6
CONTINUOUS
10
0.8010931496062992
20
1.5613294094488188
11
0.8010931889763779
21
1.5613293700787401
0
LINE
8
BLACK
6
CONTINUOUS
10
0.8010931889763779
20
1.5613293700787401
11
0.8030843700787401
21
1.5599988976377952
0
LINE
8
BLACK
6
CONTINUOUS
10
0.8030843700787401
20
1.5599988976377952
11
0.8048403149606299
21
1.5596496062992125
0
LINE
8
BLACK
6
CONTINUOUS
10
0.8048403149606299
20
1.5596496062992125
11
0.8097047637795275
21
1.5596496456692912
0
LINE
8
BLACK
6
CONTINUOUS
10
0.8097047637795275
20
1.5596496456692912
11
0.8120327559055118
21
1.5588932677165355
0
LINE
8
BLACK
6
CONTINUOUS
10
0.8120327559055118
20
1.5588932677165355
11
0.8134715354330708
21
1.5569129527559056
0
LINE
8
BLACK
6
CONTINUOUS
10
0.8134715354330708
20
1.5569129527559056
11
0.8136653937007874
21
1.5556890157480314
0
LINE
8
BLACK
6
CONTINUOUS
10
0.8136653937007874
20
1.5556890157480314
11
0.8136653937007874
21
1.142263779527559
0
LINE
8
BLACK
6
CONTINUOUS
10
0.8136653937007874
20
1.142263779527559
11
0.8129089763779528
21
1.1399357874015748
0
LINE
8
BLACK
6
CONTINUOUS
10
0.8129089763779528
20
1.1399357874015748
11
0.8109286614173228
21
1.1384970078740158
0
LINE
8
BLACK
6
CONTINUOUS
10
0.8109286614173228
20
1.1384970078740158
11
0.8097047637795275
21
1.1383031496062992
0
LINE
8
BLACK
6
CONTINUOUS
10
0.8097047637795275
20
1.1383031496062992
11
0.4954920866141732
21
1.1383031496062992
0
LINE
8
BLACK
6
CONTINUOUS
10
0.4954920866141732
20
1.1383031496062992
11
0.493164094488189
21
1.1390595669291339
0
LINE
8
BLACK
6
CONTINUOUS
10
0.493164094488189
20
1.1390595669291339
11
0.4917253149606299
21
1.1410398818897638
0
LINE
8
BLACK
6
CONTINUOUS
10
0.4917253149606299
20
1.1410398818897638
11
0.4915314566929134
21
1.142263779527559
0
LINE
8
BLACK
6
CONTINUOUS
10
0.4915314566929134
20
1.142263779527559
11
0.4915314566929134
21
1.147128188976378
0
LINE
8
BLACK
6
CONTINUOUS
10
0.4915314566929134
20
1.147128188976378
11
0.4911822047244094
21
1.1488841732283464
0
LINE
8
BLACK
6
CONTINUOUS
10
0.4911822047244094
20
1.1488841732283464
11
0.491182125984252
21
1.1488843307086614
0
LINE
8
BLACK
6
CONTINUOUS
10
0.491182125984252
20
1.1488843307086614
11
0.4898517716535433
21
1.1508753149606299
0
LINE
8
BLACK
6
CONTINUOUS
10
0.4898517716535433
20
1.1508753149606299
11
0.4898516929133858
21
1.1508753937007874
0
LINE
8
BLACK
6
CONTINUOUS
10
0.4898516929133858
20
1.1508753937007874
11
0.4878605118110236
21
1.1522058661417323
0
LINE
8
BLACK
6
CONTINUOUS
10
0.4878605118110236
20
1.1522058661417323
11
0.4864538582677165
21
1.1524856692913386
0
LINE
8
BLACK
6
CONTINUOUS
10
0.4864538582677165
20
1.1524856692913386
11
0.4861046062992126
21
1.1525551181102363
0
LINE
8
BLACK
6
CONTINUOUS
10
0.4861046062992126
20
1.1525551181102363
11
0.4861045669291338
21
1.1525551181102363
0
LINE
8
BLACK
6
CONTINUOUS
10
0.4861045669291338
20
1.1525551181102363
11
0.4249190551181102
21
1.1525551181102363
0
LINE
8
BLACK
6
CONTINUOUS
10
0.4249190551181102
20
1.1525551181102363
11
0.4231630708661417
21
1.1522058661417323
0
LINE
8
BLACK
6
CONTINUOUS
10
0.4231630708661417
20
1.1522058661417323
11
0.4231629133858268
21
1.1522057874015748
0
LINE
8
BLACK
6
CONTINUOUS
10
0.4231629133858268
20
1.1522057874015748
11
0.4211719291338583
21
1.1508754330708661
0
LINE
8
BLACK
6
CONTINUOUS
10
0.4211719291338583
20
1.1508754330708661
11
0.4211718503937008
21
1.1508753543307086
0
LINE
8
BLACK
6
CONTINUOUS
10
0.4211718503937008
20
1.1508753543307086
11
0.4198413779527559
21
1.1488841732283464
0
LINE
8
BLACK
6
CONTINUOUS
10
0.4198413779527559
20
1.1488841732283464
11
0.419492125984252
21
1.1471282283464566
0
LINE
8
BLACK
6
CONTINUOUS
10
0.419492125984252
20
1.1471282283464566
11
0.419492125984252
21
1.142263779527559
0
LINE
8
BLACK
6
CONTINUOUS
10
0.419492125984252
20
1.142263779527559
11
0.4187357086614173
21
1.1399357874015748
0
LINE
8
BLACK
6
CONTINUOUS
10
0.4187357086614173
20
1.1399357874015748
11
0.4167553937007874
21
1.1384970078740158
0
LINE
8
BLACK
6
CONTINUOUS
10
0.4167553937007874
20
1.1384970078740158
11
0.4155314960629921
21
1.1383031496062992
0
LINE
8
BLACK
6
CONTINUOUS
10
0.4155314960629921
20
1.1383031496062992
11
0.3954920866141732
21
1.1383031496062992
0
LINE
8
BLACK
6
CONTINUOUS
10
0.3954920866141732
20
1.1383031496062992
11
0.393164094488189
21
1.1390595669291339
0
LINE
8
BLACK
6
CONTINUOUS
10
0.393164094488189
20
1.1390595669291339
11
0.3917253149606299
21
1.1410398818897638
0
LINE
8
BLACK
6
CONTINUOUS
10
0.3917253149606299
20
1.1410398818897638
11
0.3915314566929134
21
1.142263779527559
0
LINE
8
BLACK
6
CONTINUOUS
10
0.3915314566929134
20
1.142263779527559
11
0.3915314566929134
21
1.147128188976378
0
LINE
8
BLACK
6
CONTINUOUS
10
0.3915314566929134
20
1.147128188976378
11
0.3911822047244095
21
1.1488841732283464
0
LINE
8
BLACK
6
CONTINUOUS
10
0.3911822047244095
20
1.1488841732283464
11
0.3911821259842519
21
1.1488843307086614
0
LINE
8
BLACK
6
CONTINUOUS
10
0.3911821259842519
20
1.1488843307086614
11
0.3898517716535433
21
1.1508753149606299
0
LINE
8
BLACK
6
CONTINUOUS
10
0.3898517716535433
20
1.1508753149606299
11
0.3898516929133858
21
1.1508753937007874
0
LINE
8
BLACK
6
CONTINUOUS
10
0.3898516929133858
20
1.1508753937007874
11
0.3878605118110236
21
1.1522058661417323
0
LINE
8
BLACK
6
CONTINUOUS
10
0.3878605118110236
20
1.1522058661417323
11
0.3864538582677165
21
1.1524856692913386
0
LINE
8
BLACK
6
CONTINUOUS
10
0.3864538582677165
20
1.1524856692913386
11
0.3861046062992126
21
1.1525551181102363
0
LINE
8
BLACK
6
CONTINUOUS
10
0.3861046062992126
20
1.1525551181102363
11
0.3861045669291339
21
1.1525551181102363
0
LINE
8
BLACK
6
CONTINUOUS
10
0.3861045669291339
20
1.1525551181102363
11
0.3249190551181103
21
1.1525551181102363
0
LINE
8
BLACK
6
CONTINUOUS
10
0.3249190551181103
20
1.1525551181102363
11
0.3231630708661417
21
1.1522058661417323
0
LINE
8
BLACK
6
CONTINUOUS
10
0.3231630708661417
20
1.1522058661417323
11
0.3231629133858268
21
1.1522057874015748
0
LINE
8
BLACK
6
CONTINUOUS
10
0.3231629133858268
20
1.1522057874015748
11
0.3211719291338583
21
1.1508754330708661
0
LINE
8
BLACK
6
CONTINUOUS
10
0.3211719291338583
20
1.1508754330708661
11
0.3211718503937008
21
1.1508753543307086
0
LINE
8
BLACK
6
CONTINUOUS
10
0.3211718503937008
20
1.1508753543307086
11
0.3198413779527559
21
1.1488841732283464
0
LINE
8
BLACK
6
CONTINUOUS
10
0.3198413779527559
20
1.1488841732283464
11
0.319492125984252
21
1.1471282283464566
0
LINE
8
BLACK
6
CONTINUOUS
10
0.319492125984252
20
1.1471282283464566
11
0.319492125984252
21
1.085942716535433
0
LINE
8
BLACK
6
CONTINUOUS
10
0.319492125984252
20
1.085942716535433
11
0.3198413779527559
21
1.0841867322834646
0
LINE
8
BLACK
6
CONTINUOUS
10
1.1123610629921259
20
1.2156827952755904
11
1.1123611417322834
21
1.2156826377952756
0
LINE
8
BLACK
6
CONTINUOUS
10
1.1123611417322834
20
1.2156826377952756
11
1.113691496062992
21
1.2136916535433071
0
LINE
8
BLACK
6
CONTINUOUS
10
1.113691496062992
20
1.2136916535433071
11
1.1136915354330708
21
1.2136916141732284
0
LINE
8
BLACK
6
CONTINUOUS
10
1.1136915354330708
20
1.2136916141732284
11
1.1136915748031495
21
1.2136915748031496
0
LINE
8
BLACK
6
CONTINUOUS
10
1.1136915748031495
20
1.2136915748031496
11
1.1156827559055118
21
1.2123611023622047
0
LINE
8
BLACK
6
CONTINUOUS
10
1.1156827559055118
20
1.2123611023622047
11
1.1174387007874016
21
1.212011811023622
0
LINE
8
BLACK
6
CONTINUOUS
10
1.1174387007874016
20
1.212011811023622
11
1.178624251968504
21
1.2120118503937007
0
LINE
8
BLACK
6
CONTINUOUS
10
1.178624251968504
20
1.2120118503937007
11
1.1803802362204725
21
1.2123611023622047
0
LINE
8
BLACK
6
CONTINUOUS
10
1.1803802362204725
20
1.2123611023622047
11
1.1823714173228346
21
1.2136915748031496
0
LINE
8
BLACK
6
CONTINUOUS
10
1.1823714173228346
20
1.2136915748031496
11
1.1837018897637794
21
1.2156827559055119
0
LINE
8
BLACK
6
CONTINUOUS
10
1.1837018897637794
20
1.2156827559055119
11
1.1840511811023622
21
1.2174387007874015
0
LINE
8
BLACK
6
CONTINUOUS
10
1.1840511811023622
20
1.2174387007874015
11
1.1840511811023622
21
1.217438779527559
0
LINE
8
BLACK
6
CONTINUOUS
10
1.1840511811023622
20
1.217438779527559
11
1.1840511417322834
21
1.2786242519685038
0
LINE
8
BLACK
6
CONTINUOUS
10
1.1840511417322834
20
1.2786242519685038
11
1.1837018897637794
21
1.2803802362204724
0
LINE
8
BLACK
6
CONTINUOUS
10
1.1837018897637794
20
1.2803802362204724
11
1.1837018110236219
21
1.2803803937007874
0
LINE
8
BLACK
6
CONTINUOUS
10
1.1837018110236219
20
1.2803803937007874
11
1.1823714566929133
21
1.2823713779527559
0
LINE
8
BLACK
6
CONTINUOUS
10
1.1823714566929133
20
1.2823713779527559
11
1.1823713779527558
21
1.2823714566929134
0
LINE
8
BLACK
6
CONTINUOUS
10
1.1823713779527558
20
1.2823714566929134
11
1.1803801968503937
21
1.2837019291338583
0
LINE
8
BLACK
6
CONTINUOUS
10
1.1803801968503937
20
1.2837019291338583
11
1.1789735433070865
21
1.2839817322834646
0
LINE
8
BLACK
6
CONTINUOUS
10
1.1789735433070865
20
1.2839817322834646
11
1.1786242913385827
21
1.2840511811023623
0
LINE
8
BLACK
6
CONTINUOUS
10
1.1786242913385827
20
1.2840511811023623
11
1.178624251968504
21
1.2840511811023623
0
LINE
8
BLACK
6
CONTINUOUS
10
1.178624251968504
20
1.2840511811023623
11
1.1174387401574803
21
1.2840511811023623
0
LINE
8
BLACK
6
CONTINUOUS
10
1.1174387401574803
20
1.2840511811023623
11
1.1156827559055118
21
1.2837019291338583
0
LINE
8
BLACK
6
CONTINUOUS
10
1.1156827559055118
20
1.2837019291338583
11
1.1156825984251968
21
1.2837018503937008
0
LINE
8
BLACK
6
CONTINUOUS
10
1.1156825984251968
20
1.2837018503937008
11
1.1136916141732283
21
1.2823714960629922
0
LINE
8
BLACK
6
CONTINUOUS
10
1.1136916141732283
20
1.2823714960629922
11
1.1136915354330708
21
1.2823714173228347
0
LINE
8
BLACK
6
CONTINUOUS
10
1.1136915354330708
20
1.2823714173228347
11
1.1123610629921259
21
1.2803802362204724
0
LINE
8
BLACK
6
CONTINUOUS
10
1.1123610629921259
20
1.2803802362204724
11
1.1120118110236221
21
1.2786242913385826
0
LINE
8
BLACK
6
CONTINUOUS
10
1.1120118110236221
20
1.2786242913385826
11
1.1120118110236221
21
1.217438779527559
0
LINE
8
BLACK
6
CONTINUOUS
10
1.1120118110236221
20
1.217438779527559
11
1.1123610629921259
21
1.2156827952755904
0
LINE
8
BLACK
6
CONTINUOUS
10
1.212361062992126
20
1.2156827952755904
11
1.2123611417322835
21
1.2156826377952756
0
LINE
8
BLACK
6
CONTINUOUS
10
1.2123611417322835
20
1.2156826377952756
11
1.2136914960629921
21
1.2136916535433071
0
LINE
8
BLACK
6
CONTINUOUS
10
1.2136914960629921
20
1.2136916535433071
11
1.2136915354330708
21
1.2136916141732284
0
LINE
8
BLACK
6
CONTINUOUS
10
1.2136915354330708
20
1.2136916141732284
11
1.2136915748031496
21
1.2136915748031496
0
LINE
8
BLACK
6
CONTINUOUS
10
1.2136915748031496
20
1.2136915748031496
11
1.2156827559055119
21
1.2123611023622047
0
LINE
8
BLACK
6
CONTINUOUS
10
1.2156827559055119
20
1.2123611023622047
11
1.2174387007874015
21
1.212011811023622
0
LINE
8
BLACK
6
CONTINUOUS
10
1.2174387007874015
20
1.212011811023622
11
1.2786242519685038
21
1.2120118503937007
0
LINE
8
BLACK
6
CONTINUOUS
10
1.2786242519685038
20
1.2120118503937007
11
1.2803802362204724
21
1.2123611023622047
0
LINE
8
BLACK
6
CONTINUOUS
10
1.2803802362204724
20
1.2123611023622047
11
1.2823714173228347
21
1.2136915748031496
0
LINE
8
BLACK
6
CONTINUOUS
10
1.2823714173228347
20
1.2136915748031496
11
1.2837018897637795
21
1.2156827559055119
0
LINE
8
BLACK
6
CONTINUOUS
10
1.2837018897637795
20
1.2156827559055119
11
1.2840511811023623
21
1.2174387007874015
0
LINE
8
BLACK
6
CONTINUOUS
10
1.2840511811023623
20
1.2174387007874015
11
1.2840511417322835
21
1.2786242519685038
0
LINE
8
BLACK
6
CONTINUOUS
10
1.2840511417322835
20
1.2786242519685038
11
1.2837018897637795
21
1.2803802362204724
0
LINE
8
BLACK
6
CONTINUOUS
10
1.2837018897637795
20
1.2803802362204724
11
1.283701811023622
21
1.2803803937007874
0
LINE
8
BLACK
6
CONTINUOUS
10
1.283701811023622
20
1.2803803937007874
11
1.2823714566929134
21
1.2823713779527559
0
LINE
8
BLACK
6
CONTINUOUS
10
1.2823714566929134
20
1.2823713779527559
11
1.2823713779527559
21
1.2823714566929134
0
LINE
8
BLACK
6
CONTINUOUS
10
1.2823713779527559
20
1.2823714566929134
11
1.2803801968503936
21
1.2837019291338583
0
LINE
8
BLACK
6
CONTINUOUS
10
1.2803801968503936
20
1.2837019291338583
11
1.2789735433070866
21
1.2839817322834646
0
LINE
8
BLACK
6
CONTINUOUS
10
1.2789735433070866
20
1.2839817322834646
11
1.2786242913385826
21
1.2840511811023623
0
LINE
8
BLACK
6
CONTINUOUS
10
1.2786242913385826
20
1.2840511811023623
11
1.2786242519685038
21
1.2840511811023623
0
LINE
8
BLACK
6
CONTINUOUS
10
1.2786242519685038
20
1.2840511811023623
11
1.2174387401574802
21
1.2840511811023623
0
LINE
8
BLACK
6
CONTINUOUS
10
1.2174387401574802
20
1.2840511811023623
11
1.2156827559055119
21
1.2837019291338583
0
LINE
8
BLACK
6
CONTINUOUS
10
1.2156827559055119
20
1.2837019291338583
11
1.2156825984251969
21
1.2837018503937008
0
LINE
8
BLACK
6
CONTINUOUS
10
1.2156825984251969
20
1.2837018503937008
11
1.2136916141732284
21
1.2823714960629922
0
LINE
8
BLACK
6
CONTINUOUS
10
1.2136916141732284
20
1.2823714960629922
11
1.2136915354330708
21
1.2823714173228347
0
LINE
8
BLACK
6
CONTINUOUS
10
1.2136915354330708
20
1.2823714173228347
11
1.212361062992126
21
1.2803802362204724
0
LINE
8
BLACK
6
CONTINUOUS
10
1.212361062992126
20
1.2803802362204724
11
1.212011811023622
21
1.2786242913385826
0
LINE
8
BLACK
6
CONTINUOUS
10
1.212011811023622
20
1.2786242913385826
11
1.212011811023622
21
1.217438779527559
0
LINE
8
BLACK
6
CONTINUOUS
10
1.212011811023622
20
1.217438779527559
11
1.212361062992126
21
1.2156827952755904
0
LINE
8
BLACK
6
CONTINUOUS
10
0.3186602755905512
20
1.2196198031496062
11
0.3186603543307087
21
1.2196196456692914
0
LINE
8
BLACK
6
CONTINUOUS
10
0.3186603543307087
20
1.2196196456692914
11
0.3199907086614173
21
1.2176286614173228
0
LINE
8
BLACK
6
CONTINUOUS
10
0.3199907086614173
20
1.2176286614173228
11
0.3199907480314961
21
1.2176286220472441
0
LINE
8
BLACK
6
CONTINUOUS
10
0.3199907480314961
20
1.2176286220472441
11
0.3199907874015748
21
1.2176285826771653
0
LINE
8
BLACK
6
CONTINUOUS
10
0.3199907874015748
20
1.2176285826771653
11
0.321981968503937
21
1.2162981102362205
0
LINE
8
BLACK
6
CONTINUOUS
10
0.321981968503937
20
1.2162981102362205
11
0.3237379133858267
21
1.2159488188976377
0
LINE
8
BLACK
6
CONTINUOUS
10
0.3237379133858267
20
1.2159488188976377
11
0.3849234645669291
21
1.2159488582677165
0
LINE
8
BLACK
6
CONTINUOUS
10
0.3849234645669291
20
1.2159488582677165
11
0.3866794488188977
21
1.2162981102362205
0
LINE
8
BLACK
6
CONTINUOUS
10
0.3866794488188977
20
1.2162981102362205
11
0.3886706299212598
21
1.2176285826771653
0
LINE
8
BLACK
6
CONTINUOUS
10
0.3886706299212598
20
1.2176285826771653
11
0.3900011023622047
21
1.2196197637795276
0
LINE
8
BLACK
6
CONTINUOUS
10
0.3900011023622047
20
1.2196197637795276
11
0.3903503937007874
21
1.2213757086614172
0
LINE
8
BLACK
6
CONTINUOUS
10
0.3903503937007874
20
1.2213757086614172
11
0.3903503937007874
21
1.2213757874015747
0
LINE
8
BLACK
6
CONTINUOUS
10
0.3903503937007874
20
1.2213757874015747
11
0.3903503543307086
21
1.2825612598425196
0
LINE
8
BLACK
6
CONTINUOUS
10
0.3903503543307086
20
1.2825612598425196
11
0.3900011023622047
21
1.2843172440944881
0
LINE
8
BLACK
6
CONTINUOUS
10
0.3900011023622047
20
1.2843172440944881
11
0.3900010236220472
21
1.2843174015748031
0
LINE
8
BLACK
6
CONTINUOUS
10
0.3900010236220472
20
1.2843174015748031
11
0.3886706692913386
21
1.2863083858267716
0
LINE
8
BLACK
6
CONTINUOUS
10
0.3886706692913386
20
1.2863083858267716
11
0.3886705905511811
21
1.2863084645669292
0
LINE
8
BLACK
6
CONTINUOUS
10
0.3886705905511811
20
1.2863084645669292
11
0.3866794094488189
21
1.287638937007874
0
LINE
8
BLACK
6
CONTINUOUS
10
0.3866794094488189
20
1.287638937007874
11
0.3852727559055118
21
1.2879187401574803
0
LINE
8
BLACK
6
CONTINUOUS
10
0.3852727559055118
20
1.2879187401574803
11
0.3849235039370079
21
1.287988188976378
0
LINE
8
BLACK
6
CONTINUOUS
10
0.3849235039370079
20
1.287988188976378
11
0.3849234645669291
21
1.287988188976378
0
LINE
8
BLACK
6
CONTINUOUS
10
0.3849234645669291
20
1.287988188976378
11
0.3237379527559055
21
1.287988188976378
0
LINE
8
BLACK
6
CONTINUOUS
10
0.3237379527559055
20
1.287988188976378
11
0.321981968503937
21
1.287638937007874
0
LINE
8
BLACK
6
CONTINUOUS
10
0.321981968503937
20
1.287638937007874
11
0.3219818110236221
21
1.2876388582677165
0
LINE
8
BLACK
6
CONTINUOUS
10
0.3219818110236221
20
1.2876388582677165
11
0.3199908267716535
21
1.2863085039370079
0
LINE
8
BLACK
6
CONTINUOUS
10
0.3199908267716535
20
1.2863085039370079
11
0.3199907480314961
21
1.2863084251968504
0
LINE
8
BLACK
6
CONTINUOUS
10
0.3199907480314961
20
1.2863084251968504
11
0.3186602755905512
21
1.2843172440944881
0
LINE
8
BLACK
6
CONTINUOUS
10
0.3186602755905512
20
1.2843172440944881
11
0.3183110236220472
21
1.2825612992125983
0
LINE
8
BLACK
6
CONTINUOUS
10
0.3183110236220472
20
1.2825612992125983
11
0.3183110236220472
21
1.2213757874015747
0
LINE
8
BLACK
6
CONTINUOUS
10
0.3183110236220472
20
1.2213757874015747
11
0.3186602755905512
21
1.2196198031496062
0
LINE
8
BLACK
6
CONTINUOUS
10
0.4186602755905512
20
1.2196198031496062
11
0.4186603543307086
21
1.2196196456692914
0
LINE
8
BLACK
6
CONTINUOUS
10
0.4186603543307086
20
1.2196196456692914
11
0.4199907086614173
21
1.2176286614173228
0
LINE
8
BLACK
6
CONTINUOUS
10
0.4199907086614173
20
1.2176286614173228
11
0.4199907480314961
21
1.2176286220472441
0
LINE
8
BLACK
6
CONTINUOUS
10
0.4199907480314961
20
1.2176286220472441
11
0.4199907874015748
21
1.2176285826771653
0
LINE
8
BLACK
6
CONTINUOUS
10
0.4199907874015748
20
1.2176285826771653
11
0.421981968503937
21
1.2162981102362205
0
LINE
8
BLACK
6
CONTINUOUS
10
0.421981968503937
20
1.2162981102362205
11
0.4237379133858268
21
1.2159488188976377
0
LINE
8
BLACK
6
CONTINUOUS
10
0.4237379133858268
20
1.2159488188976377
11
0.4849234645669291
21
1.2159488582677165
0
LINE
8
BLACK
6
CONTINUOUS
10
0.4849234645669291
20
1.2159488582677165
11
0.4866794488188976
21
1.2162981102362205
0
LINE
8
BLACK
6
CONTINUOUS
10
0.4866794488188976
20
1.2162981102362205
11
0.4886706299212598
21
1.2176285826771653
0
LINE
8
BLACK
6
CONTINUOUS
10
0.4886706299212598
20
1.2176285826771653
11
0.4900011023622047
21
1.2196197637795276
0
LINE
8
BLACK
6
CONTINUOUS
10
0.4900011023622047
20
1.2196197637795276
11
0.4903503937007874
21
1.2213757086614172
0
LINE
8
BLACK
6
CONTINUOUS
10
0.4903503937007874
20
1.2213757086614172
11
0.4903503543307087
21
1.2825612598425196
0
LINE
8
BLACK
6
CONTINUOUS
10
0.4903503543307087
20
1.2825612598425196
11
0.4900011023622047
21
1.2843172440944881
0
LINE
8
BLACK
6
CONTINUOUS
10
0.4900011023622047
20
1.2843172440944881
11
0.4900010236220472
21
1.2843174015748031
0
LINE
8
BLACK
6
CONTINUOUS
10
0.4900010236220472
20
1.2843174015748031
11
0.4886706692913386
21
1.2863083858267716
0
LINE
8
BLACK
6
CONTINUOUS
10
0.4886706692913386
20
1.2863083858267716
11
0.4886705905511811
21
1.2863084645669292
0
LINE
8
BLACK
6
CONTINUOUS
10
0.4886705905511811
20
1.2863084645669292
11
0.4866794094488189
21
1.287638937007874
0
LINE
8
BLACK
6
CONTINUOUS
10
0.4866794094488189
20
1.287638937007874
11
0.4852727559055118
21
1.2879187401574803
0
LINE
8
BLACK
6
CONTINUOUS
10
0.4852727559055118
20
1.2879187401574803
11
0.4849235039370078
21
1.287988188976378
0
LINE
8
BLACK
6
CONTINUOUS
10
0.4849235039370078
20
1.287988188976378
11
0.4849234645669291
21
1.287988188976378
0
LINE
8
BLACK
6
CONTINUOUS
10
0.4849234645669291
20
1.287988188976378
11
0.4237379527559055
21
1.287988188976378
0
LINE
8
BLACK
6
CONTINUOUS
10
0.4237379527559055
20
1.287988188976378
11
0.421981968503937
21
1.287638937007874
0
LINE
8
BLACK
6
CONTINUOUS
10
0.421981968503937
20
1.287638937007874
11
0.421981811023622
21
1.2876388582677165
0
LINE
8
BLACK
6
CONTINUOUS
10
0.421981811023622
20
1.2876388582677165
11
0.4199908267716536
21
1.2863085039370079
0
LINE
8
BLACK
6
CONTINUOUS
10
0.4199908267716536
20
1.2863085039370079
11
0.4199907480314961
21
1.2863084251968504
0
LINE
8
BLACK
6
CONTINUOUS
10
0.4199907480314961
20
1.2863084251968504
11
0.4186602755905512
21
1.2843172440944881
0
LINE
8
BLACK
6
CONTINUOUS
10
0.4186602755905512
20
1.2843172440944881
11
0.4183110236220473
21
1.2825612992125983
0
LINE
8
BLACK
6
CONTINUOUS
10
0.4183110236220473
20
1.2825612992125983
11
0.4183110236220473
21
1.2213757874015747
0
LINE
8
BLACK
6
CONTINUOUS
10
0.4183110236220473
20
1.2213757874015747
11
0.4186602755905512
21
1.2196198031496062
0
LINE
8
BLACK
6
CONTINUOUS
10
1.1123610629921259
20
1.3156827952755905
11
1.1123611417322834
21
1.3156826377952755
0
LINE
8
BLACK
6
CONTINUOUS
10
1.1123611417322834
20
1.3156826377952755
11
1.113691496062992
21
1.313691653543307
0
LINE
8
BLACK
6
CONTINUOUS
10
1.113691496062992
20
1.313691653543307
11
1.1136915354330708
21
1.3136916141732282
0
LINE
8
BLACK
6
CONTINUOUS
10
1.1136915354330708
20
1.3136916141732282
11
1.1136915748031495
21
1.3136915748031497
0
LINE
8
BLACK
6
CONTINUOUS
10
1.1136915748031495
20
1.3136915748031497
11
1.1156827559055118
21
1.3123611023622046
0
LINE
8
BLACK
6
CONTINUOUS
10
1.1156827559055118
20
1.3123611023622046
11
1.1174387007874016
21
1.3120118110236221
0
LINE
8
BLACK
6
CONTINUOUS
10
1.1174387007874016
20
1.3120118110236221
11
1.178624251968504
21
1.3120118503937008
0
LINE
8
BLACK
6
CONTINUOUS
10
1.178624251968504
20
1.3120118503937008
11
1.1803802362204725
21
1.3123611023622046
0
LINE
8
BLACK
6
CONTINUOUS
10
1.1803802362204725
20
1.3123611023622046
11
1.1823714173228346
21
1.3136915748031497
0
LINE
8
BLACK
6
CONTINUOUS
10
1.1823714173228346
20
1.3136915748031497
11
1.1837018897637794
21
1.3156827559055118
0
LINE
8
BLACK
6
CONTINUOUS
10
1.1837018897637794
20
1.3156827559055118
11
1.1840511811023622
21
1.3174387007874016
0
LINE
8
BLACK
6
CONTINUOUS
10
1.1840511811023622
20
1.3174387007874016
11
1.1840511811023622
21
1.3174387795275591
0
LINE
8
BLACK
6
CONTINUOUS
10
1.1840511811023622
20
1.3174387795275591
11
1.1840511417322834
21
1.3786242519685039
0
LINE
8
BLACK
6
CONTINUOUS
10
1.1840511417322834
20
1.3786242519685039
11
1.1837018897637794
21
1.3803802362204725
0
LINE
8
BLACK
6
CONTINUOUS
10
1.1837018897637794
20
1.3803802362204725
11
1.1837018110236219
21
1.3803803937007875
0
LINE
8
BLACK
6
CONTINUOUS
10
1.1837018110236219
20
1.3803803937007875
11
1.1823714566929133
21
1.3823713779527558
0
LINE
8
BLACK
6
CONTINUOUS
10
1.1823714566929133
20
1.3823713779527558
11
1.1823713779527558
21
1.3823714566929133
0
LINE
8
BLACK
6
CONTINUOUS
10
1.1823713779527558
20
1.3823714566929133
11
1.1803801968503937
21
1.3837019291338581
0
LINE
8
BLACK
6
CONTINUOUS
10
1.1803801968503937
20
1.3837019291338581
11
1.1789735433070865
21
1.3839817322834644
0
LINE
8
BLACK
6
CONTINUOUS
10
1.1789735433070865
20
1.3839817322834644
11
1.1786242913385827
21
1.3840511811023621
0
LINE
8
BLACK
6
CONTINUOUS
10
1.1786242913385827
20
1.3840511811023621
11
1.178624251968504
21
1.3840511811023621
0
LINE
8
BLACK
6
CONTINUOUS
10
1.178624251968504
20
1.3840511811023621
11
1.1174387401574803
21
1.3840511811023621
0
LINE
8
BLACK
6
CONTINUOUS
10
1.1174387401574803
20
1.3840511811023621
11
1.1156827559055118
21
1.3837019291338581
0
LINE
8
BLACK
6
CONTINUOUS
10
1.1156827559055118
20
1.3837019291338581
11
1.1156825984251968
21
1.3837018503937009
0
LINE
8
BLACK
6
CONTINUOUS
10
1.1156825984251968
20
1.3837018503937009
11
1.1136916141732283
21
1.382371496062992
0
LINE
8
BLACK
6
CONTINUOUS
10
1.1136916141732283
20
1.382371496062992
11
1.1136915354330708
21
1.3823714173228345
0
LINE
8
BLACK
6
CONTINUOUS
10
1.1136915354330708
20
1.3823714173228345
11
1.1123610629921259
21
1.3803802362204725
0
LINE
8
BLACK
6
CONTINUOUS
10
1.1123610629921259
20
1.3803802362204725
11
1.1120118110236221
21
1.3786242913385827
0
LINE
8
BLACK
6
CONTINUOUS
10
1.1120118110236221
20
1.3786242913385827
11
1.1120118110236221
21
1.3174387795275591
0
LINE
8
BLACK
6
CONTINUOUS
10
1.1120118110236221
20
1.3174387795275591
11
1.1123610629921259
21
1.3156827952755905
0
LINE
8
BLACK
6
CONTINUOUS
10
1.212361062992126
20
1.3156827952755905
11
1.2123611417322835
21
1.3156826377952755
0
LINE
8
BLACK
6
CONTINUOUS
10
1.2123611417322835
20
1.3156826377952755
11
1.2136914960629921
21
1.313691653543307
0
LINE
8
BLACK
6
CONTINUOUS
10
1.2136914960629921
20
1.313691653543307
11
1.2136915354330708
21
1.3136916141732282
0
LINE
8
BLACK
6
CONTINUOUS
10
1.2136915354330708
20
1.3136916141732282
11
1.2136915748031496
21
1.3136915748031497
0
LINE
8
BLACK
6
CONTINUOUS
10
1.2136915748031496
20
1.3136915748031497
11
1.2156827559055119
21
1.3123611023622046
0
LINE
8
BLACK
6
CONTINUOUS
10
1.2156827559055119
20
1.3123611023622046
11
1.2174387007874015
21
1.3120118110236221
0
LINE
8
BLACK
6
CONTINUOUS
10
1.2174387007874015
20
1.3120118110236221
11
1.2786242519685038
21
1.3120118503937008
0
LINE
8
BLACK
6
CONTINUOUS
10
1.2786242519685038
20
1.3120118503937008
11
1.2803802362204724
21
1.3123611023622046
0
LINE
8
BLACK
6
CONTINUOUS
10
1.2803802362204724
20
1.3123611023622046
11
1.2823714173228347
21
1.3136915748031497
0
LINE
8
BLACK
6
CONTINUOUS
10
1.2823714173228347
20
1.3136915748031497
11
1.2837018897637795
21
1.3156827559055118
0
LINE
8
BLACK
6
CONTINUOUS
10
1.2837018897637795
20
1.3156827559055118
11
1.2840511811023623
21
1.3174387007874016
0
LINE
8
BLACK
6
CONTINUOUS
10
1.2840511811023623
20
1.3174387007874016
11
1.2840511417322835
21
1.3786242519685039
0
LINE
8
BLACK
6
CONTINUOUS
10
1.2840511417322835
20
1.3786242519685039
11
1.2837018897637795
21
1.3803802362204725
0
LINE
8
BLACK
6
CONTINUOUS
10
1.2837018897637795
20
1.3803802362204725
11
1.283701811023622
21
1.3803803937007875
0
LINE
8
BLACK
6
CONTINUOUS
10
1.283701811023622
20
1.3803803937007875
11
1.2823714566929134
21
1.3823713779527558
0
LINE
8
BLACK
6
CONTINUOUS
10
1.2823714566929134
20
1.3823713779527558
11
1.2823713779527559
21
1.3823714566929133
0
LINE
8
BLACK
6
CONTINUOUS
10
1.2823713779527559
20
1.3823714566929133
11
1.2803801968503936
21
1.3837019291338581
0
LINE
8
BLACK
6
CONTINUOUS
10
1.2803801968503936
20
1.3837019291338581
11
1.2789735433070866
21
1.3839817322834644
0
LINE
8
BLACK
6
CONTINUOUS
10
1.2789735433070866
20
1.3839817322834644
11
1.2786242913385826
21
1.3840511811023621
0
LINE
8
BLACK
6
CONTINUOUS
10
1.2786242913385826
20
1.3840511811023621
11
1.2786242519685038
21
1.3840511811023621
0
LINE
8
BLACK
6
CONTINUOUS
10
1.2786242519685038
20
1.3840511811023621
11
1.2174387401574802
21
1.3840511811023621
0
LINE
8
BLACK
6
CONTINUOUS
10
1.2174387401574802
20
1.3840511811023621
11
1.2156827559055119
21
1.3837019291338581
0
LINE
8
BLACK
6
CONTINUOUS
10
1.2156827559055119
20
1.3837019291338581
11
1.2156825984251969
21
1.3837018503937009
0
LINE
8
BLACK
6
CONTINUOUS
10
1.2156825984251969
20
1.3837018503937009
11
1.2136916141732284
21
1.382371496062992
0
LINE
8
BLACK
6
CONTINUOUS
10
1.2136916141732284
20
1.382371496062992
11
1.2136915354330708
21
1.3823714173228345
0
LINE
8
BLACK
6
CONTINUOUS
10
1.2136915354330708
20
1.3823714173228345
11
1.212361062992126
21
1.3803802362204725
0
LINE
8
BLACK
6
CONTINUOUS
10
1.212361062992126
20
1.3803802362204725
11
1.212011811023622
21
1.3786242913385827
0
LINE
8
BLACK
6
CONTINUOUS
10
1.212011811023622
20
1.3786242913385827
11
1.212011811023622
21
1.3174387795275591
0
LINE
8
BLACK
6
CONTINUOUS
10
1.212011811023622
20
1.3174387795275591
11
1.212361062992126
21
1.3156827952755905
0
LINE
8
BLACK
6
CONTINUOUS
10
0.3186602755905512
20
1.3196198031496063
11
0.3186603543307087
21
1.3196196456692912
0
LINE
8
BLACK
6
CONTINUOUS
10
0.3186603543307087
20
1.3196196456692912
11
0.3199907086614173
21
1.3176286614173227
0
LINE
8
BLACK
6
CONTINUOUS
10
0.3199907086614173
20
1.3176286614173227
11
0.3199907480314961
21
1.317628622047244
0
LINE
8
BLACK
6
CONTINUOUS
10
0.3199907480314961
20
1.317628622047244
11
0.3199907874015748
21
1.3176285826771654
0
LINE
8
BLACK
6
CONTINUOUS
10
0.3199907874015748
20
1.3176285826771654
11
0.321981968503937
21
1.3162981102362203
0
LINE
8
BLACK
6
CONTINUOUS
10
0.321981968503937
20
1.3162981102362203
11
0.3237379133858267
21
1.3159488188976378
0
LINE
8
BLACK
6
CONTINUOUS
10
0.3237379133858267
20
1.3159488188976378
11
0.3849234645669291
21
1.3159488582677166
0
LINE
8
BLACK
6
CONTINUOUS
10
0.3849234645669291
20
1.3159488582677166
11
0.3866794488188977
21
1.3162981102362203
0
LINE
8
BLACK
6
CONTINUOUS
10
0.3866794488188977
20
1.3162981102362203
11
0.3886706299212598
21
1.3176285826771654
0
LINE
8
BLACK
6
CONTINUOUS
10
0.3886706299212598
20
1.3176285826771654
11
0.3900011023622047
21
1.3196197637795275
0
LINE
8
BLACK
6
CONTINUOUS
10
0.3900011023622047
20
1.3196197637795275
11
0.3903503937007874
21
1.3213757086614173
0
LINE
8
BLACK
6
CONTINUOUS
10
0.3903503937007874
20
1.3213757086614173
11
0.3903503937007874
21
1.3213757874015748
0
LINE
8
BLACK
6
CONTINUOUS
10
0.3903503937007874
20
1.3213757874015748
11
0.3903503543307086
21
1.3825612598425197
0
LINE
8
BLACK
6
CONTINUOUS
10
0.3903503543307086
20
1.3825612598425197
11
0.3900011023622047
21
1.3843172440944882
0
LINE
8
BLACK
6
CONTINUOUS
10
0.3900011023622047
20
1.3843172440944882
11
0.3900010236220472
21
1.3843174015748032
0
LINE
8
BLACK
6
CONTINUOUS
10
0.3900010236220472
20
1.3843174015748032
11
0.3886706692913386
21
1.3863083858267715
0
LINE
8
BLACK
6
CONTINUOUS
10
0.3886706692913386
20
1.3863083858267715
11
0.3886705905511811
21
1.386308464566929
0
LINE
8
BLACK
6
CONTINUOUS
10
0.3886705905511811
20
1.386308464566929
11
0.3866794094488189
21
1.3876389370078739
0
LINE
8
BLACK
6
CONTINUOUS
10
0.3866794094488189
20
1.3876389370078739
11
0.3852727559055118
21
1.3879187401574802
0
LINE
8
BLACK
6
CONTINUOUS
10
0.3852727559055118
20
1.3879187401574802
11
0.3849235039370079
21
1.3879881889763779
0
LINE
8
BLACK
6
CONTINUOUS
10
0.3849235039370079
20
1.3879881889763779
11
0.3849234645669291
21
1.3879881889763779
0
LINE
8
BLACK
6
CONTINUOUS
10
0.3849234645669291
20
1.3879881889763779
11
0.3237379527559055
21
1.3879881889763779
0
LINE
8
BLACK
6
CONTINUOUS
10
0.3237379527559055
20
1.3879881889763779
11
0.321981968503937
21
1.3876389370078739
0
LINE
8
BLACK
6
CONTINUOUS
10
0.321981968503937
20
1.3876389370078739
11
0.3219818110236221
21
1.3876388582677166
0
LINE
8
BLACK
6
CONTINUOUS
10
0.3219818110236221
20
1.3876388582677166
11
0.3199908267716535
21
1.3863085039370078
0
LINE
8
BLACK
6
CONTINUOUS
10
0.3199908267716535
20
1.3863085039370078
11
0.3199907480314961
21
1.3863084251968503
0
LINE
8
BLACK
6
CONTINUOUS
10
0.3199907480314961
20
1.3863084251968503
11
0.3186602755905512
21
1.3843172440944882
0
LINE
8
BLACK
6
CONTINUOUS
10
0.3186602755905512
20
1.3843172440944882
11
0.3183110236220472
21
1.3825612992125984
0
LINE
8
BLACK
6
CONTINUOUS
10
0.3183110236220472
20
1.3825612992125984
11
0.3183110236220472
21
1.3213757874015748
0
LINE
8
BLACK
6
CONTINUOUS
10
0.3183110236220472
20
1.3213757874015748
11
0.3186602755905512
21
1.3196198031496063
0
LINE
8
BLACK
6
CONTINUOUS
10
0.4186602755905512
20
1.3196198031496063
11
0.4186603543307086
21
1.3196196456692912
0
LINE
8
BLACK
6
CONTINUOUS
10
0.4186603543307086
20
1.3196196456692912
11
0.4199907086614173
21
1.3176286614173227
0
LINE
8
BLACK
6
CONTINUOUS
10
0.4199907086614173
20
1.3176286614173227
11
0.4199907480314961
21
1.317628622047244
0
LINE
8
BLACK
6
CONTINUOUS
10
0.4199907480314961
20
1.317628622047244
11
0.4199907874015748
21
1.3176285826771654
0
LINE
8
BLACK
6
CONTINUOUS
10
0.4199907874015748
20
1.3176285826771654
11
0.421981968503937
21
1.3162981102362203
0
LINE
8
BLACK
6
CONTINUOUS
10
0.421981968503937
20
1.3162981102362203
11
0.4237379133858268
21
1.3159488188976378
0
LINE
8
BLACK
6
CONTINUOUS
10
0.4237379133858268
20
1.3159488188976378
11
0.4849234645669291
21
1.3159488582677166
0
LINE
8
BLACK
6
CONTINUOUS
10
0.4849234645669291
20
1.3159488582677166
11
0.4866794488188976
21
1.3162981102362203
0
LINE
8
BLACK
6
CONTINUOUS
10
0.4866794488188976
20
1.3162981102362203
11
0.4886706299212598
21
1.3176285826771654
0
LINE
8
BLACK
6
CONTINUOUS
10
0.4886706299212598
20
1.3176285826771654
11
0.4900011023622047
21
1.3196197637795275
0
LINE
8
BLACK
6
CONTINUOUS
10
0.4900011023622047
20
1.3196197637795275
11
0.4903503937007874
21
1.3213757086614173
0
LINE
8
BLACK
6
CONTINUOUS
10
0.4903503937007874
20
1.3213757086614173
11
0.4903503543307087
21
1.3825612598425197
0
LINE
8
BLACK
6
CONTINUOUS
10
0.4903503543307087
20
1.3825612598425197
11
0.4900011023622047
21
1.3843172440944882
0
LINE
8
BLACK
6
CONTINUOUS
10
0.4900011023622047
20
1.3843172440944882
11
0.4900010236220472
21
1.3843174015748032
0
LINE
8
BLACK
6
CONTINUOUS
10
0.4900010236220472
20
1.3843174015748032
11
0.4886706692913386
21
1.3863083858267715
0
LINE
8
BLACK
6
CONTINUOUS
10
0.4886706692913386
20
1.3863083858267715
11
0.4886705905511811
21
1.386308464566929
0
LINE
8
BLACK
6
CONTINUOUS
10
0.4886705905511811
20
1.386308464566929
11
0.4866794094488189
21
1.3876389370078739
0
LINE
8
BLACK
6
CONTINUOUS
10
0.4866794094488189
20
1.3876389370078739
11
0.4852727559055118
21
1.3879187401574802
0
LINE
8
BLACK
6
CONTINUOUS
10
0.4852727559055118
20
1.3879187401574802
11
0.4849235039370078
21
1.3879881889763779
0
LINE
8
BLACK
6
CONTINUOUS
10
0.4849235039370078
20
1.3879881889763779
11
0.4849234645669291
21
1.3879881889763779
0
LINE
8
BLACK
6
CONTINUOUS
10
0.4849234645669291
20
1.3879881889763779
11
0.4237379527559055
21
1.3879881889763779
0
LINE
8
BLACK
6
CONTINUOUS
10
0.4237379527559055
20
1.3879881889763779
11
0.421981968503937
21
1.3876389370078739
0
LINE
8
BLACK
6
CONTINUOUS
10
0.421981968503937
20
1.3876389370078739
11
0.421981811023622
21
1.3876388582677166
0
LINE
8
BLACK
6
CONTINUOUS
10
0.421981811023622
20
1.3876388582677166
11
0.4199908267716536
21
1.3863085039370078
0
LINE
8
BLACK
6
CONTINUOUS
10
0.4199908267716536
20
1.3863085039370078
11
0.4199907480314961
21
1.3863084251968503
0
LINE
8
BLACK
6
CONTINUOUS
10
0.4199907480314961
20
1.3863084251968503
11
0.4186602755905512
21
1.3843172440944882
0
LINE
8
BLACK
6
CONTINUOUS
10
0.4186602755905512
20
1.3843172440944882
11
0.4183110236220473
21
1.3825612992125984
0
LINE
8
BLACK
6
CONTINUOUS
10
0.4183110236220473
20
1.3825612992125984
11
0.4183110236220473
21
1.3213757874015748
0
LINE
8
BLACK
6
CONTINUOUS
10
0.4183110236220473
20
1.3213757874015748
11
0.4186602755905512
21
1.3196198031496063
0
LINE
8
BLACK
6
CONTINUOUS
10
0.5955905905511811
20
1.5866850393700787
11
0.5955905905511811
21
1.5646998818897637
0
LINE
8
BLACK
6
CONTINUOUS
10
0.5955905905511811
20
1.5646998818897637
11
0.5961616141732283
21
1.5618289763779527
0
LINE
8
BLACK
6
CONTINUOUS
10
0.5961616141732283
20
1.5618289763779527
11
0.5983370472440944
21
1.5585732677165354
0
LINE
8
BLACK
6
CONTINUOUS
10
0.5983370472440944
20
1.5585732677165354
11
0.6015927559055118
21
1.5563978346456693
0
LINE
8
BLACK
6
CONTINUOUS
10
0.6015927559055118
20
1.5563978346456693
11
0.6044637007874015
21
1.5558267716535432
0
LINE
8
BLACK
6
CONTINUOUS
10
0.6044637007874015
20
1.5558267716535432
11
0.6264488582677166
21
1.5558267716535432
0
LINE
8
BLACK
6
CONTINUOUS
10
0.6264488582677166
20
1.5558267716535432
11
0.6264488582677166
21
1.5656692913385826
0
LINE
8
BLACK
6
CONTINUOUS
10
0.6264488582677166
20
1.5656692913385826
11
0.6054331102362205
21
1.5656692913385826
0
LINE
8
BLACK
6
CONTINUOUS
10
0.6054331102362205
20
1.5656692913385826
11
0.6054331102362205
21
1.5866850393700787
0
LINE
8
BLACK
6
CONTINUOUS
10
0.6054331102362205
20
1.5866850393700787
11
0.5955905905511811
21
1.5866850393700787
0
LINE
8
BLACK
6
CONTINUOUS
10
0.6752756299212598
20
1.5866850393700787
11
0.6654331102362204
21
1.5866850393700787
0
LINE
8
BLACK
6
CONTINUOUS
10
0.6654331102362204
20
1.5866850393700787
11
0.6654331102362204
21
1.5656692913385826
0
LINE
8
BLACK
6
CONTINUOUS
10
0.6654331102362204
20
1.5656692913385826
11
0.6444173622047243
21
1.5656692913385826
0
LINE
8
BLACK
6
CONTINUOUS
10
0.6444173622047243
20
1.5656692913385826
11
0.6444173622047243
21
1.5558267716535432
0
LINE
8
BLACK
6
CONTINUOUS
10
0.6444173622047243
20
1.5558267716535432
11
0.6664025196850394
21
1.5558267716535432
0
LINE
8
BLACK
6
CONTINUOUS
10
0.6664025196850394
20
1.5558267716535432
11
0.6692734251968504
21
1.5563978346456693
0
LINE
8
BLACK
6
CONTINUOUS
10
0.6692734251968504
20
1.5563978346456693
11
0.6725291338582677
21
1.5585732677165354
0
LINE
8
BLACK
6
CONTINUOUS
10
0.6725291338582677
20
1.5585732677165354
11
0.6747045669291338
21
1.5618289763779527
0
LINE
8
BLACK
6
CONTINUOUS
10
0.6747045669291338
20
1.5618289763779527
11
0.6752756299212598
21
1.5646998818897637
0
LINE
8
BLACK
6
CONTINUOUS
10
0.6752756299212598
20
1.5646998818897637
11
0.6752756299212598
21
1.5650765748031497
0
LINE
8
BLACK
6
CONTINUOUS
10
0.6752756299212598
20
1.5650765748031497
11
0.6752756299212598
21
1.5866850393700787
0
LINE
8
BLACK
6
CONTINUOUS
10
0.9654331102362205
20
1.5656692913385826
11
0.9444173622047244
21
1.5656692913385826
0
LINE
8
BLACK
6
CONTINUOUS
10
0.9444173622047244
20
1.5656692913385826
11
0.9444173622047244
21
1.5558267716535432
0
LINE
8
BLACK
6
CONTINUOUS
10
0.9444173622047244
20
1.5558267716535432
11
0.9664025196850393
21
1.5558267716535432
0
LINE
8
BLACK
6
CONTINUOUS
10
0.9664025196850393
20
1.5558267716535432
11
0.9692734251968503
21
1.5563978346456693
0
LINE
8
BLACK
6
CONTINUOUS
10
0.9692734251968503
20
1.5563978346456693
11
0.9725291338582677
21
1.5585732677165354
0
LINE
8
BLACK
6
CONTINUOUS
10
0.9725291338582677
20
1.5585732677165354
11
0.9747045669291339
21
1.5618289763779527
0
LINE
8
BLACK
6
CONTINUOUS
10
0.9747045669291339
20
1.5618289763779527
11
0.9752756299212598
21
1.5646998818897637
0
LINE
8
BLACK
6
CONTINUOUS
10
0.9752756299212598
20
1.5646998818897637
11
0.9752756299212598
21
1.5866850393700787
0
LINE
8
BLACK
6
CONTINUOUS
10
0.9752756299212598
20
1.5866850393700787
11
0.9654331102362205
21
1.5866850393700787
0
LINE
8
BLACK
6
CONTINUOUS
10
0.9654331102362205
20
1.5866850393700787
11
0.9654331102362205
21
1.5656692913385826
0
LINE
8
BLACK
6
CONTINUOUS
10
0.6997626771653543
20
1.5633205905511811
11
0.6997627559055118
21
1.5633204330708661
0
LINE
8
BLACK
6
CONTINUOUS
10
0.6997627559055118
20
1.5633204330708661
11
0.7010931102362205
21
1.5613294488188976
0
LINE
8
BLACK
6
CONTINUOUS
10
0.7010931102362205
20
1.5613294488188976
11
0.7010931496062992
21
1.5613294094488188
0
LINE
8
BLACK
6
CONTINUOUS
10
0.7010931496062992
20
1.5613294094488188
11
0.701093188976378
21
1.5613293700787401
0
LINE
8
BLACK
6
CONTINUOUS
10
0.701093188976378
20
1.5613293700787401
11
0.7030843700787401
21
1.5599988976377952
0
LINE
8
BLACK
6
CONTINUOUS
10
0.7030843700787401
20
1.5599988976377952
11
0.7048403149606299
21
1.5596496062992125
0
LINE
8
BLACK
6
CONTINUOUS
10
0.7048403149606299
20
1.5596496062992125
11
0.7660258661417323
21
1.5596496456692912
0
LINE
8
BLACK
6
CONTINUOUS
10
0.7660258661417323
20
1.5596496456692912
11
0.7677818503937007
21
1.5599988976377952
0
LINE
8
BLACK
6
CONTINUOUS
10
0.7677818503937007
20
1.5599988976377952
11
0.769773031496063
21
1.5613293700787401
0
LINE
8
BLACK
6
CONTINUOUS
10
0.769773031496063
20
1.5613293700787401
11
0.7711035039370079
21
1.5633205511811024
0
LINE
8
BLACK
6
CONTINUOUS
10
0.7711035039370079
20
1.5633205511811024
11
0.7714527952755905
21
1.5650764960629922
0
LINE
8
BLACK
6
CONTINUOUS
10
0.7714527952755905
20
1.5650764960629922
11
0.7714527559055118
21
1.6262620472440945
0
LINE
8
BLACK
6
CONTINUOUS
10
0.7714527559055118
20
1.6262620472440945
11
0.7711035039370079
21
1.6280180314960631
0
LINE
8
BLACK
6
CONTINUOUS
10
0.7711035039370079
20
1.6280180314960631
11
0.7711034251968504
21
1.6280181889763778
0
LINE
8
BLACK
6
CONTINUOUS
10
0.7711034251968504
20
1.6280181889763778
11
0.7697730708661417
21
1.6300091732283464
0
LINE
8
BLACK
6
CONTINUOUS
10
0.7697730708661417
20
1.6300091732283464
11
0.7697729921259843
21
1.6300092519685039
0
LINE
8
BLACK
6
CONTINUOUS
10
0.7697729921259843
20
1.6300092519685039
11
0.7677818110236221
21
1.6313397244094487
0
LINE
8
BLACK
6
CONTINUOUS
10
0.7677818110236221
20
1.6313397244094487
11
0.7663751574803149
21
1.631619527559055
0
LINE
8
BLACK
6
CONTINUOUS
10
0.7663751574803149
20
1.631619527559055
11
0.766025905511811
21
1.6316889763779527
0
LINE
8
BLACK
6
CONTINUOUS
10
0.766025905511811
20
1.6316889763779527
11
0.7660258661417323
21
1.6316889763779527
0
LINE
8
BLACK
6
CONTINUOUS
10
0.7660258661417323
20
1.6316889763779527
11
0.7048403543307087
21
1.6316889763779527
0
LINE
8
BLACK
6
CONTINUOUS
10
0.7048403543307087
20
1.6316889763779527
11
0.7030843700787401
21
1.6313397244094487
0
LINE
8
BLACK
6
CONTINUOUS
10
0.7030843700787401
20
1.6313397244094487
11
0.7030842125984251
21
1.6313396456692912
0
LINE
8
BLACK
6
CONTINUOUS
10
0.7030842125984251
20
1.6313396456692912
11
0.7010932283464567
21
1.6300092913385826
0
LINE
8
BLACK
6
CONTINUOUS
10
0.7010932283464567
20
1.6300092913385826
11
0.7010931496062992
21
1.6300092125984251
0
LINE
8
BLACK
6
CONTINUOUS
10
0.7010931496062992
20
1.6300092125984251
11
0.6997626771653543
21
1.6280180314960631
0
LINE
8
BLACK
6
CONTINUOUS
10
0.6997626771653543
20
1.6280180314960631
11
0.6994134251968503
21
1.6262620866141733
0
LINE
8
BLACK
6
CONTINUOUS
10
0.6994134251968503
20
1.6262620866141733
11
0.6994134251968503
21
1.5650765748031497
0
LINE
8
BLACK
6
CONTINUOUS
10
0.6994134251968503
20
1.5650765748031497
11
0.6997626771653543
21
1.5633205905511811
0
LINE
8
BLACK
6
CONTINUOUS
10
0.9444173622047244
20
1.6256692913385826
11
0.9654331102362205
21
1.6256692913385826
0
LINE
8
BLACK
6
CONTINUOUS
10
0.9654331102362205
20
1.6256692913385826
11
0.9654331102362205
21
1.6046535433070865
0
LINE
8
BLACK
6
CONTINUOUS
10
0.9654331102362205
20
1.6046535433070865
11
0.9752756299212598
21
1.6046535433070865
0
LINE
8
BLACK
6
CONTINUOUS
10
0.9752756299212598
20
1.6046535433070865
11
0.9752756299212598
21
1.6266387401574802
0
LINE
8
BLACK
6
CONTINUOUS
10
0.9752756299212598
20
1.6266387401574802
11
0.9747045669291339
21
1.6295096456692912
0
LINE
8
BLACK
6
CONTINUOUS
10
0.9747045669291339
20
1.6295096456692912
11
0.9725291338582677
21
1.6327653543307086
0
LINE
8
BLACK
6
CONTINUOUS
10
0.9725291338582677
20
1.6327653543307086
11
0.9692734251968503
21
1.6349407874015747
0
LINE
8
BLACK
6
CONTINUOUS
10
0.9692734251968503
20
1.6349407874015747
11
0.9664025196850393
21
1.635511811023622
0
LINE
8
BLACK
6
CONTINUOUS
10
0.9664025196850393
20
1.635511811023622
11
0.9444173622047244
21
1.635511811023622
0
LINE
8
BLACK
6
CONTINUOUS
10
0.9444173622047244
20
1.635511811023622
11
0.9444173622047244
21
1.6256692913385826
0
LINE
8
BLACK
6
CONTINUOUS
10
0.9015927559055118
20
1.6349407874015747
11
0.8983370472440945
21
1.6327653543307086
0
LINE
8
BLACK
6
CONTINUOUS
10
0.8983370472440945
20
1.6327653543307086
11
0.8961616141732284
21
1.6295096456692912
0
LINE
8
BLACK
6
CONTINUOUS
10
0.8961616141732284
20
1.6295096456692912
11
0.8955905905511811
21
1.6266387401574802
0
LINE
8
BLACK
6
CONTINUOUS
10
0.8955905905511811
20
1.6266387401574802
11
0.8955905905511811
21
1.6046535433070865
0
LINE
8
BLACK
6
CONTINUOUS
10
0.8955905905511811
20
1.6046535433070865
11
0.9054331102362204
21
1.6046535433070865
0
LINE
8
BLACK
6
CONTINUOUS
10
0.9054331102362204
20
1.6046535433070865
11
0.9054331102362204
21
1.6256692913385826
0
LINE
8
BLACK
6
CONTINUOUS
10
0.9054331102362204
20
1.6256692913385826
11
0.9264488582677165
21
1.6256692913385826
0
LINE
8
BLACK
6
CONTINUOUS
10
0.9264488582677165
20
1.6256692913385826
11
0.9264488582677165
21
1.635511811023622
0
LINE
8
BLACK
6
CONTINUOUS
10
0.9264488582677165
20
1.635511811023622
11
0.9044637007874016
21
1.635511811023622
0
LINE
8
BLACK
6
CONTINUOUS
10
0.9044637007874016
20
1.635511811023622
11
0.9015927559055118
21
1.6349407874015747
0
LINE
8
BLACK
6
CONTINUOUS
10
0.6444173622047243
20
1.6256692913385826
11
0.6654331102362204
21
1.6256692913385826
0
LINE
8
BLACK
6
CONTINUOUS
10
0.6654331102362204
20
1.6256692913385826
11
0.6654331102362204
21
1.6046535433070865
0
LINE
8
BLACK
6
CONTINUOUS
10
0.6654331102362204
20
1.6046535433070865
11
0.6752756299212598
21
1.6046535433070865
0
LINE
8
BLACK
6
CONTINUOUS
10
0.6752756299212598
20
1.6046535433070865
11
0.6752756299212598
21
1.6266387401574802
0
LINE
8
BLACK
6
CONTINUOUS
10
0.6752756299212598
20
1.6266387401574802
11
0.6747045669291338
21
1.6295096456692912
0
LINE
8
BLACK
6
CONTINUOUS
10
0.6747045669291338
20
1.6295096456692912
11
0.6725291338582677
21
1.6327653543307086
0
LINE
8
BLACK
6
CONTINUOUS
10
0.6725291338582677
20
1.6327653543307086
11
0.6692734251968504
21
1.6349407874015747
0
LINE
8
BLACK
6
CONTINUOUS
10
0.6692734251968504
20
1.6349407874015747
11
0.6664025196850394
21
1.635511811023622
0
LINE
8
BLACK
6
CONTINUOUS
10
0.6664025196850394
20
1.635511811023622
11
0.6444173622047243
21
1.635511811023622
0
LINE
8
BLACK
6
CONTINUOUS
10
0.6444173622047243
20
1.635511811023622
11
0.6444173622047243
21
1.6256692913385826
0
LINE
8
BLACK
6
CONTINUOUS
10
0.6015927559055118
20
1.6349407874015747
11
0.5983370472440944
21
1.6327653543307086
0
LINE
8
BLACK
6
CONTINUOUS
10
0.5983370472440944
20
1.6327653543307086
11
0.5961616141732283
21
1.6295096456692912
0
LINE
8
BLACK
6
CONTINUOUS
10
0.5961616141732283
20
1.6295096456692912
11
0.5955905905511811
21
1.6266387401574802
0
LINE
8
BLACK
6
CONTINUOUS
10
0.5955905905511811
20
1.6266387401574802
11
0.5955905905511811
21
1.6046535433070865
0
LINE
8
BLACK
6
CONTINUOUS
10
0.5955905905511811
20
1.6046535433070865
11
0.6054331102362205
21
1.6046535433070865
0
LINE
8
BLACK
6
CONTINUOUS
10
0.6054331102362205
20
1.6046535433070865
11
0.6054331102362205
21
1.6256692913385826
0
LINE
8
BLACK
6
CONTINUOUS
10
0.6054331102362205
20
1.6256692913385826
11
0.6264488582677166
21
1.6256692913385826
0
LINE
8
BLACK
6
CONTINUOUS
10
0.6264488582677166
20
1.6256692913385826
11
0.6264488582677166
21
1.635511811023622
0
LINE
8
BLACK
6
CONTINUOUS
10
0.6264488582677166
20
1.635511811023622
11
0.6044637007874015
21
1.635511811023622
0
LINE
8
BLACK
6
CONTINUOUS
10
0.6044637007874015
20
1.635511811023622
11
0.6015927559055118
21
1.6349407874015747
0
LINE
8
BLACK
6
CONTINUOUS
10
0.5955905905511811
20
1.6866850393700787
11
0.5955905905511811
21
1.6646998818897638
0
LINE
8
BLACK
6
CONTINUOUS
10
0.5955905905511811
20
1.6646998818897638
11
0.5961616141732283
21
1.6618289763779528
0
LINE
8
BLACK
6
CONTINUOUS
10
0.5961616141732283
20
1.6618289763779528
11
0.5983370472440944
21
1.6585732677165355
0
LINE
8
BLACK
6
CONTINUOUS
10
0.5983370472440944
20
1.6585732677165355
11
0.6015927559055118
21
1.6563978346456694
0
LINE
8
BLACK
6
CONTINUOUS
10
0.6015927559055118
20
1.6563978346456694
11
0.6044637007874015
21
1.6558267716535433
0
LINE
8
BLACK
6
CONTINUOUS
10
0.6044637007874015
20
1.6558267716535433
11
0.6264488582677166
21
1.6558267716535433
0
LINE
8
BLACK
6
CONTINUOUS
10
0.6264488582677166
20
1.6558267716535433
11
0.6264488582677166
21
1.6656692913385827
0
LINE
8
BLACK
6
CONTINUOUS
10
0.6264488582677166
20
1.6656692913385827
11
0.6054331102362205
21
1.6656692913385827
0
LINE
8
BLACK
6
CONTINUOUS
10
0.6054331102362205
20
1.6656692913385827
11
0.6054331102362205
21
1.6866850393700787
0
LINE
8
BLACK
6
CONTINUOUS
10
0.6054331102362205
20
1.6866850393700787
11
0.5955905905511811
21
1.6866850393700787
0
LINE
8
BLACK
6
CONTINUOUS
10
0.6752756299212598
20
1.6866850393700787
11
0.6654331102362204
21
1.6866850393700787
0
LINE
8
BLACK
6
CONTINUOUS
10
0.6654331102362204
20
1.6866850393700787
11
0.6654331102362204
21
1.6656692913385827
0
LINE
8
BLACK
6
CONTINUOUS
10
0.6654331102362204
20
1.6656692913385827
11
0.6444173622047243
21
1.6656692913385827
0
LINE
8
BLACK
6
CONTINUOUS
10
0.6444173622047243
20
1.6656692913385827
11
0.6444173622047243
21
1.6558267716535433
0
LINE
8
BLACK
6
CONTINUOUS
10
0.6444173622047243
20
1.6558267716535433
11
0.6664025196850394
21
1.6558267716535433
0
LINE
8
BLACK
6
CONTINUOUS
10
0.6664025196850394
20
1.6558267716535433
11
0.6692734251968504
21
1.6563978346456694
0
LINE
8
BLACK
6
CONTINUOUS
10
0.6692734251968504
20
1.6563978346456694
11
0.6725291338582677
21
1.6585732677165355
0
LINE
8
BLACK
6
CONTINUOUS
10
0.6725291338582677
20
1.6585732677165355
11
0.6747045669291338
21
1.6618289763779528
0
LINE
8
BLACK
6
CONTINUOUS
10
0.6747045669291338
20
1.6618289763779528
11
0.6752756299212598
21
1.6646998818897638
0
LINE
8
BLACK
6
CONTINUOUS
10
0.6752756299212598
20
1.6646998818897638
11
0.6752756299212598
21
1.6650765748031495
0
LINE
8
BLACK
6
CONTINUOUS
10
0.6752756299212598
20
1.6650765748031495
11
0.6752756299212598
21
1.6866850393700787
0
LINE
8
BLACK
6
CONTINUOUS
10
0.9654331102362205
20
1.6656692913385827
11
0.9444173622047244
21
1.6656692913385827
0
LINE
8
BLACK
6
CONTINUOUS
10
0.9444173622047244
20
1.6656692913385827
11
0.9444173622047244
21
1.6558267716535433
0
LINE
8
BLACK
6
CONTINUOUS
10
0.9444173622047244
20
1.6558267716535433
11
0.9664025196850393
21
1.6558267716535433
0
LINE
8
BLACK
6
CONTINUOUS
10
0.9664025196850393
20
1.6558267716535433
11
0.9692734251968503
21
1.6563978346456694
0
LINE
8
BLACK
6
CONTINUOUS
10
0.9692734251968503
20
1.6563978346456694
11
0.9725291338582677
21
1.6585732677165355
0
LINE
8
BLACK
6
CONTINUOUS
10
0.9725291338582677
20
1.6585732677165355
11
0.9747045669291339
21
1.6618289763779528
0
LINE
8
BLACK
6
CONTINUOUS
10
0.9747045669291339
20
1.6618289763779528
11
0.9752756299212598
21
1.6646998818897638
0
LINE
8
BLACK
6
CONTINUOUS
10
0.9752756299212598
20
1.6646998818897638
11
0.9752756299212598
21
1.6866850393700787
0
LINE
8
BLACK
6
CONTINUOUS
10
0.9752756299212598
20
1.6866850393700787
11
0.9654331102362205
21
1.6866850393700787
0
LINE
8
BLACK
6
CONTINUOUS
10
0.9654331102362205
20
1.6866850393700787
11
0.9654331102362205
21
1.6656692913385827
0
LINE
8
BLACK
6
CONTINUOUS
10
0.6997626771653543
20
1.663320590551181
11
0.6997627559055118
21
1.6633204330708662
0
LINE
8
BLACK
6
CONTINUOUS
10
0.6997627559055118
20
1.6633204330708662
11
0.7010931102362205
21
1.6613294488188977
0
LINE
8
BLACK
6
CONTINUOUS
10
0.7010931102362205
20
1.6613294488188977
11
0.7010931496062992
21
1.6613294094488189
0
LINE
8
BLACK
6
CONTINUOUS
10
0.7010931496062992
20
1.6613294094488189
11
0.701093188976378
21
1.6613293700787402
0
LINE
8
BLACK
6
CONTINUOUS
10
0.701093188976378
20
1.6613293700787402
11
0.7030843700787401
21
1.6599988976377953
0
LINE
8
BLACK
6
CONTINUOUS
10
0.7030843700787401
20
1.6599988976377953
11
0.7048403149606299
21
1.6596496062992125
0
LINE
8
BLACK
6
CONTINUOUS
10
0.7048403149606299
20
1.6596496062992125
11
0.7660258661417323
21
1.6596496456692913
0
LINE
8
BLACK
6
CONTINUOUS
10
0.7660258661417323
20
1.6596496456692913
11
0.7677818503937007
21
1.6599988976377953
0
LINE
8
BLACK
6
CONTINUOUS
10
0.7677818503937007
20
1.6599988976377953
11
0.769773031496063
21
1.6613293700787402
0
LINE
8
BLACK
6
CONTINUOUS
10
0.769773031496063
20
1.6613293700787402
11
0.7711035039370079
21
1.6633205511811022
0
LINE
8
BLACK
6
CONTINUOUS
10
0.7711035039370079
20
1.6633205511811022
11
0.7714527952755905
21
1.665076496062992
0
LINE
8
BLACK
6
CONTINUOUS
10
0.7714527952755905
20
1.665076496062992
11
0.7714527559055118
21
1.7262620472440944
0
LINE
8
BLACK
6
CONTINUOUS
10
0.7714527559055118
20
1.7262620472440944
11
0.7711035039370079
21
1.7280180314960629
0
LINE
8
BLACK
6
CONTINUOUS
10
0.7711035039370079
20
1.7280180314960629
11
0.7711034251968504
21
1.7280181889763779
0
LINE
8
BLACK
6
CONTINUOUS
10
0.7711034251968504
20
1.7280181889763779
11
0.7697730708661417
21
1.7300091732283465
0
LINE
8
BLACK
6
CONTINUOUS
10
0.7697730708661417
20
1.7300091732283465
11
0.7697729921259843
21
1.730009251968504
0
LINE
8
BLACK
6
CONTINUOUS
10
0.7697729921259843
20
1.730009251968504
11
0.7677818110236221
21
1.7313397244094488
0
LINE
8
BLACK
6
CONTINUOUS
10
0.7677818110236221
20
1.7313397244094488
11
0.7663751574803149
21
1.7316195275590551
0
LINE
8
BLACK
6
CONTINUOUS
10
0.7663751574803149
20
1.7316195275590551
11
0.766025905511811
21
1.7316889763779528
0
LINE
8
BLACK
6
CONTINUOUS
10
0.766025905511811
20
1.7316889763779528
11
0.7660258661417323
21
1.7316889763779528
0
LINE
8
BLACK
6
CONTINUOUS
10
0.7660258661417323
20
1.7316889763779528
11
0.7048403543307087
21
1.7316889763779528
0
LINE
8
BLACK
6
CONTINUOUS
10
0.7048403543307087
20
1.7316889763779528
11
0.7030843700787401
21
1.7313397244094488
0
LINE
8
BLACK
6
CONTINUOUS
10
0.7030843700787401
20
1.7313397244094488
11
0.7030842125984251
21
1.7313396456692913
0
LINE
8
BLACK
6
CONTINUOUS
10
0.7030842125984251
20
1.7313396456692913
11
0.7010932283464567
21
1.7300092913385827
0
LINE
8
BLACK
6
CONTINUOUS
10
0.7010932283464567
20
1.7300092913385827
11
0.7010931496062992
21
1.7300092125984252
0
LINE
8
BLACK
6
CONTINUOUS
10
0.7010931496062992
20
1.7300092125984252
11
0.6997626771653543
21
1.7280180314960629
0
LINE
8
BLACK
6
CONTINUOUS
10
0.6997626771653543
20
1.7280180314960629
11
0.6994134251968503
21
1.7262620866141731
0
LINE
8
BLACK
6
CONTINUOUS
10
0.6994134251968503
20
1.7262620866141731
11
0.6994134251968503
21
1.6650765748031495
0
LINE
8
BLACK
6
CONTINUOUS
10
0.6994134251968503
20
1.6650765748031495
11
0.6997626771653543
21
1.663320590551181
0
LINE
8
BLACK
6
CONTINUOUS
10
0.9444173622047244
20
1.7256692913385827
11
0.9654331102362205
21
1.7256692913385827
0
LINE
8
BLACK
6
CONTINUOUS
10
0.9654331102362205
20
1.7256692913385827
11
0.9654331102362205
21
1.7046535433070866
0
LINE
8
BLACK
6
CONTINUOUS
10
0.9654331102362205
20
1.7046535433070866
11
0.9752756299212598
21
1.7046535433070866
0
LINE
8
BLACK
6
CONTINUOUS
10
0.9752756299212598
20
1.7046535433070866
11
0.9752756299212598
21
1.7266387401574803
0
LINE
8
BLACK
6
CONTINUOUS
10
0.9752756299212598
20
1.7266387401574803
11
0.9747045669291339
21
1.7295096456692913
0
LINE
8
BLACK
6
CONTINUOUS
10
0.9747045669291339
20
1.7295096456692913
11
0.9725291338582677
21
1.7327653543307087
0
LINE
8
BLACK
6
CONTINUOUS
10
0.9725291338582677
20
1.7327653543307087
11
0.9692734251968503
21
1.7349407874015748
0
LINE
8
BLACK
6
CONTINUOUS
10
0.9692734251968503
20
1.7349407874015748
11
0.9664025196850393
21
1.7355118110236221
0
LINE
8
BLACK
6
CONTINUOUS
10
0.9664025196850393
20
1.7355118110236221
11
0.9444173622047244
21
1.7355118110236221
0
LINE
8
BLACK
6
CONTINUOUS
10
0.9444173622047244
20
1.7355118110236221
11
0.9444173622047244
21
1.7256692913385827
0
LINE
8
BLACK
6
CONTINUOUS
10
0.9015927559055118
20
1.7349407874015748
11
0.8983370472440945
21
1.7327653543307087
0
LINE
8
BLACK
6
CONTINUOUS
10
0.8983370472440945
20
1.7327653543307087
11
0.8961616141732284
21
1.7295096456692913
0
LINE
8
BLACK
6
CONTINUOUS
10
0.8961616141732284
20
1.7295096456692913
11
0.8955905905511811
21
1.7266387401574803
0
LINE
8
BLACK
6
CONTINUOUS
10
0.8955905905511811
20
1.7266387401574803
11
0.8955905905511811
21
1.7046535433070866
0
LINE
8
BLACK
6
CONTINUOUS
10
0.8955905905511811
20
1.7046535433070866
11
0.9054331102362204
21
1.7046535433070866
0
LINE
8
BLACK
6
CONTINUOUS
10
0.9054331102362204
20
1.7046535433070866
11
0.9054331102362204
21
1.7256692913385827
0
LINE
8
BLACK
6
CONTINUOUS
10
0.9054331102362204
20
1.7256692913385827
11
0.9264488582677165
21
1.7256692913385827
0
LINE
8
BLACK
6
CONTINUOUS
10
0.9264488582677165
20
1.7256692913385827
11
0.9264488582677165
21
1.7355118110236221
0
LINE
8
BLACK
6
CONTINUOUS
10
0.9264488582677165
20
1.7355118110236221
11
0.9044637007874016
21
1.7355118110236221
0
LINE
8
BLACK
6
CONTINUOUS
10
0.9044637007874016
20
1.7355118110236221
11
0.9015927559055118
21
1.7349407874015748
0
LINE
8
BLACK
6
CONTINUOUS
10
0.6444173622047243
20
1.7256692913385827
11
0.6654331102362204
21
1.7256692913385827
0
LINE
8
BLACK
6
CONTINUOUS
10
0.6654331102362204
20
1.7256692913385827
11
0.6654331102362204
21
1.7046535433070866
0
LINE
8
BLACK
6
CONTINUOUS
10
0.6654331102362204
20
1.7046535433070866
11
0.6752756299212598
21
1.7046535433070866
0
LINE
8
BLACK
6
CONTINUOUS
10
0.6752756299212598
20
1.7046535433070866
11
0.6752756299212598
21
1.7266387401574803
0
LINE
8
BLACK
6
CONTINUOUS
10
0.6752756299212598
20
1.7266387401574803
11
0.6747045669291338
21
1.7295096456692913
0
LINE
8
BLACK
6
CONTINUOUS
10
0.6747045669291338
20
1.7295096456692913
11
0.6725291338582677
21
1.7327653543307087
0
LINE
8
BLACK
6
CONTINUOUS
10
0.6725291338582677
20
1.7327653543307087
11
0.6692734251968504
21
1.7349407874015748
0
LINE
8
BLACK
6
CONTINUOUS
10
0.6692734251968504
20
1.7349407874015748
11
0.6664025196850394
21
1.7355118110236221
0
LINE
8
BLACK
6
CONTINUOUS
10
0.6664025196850394
20
1.7355118110236221
11
0.6444173622047243
21
1.7355118110236221
0
LINE
8
BLACK
6
CONTINUOUS
10
0.6444173622047243
20
1.7355118110236221
11
0.6444173622047243
21
1.7256692913385827
0
LINE
8
BLACK
6
CONTINUOUS
10
0.6015927559055118
20
1.7349407874015748
11
0.5983370472440944
21
1.7327653543307087
0
LINE
8
BLACK
6
CONTINUOUS
10
0.5983370472440944
20
1.7327653543307087
11
0.5961616141732283
21
1.7295096456692913
0
LINE
8
BLACK
6
CONTINUOUS
10
0.5961616141732283
20
1.7295096456692913
11
0.5955905905511811
21
1.7266387401574803
0
LINE
8
BLACK
6
CONTINUOUS
10
0.5955905905511811
20
1.7266387401574803
11
0.5955905905511811
21
1.7046535433070866
0
LINE
8
BLACK
6
CONTINUOUS
10
0.5955905905511811
20
1.7046535433070866
11
0.6054331102362205
21
1.7046535433070866
0
LINE
8
BLACK
6
CONTINUOUS
10
0.6054331102362205
20
1.7046535433070866
11
0.6054331102362205
21
1.7256692913385827
0
LINE
8
BLACK
6
CONTINUOUS
10
0.6054331102362205
20
1.7256692913385827
11
0.6264488582677166
21
1.7256692913385827
0
LINE
8
BLACK
6
CONTINUOUS
10
0.6264488582677166
20
1.7256692913385827
11
0.6264488582677166
21
1.7355118110236221
0
LINE
8
BLACK
6
CONTINUOUS
10
0.6264488582677166
20
1.7355118110236221
11
0.6044637007874015
21
1.7355118110236221
0
LINE
8
BLACK
6
CONTINUOUS
10
0.6044637007874015
20
1.7355118110236221
11
0.6015927559055118
21
1.7349407874015748
0
LINE
8
BLACK
6
CONTINUOUS
10
0.8961616141732284
20
1.5618289763779527
11
0.8983370472440945
21
1.5585732677165354
0
LINE
8
BLACK
6
CONTINUOUS
10
0.8983370472440945
20
1.5585732677165354
11
0.9015927559055118
21
1.5563978346456693
0
LINE
8
BLACK
6
CONTINUOUS
10
0.9015927559055118
20
1.5563978346456693
11
0.9044637007874016
21
1.5558267716535432
0
LINE
8
BLACK
6
CONTINUOUS
10
0.9044637007874016
20
1.5558267716535432
11
0.9264488582677165
21
1.5558267716535432
0
LINE
8
BLACK
6
CONTINUOUS
10
0.9264488582677165
20
1.5558267716535432
11
0.9264488582677165
21
1.5656692913385826
0
LINE
8
BLACK
6
CONTINUOUS
10
0.9264488582677165
20
1.5656692913385826
11
0.9054331102362204
21
1.5656692913385826
0
LINE
8
BLACK
6
CONTINUOUS
10
0.9054331102362204
20
1.5656692913385826
11
0.9054331102362204
21
1.5866850393700787
0
LINE
8
BLACK
6
CONTINUOUS
10
0.9054331102362204
20
1.5866850393700787
11
0.8955905905511811
21
1.5866850393700787
0
LINE
8
BLACK
6
CONTINUOUS
10
0.8955905905511811
20
1.5866850393700787
11
0.8955905905511811
21
1.5646998818897637
0
LINE
8
BLACK
6
CONTINUOUS
10
0.8955905905511811
20
1.5646998818897637
11
0.8961616141732284
21
1.5618289763779527
0
LINE
8
BLACK
6
CONTINUOUS
10
0.8961616141732284
20
1.6618289763779528
11
0.8983370472440945
21
1.6585732677165355
0
LINE
8
BLACK
6
CONTINUOUS
10
0.8983370472440945
20
1.6585732677165355
11
0.9015927559055118
21
1.6563978346456694
0
LINE
8
BLACK
6
CONTINUOUS
10
0.9015927559055118
20
1.6563978346456694
11
0.9044637007874016
21
1.6558267716535433
0
LINE
8
BLACK
6
CONTINUOUS
10
0.9044637007874016
20
1.6558267716535433
11
0.9264488582677165
21
1.6558267716535433
0
LINE
8
BLACK
6
CONTINUOUS
10
0.9264488582677165
20
1.6558267716535433
11
0.9264488582677165
21
1.6656692913385827
0
LINE
8
BLACK
6
CONTINUOUS
10
0.9264488582677165
20
1.6656692913385827
11
0.9054331102362204
21
1.6656692913385827
0
LINE
8
BLACK
6
CONTINUOUS
10
0.9054331102362204
20
1.6656692913385827
11
0.9054331102362204
21
1.6866850393700787
0
LINE
8
BLACK
6
CONTINUOUS
10
0.9054331102362204
20
1.6866850393700787
11
0.8955905905511811
21
1.6866850393700787
0
LINE
8
BLACK
6
CONTINUOUS
10
0.8955905905511811
20
1.6866850393700787
11
0.8955905905511811
21
1.6646998818897638
0
LINE
8
BLACK
6
CONTINUOUS
10
0.8955905905511811
20
1.6646998818897638
11
0.8961616141732284
21
1.6618289763779528
0
CIRCLE
8
BLACK
10
0.6486220472440944
20
0.8700787401574803
40
0.0068897637795276
0
CIRCLE
8
BLACK
10
0.6486220472440944
20
0.7700787401574803
40
0.0068897637795276
0
CIRCLE
8
BLACK
10
0.6486220472440944
20
0.6700787401574803
40
0.0068897637795276
0
CIRCLE
8
BLACK
10
0.6486220472440944
20
0.5700787401574803
40
0.0068897637795276
0
CIRCLE
8
BLACK
10
0.6486220472440944
20
0.4700787401574803
40
0.0068897637795276
0
CIRCLE
8
BLACK
10
0.9486220472440945
20
0.4700787401574803
40
0.0068897637795276
0
CIRCLE
8
BLACK
10
0.9486220472440945
20
0.5700787401574803
40
0.0068897637795276
0
CIRCLE
8
BLACK
10
0.9486220472440945
20
0.6700787401574803
40
0.0068897637795276
0
CIRCLE
8
BLACK
10
0.9486220472440945
20
0.7700787401574803
40
0.0068897637795276
0
CIRCLE
8
BLACK
10
0.9486220472440945
20
0.8700787401574803
40
0.0068897637795276
0
CIRCLE
8
BLACK
10
1.2000000393700787
20
1.5999999999999999
40
0.0068897637795276
0
CIRCLE
8
BLACK
10
1.2000000393700787
20
0.4
40
0.0068897637795276
0
CIRCLE
8
BLACK
10
0.455511811023622
20
0.6165354330708661
40
0.0068897637795276
0
CIRCLE
8
BLACK
10
0.3555118110236221
20
0.6165354330708661
40
0.0068897637795276
0
CIRCLE
8
BLACK
10
0.455511811023622
20
0.7165354330708661
40
0.0068897637795276
0
CIRCLE
8
BLACK
10
0.3555118110236221
20
0.7165354330708661
40
0.0068897637795276
0
CIRCLE
8
BLACK
10
0.455511811023622
20
0.8165354330708661
40
0.0068897637795276
0
CIRCLE
8
BLACK
10
0.3555118110236221
20
0.8165354330708661
40
0.0068897637795276
0
CIRCLE
8
BLACK
10
0.455511811023622
20
0.9165354330708662
40
0.0068897637795276
0
CIRCLE
8
BLACK
10
0.3555118110236221
20
0.9165354330708662
40
0.0068897637795276
0
CIRCLE
8
BLACK
10
0.455511811023622
20
1.016535433070866
40
0.0068897637795276
0
CIRCLE
8
BLACK
10
0.3555118110236221
20
1.016535433070866
40
0.0068897637795276
0
CIRCLE
8
BLACK
10
0.455511811023622
20
1.1165354330708661
40
0.0068897637795276
0
CIRCLE
8
BLACK
10
0.3555118110236221
20
1.1165354330708661
40
0.0068897637795276
0
CIRCLE
8
BLACK
10
0.4000000393700787
20
1.5999999999999999
40
0.0068897637795276
0
CIRCLE
8
BLACK
10
0.6354331102362205
20
1.5956692913385826
40
0.0068897637795276
0
CIRCLE
8
BLACK
10
0.6354331102362205
20
1.6956692913385827
40
0.0068897637795276
0
CIRCLE
8
BLACK
10
0.7354331102362205
20
1.5956692913385826
40
0.0068897637795276
0
CIRCLE
8
BLACK
10
0.7354331102362205
20
1.6956692913385827
40
0.0068897637795276
0
CIRCLE
8
BLACK
10
0.8354331102362205
20
1.5956692913385826
40
0.0068897637795276
0
CIRCLE
8
BLACK
10
0.8354331102362205
20
1.6956692913385827
40
0.0068897637795276
0
CIRCLE
8
BLACK
10
0.9354331102362204
20
1.5956692913385826
40
0.0068897637795276
0
CIRCLE
8
BLACK
10
0.9354331102362204
20
1.6956692913385827
40
0.0068897637795276
0
CIRCLE
8
BLACK
10
1.148031496062992
20
1.348031496062992
40
0.0068897637795276
0
CIRCLE
8
BLACK
10
1.2480314960629921
20
1.348031496062992
40
0.0068897637795276
0
CIRCLE
8
BLACK
10
1.148031496062992
20
1.2480314960629921
40
0.0068897637795276
0
CIRCLE
8
BLACK
10
1.2480314960629921
20
1.2480314960629921
40
0.0068897637795276
0
CIRCLE
8
BLACK
10
1.1547244094488189
20
1.1165354330708661
40
0.0068897637795276
0
CIRCLE
8
BLACK
10
1.2547244094488188
20
1.1165354330708661
40
0.0068897637795276
0
CIRCLE
8
BLACK
10
1.1547244094488189
20
1.016535433070866
40
0.0068897637795276
0
CIRCLE
8
BLACK
10
1.2547244094488188
20
1.016535433070866
40
0.0068897637795276
0
CIRCLE
8
BLACK
10
1.1547244094488189
20
0.9165354330708662
40
0.0068897637795276
0
CIRCLE
8
BLACK
10
1.2547244094488188
20
0.9165354330708662
40
0.0068897637795276
0
CIRCLE
8
BLACK
10
1.1547244094488189
20
0.8165354330708661
40
0.0068897637795276
0
CIRCLE
8
BLACK
10
1.2547244094488188
20
0.8165354330708661
40
0.0068897637795276
0
CIRCLE
8
BLACK
10
1.1547244094488189
20
0.7165354330708661
40
0.0068897637795276
0
CIRCLE
8
BLACK
10
1.2547244094488188
20
0.7165354330708661
40
0.0068897637795276
0
CIRCLE
8
BLACK
10
1.1547244094488189
20
0.6165354330708661
40
0.0068897637795276
0
CIRCLE
8
BLACK
10
1.2547244094488188
20
0.6165354330708661
40
0.0068897637795276
0
CIRCLE
8
BLACK
10
0.4543307086614173
20
1.2519685039370079
40
0.0068897637795276
0
CIRCLE
8
BLACK
10
0.3543307086614173
20
1.2519685039370079
40
0.0068897637795276
0
CIRCLE
8
BLACK
10
0.4543307086614173
20
1.3519685039370077
40
0.0068897637795276
0
CIRCLE
8
BLACK
10
0.3543307086614173
20
1.3519685039370077
40
0.0068897637795276
0
CIRCLE
8
BLACK
10
0.4000000393700787
20
0.4
40
0.0068897637795276
  0
ENDSEC
  0
EOF
