  0
SECTION
  2
HEADER
  9
$ANGBASE
  50
0.0
  9
$ANGDIR
  70
1
  9
$MEASUREMENT
  70
0
  0
ENDSEC
  0
SECTION
  2
TABLES
  0
TABLE
  2
LTYPE
  70
4
  0
LTYPE
  5
40F
  2
CONTINUOUS
  70
0
  3
Solid line
  72
65
  73
0
  40
0.0
  0
LTYPE
  5
410
  2
DASHDOT
 70
0
  3
Dash Dot ____ _ ____ _
 72
65
 73
4
 40
2.0
 49
1.25
 49
-0.25
 49
0.25
 49
-0.25
  0
LTYPE
  5
411
  2
DASHED
 70
0
  3
Dashed __ __ __ __ __
 72
65
 73
2
 40
0.75
 49
0.5
 49
-0.25
  0
LTYPE
  5
43B
  2
DOTTED
 70
0
  3
Dotted .  .  .  .
 72
65
 73
2
 40
0.2
 49
0.0
 49
-0.2
  0
ENDTAB
  0
TABLE
  2
STYLE
  70
4
  0
STYLE
  2
KICAD
  70
0
  40
0
  41
1
  42
1
  50
0
  71
0
  3
isocp.shx
  0
STYLE
  2
KICADB
  70
0
  40
0
  41
1
  42
1
  50
0
  71
0
  3
isocp.shx
  0
STYLE
  2
KICADI
  70
0
  40
0
  41
1
  42
1
  50
15
  71
0
  3
isocp.shx
  0
STYLE
  2
KICADBI
  70
0
  40
0
  41
1
  42
1
  50
15
  71
0
  3
isocp.shx
  0
ENDTAB
  0
TABLE
  2
LAYER
  70
1
  0
LAYER
  2
BLACK
  70
0
  62
7
  6
CONTINUOUS
  0
ENDTAB
  0
ENDSEC
  0
SECTION
  2
ENTITIES
0
LINE
8
BLACK
6
CONTINUOUS
10
0.6797848031496063
20
0.3010744094488189
11
0.681358031496063
21
0.2989090551181102
0
LINE
8
BLACK
6
CONTINUOUS
10
0.681358031496063
20
0.2989090551181102
11
0.681358031496063
21
0.2962325196850394
0
LINE
8
BLACK
6
CONTINUOUS
10
0.681358031496063
20
0.2962325196850394
11
0.6797848031496063
21
0.2940671653543307
0
LINE
8
BLACK
6
CONTINUOUS
10
0.6797848031496063
20
0.2940671653543307
11
0.6772392913385826
21
0.2932400787401575
0
LINE
8
BLACK
6
CONTINUOUS
10
0.6772392913385826
20
0.2932400787401575
11
0.6590728346456692
21
0.2932400787401575
0
LINE
8
BLACK
6
CONTINUOUS
10
0.6590728346456692
20
0.2932400787401575
11
0.6590728346456692
21
0.2794042913385827
0
LINE
8
BLACK
6
CONTINUOUS
10
0.6590728346456692
20
0.2794042913385827
11
0.6704901574803149
21
0.2794042913385827
0
LINE
8
BLACK
6
CONTINUOUS
10
0.6704901574803149
20
0.2794042913385827
11
0.6730356692913385
21
0.2785772047244094
0
LINE
8
BLACK
6
CONTINUOUS
10
0.6730356692913385
20
0.2785772047244094
11
0.6746088976377953
21
0.2764118503937008
0
LINE
8
BLACK
6
CONTINUOUS
10
0.6746088976377953
20
0.2764118503937008
11
0.6746088976377953
21
0.2737353149606299
0
LINE
8
BLACK
6
CONTINUOUS
10
0.6746088976377953
20
0.2737353149606299
11
0.6730356692913385
21
0.2715699606299213
0
LINE
8
BLACK
6
CONTINUOUS
10
0.6730356692913385
20
0.2715699606299213
11
0.6704901574803149
21
0.270742874015748
0
LINE
8
BLACK
6
CONTINUOUS
10
0.6704901574803149
20
0.270742874015748
11
0.6590728346456692
21
0.270742874015748
0
LINE
8
BLACK
6
CONTINUOUS
10
0.6590728346456692
20
0.270742874015748
11
0.6590728346456692
21
0.2546574015748032
0
LINE
8
BLACK
6
CONTINUOUS
10
0.6590728346456692
20
0.2546574015748032
11
0.6772392913385826
21
0.2546574015748032
0
LINE
8
BLACK
6
CONTINUOUS
10
0.6772392913385826
20
0.2546574015748032
11
0.6797848031496063
21
0.2538303149606299
0
LINE
8
BLACK
6
CONTINUOUS
10
0.6797848031496063
20
0.2538303149606299
11
0.681358031496063
21
0.2516649606299213
0
LINE
8
BLACK
6
CONTINUOUS
10
0.681358031496063
20
0.2516649606299213
11
0.681358031496063
21
0.2489884251968504
0
LINE
8
BLACK
6
CONTINUOUS
10
0.681358031496063
20
0.2489884251968504
11
0.6797848031496063
21
0.2468230708661417
0
LINE
8
BLACK
6
CONTINUOUS
10
0.6797848031496063
20
0.2468230708661417
11
0.6772392913385826
21
0.2459959842519685
0
LINE
8
BLACK
6
CONTINUOUS
10
0.6772392913385826
20
0.2459959842519685
11
0.654742125984252
21
0.2459959842519685
0
LINE
8
BLACK
6
CONTINUOUS
10
0.654742125984252
20
0.2459959842519685
11
0.6540897637795275
21
0.2462079527559055
0
LINE
8
BLACK
6
CONTINUOUS
10
0.6540897637795275
20
0.2462079527559055
11
0.6534038582677165
21
0.2462079527559055
0
LINE
8
BLACK
6
CONTINUOUS
10
0.6534038582677165
20
0.2462079527559055
11
0.6528489370078741
21
0.2466111417322835
0
LINE
8
BLACK
6
CONTINUOUS
10
0.6528489370078741
20
0.2466111417322835
11
0.6521966141732284
21
0.2468230708661417
0
LINE
8
BLACK
6
CONTINUOUS
10
0.6521966141732284
20
0.2468230708661417
11
0.6517934251968504
21
0.247378031496063
0
LINE
8
BLACK
6
CONTINUOUS
10
0.6517934251968504
20
0.247378031496063
11
0.6512385039370079
21
0.2477811811023622
0
LINE
8
BLACK
6
CONTINUOUS
10
0.6512385039370079
20
0.2477811811023622
11
0.6510265354330709
21
0.2484335433070866
0
LINE
8
BLACK
6
CONTINUOUS
10
0.6510265354330709
20
0.2484335433070866
11
0.6506233858267716
21
0.2489884251968504
0
LINE
8
BLACK
6
CONTINUOUS
10
0.6506233858267716
20
0.2489884251968504
11
0.6506233858267716
21
0.2496743307086614
0
LINE
8
BLACK
6
CONTINUOUS
10
0.6506233858267716
20
0.2496743307086614
11
0.6504114173228346
21
0.2503266929133858
0
LINE
8
BLACK
6
CONTINUOUS
10
0.6504114173228346
20
0.2503266929133858
11
0.6504114173228346
21
0.2975707874015748
0
LINE
8
BLACK
6
CONTINUOUS
10
0.6504114173228346
20
0.2975707874015748
11
0.6506233858267716
21
0.298223188976378
0
LINE
8
BLACK
6
CONTINUOUS
10
0.6506233858267716
20
0.298223188976378
11
0.6506233858267716
21
0.2989090551181102
0
LINE
8
BLACK
6
CONTINUOUS
10
0.6506233858267716
20
0.2989090551181102
11
0.6510265354330709
21
0.2994639763779527
0
LINE
8
BLACK
6
CONTINUOUS
10
0.6510265354330709
20
0.2994639763779527
11
0.6512385039370079
21
0.3001162992125984
0
LINE
8
BLACK
6
CONTINUOUS
10
0.6512385039370079
20
0.3001162992125984
11
0.6517934251968504
21
0.3005194881889764
0
LINE
8
BLACK
6
CONTINUOUS
10
0.6517934251968504
20
0.3005194881889764
11
0.6521966141732284
21
0.3010744094488189
0
LINE
8
BLACK
6
CONTINUOUS
10
0.6521966141732284
20
0.3010744094488189
11
0.6528489370078741
21
0.3012863779527559
0
LINE
8
BLACK
6
CONTINUOUS
10
0.6528489370078741
20
0.3012863779527559
11
0.6534038582677165
21
0.3016895275590551
0
LINE
8
BLACK
6
CONTINUOUS
10
0.6534038582677165
20
0.3016895275590551
11
0.6540897637795275
21
0.3016895275590551
0
LINE
8
BLACK
6
CONTINUOUS
10
0.6540897637795275
20
0.3016895275590551
11
0.654742125984252
21
0.3019014960629921
0
LINE
8
BLACK
6
CONTINUOUS
10
0.654742125984252
20
0.3019014960629921
11
0.6772392913385826
21
0.3019014960629921
0
LINE
8
BLACK
6
CONTINUOUS
10
0.6772392913385826
20
0.3019014960629921
11
0.6797848031496063
21
0.3010744094488189
0
LINE
8
BLACK
6
CONTINUOUS
10
0.7009903937007874
20
0.3001162992125984
11
0.7018174803149606
21
0.2975707874015748
0
LINE
8
BLACK
6
CONTINUOUS
10
0.7018174803149606
20
0.2975707874015748
11
0.7018174803149606
21
0.2546574015748032
0
LINE
8
BLACK
6
CONTINUOUS
10
0.7018174803149606
20
0.2546574015748032
11
0.719983937007874
21
0.2546574015748032
0
LINE
8
BLACK
6
CONTINUOUS
10
0.719983937007874
20
0.2546574015748032
11
0.7225294488188976
21
0.2538303149606299
0
LINE
8
BLACK
6
CONTINUOUS
10
0.7225294488188976
20
0.2538303149606299
11
0.7241026771653544
21
0.2516649606299213
0
LINE
8
BLACK
6
CONTINUOUS
10
0.7241026771653544
20
0.2516649606299213
11
0.7241026771653544
21
0.2489884251968504
0
LINE
8
BLACK
6
CONTINUOUS
10
0.7241026771653544
20
0.2489884251968504
11
0.7225294488188976
21
0.2468230708661417
0
LINE
8
BLACK
6
CONTINUOUS
10
0.7225294488188976
20
0.2468230708661417
11
0.719983937007874
21
0.2459959842519685
0
LINE
8
BLACK
6
CONTINUOUS
10
0.719983937007874
20
0.2459959842519685
11
0.6974867716535433
21
0.2459959842519685
0
LINE
8
BLACK
6
CONTINUOUS
10
0.6974867716535433
20
0.2459959842519685
11
0.6968344094488189
21
0.2462079527559055
0
LINE
8
BLACK
6
CONTINUOUS
10
0.6968344094488189
20
0.2462079527559055
11
0.6961485039370079
21
0.2462079527559055
0
LINE
8
BLACK
6
CONTINUOUS
10
0.6961485039370079
20
0.2462079527559055
11
0.6955935826771653
21
0.2466111417322835
0
LINE
8
BLACK
6
CONTINUOUS
10
0.6955935826771653
20
0.2466111417322835
11
0.6949412598425196
21
0.2468230708661417
0
LINE
8
BLACK
6
CONTINUOUS
10
0.6949412598425196
20
0.2468230708661417
11
0.6945380708661417
21
0.247378031496063
0
LINE
8
BLACK
6
CONTINUOUS
10
0.6945380708661417
20
0.247378031496063
11
0.6939831496062991
21
0.2477811811023622
0
LINE
8
BLACK
6
CONTINUOUS
10
0.6939831496062991
20
0.2477811811023622
11
0.6937711811023622
21
0.2484335433070866
0
LINE
8
BLACK
6
CONTINUOUS
10
0.6937711811023622
20
0.2484335433070866
11
0.693368031496063
21
0.2489884251968504
0
LINE
8
BLACK
6
CONTINUOUS
10
0.693368031496063
20
0.2489884251968504
11
0.693368031496063
21
0.2496743307086614
0
LINE
8
BLACK
6
CONTINUOUS
10
0.693368031496063
20
0.2496743307086614
11
0.693156062992126
21
0.2503266929133858
0
LINE
8
BLACK
6
CONTINUOUS
10
0.693156062992126
20
0.2503266929133858
11
0.693156062992126
21
0.2975707874015748
0
LINE
8
BLACK
6
CONTINUOUS
10
0.693156062992126
20
0.2975707874015748
11
0.6939831496062991
21
0.3001162992125984
0
LINE
8
BLACK
6
CONTINUOUS
10
0.6939831496062991
20
0.3001162992125984
11
0.6961485039370079
21
0.3016895275590551
0
LINE
8
BLACK
6
CONTINUOUS
10
0.6961485039370079
20
0.3016895275590551
11
0.6988250393700787
21
0.3016895275590551
0
LINE
8
BLACK
6
CONTINUOUS
10
0.6988250393700787
20
0.3016895275590551
11
0.7009903937007874
21
0.3001162992125984
0
LINE
8
BLACK
6
CONTINUOUS
10
0.7482276377952756
20
0.3016895275590551
11
0.7483188582677165
21
0.3016895275590551
0
LINE
8
BLACK
6
CONTINUOUS
10
0.7483188582677165
20
0.3016895275590551
11
0.7493345669291338
21
0.3009515748031496
0
LINE
8
BLACK
6
CONTINUOUS
10
0.7493345669291338
20
0.3009515748031496
11
0.750378779527559
21
0.3002554330708662
0
LINE
8
BLACK
6
CONTINUOUS
10
0.750378779527559
20
0.3002554330708662
11
0.7504104330708661
21
0.3001699212598425
0
LINE
8
BLACK
6
CONTINUOUS
10
0.7504104330708661
20
0.3001699212598425
11
0.7504842125984251
21
0.3001162992125984
0
LINE
8
BLACK
6
CONTINUOUS
10
0.7504842125984251
20
0.3001162992125984
11
0.7508720078740158
21
0.2989226771653543
0
LINE
8
BLACK
6
CONTINUOUS
10
0.7508720078740158
20
0.2989226771653543
11
0.7513077952755906
21
0.2977453149606299
0
LINE
8
BLACK
6
CONTINUOUS
10
0.7513077952755906
20
0.2977453149606299
11
0.7512831102362204
21
0.2976575196850393
0
LINE
8
BLACK
6
CONTINUOUS
10
0.7512831102362204
20
0.2976575196850393
11
0.7513112992125984
21
0.2975707874015748
0
LINE
8
BLACK
6
CONTINUOUS
10
0.7513112992125984
20
0.2975707874015748
11
0.7513112992125984
21
0.2546574015748032
0
LINE
8
BLACK
6
CONTINUOUS
10
0.7513112992125984
20
0.2546574015748032
11
0.7604788976377953
21
0.2546574015748032
0
LINE
8
BLACK
6
CONTINUOUS
10
0.7604788976377953
20
0.2546574015748032
11
0.7630244094488189
21
0.2538303149606299
0
LINE
8
BLACK
6
CONTINUOUS
10
0.7630244094488189
20
0.2538303149606299
11
0.7645976377952756
21
0.2516649606299213
0
LINE
8
BLACK
6
CONTINUOUS
10
0.7645976377952756
20
0.2516649606299213
11
0.7645976377952756
21
0.2489884251968504
0
LINE
8
BLACK
6
CONTINUOUS
10
0.7645976377952756
20
0.2489884251968504
11
0.7630244094488189
21
0.2468230708661417
0
LINE
8
BLACK
6
CONTINUOUS
10
0.7630244094488189
20
0.2468230708661417
11
0.7604788976377953
21
0.2459959842519685
0
LINE
8
BLACK
6
CONTINUOUS
10
0.7604788976377953
20
0.2459959842519685
11
0.7334822834645669
21
0.2459959842519685
0
LINE
8
BLACK
6
CONTINUOUS
10
0.7334822834645669
20
0.2459959842519685
11
0.7309367716535433
21
0.2468230708661417
0
LINE
8
BLACK
6
CONTINUOUS
10
0.7309367716535433
20
0.2468230708661417
11
0.7293635433070866
21
0.2489884251968504
0
LINE
8
BLACK
6
CONTINUOUS
10
0.7293635433070866
20
0.2489884251968504
11
0.7293635433070866
21
0.2516649606299213
0
LINE
8
BLACK
6
CONTINUOUS
10
0.7293635433070866
20
0.2516649606299213
11
0.7309367716535433
21
0.2538303149606299
0
LINE
8
BLACK
6
CONTINUOUS
10
0.7309367716535433
20
0.2538303149606299
11
0.7334822834645669
21
0.2546574015748032
0
LINE
8
BLACK
6
CONTINUOUS
10
0.7334822834645669
20
0.2546574015748032
11
0.7426498818897638
21
0.2546574015748032
0
LINE
8
BLACK
6
CONTINUOUS
10
0.7426498818897638
20
0.2546574015748032
11
0.7426498818897638
21
0.2848658267716536
0
LINE
8
BLACK
6
CONTINUOUS
10
0.7426498818897638
20
0.2848658267716536
11
0.7410440157480315
21
0.2832599212598425
0
LINE
8
BLACK
6
CONTINUOUS
10
0.7410440157480315
20
0.2832599212598425
11
0.7404186614173228
21
0.2829412992125984
0
LINE
8
BLACK
6
CONTINUOUS
10
0.7404186614173228
20
0.2829412992125984
11
0.7399185039370079
21
0.2824486614173228
0
LINE
8
BLACK
6
CONTINUOUS
10
0.7399185039370079
20
0.2824486614173228
11
0.7354190157480315
21
0.280198937007874
0
LINE
8
BLACK
6
CONTINUOUS
10
0.7354190157480315
20
0.280198937007874
11
0.7327723622047244
21
0.2798003149606299
0
LINE
8
BLACK
6
CONTINUOUS
10
0.7327723622047244
20
0.2798003149606299
11
0.7303968503937007
21
0.2810335039370079
0
LINE
8
BLACK
6
CONTINUOUS
10
0.7303968503937007
20
0.2810335039370079
11
0.7291998818897638
21
0.2834274803149606
0
LINE
8
BLACK
6
CONTINUOUS
10
0.7291998818897638
20
0.2834274803149606
11
0.7296386220472441
21
0.2860677952755906
0
LINE
8
BLACK
6
CONTINUOUS
10
0.7296386220472441
20
0.2860677952755906
11
0.7315455511811023
21
0.2879459448818897
0
LINE
8
BLACK
6
CONTINUOUS
10
0.7315455511811023
20
0.2879459448818897
11
0.7354163779527559
21
0.2898813779527559
0
LINE
8
BLACK
6
CONTINUOUS
10
0.7354163779527559
20
0.2898813779527559
11
0.7391155118110236
21
0.2935805511811024
0
LINE
8
BLACK
6
CONTINUOUS
10
0.7391155118110236
20
0.2935805511811024
11
0.7433772047244094
21
0.299973031496063
0
LINE
8
BLACK
6
CONTINUOUS
10
0.7433772047244094
20
0.299973031496063
11
0.7434487795275591
21
0.3000296062992126
0
LINE
8
BLACK
6
CONTINUOUS
10
0.7434487795275591
20
0.3000296062992126
11
0.743476968503937
21
0.3001162992125984
0
LINE
8
BLACK
6
CONTINUOUS
10
0.743476968503937
20
0.3001162992125984
11
0.7444922440944882
21
0.3008539763779527
0
LINE
8
BLACK
6
CONTINUOUS
10
0.7444922440944882
20
0.3008539763779527
11
0.7454774015748031
21
0.3016322440944882
0
LINE
8
BLACK
6
CONTINUOUS
10
0.7454774015748031
20
0.3016322440944882
11
0.7455685039370079
21
0.3016359448818898
0
LINE
8
BLACK
6
CONTINUOUS
10
0.7455685039370079
20
0.3016359448818898
11
0.7456423228346456
21
0.3016895275590551
0
LINE
8
BLACK
6
CONTINUOUS
10
0.7456423228346456
20
0.3016895275590551
11
0.7468975196850394
21
0.3016895275590551
0
LINE
8
BLACK
6
CONTINUOUS
10
0.7468975196850394
20
0.3016895275590551
11
0.7481517322834645
21
0.3017401181102362
0
LINE
8
BLACK
6
CONTINUOUS
10
0.7481517322834645
20
0.3017401181102362
11
0.7482276377952756
21
0.3016895275590551
0
LINE
8
BLACK
6
CONTINUOUS
10
0.7993917322834645
20
0.3016846062992126
11
0.8000936220472441
21
0.3016792519685039
0
LINE
8
BLACK
6
CONTINUOUS
10
0.8000936220472441
20
0.3016792519685039
11
0.8068427559055118
21
0.2994295275590551
0
LINE
8
BLACK
6
CONTINUOUS
10
0.8068427559055118
20
0.2994295275590551
11
0.8089961023622048
21
0.2978399212598425
0
LINE
8
BLACK
6
CONTINUOUS
10
0.8089961023622048
20
0.2978399212598425
11
0.8098038582677165
21
0.2952881889763779
0
LINE
8
BLACK
6
CONTINUOUS
10
0.8098038582677165
20
0.2952881889763779
11
0.8089574409448819
21
0.2927490157480315
0
LINE
8
BLACK
6
CONTINUOUS
10
0.8089574409448819
20
0.2927490157480315
11
0.8067801968503937
21
0.2911922834645669
0
LINE
8
BLACK
6
CONTINUOUS
10
0.8067801968503937
20
0.2911922834645669
11
0.8041037795275591
21
0.2912125984251969
0
LINE
8
BLACK
6
CONTINUOUS
10
0.8041037795275591
20
0.2912125984251969
11
0.7980213779527559
21
0.2932400787401575
0
LINE
8
BLACK
6
CONTINUOUS
10
0.7980213779527559
20
0.2932400787401575
11
0.788497874015748
21
0.2932400787401575
0
LINE
8
BLACK
6
CONTINUOUS
10
0.788497874015748
20
0.2932400787401575
11
0.7855413779527559
21
0.2917618503937008
0
LINE
8
BLACK
6
CONTINUOUS
10
0.7855413779527559
20
0.2917618503937008
11
0.7842855511811023
21
0.2905059842519685
0
LINE
8
BLACK
6
CONTINUOUS
10
0.7842855511811023
20
0.2905059842519685
11
0.7828073622047244
21
0.2875495669291339
0
LINE
8
BLACK
6
CONTINUOUS
10
0.7828073622047244
20
0.2875495669291339
11
0.7828073622047244
21
0.285094842519685
0
LINE
8
BLACK
6
CONTINUOUS
10
0.7828073622047244
20
0.285094842519685
11
0.7842855905511811
21
0.2821383858267716
0
LINE
8
BLACK
6
CONTINUOUS
10
0.7842855905511811
20
0.2821383858267716
11
0.7855413779527559
21
0.2808825590551181
0
LINE
8
BLACK
6
CONTINUOUS
10
0.7855413779527559
20
0.2808825590551181
11
0.7889870472440945
21
0.2791597244094488
0
LINE
8
BLACK
6
CONTINUOUS
10
0.7889870472440945
20
0.2791597244094488
11
0.7975247637795275
21
0.2770252755905512
0
LINE
8
BLACK
6
CONTINUOUS
10
0.7975247637795275
20
0.2770252755905512
11
0.7979338976377952
21
0.2767692519685039
0
LINE
8
BLACK
6
CONTINUOUS
10
0.7979338976377952
20
0.2767692519685039
11
0.7984111417322834
21
0.2766973622047244
0
LINE
8
BLACK
6
CONTINUOUS
10
0.7984111417322834
20
0.2766973622047244
11
0.8029106299212598
21
0.2744476377952756
0
LINE
8
BLACK
6
CONTINUOUS
10
0.8029106299212598
20
0.2744476377952756
11
0.8034107874015748
21
0.2739550393700788
0
LINE
8
BLACK
6
CONTINUOUS
10
0.8034107874015748
20
0.2739550393700788
11
0.8040361417322834
21
0.2736363779527559
0
LINE
8
BLACK
6
CONTINUOUS
10
0.8040361417322834
20
0.2736363779527559
11
0.8062858661417323
21
0.2713866535433071
0
LINE
8
BLACK
6
CONTINUOUS
10
0.8062858661417323
20
0.2713866535433071
11
0.8066044881889763
21
0.2707612598425197
0
LINE
8
BLACK
6
CONTINUOUS
10
0.8066044881889763
20
0.2707612598425197
11
0.8070970472440945
21
0.2702611811023622
0
LINE
8
BLACK
6
CONTINUOUS
10
0.8070970472440945
20
0.2702611811023622
11
0.8093467716535433
21
0.2657617716535433
0
LINE
8
BLACK
6
CONTINUOUS
10
0.8093467716535433
20
0.2657617716535433
11
0.8094954330708661
21
0.2647745275590551
0
LINE
8
BLACK
6
CONTINUOUS
10
0.8094954330708661
20
0.2647745275590551
11
0.8098039763779528
21
0.263825
0
LINE
8
BLACK
6
CONTINUOUS
10
0.8098039763779528
20
0.263825
11
0.8098039763779528
21
0.2593255511811023
0
LINE
8
BLACK
6
CONTINUOUS
10
0.8098039763779528
20
0.2593255511811023
11
0.8094954330708661
21
0.258376062992126
0
LINE
8
BLACK
6
CONTINUOUS
10
0.8094954330708661
20
0.258376062992126
11
0.8093467716535433
21
0.2573888188976378
0
LINE
8
BLACK
6
CONTINUOUS
10
0.8093467716535433
20
0.2573888188976378
11
0.8070970472440945
21
0.2528893700787401
0
LINE
8
BLACK
6
CONTINUOUS
10
0.8070970472440945
20
0.2528893700787401
11
0.8066045275590551
21
0.2523893307086614
0
LINE
8
BLACK
6
CONTINUOUS
10
0.8066045275590551
20
0.2523893307086614
11
0.8062858661417323
21
0.2517638582677165
0
LINE
8
BLACK
6
CONTINUOUS
10
0.8062858661417323
20
0.2517638582677165
11
0.8040361417322834
21
0.2495141338582677
0
LINE
8
BLACK
6
CONTINUOUS
10
0.8040361417322834
20
0.2495141338582677
11
0.8034107086614173
21
0.2491954724409449
0
LINE
8
BLACK
6
CONTINUOUS
10
0.8034107086614173
20
0.2491954724409449
11
0.8029105905511811
21
0.248702874015748
0
LINE
8
BLACK
6
CONTINUOUS
10
0.8029105905511811
20
0.248702874015748
11
0.7984111417322834
21
0.2464531889763779
0
LINE
8
BLACK
6
CONTINUOUS
10
0.7984111417322834
20
0.2464531889763779
11
0.7974238976377953
21
0.2463045275590551
0
LINE
8
BLACK
6
CONTINUOUS
10
0.7974238976377953
20
0.2463045275590551
11
0.7964744094488189
21
0.2459959842519685
0
LINE
8
BLACK
6
CONTINUOUS
10
0.7964744094488189
20
0.2459959842519685
11
0.7852258267716535
21
0.2459959842519685
0
LINE
8
BLACK
6
CONTINUOUS
10
0.7852258267716535
20
0.2459959842519685
11
0.784558188976378
21
0.2462129133858268
0
LINE
8
BLACK
6
CONTINUOUS
10
0.784558188976378
20
0.2462129133858268
11
0.7838563779527559
21
0.2462182283464567
0
LINE
8
BLACK
6
CONTINUOUS
10
0.7838563779527559
20
0.2462182283464567
11
0.7771071653543307
21
0.2484679133858268
0
LINE
8
BLACK
6
CONTINUOUS
10
0.7771071653543307
20
0.2484679133858268
11
0.7749538582677166
21
0.2500574803149606
0
LINE
8
BLACK
6
CONTINUOUS
10
0.7749538582677166
20
0.2500574803149606
11
0.774146062992126
21
0.2526092125984252
0
LINE
8
BLACK
6
CONTINUOUS
10
0.774146062992126
20
0.2526092125984252
11
0.7749924409448818
21
0.2551484251968504
0
LINE
8
BLACK
6
CONTINUOUS
10
0.7749924409448818
20
0.2551484251968504
11
0.77716968503937
21
0.256705157480315
0
LINE
8
BLACK
6
CONTINUOUS
10
0.77716968503937
20
0.256705157480315
11
0.7798461417322834
21
0.256684842519685
0
LINE
8
BLACK
6
CONTINUOUS
10
0.7798461417322834
20
0.256684842519685
11
0.7859285826771654
21
0.2546574015748032
0
LINE
8
BLACK
6
CONTINUOUS
10
0.7859285826771654
20
0.2546574015748032
11
0.7954520866141732
21
0.2546574015748032
0
LINE
8
BLACK
6
CONTINUOUS
10
0.7954520866141732
20
0.2546574015748032
11
0.7984085039370079
21
0.2561356299212598
0
LINE
8
BLACK
6
CONTINUOUS
10
0.7984085039370079
20
0.2561356299212598
11
0.7996642913385826
21
0.2573914173228347
0
LINE
8
BLACK
6
CONTINUOUS
10
0.7996642913385826
20
0.2573914173228347
11
0.8011425590551181
21
0.2603479133858267
0
LINE
8
BLACK
6
CONTINUOUS
10
0.8011425590551181
20
0.2603479133858267
11
0.8011425590551181
21
0.2628026377952756
0
LINE
8
BLACK
6
CONTINUOUS
10
0.8011425590551181
20
0.2628026377952756
11
0.7996642519685039
21
0.2657591732283465
0
LINE
8
BLACK
6
CONTINUOUS
10
0.7996642519685039
20
0.2657591732283465
11
0.7984085039370079
21
0.2670149606299212
0
LINE
8
BLACK
6
CONTINUOUS
10
0.7984085039370079
20
0.2670149606299212
11
0.7949629527559054
21
0.268737716535433
0
LINE
8
BLACK
6
CONTINUOUS
10
0.7949629527559054
20
0.268737716535433
11
0.7864251574803149
21
0.2708721653543307
0
LINE
8
BLACK
6
CONTINUOUS
10
0.7864251574803149
20
0.2708721653543307
11
0.7860159842519685
21
0.2711282283464567
0
LINE
8
BLACK
6
CONTINUOUS
10
0.7860159842519685
20
0.2711282283464567
11
0.7855387401574803
21
0.2712000787401574
0
LINE
8
BLACK
6
CONTINUOUS
10
0.7855387401574803
20
0.2712000787401574
11
0.7810393307086614
21
0.2734498031496063
0
LINE
8
BLACK
6
CONTINUOUS
10
0.7810393307086614
20
0.2734498031496063
11
0.7805391732283464
21
0.2739424409448819
0
LINE
8
BLACK
6
CONTINUOUS
10
0.7805391732283464
20
0.2739424409448819
11
0.7799138188976378
21
0.274261062992126
0
LINE
8
BLACK
6
CONTINUOUS
10
0.7799138188976378
20
0.274261062992126
11
0.777664094488189
21
0.2765107480314961
0
LINE
8
BLACK
6
CONTINUOUS
10
0.777664094488189
20
0.2765107480314961
11
0.7773453937007874
21
0.277136220472441
0
LINE
8
BLACK
6
CONTINUOUS
10
0.7773453937007874
20
0.277136220472441
11
0.776852874015748
21
0.2776362598425197
0
LINE
8
BLACK
6
CONTINUOUS
10
0.776852874015748
20
0.2776362598425197
11
0.7746031496062992
21
0.2821356692913386
0
LINE
8
BLACK
6
CONTINUOUS
10
0.7746031496062992
20
0.2821356692913386
11
0.7744544488188976
21
0.2831229921259842
0
LINE
8
BLACK
6
CONTINUOUS
10
0.7744544488188976
20
0.2831229921259842
11
0.7741459448818897
21
0.2840724409448819
0
LINE
8
BLACK
6
CONTINUOUS
10
0.7741459448818897
20
0.2840724409448819
11
0.7741459448818897
21
0.2885718897637795
0
LINE
8
BLACK
6
CONTINUOUS
10
0.7741459448818897
20
0.2885718897637795
11
0.7744544488188976
21
0.2895214173228347
0
LINE
8
BLACK
6
CONTINUOUS
10
0.7744544488188976
20
0.2895214173228347
11
0.7746031496062992
21
0.2905086220472441
0
LINE
8
BLACK
6
CONTINUOUS
10
0.7746031496062992
20
0.2905086220472441
11
0.776852874015748
21
0.2950081102362205
0
LINE
8
BLACK
6
CONTINUOUS
10
0.776852874015748
20
0.2950081102362205
11
0.7773453937007874
21
0.2955082283464567
0
LINE
8
BLACK
6
CONTINUOUS
10
0.7773453937007874
20
0.2955082283464567
11
0.777664094488189
21
0.2961336220472441
0
LINE
8
BLACK
6
CONTINUOUS
10
0.777664094488189
20
0.2961336220472441
11
0.7799138188976378
21
0.2983833070866141
0
LINE
8
BLACK
6
CONTINUOUS
10
0.7799138188976378
20
0.2983833070866141
11
0.7805391732283464
21
0.298701968503937
0
LINE
8
BLACK
6
CONTINUOUS
10
0.7805391732283464
20
0.298701968503937
11
0.7810393307086614
21
0.2991945669291339
0
LINE
8
BLACK
6
CONTINUOUS
10
0.7810393307086614
20
0.2991945669291339
11
0.7855387401574803
21
0.3014442913385827
0
LINE
8
BLACK
6
CONTINUOUS
10
0.7855387401574803
20
0.3014442913385827
11
0.7865259842519685
21
0.3015929921259842
0
LINE
8
BLACK
6
CONTINUOUS
10
0.7865259842519685
20
0.3015929921259842
11
0.7874755118110236
21
0.3019014960629921
0
LINE
8
BLACK
6
CONTINUOUS
10
0.7874755118110236
20
0.3019014960629921
11
0.7987241338582677
21
0.3019014960629921
0
LINE
8
BLACK
6
CONTINUOUS
10
0.7987241338582677
20
0.3019014960629921
11
0.7993917322834645
21
0.3016846062992126
0
LINE
8
BLACK
6
CONTINUOUS
10
0.894161811023622
20
0.3015929921259842
11
0.8951490551181103
21
0.3014442913385827
0
LINE
8
BLACK
6
CONTINUOUS
10
0.8951490551181103
20
0.3014442913385827
11
0.8996485433070865
21
0.2991945669291339
0
LINE
8
BLACK
6
CONTINUOUS
10
0.8996485433070865
20
0.2991945669291339
11
0.9001486220472441
21
0.2987020472440945
0
LINE
8
BLACK
6
CONTINUOUS
10
0.9001486220472441
20
0.2987020472440945
11
0.9007740551181103
21
0.2983833464566929
0
LINE
8
BLACK
6
CONTINUOUS
10
0.9007740551181103
20
0.2983833464566929
11
0.9030237401574803
21
0.2961336220472441
0
LINE
8
BLACK
6
CONTINUOUS
10
0.9030237401574803
20
0.2961336220472441
11
0.9033423622047244
21
0.2955082283464567
0
LINE
8
BLACK
6
CONTINUOUS
10
0.9033423622047244
20
0.2955082283464567
11
0.9038349999999999
21
0.2950080708661417
0
LINE
8
BLACK
6
CONTINUOUS
10
0.9038349999999999
20
0.2950080708661417
11
0.90608468503937
21
0.2905086220472441
0
LINE
8
BLACK
6
CONTINUOUS
10
0.90608468503937
20
0.2905086220472441
11
0.9061565354330708
21
0.2900314173228347
0
LINE
8
BLACK
6
CONTINUOUS
10
0.9061565354330708
20
0.2900314173228347
11
0.9064125984251968
21
0.2896222440944882
0
LINE
8
BLACK
6
CONTINUOUS
10
0.9064125984251968
20
0.2896222440944882
11
0.9086623228346457
21
0.2806233858267717
0
LINE
8
BLACK
6
CONTINUOUS
10
0.9086623228346457
20
0.2806233858267717
11
0.9086250393700788
21
0.2800856692913386
0
LINE
8
BLACK
6
CONTINUOUS
10
0.9086250393700788
20
0.2800856692913386
11
0.9087916141732283
21
0.279573031496063
0
LINE
8
BLACK
6
CONTINUOUS
10
0.9087916141732283
20
0.279573031496063
11
0.9087916141732283
21
0.2683244094488189
0
LINE
8
BLACK
6
CONTINUOUS
10
0.9087916141732283
20
0.2683244094488189
11
0.9086250393700788
21
0.2678118110236221
0
LINE
8
BLACK
6
CONTINUOUS
10
0.9086250393700788
20
0.2678118110236221
11
0.9086623228346457
21
0.2672740551181103
0
LINE
8
BLACK
6
CONTINUOUS
10
0.9086623228346457
20
0.2672740551181103
11
0.9064125984251968
21
0.2582751968503937
0
LINE
8
BLACK
6
CONTINUOUS
10
0.9064125984251968
20
0.2582751968503937
11
0.9061565354330708
21
0.257866062992126
0
LINE
8
BLACK
6
CONTINUOUS
10
0.9061565354330708
20
0.257866062992126
11
0.90608468503937
21
0.2573888188976378
0
LINE
8
BLACK
6
CONTINUOUS
10
0.90608468503937
20
0.2573888188976378
11
0.9038349999999999
21
0.2528893700787401
0
LINE
8
BLACK
6
CONTINUOUS
10
0.9038349999999999
20
0.2528893700787401
11
0.9033423622047244
21
0.2523892519685039
0
LINE
8
BLACK
6
CONTINUOUS
10
0.9033423622047244
20
0.2523892519685039
11
0.9030237401574803
21
0.2517638188976378
0
LINE
8
BLACK
6
CONTINUOUS
10
0.9030237401574803
20
0.2517638188976378
11
0.9007740551181103
21
0.249514094488189
0
LINE
8
BLACK
6
CONTINUOUS
10
0.9007740551181103
20
0.249514094488189
11
0.9001485433070866
21
0.2491954330708661
0
LINE
8
BLACK
6
CONTINUOUS
10
0.9001485433070866
20
0.2491954330708661
11
0.8996485039370079
21
0.248702874015748
0
LINE
8
BLACK
6
CONTINUOUS
10
0.8996485039370079
20
0.248702874015748
11
0.8951490551181103
21
0.2464531889763779
0
LINE
8
BLACK
6
CONTINUOUS
10
0.8951490551181103
20
0.2464531889763779
11
0.894161811023622
21
0.2463045275590551
0
LINE
8
BLACK
6
CONTINUOUS
10
0.894161811023622
20
0.2463045275590551
11
0.8932123228346457
21
0.2459959842519685
0
LINE
8
BLACK
6
CONTINUOUS
10
0.8932123228346457
20
0.2459959842519685
11
0.8887128740157481
21
0.2459959842519685
0
LINE
8
BLACK
6
CONTINUOUS
10
0.8887128740157481
20
0.2459959842519685
11
0.8877633464566929
21
0.2463045275590551
0
LINE
8
BLACK
6
CONTINUOUS
10
0.8877633464566929
20
0.2463045275590551
11
0.8867761417322835
21
0.2464531889763779
0
LINE
8
BLACK
6
CONTINUOUS
10
0.8867761417322835
20
0.2464531889763779
11
0.8822767322834646
21
0.248702874015748
0
LINE
8
BLACK
6
CONTINUOUS
10
0.8822767322834646
20
0.248702874015748
11
0.8817765748031496
21
0.2491954724409449
0
LINE
8
BLACK
6
CONTINUOUS
10
0.8817765748031496
20
0.2491954724409449
11
0.8811511811023622
21
0.2495141338582677
0
LINE
8
BLACK
6
CONTINUOUS
10
0.8811511811023622
20
0.2495141338582677
11
0.8789014566929134
21
0.2517638188976378
0
LINE
8
BLACK
6
CONTINUOUS
10
0.8789014566929134
20
0.2517638188976378
11
0.8785827559055118
21
0.2523892519685039
0
LINE
8
BLACK
6
CONTINUOUS
10
0.8785827559055118
20
0.2523892519685039
11
0.8780902362204724
21
0.2528893307086614
0
LINE
8
BLACK
6
CONTINUOUS
10
0.8780902362204724
20
0.2528893307086614
11
0.8758405118110236
21
0.2573888188976378
0
LINE
8
BLACK
6
CONTINUOUS
10
0.8758405118110236
20
0.2573888188976378
11
0.875768622047244
21
0.257866062992126
0
LINE
8
BLACK
6
CONTINUOUS
10
0.875768622047244
20
0.257866062992126
11
0.8755125984251968
21
0.2582751968503937
0
LINE
8
BLACK
6
CONTINUOUS
10
0.8755125984251968
20
0.2582751968503937
11
0.873262874015748
21
0.2672740551181103
0
LINE
8
BLACK
6
CONTINUOUS
10
0.873262874015748
20
0.2672740551181103
11
0.8733001181102362
21
0.2678118110236221
0
LINE
8
BLACK
6
CONTINUOUS
10
0.8733001181102362
20
0.2678118110236221
11
0.8731335826771653
21
0.2683244094488189
0
LINE
8
BLACK
6
CONTINUOUS
10
0.8731335826771653
20
0.2683244094488189
11
0.8731335826771653
21
0.279573031496063
0
LINE
8
BLACK
6
CONTINUOUS
10
0.8731335826771653
20
0.279573031496063
11
0.8733001181102362
21
0.2800856692913386
0
LINE
8
BLACK
6
CONTINUOUS
10
0.8733001181102362
20
0.2800856692913386
11
0.873262874015748
21
0.2806233858267717
0
LINE
8
BLACK
6
CONTINUOUS
10
0.873262874015748
20
0.2806233858267717
11
0.8755125984251968
21
0.2896222440944882
0
LINE
8
BLACK
6
CONTINUOUS
10
0.8755125984251968
20
0.2896222440944882
11
0.875768622047244
21
0.2900314173228347
0
LINE
8
BLACK
6
CONTINUOUS
10
0.875768622047244
20
0.2900314173228347
11
0.8758405118110236
21
0.2905086220472441
0
LINE
8
BLACK
6
CONTINUOUS
10
0.8758405118110236
20
0.2905086220472441
11
0.8780902362204724
21
0.2950081102362205
0
LINE
8
BLACK
6
CONTINUOUS
10
0.8780902362204724
20
0.2950081102362205
11
0.8785827559055118
21
0.2955082283464567
0
LINE
8
BLACK
6
CONTINUOUS
10
0.8785827559055118
20
0.2955082283464567
11
0.8789014566929134
21
0.2961336220472441
0
LINE
8
BLACK
6
CONTINUOUS
10
0.8789014566929134
20
0.2961336220472441
11
0.8811511811023622
21
0.2983833070866141
0
LINE
8
BLACK
6
CONTINUOUS
10
0.8811511811023622
20
0.2983833070866141
11
0.8817765354330709
21
0.298701968503937
0
LINE
8
BLACK
6
CONTINUOUS
10
0.8817765354330709
20
0.298701968503937
11
0.8822766929133858
21
0.2991945669291339
0
LINE
8
BLACK
6
CONTINUOUS
10
0.8822766929133858
20
0.2991945669291339
11
0.8867761023622047
21
0.3014442913385827
0
LINE
8
BLACK
6
CONTINUOUS
10
0.8867761023622047
20
0.3014442913385827
11
0.8877633464566929
21
0.3015929921259842
0
LINE
8
BLACK
6
CONTINUOUS
10
0.8877633464566929
20
0.3015929921259842
11
0.8887128740157481
21
0.3019014960629921
0
LINE
8
BLACK
6
CONTINUOUS
10
0.8887128740157481
20
0.3019014960629921
11
0.8932123228346457
21
0.3019014960629921
0
LINE
8
BLACK
6
CONTINUOUS
10
0.8932123228346457
20
0.3019014960629921
11
0.894161811023622
21
0.3015929921259842
0
LINE
8
BLACK
6
CONTINUOUS
10
0.8867787401574803
20
0.2917618503937008
11
0.8855229133858268
21
0.2905059842519685
0
LINE
8
BLACK
6
CONTINUOUS
10
0.8855229133858268
20
0.2905059842519685
11
0.8838001181102362
21
0.2870604330708662
0
LINE
8
BLACK
6
CONTINUOUS
10
0.8838001181102362
20
0.2870604330708662
11
0.881795
21
0.2790398425196851
0
LINE
8
BLACK
6
CONTINUOUS
10
0.881795
20
0.2790398425196851
11
0.881795
21
0.2688576377952756
0
LINE
8
BLACK
6
CONTINUOUS
10
0.881795
20
0.2688576377952756
11
0.8838001181102362
21
0.2608370472440945
0
LINE
8
BLACK
6
CONTINUOUS
10
0.8838001181102362
20
0.2608370472440945
11
0.8855229133858268
21
0.2573914960629921
0
LINE
8
BLACK
6
CONTINUOUS
10
0.8855229133858268
20
0.2573914960629921
11
0.886778779527559
21
0.2561355905511811
0
LINE
8
BLACK
6
CONTINUOUS
10
0.886778779527559
20
0.2561355905511811
11
0.8897351968503937
21
0.2546574015748032
0
LINE
8
BLACK
6
CONTINUOUS
10
0.8897351968503937
20
0.2546574015748032
11
0.8921899999999999
21
0.2546574015748032
0
LINE
8
BLACK
6
CONTINUOUS
10
0.8921899999999999
20
0.2546574015748032
11
0.8951463779527559
21
0.2561355905511811
0
LINE
8
BLACK
6
CONTINUOUS
10
0.8951463779527559
20
0.2561355905511811
11
0.8964022440944882
21
0.2573914566929134
0
LINE
8
BLACK
6
CONTINUOUS
10
0.8964022440944882
20
0.2573914566929134
11
0.898125
21
0.2608370078740158
0
LINE
8
BLACK
6
CONTINUOUS
10
0.898125
20
0.2608370078740158
11
0.9001301968503936
21
0.2688576377952756
0
LINE
8
BLACK
6
CONTINUOUS
10
0.9001301968503936
20
0.2688576377952756
11
0.9001301968503936
21
0.2790398425196851
0
LINE
8
BLACK
6
CONTINUOUS
10
0.9001301968503936
20
0.2790398425196851
11
0.898125
21
0.2870604724409449
0
LINE
8
BLACK
6
CONTINUOUS
10
0.898125
20
0.2870604724409449
11
0.8964022440944882
21
0.2905060236220472
0
LINE
8
BLACK
6
CONTINUOUS
10
0.8964022440944882
20
0.2905060236220472
11
0.8951463779527559
21
0.2917618897637795
0
LINE
8
BLACK
6
CONTINUOUS
10
0.8951463779527559
20
0.2917618897637795
11
0.8921899999999999
21
0.2932400787401575
0
LINE
8
BLACK
6
CONTINUOUS
10
0.8921899999999999
20
0.2932400787401575
11
0.8897352362204725
21
0.2932400787401575
0
LINE
8
BLACK
6
CONTINUOUS
10
0.8897352362204725
20
0.2932400787401575
11
0.8867787401574803
21
0.2917618503937008
0
LINE
8
BLACK
6
CONTINUOUS
10
0.9372040157480315
20
0.3016895275590551
11
0.9372952362204724
21
0.3016895275590551
0
LINE
8
BLACK
6
CONTINUOUS
10
0.9372952362204724
20
0.3016895275590551
11
0.9383109448818897
21
0.3009515748031496
0
LINE
8
BLACK
6
CONTINUOUS
10
0.9383109448818897
20
0.3009515748031496
11
0.939355157480315
21
0.3002554330708662
0
LINE
8
BLACK
6
CONTINUOUS
10
0.939355157480315
20
0.3002554330708662
11
0.939386811023622
21
0.3001699212598425
0
LINE
8
BLACK
6
CONTINUOUS
10
0.939386811023622
20
0.3001699212598425
11
0.939460590551181
21
0.3001162992125984
0
LINE
8
BLACK
6
CONTINUOUS
10
0.939460590551181
20
0.3001162992125984
11
0.9398483858267717
21
0.2989226771653543
0
LINE
8
BLACK
6
CONTINUOUS
10
0.9398483858267717
20
0.2989226771653543
11
0.9402841732283465
21
0.2977453149606299
0
LINE
8
BLACK
6
CONTINUOUS
10
0.9402841732283465
20
0.2977453149606299
11
0.9402594881889763
21
0.2976575196850393
0
LINE
8
BLACK
6
CONTINUOUS
10
0.9402594881889763
20
0.2976575196850393
11
0.9402876771653543
21
0.2975707874015748
0
LINE
8
BLACK
6
CONTINUOUS
10
0.9402876771653543
20
0.2975707874015748
11
0.9402876771653543
21
0.2546574015748032
0
LINE
8
BLACK
6
CONTINUOUS
10
0.9402876771653543
20
0.2546574015748032
11
0.9494552755905512
21
0.2546574015748032
0
LINE
8
BLACK
6
CONTINUOUS
10
0.9494552755905512
20
0.2546574015748032
11
0.9520007874015748
21
0.2538303149606299
0
LINE
8
BLACK
6
CONTINUOUS
10
0.9520007874015748
20
0.2538303149606299
11
0.9535740157480315
21
0.2516649606299213
0
LINE
8
BLACK
6
CONTINUOUS
10
0.9535740157480315
20
0.2516649606299213
11
0.9535740157480315
21
0.2489884251968504
0
LINE
8
BLACK
6
CONTINUOUS
10
0.9535740157480315
20
0.2489884251968504
11
0.9520007874015748
21
0.2468230708661417
0
LINE
8
BLACK
6
CONTINUOUS
10
0.9520007874015748
20
0.2468230708661417
11
0.9494552755905512
21
0.2459959842519685
0
LINE
8
BLACK
6
CONTINUOUS
10
0.9494552755905512
20
0.2459959842519685
11
0.9224586614173228
21
0.2459959842519685
0
LINE
8
BLACK
6
CONTINUOUS
10
0.9224586614173228
20
0.2459959842519685
11
0.9199131496062992
21
0.2468230708661417
0
LINE
8
BLACK
6
CONTINUOUS
10
0.9199131496062992
20
0.2468230708661417
11
0.9183399212598425
21
0.2489884251968504
0
LINE
8
BLACK
6
CONTINUOUS
10
0.9183399212598425
20
0.2489884251968504
11
0.9183399212598425
21
0.2516649606299213
0
LINE
8
BLACK
6
CONTINUOUS
10
0.9183399212598425
20
0.2516649606299213
11
0.9199131496062992
21
0.2538303149606299
0
LINE
8
BLACK
6
CONTINUOUS
10
0.9199131496062992
20
0.2538303149606299
11
0.9224586614173228
21
0.2546574015748032
0
LINE
8
BLACK
6
CONTINUOUS
10
0.9224586614173228
20
0.2546574015748032
11
0.9316262598425197
21
0.2546574015748032
0
LINE
8
BLACK
6
CONTINUOUS
10
0.9316262598425197
20
0.2546574015748032
11
0.9316262598425197
21
0.2848658267716536
0
LINE
8
BLACK
6
CONTINUOUS
10
0.9316262598425197
20
0.2848658267716536
11
0.9300203937007874
21
0.2832599212598425
0
LINE
8
BLACK
6
CONTINUOUS
10
0.9300203937007874
20
0.2832599212598425
11
0.9293950393700787
21
0.2829412992125984
0
LINE
8
BLACK
6
CONTINUOUS
10
0.9293950393700787
20
0.2829412992125984
11
0.9288948818897638
21
0.2824486614173228
0
LINE
8
BLACK
6
CONTINUOUS
10
0.9288948818897638
20
0.2824486614173228
11
0.9243953937007874
21
0.280198937007874
0
LINE
8
BLACK
6
CONTINUOUS
10
0.9243953937007874
20
0.280198937007874
11
0.9217487401574803
21
0.2798003149606299
0
LINE
8
BLACK
6
CONTINUOUS
10
0.9217487401574803
20
0.2798003149606299
11
0.9193732283464566
21
0.2810335039370079
0
LINE
8
BLACK
6
CONTINUOUS
10
0.9193732283464566
20
0.2810335039370079
11
0.9181762598425197
21
0.2834274803149606
0
LINE
8
BLACK
6
CONTINUOUS
10
0.9181762598425197
20
0.2834274803149606
11
0.918615
21
0.2860677952755906
0
LINE
8
BLACK
6
CONTINUOUS
10
0.918615
20
0.2860677952755906
11
0.9205219291338582
21
0.2879459448818897
0
LINE
8
BLACK
6
CONTINUOUS
10
0.9205219291338582
20
0.2879459448818897
11
0.9243927559055118
21
0.2898813779527559
0
LINE
8
BLACK
6
CONTINUOUS
10
0.9243927559055118
20
0.2898813779527559
11
0.9280918897637795
21
0.2935805511811024
0
LINE
8
BLACK
6
CONTINUOUS
10
0.9280918897637795
20
0.2935805511811024
11
0.9323535826771653
21
0.299973031496063
0
LINE
8
BLACK
6
CONTINUOUS
10
0.9323535826771653
20
0.299973031496063
11
0.932425157480315
21
0.3000296062992126
0
LINE
8
BLACK
6
CONTINUOUS
10
0.932425157480315
20
0.3000296062992126
11
0.9324533464566929
21
0.3001162992125984
0
LINE
8
BLACK
6
CONTINUOUS
10
0.9324533464566929
20
0.3001162992125984
11
0.9334686220472441
21
0.3008539763779527
0
LINE
8
BLACK
6
CONTINUOUS
10
0.9334686220472441
20
0.3008539763779527
11
0.934453779527559
21
0.3016322440944882
0
LINE
8
BLACK
6
CONTINUOUS
10
0.934453779527559
20
0.3016322440944882
11
0.9345448818897638
21
0.3016359448818898
0
LINE
8
BLACK
6
CONTINUOUS
10
0.9345448818897638
20
0.3016359448818898
11
0.9346187007874015
21
0.3016895275590551
0
LINE
8
BLACK
6
CONTINUOUS
10
0.9346187007874015
20
0.3016895275590551
11
0.9358738976377953
21
0.3016895275590551
0
LINE
8
BLACK
6
CONTINUOUS
10
0.9358738976377953
20
0.3016895275590551
11
0.9371281102362204
21
0.3017401181102362
0
LINE
8
BLACK
6
CONTINUOUS
10
0.9371281102362204
20
0.3017401181102362
11
0.9372040157480315
21
0.3016895275590551
0
LINE
8
BLACK
6
CONTINUOUS
10
0.9864002755905512
20
0.3015929921259842
11
0.9873875196850393
21
0.3014442913385827
0
LINE
8
BLACK
6
CONTINUOUS
10
0.9873875196850393
20
0.3014442913385827
11
0.9918870078740157
21
0.2991945669291339
0
LINE
8
BLACK
6
CONTINUOUS
10
0.9918870078740157
20
0.2991945669291339
11
0.9923871653543307
21
0.298701968503937
0
LINE
8
BLACK
6
CONTINUOUS
10
0.9923871653543307
20
0.298701968503937
11
0.9930125196850393
21
0.2983833070866141
0
LINE
8
BLACK
6
CONTINUOUS
10
0.9930125196850393
20
0.2983833070866141
11
0.9952622440944882
21
0.2961335826771653
0
LINE
8
BLACK
6
CONTINUOUS
10
0.9952622440944882
20
0.2961335826771653
11
0.995580905511811
21
0.2955081496062992
0
LINE
8
BLACK
6
CONTINUOUS
10
0.995580905511811
20
0.2955081496062992
11
0.9960734251968504
21
0.2950080708661417
0
LINE
8
BLACK
6
CONTINUOUS
10
0.9960734251968504
20
0.2950080708661417
11
0.9983231496062992
21
0.2905086220472441
0
LINE
8
BLACK
6
CONTINUOUS
10
0.9983231496062992
20
0.2905086220472441
11
0.998471811023622
21
0.2895214173228347
0
LINE
8
BLACK
6
CONTINUOUS
10
0.998471811023622
20
0.2895214173228347
11
0.9987803543307087
21
0.2885718897637795
0
LINE
8
BLACK
6
CONTINUOUS
10
0.9987803543307087
20
0.2885718897637795
11
0.9987803543307087
21
0.2840724409448819
0
LINE
8
BLACK
6
CONTINUOUS
10
0.9987803543307087
20
0.2840724409448819
11
0.998471811023622
21
0.2831229527559055
0
LINE
8
BLACK
6
CONTINUOUS
10
0.998471811023622
20
0.2831229527559055
11
0.9983231496062992
21
0.2821356692913386
0
LINE
8
BLACK
6
CONTINUOUS
10
0.9983231496062992
20
0.2821356692913386
11
0.9960734251968504
21
0.2776362598425197
0
LINE
8
BLACK
6
CONTINUOUS
10
0.9960734251968504
20
0.2776362598425197
11
0.9955808661417322
21
0.277136220472441
0
LINE
8
BLACK
6
CONTINUOUS
10
0.9955808661417322
20
0.277136220472441
11
0.9952622440944882
21
0.2765107874015748
0
LINE
8
BLACK
6
CONTINUOUS
10
0.9952622440944882
20
0.2765107874015748
11
0.9948484251968504
21
0.2760970078740158
0
LINE
8
BLACK
6
CONTINUOUS
10
0.9948484251968504
20
0.2760970078740158
11
0.9952622047244094
21
0.2758861417322835
0
LINE
8
BLACK
6
CONTINUOUS
10
0.9952622047244094
20
0.2758861417322835
11
0.9975118897637795
21
0.2736364173228346
0
LINE
8
BLACK
6
CONTINUOUS
10
0.9975118897637795
20
0.2736364173228346
11
0.9978305118110236
21
0.273011062992126
0
LINE
8
BLACK
6
CONTINUOUS
10
0.9978305118110236
20
0.273011062992126
11
0.9983231496062992
21
0.272510905511811
0
LINE
8
BLACK
6
CONTINUOUS
10
0.9983231496062992
20
0.272510905511811
11
1.000572874015748
21
0.2680114960629921
0
LINE
8
BLACK
6
CONTINUOUS
10
1.000572874015748
20
0.2680114960629921
11
1.0007215354330707
21
0.2670242519685039
0
LINE
8
BLACK
6
CONTINUOUS
10
1.0007215354330707
20
0.2670242519685039
11
1.0010300787401574
21
0.2660747244094488
0
LINE
8
BLACK
6
CONTINUOUS
10
1.0010300787401574
20
0.2660747244094488
11
1.0010300787401574
21
0.2593255511811023
0
LINE
8
BLACK
6
CONTINUOUS
10
1.0010300787401574
20
0.2593255511811023
11
1.0007215354330707
21
0.258376062992126
0
LINE
8
BLACK
6
CONTINUOUS
10
1.0007215354330707
20
0.258376062992126
11
1.000572874015748
21
0.2573888188976378
0
LINE
8
BLACK
6
CONTINUOUS
10
1.000572874015748
20
0.2573888188976378
11
0.9983231496062992
21
0.2528893700787401
0
LINE
8
BLACK
6
CONTINUOUS
10
0.9983231496062992
20
0.2528893700787401
11
0.9978305118110236
21
0.2523892519685039
0
LINE
8
BLACK
6
CONTINUOUS
10
0.9978305118110236
20
0.2523892519685039
11
0.9975118897637795
21
0.2517638188976378
0
LINE
8
BLACK
6
CONTINUOUS
10
0.9975118897637795
20
0.2517638188976378
11
0.9952622047244094
21
0.249514094488189
0
LINE
8
BLACK
6
CONTINUOUS
10
0.9952622047244094
20
0.249514094488189
11
0.9946366929133859
21
0.2491953937007874
0
LINE
8
BLACK
6
CONTINUOUS
10
0.9946366929133859
20
0.2491953937007874
11
0.994136653543307
21
0.248702874015748
0
LINE
8
BLACK
6
CONTINUOUS
10
0.994136653543307
20
0.248702874015748
11
0.9896372440944882
21
0.2464531889763779
0
LINE
8
BLACK
6
CONTINUOUS
10
0.9896372440944882
20
0.2464531889763779
11
0.98865
21
0.2463045275590551
0
LINE
8
BLACK
6
CONTINUOUS
10
0.98865
20
0.2463045275590551
11
0.9877005118110236
21
0.2459959842519685
0
LINE
8
BLACK
6
CONTINUOUS
10
0.9877005118110236
20
0.2459959842519685
11
0.9697027559055118
21
0.2459959842519685
0
LINE
8
BLACK
6
CONTINUOUS
10
0.9697027559055118
20
0.2459959842519685
11
0.9690503937007874
21
0.2462079527559055
0
LINE
8
BLACK
6
CONTINUOUS
10
0.9690503937007874
20
0.2462079527559055
11
0.9683644881889764
21
0.2462079527559055
0
LINE
8
BLACK
6
CONTINUOUS
10
0.9683644881889764
20
0.2462079527559055
11
0.9678095669291339
21
0.2466111417322835
0
LINE
8
BLACK
6
CONTINUOUS
10
0.9678095669291339
20
0.2466111417322835
11
0.9671572440944882
21
0.2468230708661417
0
LINE
8
BLACK
6
CONTINUOUS
10
0.9671572440944882
20
0.2468230708661417
11
0.9667540551181102
21
0.247378031496063
0
LINE
8
BLACK
6
CONTINUOUS
10
0.9667540551181102
20
0.247378031496063
11
0.9661991338582677
21
0.2477811811023622
0
LINE
8
BLACK
6
CONTINUOUS
10
0.9661991338582677
20
0.2477811811023622
11
0.9659871653543307
21
0.2484335433070866
0
LINE
8
BLACK
6
CONTINUOUS
10
0.9659871653543307
20
0.2484335433070866
11
0.9655840157480314
21
0.2489884251968504
0
LINE
8
BLACK
6
CONTINUOUS
10
0.9655840157480314
20
0.2489884251968504
11
0.9655840157480314
21
0.2496743307086614
0
LINE
8
BLACK
6
CONTINUOUS
10
0.9655840157480314
20
0.2496743307086614
11
0.9653720472440944
21
0.2503266929133858
0
LINE
8
BLACK
6
CONTINUOUS
10
0.9653720472440944
20
0.2503266929133858
11
0.9653720472440944
21
0.2975707874015748
0
LINE
8
BLACK
6
CONTINUOUS
10
0.9653720472440944
20
0.2975707874015748
11
0.9655840157480314
21
0.298223188976378
0
LINE
8
BLACK
6
CONTINUOUS
10
0.9655840157480314
20
0.298223188976378
11
0.9655840157480314
21
0.2989090551181102
0
LINE
8
BLACK
6
CONTINUOUS
10
0.9655840157480314
20
0.2989090551181102
11
0.9659871653543307
21
0.2994639763779527
0
LINE
8
BLACK
6
CONTINUOUS
10
0.9659871653543307
20
0.2994639763779527
11
0.9661991338582677
21
0.3001162992125984
0
LINE
8
BLACK
6
CONTINUOUS
10
0.9661991338582677
20
0.3001162992125984
11
0.9667540551181102
21
0.3005194881889764
0
LINE
8
BLACK
6
CONTINUOUS
10
0.9667540551181102
20
0.3005194881889764
11
0.9671572440944882
21
0.3010744094488189
0
LINE
8
BLACK
6
CONTINUOUS
10
0.9671572440944882
20
0.3010744094488189
11
0.9678095669291339
21
0.3012863779527559
0
LINE
8
BLACK
6
CONTINUOUS
10
0.9678095669291339
20
0.3012863779527559
11
0.9683644881889764
21
0.3016895275590551
0
LINE
8
BLACK
6
CONTINUOUS
10
0.9683644881889764
20
0.3016895275590551
11
0.9690503937007874
21
0.3016895275590551
0
LINE
8
BLACK
6
CONTINUOUS
10
0.9690503937007874
20
0.3016895275590551
11
0.9697027559055118
21
0.3019014960629921
0
LINE
8
BLACK
6
CONTINUOUS
10
0.9697027559055118
20
0.3019014960629921
11
0.9854507874015748
21
0.3019014960629921
0
LINE
8
BLACK
6
CONTINUOUS
10
0.9854507874015748
20
0.3019014960629921
11
0.9864002755905512
21
0.3015929921259842
0
LINE
8
BLACK
6
CONTINUOUS
10
0.9740334645669291
20
0.2546574015748032
11
0.9866781889763779
21
0.2546574015748032
0
LINE
8
BLACK
6
CONTINUOUS
10
0.9866781889763779
20
0.2546574015748032
11
0.9896345275590551
21
0.2561355905511811
0
LINE
8
BLACK
6
CONTINUOUS
10
0.9896345275590551
20
0.2561355905511811
11
0.9908904330708661
21
0.2573914566929134
0
LINE
8
BLACK
6
CONTINUOUS
10
0.9908904330708661
20
0.2573914566929134
11
0.9923686614173228
21
0.2603479133858267
0
LINE
8
BLACK
6
CONTINUOUS
10
0.9923686614173228
20
0.2603479133858267
11
0.9923686614173228
21
0.2650523622047244
0
LINE
8
BLACK
6
CONTINUOUS
10
0.9923686614173228
20
0.2650523622047244
11
0.9908903937007874
21
0.2680088582677165
0
LINE
8
BLACK
6
CONTINUOUS
10
0.9908903937007874
20
0.2680088582677165
11
0.9898605118110236
21
0.2690387007874016
0
LINE
8
BLACK
6
CONTINUOUS
10
0.9898605118110236
20
0.2690387007874016
11
0.9847480314960629
21
0.270742874015748
0
LINE
8
BLACK
6
CONTINUOUS
10
0.9847480314960629
20
0.270742874015748
11
0.9740334645669291
21
0.270742874015748
0
LINE
8
BLACK
6
CONTINUOUS
10
0.9740334645669291
20
0.270742874015748
11
0.9740334645669291
21
0.2546574015748032
0
LINE
8
BLACK
6
CONTINUOUS
10
0.9740334645669291
20
0.2794042913385827
11
0.9844284645669291
21
0.2794042913385827
0
LINE
8
BLACK
6
CONTINUOUS
10
0.9844284645669291
20
0.2794042913385827
11
0.9873848818897638
21
0.2808825196850394
0
LINE
8
BLACK
6
CONTINUOUS
10
0.9873848818897638
20
0.2808825196850394
11
0.9886406299212598
21
0.2821383070866142
0
LINE
8
BLACK
6
CONTINUOUS
10
0.9886406299212598
20
0.2821383070866142
11
0.990118937007874
21
0.285094842519685
0
LINE
8
BLACK
6
CONTINUOUS
10
0.990118937007874
20
0.285094842519685
11
0.990118937007874
21
0.2875495669291339
0
LINE
8
BLACK
6
CONTINUOUS
10
0.990118937007874
20
0.2875495669291339
11
0.9886406692913385
21
0.290506062992126
0
LINE
8
BLACK
6
CONTINUOUS
10
0.9886406692913385
20
0.290506062992126
11
0.9873848818897638
21
0.2917618897637795
0
LINE
8
BLACK
6
CONTINUOUS
10
0.9873848818897638
20
0.2917618897637795
11
0.9844284645669291
21
0.2932400787401575
0
LINE
8
BLACK
6
CONTINUOUS
10
0.9844284645669291
20
0.2932400787401575
11
0.9740334645669291
21
0.2932400787401575
0
LINE
8
BLACK
6
CONTINUOUS
10
0.9740334645669291
20
0.2932400787401575
11
0.9740334645669291
21
0.2794042913385827
0
LINE
8
BLACK
6
CONTINUOUS
10
0.863972125984252
20
0.3012675590551181
11
0.8657142125984252
21
0.2992355511811023
0
LINE
8
BLACK
6
CONTINUOUS
10
0.8657142125984252
20
0.2992355511811023
11
0.8659292125984251
21
0.2965677165354331
0
LINE
8
BLACK
6
CONTINUOUS
10
0.8659292125984251
20
0.2965677165354331
11
0.8546805905511811
21
0.2493236220472441
0
LINE
8
BLACK
6
CONTINUOUS
10
0.8546805905511811
20
0.2493236220472441
11
0.854524842519685
21
0.2490684645669291
0
LINE
8
BLACK
6
CONTINUOUS
10
0.854524842519685
20
0.2490684645669291
11
0.8545088582677165
21
0.2487698818897638
0
LINE
8
BLACK
6
CONTINUOUS
10
0.8545088582677165
20
0.2487698818897638
11
0.8538394881889764
21
0.2479453543307087
0
LINE
8
BLACK
6
CONTINUOUS
10
0.8538394881889764
20
0.2479453543307087
11
0.8532863779527559
21
0.2470388976377953
0
LINE
8
BLACK
6
CONTINUOUS
10
0.8532863779527559
20
0.2470388976377953
11
0.8530103937007874
21
0.2469240157480315
0
LINE
8
BLACK
6
CONTINUOUS
10
0.8530103937007874
20
0.2469240157480315
11
0.852821968503937
21
0.2466918503937008
0
LINE
8
BLACK
6
CONTINUOUS
10
0.852821968503937
20
0.2466918503937008
11
0.8517957874015748
21
0.2464182283464567
0
LINE
8
BLACK
6
CONTINUOUS
10
0.8517957874015748
20
0.2464182283464567
11
0.8508155118110236
21
0.24601
0
LINE
8
BLACK
6
CONTINUOUS
10
0.8508155118110236
20
0.24601
11
0.8505246456692913
21
0.2460792519685039
0
LINE
8
BLACK
6
CONTINUOUS
10
0.8505246456692913
20
0.2460792519685039
11
0.8502357874015748
21
0.2460022047244095
0
LINE
8
BLACK
6
CONTINUOUS
10
0.8502357874015748
20
0.2460022047244095
11
0.8492447637795275
21
0.2463839763779528
0
LINE
8
BLACK
6
CONTINUOUS
10
0.8492447637795275
20
0.2463839763779528
11
0.8482117716535433
21
0.2466299212598425
0
LINE
8
BLACK
6
CONTINUOUS
10
0.8482117716535433
20
0.2466299212598425
11
0.8480171653543307
21
0.2468569291338583
0
LINE
8
BLACK
6
CONTINUOUS
10
0.8480171653543307
20
0.2468569291338583
11
0.847738188976378
21
0.2469643700787401
0
LINE
8
BLACK
6
CONTINUOUS
10
0.847738188976378
20
0.2469643700787401
11
0.8471608267716535
21
0.2478557874015748
0
LINE
8
BLACK
6
CONTINUOUS
10
0.8471608267716535
20
0.2478557874015748
11
0.84646968503937
21
0.2486619291338583
0
LINE
8
BLACK
6
CONTINUOUS
10
0.84646968503937
20
0.2486619291338583
11
0.8464456692913386
21
0.2489599212598425
0
LINE
8
BLACK
6
CONTINUOUS
10
0.8464456692913386
20
0.2489599212598425
11
0.8462831496062992
21
0.2492108267716535
0
LINE
8
BLACK
6
CONTINUOUS
10
0.8462831496062992
20
0.2492108267716535
11
0.8414687401574803
21
0.2672648031496063
0
LINE
8
BLACK
6
CONTINUOUS
10
0.8414687401574803
20
0.2672648031496063
11
0.8366543700787401
21
0.2492108267716535
0
LINE
8
BLACK
6
CONTINUOUS
10
0.8366543700787401
20
0.2492108267716535
11
0.8364918503937008
21
0.2489599212598425
0
LINE
8
BLACK
6
CONTINUOUS
10
0.8364918503937008
20
0.2489599212598425
11
0.8364678346456693
21
0.2486618897637795
0
LINE
8
BLACK
6
CONTINUOUS
10
0.8364678346456693
20
0.2486618897637795
11
0.8357766141732283
21
0.2478556692913386
0
LINE
8
BLACK
6
CONTINUOUS
10
0.8357766141732283
20
0.2478556692913386
11
0.8351993307086614
21
0.2469643700787401
0
LINE
8
BLACK
6
CONTINUOUS
10
0.8351993307086614
20
0.2469643700787401
11
0.8349203149606299
21
0.2468569291338583
0
LINE
8
BLACK
6
CONTINUOUS
10
0.8349203149606299
20
0.2468569291338583
11
0.834725748031496
21
0.2466299212598425
0
LINE
8
BLACK
6
CONTINUOUS
10
0.834725748031496
20
0.2466299212598425
11
0.8336925984251968
21
0.246383937007874
0
LINE
8
BLACK
6
CONTINUOUS
10
0.8336925984251968
20
0.246383937007874
11
0.8327017322834646
21
0.2460022047244095
0
LINE
8
BLACK
6
CONTINUOUS
10
0.8327017322834646
20
0.2460022047244095
11
0.832412874015748
21
0.2460792519685039
0
LINE
8
BLACK
6
CONTINUOUS
10
0.832412874015748
20
0.2460792519685039
11
0.8321220078740157
21
0.2460099606299213
0
LINE
8
BLACK
6
CONTINUOUS
10
0.8321220078740157
20
0.2460099606299213
11
0.8311415354330709
21
0.2464182677165354
0
LINE
8
BLACK
6
CONTINUOUS
10
0.8311415354330709
20
0.2464182677165354
11
0.8301155511811024
21
0.2466918503937008
0
LINE
8
BLACK
6
CONTINUOUS
10
0.8301155511811024
20
0.2466918503937008
11
0.8299270866141732
21
0.2469239763779527
0
LINE
8
BLACK
6
CONTINUOUS
10
0.8299270866141732
20
0.2469239763779527
11
0.8296511417322835
21
0.2470388976377953
0
LINE
8
BLACK
6
CONTINUOUS
10
0.8296511417322835
20
0.2470388976377953
11
0.8290979527559055
21
0.2479453937007874
0
LINE
8
BLACK
6
CONTINUOUS
10
0.8290979527559055
20
0.2479453937007874
11
0.8284286614173229
21
0.2487698818897638
0
LINE
8
BLACK
6
CONTINUOUS
10
0.8284286614173229
20
0.2487698818897638
11
0.8284126377952755
21
0.2490684251968504
0
LINE
8
BLACK
6
CONTINUOUS
10
0.8284126377952755
20
0.2490684251968504
11
0.8282569291338583
21
0.2493235826771653
0
LINE
8
BLACK
6
CONTINUOUS
10
0.8282569291338583
20
0.2493235826771653
11
0.8170083464566928
21
0.2965677165354331
0
LINE
8
BLACK
6
CONTINUOUS
10
0.8170083464566928
20
0.2965677165354331
11
0.8172233464566929
21
0.2992355511811023
0
LINE
8
BLACK
6
CONTINUOUS
10
0.8172233464566929
20
0.2992355511811023
11
0.8189654330708661
21
0.3012675590551181
0
LINE
8
BLACK
6
CONTINUOUS
10
0.8189654330708661
20
0.3012675590551181
11
0.8215691732283464
21
0.3018874803149606
0
LINE
8
BLACK
6
CONTINUOUS
10
0.8215691732283464
20
0.3018874803149606
11
0.8240400393700787
21
0.3008585826771654
0
LINE
8
BLACK
6
CONTINUOUS
10
0.8240400393700787
20
0.3008585826771654
11
0.825434251968504
21
0.2985738582677165
0
LINE
8
BLACK
6
CONTINUOUS
10
0.825434251968504
20
0.2985738582677165
11
0.8327075984251968
21
0.2680257874015748
0
LINE
8
BLACK
6
CONTINUOUS
10
0.8327075984251968
20
0.2680257874015748
11
0.8372842913385826
21
0.2851883070866142
0
LINE
8
BLACK
6
CONTINUOUS
10
0.8372842913385826
20
0.2851883070866142
11
0.8374146850393701
21
0.2853896850393701
0
LINE
8
BLACK
6
CONTINUOUS
10
0.8374146850393701
20
0.2853896850393701
11
0.8374275590551181
21
0.2856292519685039
0
LINE
8
BLACK
6
CONTINUOUS
10
0.8374275590551181
20
0.2856292519685039
11
0.8381317716535432
21
0.2864968110236221
0
LINE
8
BLACK
6
CONTINUOUS
10
0.8381317716535432
20
0.2864968110236221
11
0.8387393307086614
21
0.2874347637795275
0
LINE
8
BLACK
6
CONTINUOUS
10
0.8387393307086614
20
0.2874347637795275
11
0.8389632283464566
21
0.287521062992126
0
LINE
8
BLACK
6
CONTINUOUS
10
0.8389632283464566
20
0.287521062992126
11
0.8391144488188976
21
0.2877072834645669
0
LINE
8
BLACK
6
CONTINUOUS
10
0.8391144488188976
20
0.2877072834645669
11
0.8401940551181102
21
0.2879951968503937
0
LINE
8
BLACK
6
CONTINUOUS
10
0.8401940551181102
20
0.2879951968503937
11
0.8412369291338583
21
0.2883969291338583
0
LINE
8
BLACK
6
CONTINUOUS
10
0.8412369291338583
20
0.2883969291338583
11
0.8414687795275591
21
0.2883351181102362
0
LINE
8
BLACK
6
CONTINUOUS
10
0.8414687795275591
20
0.2883351181102362
11
0.8417006299212598
21
0.2883969291338583
0
LINE
8
BLACK
6
CONTINUOUS
10
0.8417006299212598
20
0.2883969291338583
11
0.8427434645669292
21
0.2879951968503937
0
LINE
8
BLACK
6
CONTINUOUS
10
0.8427434645669292
20
0.2879951968503937
11
0.8438231102362205
21
0.2877072834645669
0
LINE
8
BLACK
6
CONTINUOUS
10
0.8438231102362205
20
0.2877072834645669
11
0.8439742913385827
21
0.287521062992126
0
LINE
8
BLACK
6
CONTINUOUS
10
0.8439742913385827
20
0.287521062992126
11
0.8441982283464566
21
0.2874347637795275
0
LINE
8
BLACK
6
CONTINUOUS
10
0.8441982283464566
20
0.2874347637795275
11
0.844805748031496
21
0.2864968110236221
0
LINE
8
BLACK
6
CONTINUOUS
10
0.844805748031496
20
0.2864968110236221
11
0.84551
21
0.2856292519685039
0
LINE
8
BLACK
6
CONTINUOUS
10
0.84551
20
0.2856292519685039
11
0.8455228346456692
21
0.2853896850393701
0
LINE
8
BLACK
6
CONTINUOUS
10
0.8455228346456692
20
0.2853896850393701
11
0.8456532677165354
21
0.2851883070866142
0
LINE
8
BLACK
6
CONTINUOUS
10
0.8456532677165354
20
0.2851883070866142
11
0.8502299212598425
21
0.2680257874015748
0
LINE
8
BLACK
6
CONTINUOUS
10
0.8502299212598425
20
0.2680257874015748
11
0.8575033070866142
21
0.2985738582677165
0
LINE
8
BLACK
6
CONTINUOUS
10
0.8575033070866142
20
0.2985738582677165
11
0.8588975196850394
21
0.3008585826771654
0
LINE
8
BLACK
6
CONTINUOUS
10
0.8588975196850394
20
0.3008585826771654
11
0.8613683858267717
21
0.3018874803149606
0
LINE
8
BLACK
6
CONTINUOUS
10
0.8613683858267717
20
0.3018874803149606
11
0.863972125984252
21
0.3012675590551181
0
LINE
8
BLACK
6
CONTINUOUS
10
0.6264452362204724
20
0.3015929921259842
11
0.6274325590551181
21
0.3014442913385827
0
LINE
8
BLACK
6
CONTINUOUS
10
0.6274325590551181
20
0.3014442913385827
11
0.631931968503937
21
0.2991945669291339
0
LINE
8
BLACK
6
CONTINUOUS
10
0.631931968503937
20
0.2991945669291339
11
0.6324320078740158
21
0.2987020472440945
0
LINE
8
BLACK
6
CONTINUOUS
10
0.6324320078740158
20
0.2987020472440945
11
0.6330574803149606
21
0.2983833464566929
0
LINE
8
BLACK
6
CONTINUOUS
10
0.6330574803149606
20
0.2983833464566929
11
0.6353071653543307
21
0.2961336220472441
0
LINE
8
BLACK
6
CONTINUOUS
10
0.6353071653543307
20
0.2961336220472441
11
0.6356257874015748
21
0.2955082283464567
0
LINE
8
BLACK
6
CONTINUOUS
10
0.6356257874015748
20
0.2955082283464567
11
0.6361184251968504
21
0.2950080708661417
0
LINE
8
BLACK
6
CONTINUOUS
10
0.6361184251968504
20
0.2950080708661417
11
0.6383681496062992
21
0.2905086220472441
0
LINE
8
BLACK
6
CONTINUOUS
10
0.6383681496062992
20
0.2905086220472441
11
0.638516811023622
21
0.2895214173228347
0
LINE
8
BLACK
6
CONTINUOUS
10
0.638516811023622
20
0.2895214173228347
11
0.6388253543307086
21
0.2885718897637795
0
LINE
8
BLACK
6
CONTINUOUS
10
0.6388253543307086
20
0.2885718897637795
11
0.6388253543307086
21
0.2818227559055118
0
LINE
8
BLACK
6
CONTINUOUS
10
0.6388253543307086
20
0.2818227559055118
11
0.638516811023622
21
0.2808732677165354
0
LINE
8
BLACK
6
CONTINUOUS
10
0.638516811023622
20
0.2808732677165354
11
0.6383681496062992
21
0.2798860236220472
0
LINE
8
BLACK
6
CONTINUOUS
10
0.6383681496062992
20
0.2798860236220472
11
0.6361184251968504
21
0.2753865748031496
0
LINE
8
BLACK
6
CONTINUOUS
10
0.6361184251968504
20
0.2753865748031496
11
0.6356257874015748
21
0.2748864566929134
0
LINE
8
BLACK
6
CONTINUOUS
10
0.6356257874015748
20
0.2748864566929134
11
0.6353071653543307
21
0.2742610236220472
0
LINE
8
BLACK
6
CONTINUOUS
10
0.6353071653543307
20
0.2742610236220472
11
0.6330574803149606
21
0.2720112992125984
0
LINE
8
BLACK
6
CONTINUOUS
10
0.6330574803149606
20
0.2720112992125984
11
0.6324320078740158
21
0.2716926377952756
0
LINE
8
BLACK
6
CONTINUOUS
10
0.6324320078740158
20
0.2716926377952756
11
0.631931968503937
21
0.2712000787401574
0
LINE
8
BLACK
6
CONTINUOUS
10
0.631931968503937
20
0.2712000787401574
11
0.6274325590551181
21
0.2689503543307086
0
LINE
8
BLACK
6
CONTINUOUS
10
0.6274325590551181
20
0.2689503543307086
11
0.6268099606299212
21
0.2688566141732283
0
LINE
8
BLACK
6
CONTINUOUS
10
0.6268099606299212
20
0.2688566141732283
11
0.6380424803149606
21
0.2528101968503937
0
LINE
8
BLACK
6
CONTINUOUS
10
0.6380424803149606
20
0.2528101968503937
11
0.6388246850393701
21
0.2502505118110236
0
LINE
8
BLACK
6
CONTINUOUS
10
0.6388246850393701
20
0.2502505118110236
11
0.6379529527559055
21
0.2477199212598425
0
LINE
8
BLACK
6
CONTINUOUS
10
0.6379529527559055
20
0.2477199212598425
11
0.6357602362204724
21
0.2461850393700787
0
LINE
8
BLACK
6
CONTINUOUS
10
0.6357602362204724
20
0.2461850393700787
11
0.6330841338582677
21
0.246232125984252
0
LINE
8
BLACK
6
CONTINUOUS
10
0.6330841338582677
20
0.246232125984252
11
0.630946811023622
21
0.2478431889763779
0
LINE
8
BLACK
6
CONTINUOUS
10
0.630946811023622
20
0.2478431889763779
11
0.616491811023622
21
0.2684931496062992
0
LINE
8
BLACK
6
CONTINUOUS
10
0.616491811023622
20
0.2684931496062992
11
0.6118287401574803
21
0.2684931496062992
0
LINE
8
BLACK
6
CONTINUOUS
10
0.6118287401574803
20
0.2684931496062992
11
0.6118287401574803
21
0.2503266929133858
0
LINE
8
BLACK
6
CONTINUOUS
10
0.6118287401574803
20
0.2503266929133858
11
0.611001653543307
21
0.2477811811023622
0
LINE
8
BLACK
6
CONTINUOUS
10
0.611001653543307
20
0.2477811811023622
11
0.6088362992125984
21
0.2462079527559055
0
LINE
8
BLACK
6
CONTINUOUS
10
0.6088362992125984
20
0.2462079527559055
11
0.6061597637795275
21
0.2462079527559055
0
LINE
8
BLACK
6
CONTINUOUS
10
0.6061597637795275
20
0.2462079527559055
11
0.6039944094488189
21
0.2477811811023622
0
LINE
8
BLACK
6
CONTINUOUS
10
0.6039944094488189
20
0.2477811811023622
11
0.6031673228346457
21
0.2503266929133858
0
LINE
8
BLACK
6
CONTINUOUS
10
0.6031673228346457
20
0.2503266929133858
11
0.6031673228346457
21
0.2975707874015748
0
LINE
8
BLACK
6
CONTINUOUS
10
0.6031673228346457
20
0.2975707874015748
11
0.6033792913385827
21
0.298223188976378
0
LINE
8
BLACK
6
CONTINUOUS
10
0.6033792913385827
20
0.298223188976378
11
0.6033792913385827
21
0.2989090551181102
0
LINE
8
BLACK
6
CONTINUOUS
10
0.6033792913385827
20
0.2989090551181102
11
0.6037824409448819
21
0.2994639763779527
0
LINE
8
BLACK
6
CONTINUOUS
10
0.6037824409448819
20
0.2994639763779527
11
0.6039944094488189
21
0.3001162992125984
0
LINE
8
BLACK
6
CONTINUOUS
10
0.6039944094488189
20
0.3001162992125984
11
0.6045493307086615
21
0.3005194881889764
0
LINE
8
BLACK
6
CONTINUOUS
10
0.6045493307086615
20
0.3005194881889764
11
0.6049525196850394
21
0.3010744094488189
0
LINE
8
BLACK
6
CONTINUOUS
10
0.6049525196850394
20
0.3010744094488189
11
0.605604842519685
21
0.3012863779527559
0
LINE
8
BLACK
6
CONTINUOUS
10
0.605604842519685
20
0.3012863779527559
11
0.6061597637795275
21
0.3016895275590551
0
LINE
8
BLACK
6
CONTINUOUS
10
0.6061597637795275
20
0.3016895275590551
11
0.6068456692913385
21
0.3016895275590551
0
LINE
8
BLACK
6
CONTINUOUS
10
0.6068456692913385
20
0.3016895275590551
11
0.607498031496063
21
0.3019014960629921
0
LINE
8
BLACK
6
CONTINUOUS
10
0.607498031496063
20
0.3019014960629921
11
0.6254957874015747
21
0.3019014960629921
0
LINE
8
BLACK
6
CONTINUOUS
10
0.6254957874015747
20
0.3019014960629921
11
0.6264452362204724
21
0.3015929921259842
0
LINE
8
BLACK
6
CONTINUOUS
10
0.6118287401574803
20
0.2771545669291339
11
0.6244734251968503
21
0.2771545669291339
0
LINE
8
BLACK
6
CONTINUOUS
10
0.6244734251968503
20
0.2771545669291339
11
0.627429842519685
21
0.2786328346456693
0
LINE
8
BLACK
6
CONTINUOUS
10
0.627429842519685
20
0.2786328346456693
11
0.6286857086614173
21
0.2798886614173228
0
LINE
8
BLACK
6
CONTINUOUS
10
0.6286857086614173
20
0.2798886614173228
11
0.630163937007874
21
0.2828451181102362
0
LINE
8
BLACK
6
CONTINUOUS
10
0.630163937007874
20
0.2828451181102362
11
0.630163937007874
21
0.2875495669291339
0
LINE
8
BLACK
6
CONTINUOUS
10
0.630163937007874
20
0.2875495669291339
11
0.6286857086614173
21
0.2905060236220472
0
LINE
8
BLACK
6
CONTINUOUS
10
0.6286857086614173
20
0.2905060236220472
11
0.627429842519685
21
0.2917618503937008
0
LINE
8
BLACK
6
CONTINUOUS
10
0.627429842519685
20
0.2917618503937008
11
0.6244734251968503
21
0.2932400787401575
0
LINE
8
BLACK
6
CONTINUOUS
10
0.6244734251968503
20
0.2932400787401575
11
0.6118287401574803
21
0.2932400787401575
0
LINE
8
BLACK
6
CONTINUOUS
10
0.6118287401574803
20
0.2932400787401575
11
0.6118287401574803
21
0.2771545669291339
0
LINE
8
BLACK
6
CONTINUOUS
10
0.7907742125984252
20
0.3178416929133858
11
0.7915261023622047
21
0.3155275590551181
0
LINE
8
BLACK
6
CONTINUOUS
10
0.7915261023622047
20
0.3155275590551181
11
0.7915261023622047
21
0.313277874015748
0
LINE
8
BLACK
6
CONTINUOUS
10
0.7915261023622047
20
0.313277874015748
11
0.7912456299212598
21
0.3124147637795275
0
LINE
8
BLACK
6
CONTINUOUS
10
0.7912456299212598
20
0.3124147637795275
11
0.7911104724409449
21
0.3115172047244095
0
LINE
8
BLACK
6
CONTINUOUS
10
0.7911104724409449
20
0.3115172047244095
11
0.7888607480314961
21
0.3070177559055118
0
LINE
8
BLACK
6
CONTINUOUS
10
0.7888607480314961
20
0.3070177559055118
11
0.7884129133858268
21
0.3065631102362205
0
LINE
8
BLACK
6
CONTINUOUS
10
0.7884129133858268
20
0.3065631102362205
11
0.7881232283464567
21
0.3059945275590551
0
LINE
8
BLACK
6
CONTINUOUS
10
0.7881232283464567
20
0.3059945275590551
11
0.7858735433070866
21
0.3037448031496063
0
LINE
8
BLACK
6
CONTINUOUS
10
0.7858735433070866
20
0.3037448031496063
11
0.7837055118110237
21
0.302640157480315
0
LINE
8
BLACK
6
CONTINUOUS
10
0.7837055118110237
20
0.302640157480315
11
0.7813022834645669
21
0.3030207874015748
0
LINE
8
BLACK
6
CONTINUOUS
10
0.7813022834645669
20
0.3030207874015748
11
0.7795817322834645
21
0.3047413385826772
0
LINE
8
BLACK
6
CONTINUOUS
10
0.7795817322834645
20
0.3047413385826772
11
0.7792011023622047
21
0.3071445669291338
0
LINE
8
BLACK
6
CONTINUOUS
10
0.7792011023622047
20
0.3071445669291338
11
0.780305748031496
21
0.3093125984251968
0
LINE
8
BLACK
6
CONTINUOUS
10
0.780305748031496
20
0.3093125984251968
11
0.7821037007874015
21
0.3111105511811024
0
LINE
8
BLACK
6
CONTINUOUS
10
0.7821037007874015
20
0.3111105511811024
11
0.7836520866141732
21
0.3142073228346456
0
LINE
8
BLACK
6
CONTINUOUS
10
0.7836520866141732
20
0.3142073228346456
11
0.7836520866141732
21
0.3155275590551181
0
LINE
8
BLACK
6
CONTINUOUS
10
0.7836520866141732
20
0.3155275590551181
11
0.7844039763779528
21
0.3178416929133858
0
LINE
8
BLACK
6
CONTINUOUS
10
0.7844039763779528
20
0.3178416929133858
11
0.7863724803149607
21
0.3192718897637795
0
LINE
8
BLACK
6
CONTINUOUS
10
0.7863724803149607
20
0.3192718897637795
11
0.7888057086614173
21
0.3192718897637795
0
LINE
8
BLACK
6
CONTINUOUS
10
0.7888057086614173
20
0.3192718897637795
11
0.7907742125984252
21
0.3178416929133858
0
LINE
8
BLACK
6
CONTINUOUS
10
0.6625402362204724
20
0.3628361023622047
11
0.6632921259842519
21
0.360521968503937
0
LINE
8
BLACK
6
CONTINUOUS
10
0.6632921259842519
20
0.360521968503937
11
0.6632921259842519
21
0.3172148818897638
0
LINE
8
BLACK
6
CONTINUOUS
10
0.6632921259842519
20
0.3172148818897638
11
0.6818522834645669
21
0.3172148818897638
0
LINE
8
BLACK
6
CONTINUOUS
10
0.6818522834645669
20
0.3172148818897638
11
0.6841664173228347
21
0.3164629921259842
0
LINE
8
BLACK
6
CONTINUOUS
10
0.6841664173228347
20
0.3164629921259842
11
0.6855966141732284
21
0.3144944881889764
0
LINE
8
BLACK
6
CONTINUOUS
10
0.6855966141732284
20
0.3144944881889764
11
0.6855966141732284
21
0.3120612598425197
0
LINE
8
BLACK
6
CONTINUOUS
10
0.6855966141732284
20
0.3120612598425197
11
0.6841664173228347
21
0.3100927559055118
0
LINE
8
BLACK
6
CONTINUOUS
10
0.6841664173228347
20
0.3100927559055118
11
0.6818522834645669
21
0.3093408661417323
0
LINE
8
BLACK
6
CONTINUOUS
10
0.6818522834645669
20
0.3093408661417323
11
0.6593551181102362
21
0.3093408661417323
0
LINE
8
BLACK
6
CONTINUOUS
10
0.6593551181102362
20
0.3093408661417323
11
0.6587620866141732
21
0.3095335433070866
0
LINE
8
BLACK
6
CONTINUOUS
10
0.6587620866141732
20
0.3095335433070866
11
0.6581385039370079
21
0.3095335433070866
0
LINE
8
BLACK
6
CONTINUOUS
10
0.6581385039370079
20
0.3095335433070866
11
0.6576340157480315
21
0.3099000787401575
0
LINE
8
BLACK
6
CONTINUOUS
10
0.6576340157480315
20
0.3099000787401575
11
0.6570409842519684
21
0.3100927559055118
0
LINE
8
BLACK
6
CONTINUOUS
10
0.6570409842519684
20
0.3100927559055118
11
0.6566744488188976
21
0.3105972440944882
0
LINE
8
BLACK
6
CONTINUOUS
10
0.6566744488188976
20
0.3105972440944882
11
0.65617
21
0.3109637401574803
0
LINE
8
BLACK
6
CONTINUOUS
10
0.65617
20
0.3109637401574803
11
0.655977283464567
21
0.311556811023622
0
LINE
8
BLACK
6
CONTINUOUS
10
0.655977283464567
20
0.311556811023622
11
0.6556107874015747
21
0.3120612598425197
0
LINE
8
BLACK
6
CONTINUOUS
10
0.6556107874015747
20
0.3120612598425197
11
0.6556107874015747
21
0.3126848818897638
0
LINE
8
BLACK
6
CONTINUOUS
10
0.6556107874015747
20
0.3126848818897638
11
0.6554181102362204
21
0.313277874015748
0
LINE
8
BLACK
6
CONTINUOUS
10
0.6554181102362204
20
0.313277874015748
11
0.6554181102362204
21
0.360521968503937
0
LINE
8
BLACK
6
CONTINUOUS
10
0.6554181102362204
20
0.360521968503937
11
0.65617
21
0.3628361023622047
0
LINE
8
BLACK
6
CONTINUOUS
10
0.65617
20
0.3628361023622047
11
0.6581385039370079
21
0.3642662992125984
0
LINE
8
BLACK
6
CONTINUOUS
10
0.6581385039370079
20
0.3642662992125984
11
0.6605717322834646
21
0.3642662992125984
0
LINE
8
BLACK
6
CONTINUOUS
10
0.6605717322834646
20
0.3642662992125984
11
0.6625402362204724
21
0.3628361023622047
0
LINE
8
BLACK
6
CONTINUOUS
10
0.7547064173228346
20
0.3641785433070866
11
0.7556039763779527
21
0.3640433464566929
0
LINE
8
BLACK
6
CONTINUOUS
10
0.7556039763779527
20
0.3640433464566929
11
0.7601034645669291
21
0.3617936220472441
0
LINE
8
BLACK
6
CONTINUOUS
10
0.7601034645669291
20
0.3617936220472441
11
0.7605581496062992
21
0.3613457874015748
0
LINE
8
BLACK
6
CONTINUOUS
10
0.7605581496062992
20
0.3613457874015748
11
0.7611266535433071
21
0.3610561023622047
0
LINE
8
BLACK
6
CONTINUOUS
10
0.7611266535433071
20
0.3610561023622047
11
0.7633763779527559
21
0.3588063779527559
0
LINE
8
BLACK
6
CONTINUOUS
10
0.7633763779527559
20
0.3588063779527559
11
0.7636660629921259
21
0.3582377952755905
0
LINE
8
BLACK
6
CONTINUOUS
10
0.7636660629921259
20
0.3582377952755905
11
0.7641138188976377
21
0.357783188976378
0
LINE
8
BLACK
6
CONTINUOUS
10
0.7641138188976377
20
0.357783188976378
11
0.7663635433070866
21
0.3532837401574803
0
LINE
8
BLACK
6
CONTINUOUS
10
0.7663635433070866
20
0.3532837401574803
11
0.7664987007874016
21
0.3523862204724409
0
LINE
8
BLACK
6
CONTINUOUS
10
0.7664987007874016
20
0.3523862204724409
11
0.7667791732283464
21
0.3515230708661417
0
LINE
8
BLACK
6
CONTINUOUS
10
0.7667791732283464
20
0.3515230708661417
11
0.7667791732283464
21
0.3470236220472441
0
LINE
8
BLACK
6
CONTINUOUS
10
0.7667791732283464
20
0.3470236220472441
11
0.7664987007874016
21
0.3461605118110236
0
LINE
8
BLACK
6
CONTINUOUS
10
0.7664987007874016
20
0.3461605118110236
11
0.7663635433070866
21
0.3452629527559055
0
LINE
8
BLACK
6
CONTINUOUS
10
0.7663635433070866
20
0.3452629527559055
11
0.7641138188976377
21
0.3407635039370079
0
LINE
8
BLACK
6
CONTINUOUS
10
0.7641138188976377
20
0.3407635039370079
11
0.7636660236220473
21
0.340308937007874
0
LINE
8
BLACK
6
CONTINUOUS
10
0.7636660236220473
20
0.340308937007874
11
0.7633763779527559
21
0.3397403543307086
0
LINE
8
BLACK
6
CONTINUOUS
10
0.7633763779527559
20
0.3397403543307086
11
0.7625937007874015
21
0.3389577165354331
0
LINE
8
BLACK
6
CONTINUOUS
10
0.7625937007874015
20
0.3389577165354331
11
0.7633763385826772
21
0.338558937007874
0
LINE
8
BLACK
6
CONTINUOUS
10
0.7633763385826772
20
0.338558937007874
11
0.7656260236220472
21
0.3363092125984252
0
LINE
8
BLACK
6
CONTINUOUS
10
0.7656260236220472
20
0.3363092125984252
11
0.7659156692913386
21
0.3357407480314961
0
LINE
8
BLACK
6
CONTINUOUS
10
0.7659156692913386
20
0.3357407480314961
11
0.7663635433070866
21
0.3352860236220472
0
LINE
8
BLACK
6
CONTINUOUS
10
0.7663635433070866
20
0.3352860236220472
11
0.7686132677165354
21
0.3307865748031496
0
LINE
8
BLACK
6
CONTINUOUS
10
0.7686132677165354
20
0.3307865748031496
11
0.7687484251968504
21
0.3298890551181102
0
LINE
8
BLACK
6
CONTINUOUS
10
0.7687484251968504
20
0.3298890551181102
11
0.7690288976377953
21
0.329025905511811
0
LINE
8
BLACK
6
CONTINUOUS
10
0.7690288976377953
20
0.329025905511811
11
0.7690288976377953
21
0.3222767322834645
0
LINE
8
BLACK
6
CONTINUOUS
10
0.7690288976377953
20
0.3222767322834645
11
0.7687484251968504
21
0.3214136220472441
0
LINE
8
BLACK
6
CONTINUOUS
10
0.7687484251968504
20
0.3214136220472441
11
0.7686132677165354
21
0.320516062992126
0
LINE
8
BLACK
6
CONTINUOUS
10
0.7686132677165354
20
0.320516062992126
11
0.7663635433070866
21
0.3160166141732283
0
LINE
8
BLACK
6
CONTINUOUS
10
0.7663635433070866
20
0.3160166141732283
11
0.7659157086614173
21
0.315561968503937
0
LINE
8
BLACK
6
CONTINUOUS
10
0.7659157086614173
20
0.315561968503937
11
0.7656260236220472
21
0.3149933858267717
0
LINE
8
BLACK
6
CONTINUOUS
10
0.7656260236220472
20
0.3149933858267717
11
0.7633763385826772
21
0.3127436614173228
0
LINE
8
BLACK
6
CONTINUOUS
10
0.7633763385826772
20
0.3127436614173228
11
0.762807716535433
21
0.3124539763779527
0
LINE
8
BLACK
6
CONTINUOUS
10
0.762807716535433
20
0.3124539763779527
11
0.7623531102362204
21
0.3120061811023622
0
LINE
8
BLACK
6
CONTINUOUS
10
0.7623531102362204
20
0.3120061811023622
11
0.7578537007874016
21
0.3097564960629921
0
LINE
8
BLACK
6
CONTINUOUS
10
0.7578537007874016
20
0.3097564960629921
11
0.7569561417322834
21
0.3096213385826772
0
LINE
8
BLACK
6
CONTINUOUS
10
0.7569561417322834
20
0.3096213385826772
11
0.756093031496063
21
0.3093408661417323
0
LINE
8
BLACK
6
CONTINUOUS
10
0.756093031496063
20
0.3093408661417323
11
0.7380952755905512
21
0.3093408661417323
0
LINE
8
BLACK
6
CONTINUOUS
10
0.7380952755905512
20
0.3093408661417323
11
0.7375022440944882
21
0.3095335433070866
0
LINE
8
BLACK
6
CONTINUOUS
10
0.7375022440944882
20
0.3095335433070866
11
0.7368786614173228
21
0.3095335433070866
0
LINE
8
BLACK
6
CONTINUOUS
10
0.7368786614173228
20
0.3095335433070866
11
0.7363741732283464
21
0.3099000787401575
0
LINE
8
BLACK
6
CONTINUOUS
10
0.7363741732283464
20
0.3099000787401575
11
0.7357811417322835
21
0.3100927559055118
0
LINE
8
BLACK
6
CONTINUOUS
10
0.7357811417322835
20
0.3100927559055118
11
0.7354146062992126
21
0.3105972440944882
0
LINE
8
BLACK
6
CONTINUOUS
10
0.7354146062992126
20
0.3105972440944882
11
0.734910157480315
21
0.3109637401574803
0
LINE
8
BLACK
6
CONTINUOUS
10
0.734910157480315
20
0.3109637401574803
11
0.7347174409448819
21
0.311556811023622
0
LINE
8
BLACK
6
CONTINUOUS
10
0.7347174409448819
20
0.311556811023622
11
0.7343509448818898
21
0.3120612598425197
0
LINE
8
BLACK
6
CONTINUOUS
10
0.7343509448818898
20
0.3120612598425197
11
0.7343509448818898
21
0.3126848818897638
0
LINE
8
BLACK
6
CONTINUOUS
10
0.7343509448818898
20
0.3126848818897638
11
0.7341582677165354
21
0.313277874015748
0
LINE
8
BLACK
6
CONTINUOUS
10
0.7341582677165354
20
0.313277874015748
11
0.7341582677165354
21
0.360521968503937
0
LINE
8
BLACK
6
CONTINUOUS
10
0.7341582677165354
20
0.360521968503937
11
0.7343509448818898
21
0.361115
0
LINE
8
BLACK
6
CONTINUOUS
10
0.7343509448818898
20
0.361115
11
0.7343509448818898
21
0.3617385826771654
0
LINE
8
BLACK
6
CONTINUOUS
10
0.7343509448818898
20
0.3617385826771654
11
0.7347174409448819
21
0.3622430708661417
0
LINE
8
BLACK
6
CONTINUOUS
10
0.7347174409448819
20
0.3622430708661417
11
0.734910157480315
21
0.3628361023622047
0
LINE
8
BLACK
6
CONTINUOUS
10
0.734910157480315
20
0.3628361023622047
11
0.7354146062992126
21
0.3632026377952756
0
LINE
8
BLACK
6
CONTINUOUS
10
0.7354146062992126
20
0.3632026377952756
11
0.7357811417322835
21
0.3637070866141732
0
LINE
8
BLACK
6
CONTINUOUS
10
0.7357811417322835
20
0.3637070866141732
11
0.7363741732283464
21
0.3638998031496063
0
LINE
8
BLACK
6
CONTINUOUS
10
0.7363741732283464
20
0.3638998031496063
11
0.7368786614173228
21
0.3642662992125984
0
LINE
8
BLACK
6
CONTINUOUS
10
0.7368786614173228
20
0.3642662992125984
11
0.7375022440944882
21
0.3642662992125984
0
LINE
8
BLACK
6
CONTINUOUS
10
0.7375022440944882
20
0.3642662992125984
11
0.7380952755905512
21
0.3644589763779528
0
LINE
8
BLACK
6
CONTINUOUS
10
0.7380952755905512
20
0.3644589763779528
11
0.7538433070866142
21
0.3644589763779528
0
LINE
8
BLACK
6
CONTINUOUS
10
0.7538433070866142
20
0.3644589763779528
11
0.7547064173228346
21
0.3641785433070866
0
LINE
8
BLACK
6
CONTINUOUS
10
0.742032283464567
20
0.3172148818897638
11
0.7551636220472441
21
0.3172148818897638
0
LINE
8
BLACK
6
CONTINUOUS
10
0.7551636220472441
20
0.3172148818897638
11
0.7582602755905512
21
0.3187632283464567
0
LINE
8
BLACK
6
CONTINUOUS
10
0.7582602755905512
20
0.3187632283464567
11
0.7596064960629921
21
0.3201094094488189
0
LINE
8
BLACK
6
CONTINUOUS
10
0.7596064960629921
20
0.3201094094488189
11
0.7611548818897638
21
0.3232061811023622
0
LINE
8
BLACK
6
CONTINUOUS
10
0.7611548818897638
20
0.3232061811023622
11
0.7611548818897638
21
0.3280965354330709
0
LINE
8
BLACK
6
CONTINUOUS
10
0.7611548818897638
20
0.3280965354330709
11
0.7596064566929134
21
0.3311932677165354
0
LINE
8
BLACK
6
CONTINUOUS
10
0.7596064566929134
20
0.3311932677165354
11
0.7584656692913385
21
0.3323340157480315
0
LINE
8
BLACK
6
CONTINUOUS
10
0.7584656692913385
20
0.3323340157480315
11
0.7532044488188976
21
0.3340877559055118
0
LINE
8
BLACK
6
CONTINUOUS
10
0.7532044488188976
20
0.3340877559055118
11
0.742032283464567
21
0.3340877559055118
0
LINE
8
BLACK
6
CONTINUOUS
10
0.742032283464567
20
0.3340877559055118
11
0.742032283464567
21
0.3172148818897638
0
LINE
8
BLACK
6
CONTINUOUS
10
0.742032283464567
20
0.3419617716535433
11
0.7529138976377953
21
0.3419617716535433
0
LINE
8
BLACK
6
CONTINUOUS
10
0.7529138976377953
20
0.3419617716535433
11
0.7560106299212598
21
0.3435101574803149
0
LINE
8
BLACK
6
CONTINUOUS
10
0.7560106299212598
20
0.3435101574803149
11
0.7573567322834646
21
0.3448562598425197
0
LINE
8
BLACK
6
CONTINUOUS
10
0.7573567322834646
20
0.3448562598425197
11
0.758905157480315
21
0.347953031496063
0
LINE
8
BLACK
6
CONTINUOUS
10
0.758905157480315
20
0.347953031496063
11
0.758905157480315
21
0.3505936614173228
0
LINE
8
BLACK
6
CONTINUOUS
10
0.758905157480315
20
0.3505936614173228
11
0.7573567322834646
21
0.3536904724409449
0
LINE
8
BLACK
6
CONTINUOUS
10
0.7573567322834646
20
0.3536904724409449
11
0.7560106299212598
21
0.3550366141732283
0
LINE
8
BLACK
6
CONTINUOUS
10
0.7560106299212598
20
0.3550366141732283
11
0.7529138976377953
21
0.3565849606299212
0
LINE
8
BLACK
6
CONTINUOUS
10
0.7529138976377953
20
0.3565849606299212
11
0.742032283464567
21
0.3565849606299212
0
LINE
8
BLACK
6
CONTINUOUS
10
0.742032283464567
20
0.3565849606299212
11
0.742032283464567
21
0.3419617716535433
0
LINE
8
BLACK
6
CONTINUOUS
10
0.8604432283464567
20
0.3641785433070866
11
0.8613407874015748
21
0.3640433464566929
0
LINE
8
BLACK
6
CONTINUOUS
10
0.8613407874015748
20
0.3640433464566929
11
0.8658402755905512
21
0.3617936220472441
0
LINE
8
BLACK
6
CONTINUOUS
10
0.8658402755905512
20
0.3617936220472441
11
0.8662949606299213
21
0.3613457874015748
0
LINE
8
BLACK
6
CONTINUOUS
10
0.8662949606299213
20
0.3613457874015748
11
0.8668634645669291
21
0.3610561023622047
0
LINE
8
BLACK
6
CONTINUOUS
10
0.8668634645669291
20
0.3610561023622047
11
0.8691131889763779
21
0.3588063779527559
0
LINE
8
BLACK
6
CONTINUOUS
10
0.8691131889763779
20
0.3588063779527559
11
0.869402874015748
21
0.3582377952755905
0
LINE
8
BLACK
6
CONTINUOUS
10
0.869402874015748
20
0.3582377952755905
11
0.8698506299212598
21
0.357783188976378
0
LINE
8
BLACK
6
CONTINUOUS
10
0.8698506299212598
20
0.357783188976378
11
0.8721003543307086
21
0.3532837401574803
0
LINE
8
BLACK
6
CONTINUOUS
10
0.8721003543307086
20
0.3532837401574803
11
0.8722355118110237
21
0.3523862204724409
0
LINE
8
BLACK
6
CONTINUOUS
10
0.8722355118110237
20
0.3523862204724409
11
0.8725159842519685
21
0.3515230708661417
0
LINE
8
BLACK
6
CONTINUOUS
10
0.8725159842519685
20
0.3515230708661417
11
0.8725159842519685
21
0.3470236220472441
0
LINE
8
BLACK
6
CONTINUOUS
10
0.8725159842519685
20
0.3470236220472441
11
0.872318779527559
21
0.3464167322834645
0
LINE
8
BLACK
6
CONTINUOUS
10
0.872318779527559
20
0.3464167322834645
11
0.872313937007874
21
0.3457786220472441
0
LINE
8
BLACK
6
CONTINUOUS
10
0.872313937007874
20
0.3457786220472441
11
0.8700642125984251
21
0.3390294881889764
0
LINE
8
BLACK
6
CONTINUOUS
10
0.8700642125984251
20
0.3390294881889764
11
0.8695251968503936
21
0.3382993307086614
0
LINE
8
BLACK
6
CONTINUOUS
10
0.8695251968503936
20
0.3382993307086614
11
0.8691131496062992
21
0.3374905905511811
0
LINE
8
BLACK
6
CONTINUOUS
10
0.8691131496062992
20
0.3374905905511811
11
0.8488374409448819
21
0.3172148818897638
0
LINE
8
BLACK
6
CONTINUOUS
10
0.8488374409448819
20
0.3172148818897638
11
0.8685789763779528
21
0.3172148818897638
0
LINE
8
BLACK
6
CONTINUOUS
10
0.8685789763779528
20
0.3172148818897638
11
0.8708931102362204
21
0.3164629921259842
0
LINE
8
BLACK
6
CONTINUOUS
10
0.8708931102362204
20
0.3164629921259842
11
0.8723233070866142
21
0.3144944881889764
0
LINE
8
BLACK
6
CONTINUOUS
10
0.8723233070866142
20
0.3144944881889764
11
0.8723233070866142
21
0.3120612598425197
0
LINE
8
BLACK
6
CONTINUOUS
10
0.8723233070866142
20
0.3120612598425197
11
0.8708931102362204
21
0.3100927559055118
0
LINE
8
BLACK
6
CONTINUOUS
10
0.8708931102362204
20
0.3100927559055118
11
0.8685789763779528
21
0.3093408661417323
0
LINE
8
BLACK
6
CONTINUOUS
10
0.8685789763779528
20
0.3093408661417323
11
0.8393326377952756
21
0.3093408661417323
0
LINE
8
BLACK
6
CONTINUOUS
10
0.8393326377952756
20
0.3093408661417323
11
0.8384558661417323
21
0.3096257480314961
0
LINE
8
BLACK
6
CONTINUOUS
10
0.8384558661417323
20
0.3096257480314961
11
0.8375452755905511
21
0.3097699606299212
0
LINE
8
BLACK
6
CONTINUOUS
10
0.8375452755905511
20
0.3097699606299212
11
0.8373206299212598
21
0.3099946062992126
0
LINE
8
BLACK
6
CONTINUOUS
10
0.8373206299212598
20
0.3099946062992126
11
0.8370185039370078
21
0.3100927559055118
0
LINE
8
BLACK
6
CONTINUOUS
10
0.8370185039370078
20
0.3100927559055118
11
0.8364765354330709
21
0.3108387007874016
0
LINE
8
BLACK
6
CONTINUOUS
10
0.8364765354330709
20
0.3108387007874016
11
0.8358247244094488
21
0.3114905118110236
0
LINE
8
BLACK
6
CONTINUOUS
10
0.8358247244094488
20
0.3114905118110236
11
0.8357749999999999
21
0.3118042913385827
0
LINE
8
BLACK
6
CONTINUOUS
10
0.8357749999999999
20
0.3118042913385827
11
0.8355883070866141
21
0.3120612598425197
0
LINE
8
BLACK
6
CONTINUOUS
10
0.8355883070866141
20
0.3120612598425197
11
0.8355883070866141
21
0.3129832283464567
0
LINE
8
BLACK
6
CONTINUOUS
10
0.8355883070866141
20
0.3129832283464567
11
0.8354440944881889
21
0.3138937401574803
0
LINE
8
BLACK
6
CONTINUOUS
10
0.8354440944881889
20
0.3138937401574803
11
0.8355883070866141
21
0.314176811023622
0
LINE
8
BLACK
6
CONTINUOUS
10
0.8355883070866141
20
0.314176811023622
11
0.8355883070866141
21
0.3144944881889764
0
LINE
8
BLACK
6
CONTINUOUS
10
0.8355883070866141
20
0.3144944881889764
11
0.8361301968503937
21
0.3152403937007874
0
LINE
8
BLACK
6
CONTINUOUS
10
0.8361301968503937
20
0.3152403937007874
11
0.8365487401574803
21
0.3160617716535433
0
LINE
8
BLACK
6
CONTINUOUS
10
0.8365487401574803
20
0.3160617716535433
11
0.862888188976378
21
0.3424012598425197
0
LINE
8
BLACK
6
CONTINUOUS
10
0.862888188976378
20
0.3424012598425197
11
0.864641968503937
21
0.3476625196850394
0
LINE
8
BLACK
6
CONTINUOUS
10
0.864641968503937
20
0.3476625196850394
11
0.864641968503937
21
0.3505936614173228
0
LINE
8
BLACK
6
CONTINUOUS
10
0.864641968503937
20
0.3505936614173228
11
0.8630935433070865
21
0.3536904724409449
0
LINE
8
BLACK
6
CONTINUOUS
10
0.8630935433070865
20
0.3536904724409449
11
0.8617474409448819
21
0.3550366141732283
0
LINE
8
BLACK
6
CONTINUOUS
10
0.8617474409448819
20
0.3550366141732283
11
0.8586507086614174
21
0.3565849606299212
0
LINE
8
BLACK
6
CONTINUOUS
10
0.8586507086614174
20
0.3565849606299212
11
0.8492609842519685
21
0.3565849606299212
0
LINE
8
BLACK
6
CONTINUOUS
10
0.8492609842519685
20
0.3565849606299212
11
0.8461641732283465
21
0.3550366141732283
0
LINE
8
BLACK
6
CONTINUOUS
10
0.8461641732283465
20
0.3550366141732283
11
0.8443662598425197
21
0.3532386220472441
0
LINE
8
BLACK
6
CONTINUOUS
10
0.8443662598425197
20
0.3532386220472441
11
0.8421982283464566
21
0.3521339763779527
0
LINE
8
BLACK
6
CONTINUOUS
10
0.8421982283464566
20
0.3521339763779527
11
0.839795
21
0.3525146062992126
0
LINE
8
BLACK
6
CONTINUOUS
10
0.839795
20
0.3525146062992126
11
0.8380744488188976
21
0.354235157480315
0
LINE
8
BLACK
6
CONTINUOUS
10
0.8380744488188976
20
0.354235157480315
11
0.8376938188976377
21
0.3566383858267717
0
LINE
8
BLACK
6
CONTINUOUS
10
0.8376938188976377
20
0.3566383858267717
11
0.8387984645669291
21
0.3588064173228346
0
LINE
8
BLACK
6
CONTINUOUS
10
0.8387984645669291
20
0.3588064173228346
11
0.8410481889763779
21
0.3610561023622047
0
LINE
8
BLACK
6
CONTINUOUS
10
0.8410481889763779
20
0.3610561023622047
11
0.8416167322834646
21
0.3613458267716536
0
LINE
8
BLACK
6
CONTINUOUS
10
0.8416167322834646
20
0.3613458267716536
11
0.8420714173228346
21
0.3617936220472441
0
LINE
8
BLACK
6
CONTINUOUS
10
0.8420714173228346
20
0.3617936220472441
11
0.8465708661417323
21
0.3640433464566929
0
LINE
8
BLACK
6
CONTINUOUS
10
0.8465708661417323
20
0.3640433464566929
11
0.8474683858267716
21
0.3641785433070866
0
LINE
8
BLACK
6
CONTINUOUS
10
0.8474683858267716
20
0.3641785433070866
11
0.8483315354330708
21
0.3644589763779528
0
LINE
8
BLACK
6
CONTINUOUS
10
0.8483315354330708
20
0.3644589763779528
11
0.8595801181102362
21
0.3644589763779528
0
LINE
8
BLACK
6
CONTINUOUS
10
0.8595801181102362
20
0.3644589763779528
11
0.8604432283464567
21
0.3641785433070866
0
LINE
8
BLACK
6
CONTINUOUS
10
0.903187874015748
20
0.3641785433070866
11
0.9040854330708661
21
0.3640433464566929
0
LINE
8
BLACK
6
CONTINUOUS
10
0.9040854330708661
20
0.3640433464566929
11
0.9085849212598425
21
0.3617936220472441
0
LINE
8
BLACK
6
CONTINUOUS
10
0.9085849212598425
20
0.3617936220472441
11
0.9090395275590551
21
0.3613458267716536
0
LINE
8
BLACK
6
CONTINUOUS
10
0.9090395275590551
20
0.3613458267716536
11
0.9096081102362205
21
0.3610561417322835
0
LINE
8
BLACK
6
CONTINUOUS
10
0.9096081102362205
20
0.3610561417322835
11
0.9118577952755905
21
0.3588064173228346
0
LINE
8
BLACK
6
CONTINUOUS
10
0.9118577952755905
20
0.3588064173228346
11
0.9121474803149606
21
0.3582379133858268
0
LINE
8
BLACK
6
CONTINUOUS
10
0.9121474803149606
20
0.3582379133858268
11
0.91259531496063
21
0.357783188976378
0
LINE
8
BLACK
6
CONTINUOUS
10
0.91259531496063
20
0.357783188976378
11
0.914845
21
0.3532837401574803
0
LINE
8
BLACK
6
CONTINUOUS
10
0.914845
20
0.3532837401574803
11
0.9149103149606299
21
0.3528498818897638
0
LINE
8
BLACK
6
CONTINUOUS
10
0.9149103149606299
20
0.3528498818897638
11
0.9151430708661417
21
0.3524779527559055
0
LINE
8
BLACK
6
CONTINUOUS
10
0.9151430708661417
20
0.3524779527559055
11
0.9173927952755905
21
0.3434790551181102
0
LINE
8
BLACK
6
CONTINUOUS
10
0.9173927952755905
20
0.3434790551181102
11
0.9173588976377952
21
0.3429902755905512
0
LINE
8
BLACK
6
CONTINUOUS
10
0.9173588976377952
20
0.3429902755905512
11
0.9175103543307086
21
0.3425242125984252
0
LINE
8
BLACK
6
CONTINUOUS
10
0.9175103543307086
20
0.3425242125984252
11
0.9175103543307086
21
0.3312755905511811
0
LINE
8
BLACK
6
CONTINUOUS
10
0.9175103543307086
20
0.3312755905511811
11
0.9173588976377952
21
0.3308095669291338
0
LINE
8
BLACK
6
CONTINUOUS
10
0.9173588976377952
20
0.3308095669291338
11
0.9173927952755905
21
0.3303207480314961
0
LINE
8
BLACK
6
CONTINUOUS
10
0.9173927952755905
20
0.3303207480314961
11
0.9151430708661417
21
0.3213218503937008
0
LINE
8
BLACK
6
CONTINUOUS
10
0.9151430708661417
20
0.3213218503937008
11
0.9149103149606299
21
0.3209499606299213
0
LINE
8
BLACK
6
CONTINUOUS
10
0.9149103149606299
20
0.3209499606299213
11
0.914845
21
0.320516062992126
0
LINE
8
BLACK
6
CONTINUOUS
10
0.914845
20
0.320516062992126
11
0.91259531496063
21
0.3160166141732283
0
LINE
8
BLACK
6
CONTINUOUS
10
0.91259531496063
20
0.3160166141732283
11
0.9121474803149606
21
0.3155619291338583
0
LINE
8
BLACK
6
CONTINUOUS
10
0.9121474803149606
20
0.3155619291338583
11
0.9118577952755905
21
0.3149933858267717
0
LINE
8
BLACK
6
CONTINUOUS
10
0.9118577952755905
20
0.3149933858267717
11
0.9096081102362205
21
0.3127436614173228
0
LINE
8
BLACK
6
CONTINUOUS
10
0.9096081102362205
20
0.3127436614173228
11
0.9090394881889764
21
0.3124539763779527
0
LINE
8
BLACK
6
CONTINUOUS
10
0.9090394881889764
20
0.3124539763779527
11
0.9085848818897637
21
0.3120061811023622
0
LINE
8
BLACK
6
CONTINUOUS
10
0.9085848818897637
20
0.3120061811023622
11
0.9040854330708661
21
0.3097564960629921
0
LINE
8
BLACK
6
CONTINUOUS
10
0.9040854330708661
20
0.3097564960629921
11
0.903187874015748
21
0.3096213385826772
0
LINE
8
BLACK
6
CONTINUOUS
10
0.903187874015748
20
0.3096213385826772
11
0.9023247637795275
21
0.3093408661417323
0
LINE
8
BLACK
6
CONTINUOUS
10
0.9023247637795275
20
0.3093408661417323
11
0.8978253149606299
21
0.3093408661417323
0
LINE
8
BLACK
6
CONTINUOUS
10
0.8978253149606299
20
0.3093408661417323
11
0.8969621653543307
21
0.3096213385826772
0
LINE
8
BLACK
6
CONTINUOUS
10
0.8969621653543307
20
0.3096213385826772
11
0.8960646456692913
21
0.3097564960629921
0
LINE
8
BLACK
6
CONTINUOUS
10
0.8960646456692913
20
0.3097564960629921
11
0.8915652362204725
21
0.3120061811023622
0
LINE
8
BLACK
6
CONTINUOUS
10
0.8915652362204725
20
0.3120061811023622
11
0.8911105511811024
21
0.3124540157480315
0
LINE
8
BLACK
6
CONTINUOUS
10
0.8911105511811024
20
0.3124540157480315
11
0.8905420078740157
21
0.3127437007874015
0
LINE
8
BLACK
6
CONTINUOUS
10
0.8905420078740157
20
0.3127437007874015
11
0.8882922834645669
21
0.3149933858267717
0
LINE
8
BLACK
6
CONTINUOUS
10
0.8882922834645669
20
0.3149933858267717
11
0.8880025984251968
21
0.315561968503937
0
LINE
8
BLACK
6
CONTINUOUS
10
0.8880025984251968
20
0.315561968503937
11
0.8875548031496063
21
0.3160165748031496
0
LINE
8
BLACK
6
CONTINUOUS
10
0.8875548031496063
20
0.3160165748031496
11
0.8853050787401575
21
0.320516062992126
0
LINE
8
BLACK
6
CONTINUOUS
10
0.8853050787401575
20
0.320516062992126
11
0.8852397244094488
21
0.3209499606299213
0
LINE
8
BLACK
6
CONTINUOUS
10
0.8852397244094488
20
0.3209499606299213
11
0.8850070078740158
21
0.3213218503937008
0
LINE
8
BLACK
6
CONTINUOUS
10
0.8850070078740158
20
0.3213218503937008
11
0.8827572834645669
21
0.3303207086614173
0
LINE
8
BLACK
6
CONTINUOUS
10
0.8827572834645669
20
0.3303207086614173
11
0.8827911417322835
21
0.3308095669291338
0
LINE
8
BLACK
6
CONTINUOUS
10
0.8827911417322835
20
0.3308095669291338
11
0.8826397244094488
21
0.3312755905511811
0
LINE
8
BLACK
6
CONTINUOUS
10
0.8826397244094488
20
0.3312755905511811
11
0.8826397244094488
21
0.3425242125984252
0
LINE
8
BLACK
6
CONTINUOUS
10
0.8826397244094488
20
0.3425242125984252
11
0.8827911417322835
21
0.3429902755905512
0
LINE
8
BLACK
6
CONTINUOUS
10
0.8827911417322835
20
0.3429902755905512
11
0.8827572834645669
21
0.343479094488189
0
LINE
8
BLACK
6
CONTINUOUS
10
0.8827572834645669
20
0.343479094488189
11
0.8850070078740158
21
0.3524779527559055
0
LINE
8
BLACK
6
CONTINUOUS
10
0.8850070078740158
20
0.3524779527559055
11
0.8852397244094488
21
0.3528498818897638
0
LINE
8
BLACK
6
CONTINUOUS
10
0.8852397244094488
20
0.3528498818897638
11
0.8853050787401575
21
0.3532837401574803
0
LINE
8
BLACK
6
CONTINUOUS
10
0.8853050787401575
20
0.3532837401574803
11
0.8875548031496063
21
0.3577832283464567
0
LINE
8
BLACK
6
CONTINUOUS
10
0.8875548031496063
20
0.3577832283464567
11
0.8880025984251968
21
0.358237874015748
0
LINE
8
BLACK
6
CONTINUOUS
10
0.8880025984251968
20
0.358237874015748
11
0.8882922834645669
21
0.3588064173228346
0
LINE
8
BLACK
6
CONTINUOUS
10
0.8882922834645669
20
0.3588064173228346
11
0.8905420078740157
21
0.3610561023622047
0
LINE
8
BLACK
6
CONTINUOUS
10
0.8905420078740157
20
0.3610561023622047
11
0.8911104724409449
21
0.3613457874015748
0
LINE
8
BLACK
6
CONTINUOUS
10
0.8911104724409449
20
0.3613457874015748
11
0.8915651968503937
21
0.3617936220472441
0
LINE
8
BLACK
6
CONTINUOUS
10
0.8915651968503937
20
0.3617936220472441
11
0.8960646456692913
21
0.3640433464566929
0
LINE
8
BLACK
6
CONTINUOUS
10
0.8960646456692913
20
0.3640433464566929
11
0.8969621653543307
21
0.3641785433070866
0
LINE
8
BLACK
6
CONTINUOUS
10
0.8969621653543307
20
0.3641785433070866
11
0.8978253149606299
21
0.3644589763779528
0
LINE
8
BLACK
6
CONTINUOUS
10
0.8978253149606299
20
0.3644589763779528
11
0.9023247637795275
21
0.3644589763779528
0
LINE
8
BLACK
6
CONTINUOUS
10
0.9023247637795275
20
0.3644589763779528
11
0.903187874015748
21
0.3641785433070866
0
LINE
8
BLACK
6
CONTINUOUS
10
0.8956579527559055
20
0.3550365748031496
11
0.894311811023622
21
0.3536903937007874
0
LINE
8
BLACK
6
CONTINUOUS
10
0.894311811023622
20
0.3536903937007874
11
0.892541062992126
21
0.3501488582677165
0
LINE
8
BLACK
6
CONTINUOUS
10
0.892541062992126
20
0.3501488582677165
11
0.8905137401574803
21
0.3420395669291338
0
LINE
8
BLACK
6
CONTINUOUS
10
0.8905137401574803
20
0.3420395669291338
11
0.8905137401574803
21
0.3317602362204725
0
LINE
8
BLACK
6
CONTINUOUS
10
0.8905137401574803
20
0.3317602362204725
11
0.892541062992126
21
0.3236509448818898
0
LINE
8
BLACK
6
CONTINUOUS
10
0.892541062992126
20
0.3236509448818898
11
0.894311811023622
21
0.3201094488188976
0
LINE
8
BLACK
6
CONTINUOUS
10
0.894311811023622
20
0.3201094488188976
11
0.8956579921259842
21
0.3187632283464567
0
LINE
8
BLACK
6
CONTINUOUS
10
0.8956579921259842
20
0.3187632283464567
11
0.8987547244094488
21
0.3172148818897638
0
LINE
8
BLACK
6
CONTINUOUS
10
0.8987547244094488
20
0.3172148818897638
11
0.9013953543307086
21
0.3172148818897638
0
LINE
8
BLACK
6
CONTINUOUS
10
0.9013953543307086
20
0.3172148818897638
11
0.9044920472440945
21
0.3187632283464567
0
LINE
8
BLACK
6
CONTINUOUS
10
0.9044920472440945
20
0.3187632283464567
11
0.9058382283464567
21
0.3201094094488189
0
LINE
8
BLACK
6
CONTINUOUS
10
0.9058382283464567
20
0.3201094094488189
11
0.9076089763779527
21
0.323650905511811
0
LINE
8
BLACK
6
CONTINUOUS
10
0.9076089763779527
20
0.323650905511811
11
0.9096363385826771
21
0.3317602755905512
0
LINE
8
BLACK
6
CONTINUOUS
10
0.9096363385826771
20
0.3317602755905512
11
0.9096363385826771
21
0.3420395669291338
0
LINE
8
BLACK
6
CONTINUOUS
10
0.9096363385826771
20
0.3420395669291338
11
0.9076089763779527
21
0.350148937007874
0
LINE
8
BLACK
6
CONTINUOUS
10
0.9076089763779527
20
0.350148937007874
11
0.9058382283464567
21
0.3536904330708661
0
LINE
8
BLACK
6
CONTINUOUS
10
0.9058382283464567
20
0.3536904330708661
11
0.9044920472440945
21
0.3550366141732283
0
LINE
8
BLACK
6
CONTINUOUS
10
0.9044920472440945
20
0.3550366141732283
11
0.9013953543307086
21
0.3565849606299212
0
LINE
8
BLACK
6
CONTINUOUS
10
0.9013953543307086
20
0.3565849606299212
11
0.8987547244094488
21
0.3565849606299212
0
LINE
8
BLACK
6
CONTINUOUS
10
0.8987547244094488
20
0.3565849606299212
11
0.8956579527559055
21
0.3550365748031496
0
LINE
8
BLACK
6
CONTINUOUS
10
0.950431968503937
20
0.3641785433070866
11
0.9513295275590551
21
0.3640433464566929
0
LINE
8
BLACK
6
CONTINUOUS
10
0.9513295275590551
20
0.3640433464566929
11
0.9558290157480315
21
0.3617936220472441
0
LINE
8
BLACK
6
CONTINUOUS
10
0.9558290157480315
20
0.3617936220472441
11
0.9562837007874015
21
0.3613457874015748
0
LINE
8
BLACK
6
CONTINUOUS
10
0.9562837007874015
20
0.3613457874015748
11
0.9568522047244095
21
0.3610561023622047
0
LINE
8
BLACK
6
CONTINUOUS
10
0.9568522047244095
20
0.3610561023622047
11
0.9591019291338583
21
0.3588063779527559
0
LINE
8
BLACK
6
CONTINUOUS
10
0.9591019291338583
20
0.3588063779527559
11
0.9593916141732284
21
0.3582377952755905
0
LINE
8
BLACK
6
CONTINUOUS
10
0.9593916141732284
20
0.3582377952755905
11
0.9598393700787401
21
0.357783188976378
0
LINE
8
BLACK
6
CONTINUOUS
10
0.9598393700787401
20
0.357783188976378
11
0.9620890944881889
21
0.3532837401574803
0
LINE
8
BLACK
6
CONTINUOUS
10
0.9620890944881889
20
0.3532837401574803
11
0.9622242519685039
21
0.3523862204724409
0
LINE
8
BLACK
6
CONTINUOUS
10
0.9622242519685039
20
0.3523862204724409
11
0.9625047244094488
21
0.3515230708661417
0
LINE
8
BLACK
6
CONTINUOUS
10
0.9625047244094488
20
0.3515230708661417
11
0.9625047244094488
21
0.3470236220472441
0
LINE
8
BLACK
6
CONTINUOUS
10
0.9625047244094488
20
0.3470236220472441
11
0.9623075196850394
21
0.3464167322834645
0
LINE
8
BLACK
6
CONTINUOUS
10
0.9623075196850394
20
0.3464167322834645
11
0.9623026771653543
21
0.3457786220472441
0
LINE
8
BLACK
6
CONTINUOUS
10
0.9623026771653543
20
0.3457786220472441
11
0.9600529527559055
21
0.3390294881889764
0
LINE
8
BLACK
6
CONTINUOUS
10
0.9600529527559055
20
0.3390294881889764
11
0.959513937007874
21
0.3382993307086614
0
LINE
8
BLACK
6
CONTINUOUS
10
0.959513937007874
20
0.3382993307086614
11
0.9591018897637795
21
0.3374905905511811
0
LINE
8
BLACK
6
CONTINUOUS
10
0.9591018897637795
20
0.3374905905511811
11
0.9388261811023622
21
0.3172148818897638
0
LINE
8
BLACK
6
CONTINUOUS
10
0.9388261811023622
20
0.3172148818897638
11
0.958567716535433
21
0.3172148818897638
0
LINE
8
BLACK
6
CONTINUOUS
10
0.958567716535433
20
0.3172148818897638
11
0.9608818503937008
21
0.3164629921259842
0
LINE
8
BLACK
6
CONTINUOUS
10
0.9608818503937008
20
0.3164629921259842
11
0.9623120472440945
21
0.3144944881889764
0
LINE
8
BLACK
6
CONTINUOUS
10
0.9623120472440945
20
0.3144944881889764
11
0.9623120472440945
21
0.3120612598425197
0
LINE
8
BLACK
6
CONTINUOUS
10
0.9623120472440945
20
0.3120612598425197
11
0.9608818503937008
21
0.3100927559055118
0
LINE
8
BLACK
6
CONTINUOUS
10
0.9608818503937008
20
0.3100927559055118
11
0.958567716535433
21
0.3093408661417323
0
LINE
8
BLACK
6
CONTINUOUS
10
0.958567716535433
20
0.3093408661417323
11
0.9293213779527559
21
0.3093408661417323
0
LINE
8
BLACK
6
CONTINUOUS
10
0.9293213779527559
20
0.3093408661417323
11
0.9284446062992125
21
0.3096257480314961
0
LINE
8
BLACK
6
CONTINUOUS
10
0.9284446062992125
20
0.3096257480314961
11
0.9275340157480315
21
0.3097699606299212
0
LINE
8
BLACK
6
CONTINUOUS
10
0.9275340157480315
20
0.3097699606299212
11
0.9273093700787401
21
0.3099946062992126
0
LINE
8
BLACK
6
CONTINUOUS
10
0.9273093700787401
20
0.3099946062992126
11
0.9270072440944882
21
0.3100927559055118
0
LINE
8
BLACK
6
CONTINUOUS
10
0.9270072440944882
20
0.3100927559055118
11
0.9264652755905511
21
0.3108387007874016
0
LINE
8
BLACK
6
CONTINUOUS
10
0.9264652755905511
20
0.3108387007874016
11
0.9258134645669291
21
0.3114905118110236
0
LINE
8
BLACK
6
CONTINUOUS
10
0.9258134645669291
20
0.3114905118110236
11
0.9257637401574803
21
0.3118042913385827
0
LINE
8
BLACK
6
CONTINUOUS
10
0.9257637401574803
20
0.3118042913385827
11
0.9255770472440945
21
0.3120612598425197
0
LINE
8
BLACK
6
CONTINUOUS
10
0.9255770472440945
20
0.3120612598425197
11
0.9255770472440945
21
0.3129832283464567
0
LINE
8
BLACK
6
CONTINUOUS
10
0.9255770472440945
20
0.3129832283464567
11
0.9254328346456693
21
0.3138937401574803
0
LINE
8
BLACK
6
CONTINUOUS
10
0.9254328346456693
20
0.3138937401574803
11
0.9255770472440945
21
0.314176811023622
0
LINE
8
BLACK
6
CONTINUOUS
10
0.9255770472440945
20
0.314176811023622
11
0.9255770472440945
21
0.3144944881889764
0
LINE
8
BLACK
6
CONTINUOUS
10
0.9255770472440945
20
0.3144944881889764
11
0.926118937007874
21
0.3152403937007874
0
LINE
8
BLACK
6
CONTINUOUS
10
0.926118937007874
20
0.3152403937007874
11
0.9265374803149606
21
0.3160617716535433
0
LINE
8
BLACK
6
CONTINUOUS
10
0.9265374803149606
20
0.3160617716535433
11
0.9528769291338582
21
0.3424012598425197
0
LINE
8
BLACK
6
CONTINUOUS
10
0.9528769291338582
20
0.3424012598425197
11
0.9546307086614173
21
0.3476625196850394
0
LINE
8
BLACK
6
CONTINUOUS
10
0.9546307086614173
20
0.3476625196850394
11
0.9546307086614173
21
0.3505936614173228
0
LINE
8
BLACK
6
CONTINUOUS
10
0.9546307086614173
20
0.3505936614173228
11
0.9530822834645669
21
0.3536904724409449
0
LINE
8
BLACK
6
CONTINUOUS
10
0.9530822834645669
20
0.3536904724409449
11
0.9517361811023621
21
0.3550366141732283
0
LINE
8
BLACK
6
CONTINUOUS
10
0.9517361811023621
20
0.3550366141732283
11
0.9486394488188976
21
0.3565849606299212
0
LINE
8
BLACK
6
CONTINUOUS
10
0.9486394488188976
20
0.3565849606299212
11
0.9392497244094488
21
0.3565849606299212
0
LINE
8
BLACK
6
CONTINUOUS
10
0.9392497244094488
20
0.3565849606299212
11
0.9361529133858267
21
0.3550366141732283
0
LINE
8
BLACK
6
CONTINUOUS
10
0.9361529133858267
20
0.3550366141732283
11
0.9343549999999999
21
0.3532386220472441
0
LINE
8
BLACK
6
CONTINUOUS
10
0.9343549999999999
20
0.3532386220472441
11
0.932186968503937
21
0.3521339763779527
0
LINE
8
BLACK
6
CONTINUOUS
10
0.932186968503937
20
0.3521339763779527
11
0.9297837401574803
21
0.3525146062992126
0
LINE
8
BLACK
6
CONTINUOUS
10
0.9297837401574803
20
0.3525146062992126
11
0.928063188976378
21
0.354235157480315
0
LINE
8
BLACK
6
CONTINUOUS
10
0.928063188976378
20
0.354235157480315
11
0.9276825590551181
21
0.3566383858267717
0
LINE
8
BLACK
6
CONTINUOUS
10
0.9276825590551181
20
0.3566383858267717
11
0.9287872047244095
21
0.3588064173228346
0
LINE
8
BLACK
6
CONTINUOUS
10
0.9287872047244095
20
0.3588064173228346
11
0.9310369291338583
21
0.3610561023622047
0
LINE
8
BLACK
6
CONTINUOUS
10
0.9310369291338583
20
0.3610561023622047
11
0.9316054724409448
21
0.3613458267716536
0
LINE
8
BLACK
6
CONTINUOUS
10
0.9316054724409448
20
0.3613458267716536
11
0.9320601574803149
21
0.3617936220472441
0
LINE
8
BLACK
6
CONTINUOUS
10
0.9320601574803149
20
0.3617936220472441
11
0.9365596062992125
21
0.3640433464566929
0
LINE
8
BLACK
6
CONTINUOUS
10
0.9365596062992125
20
0.3640433464566929
11
0.9374571259842519
21
0.3641785433070866
0
LINE
8
BLACK
6
CONTINUOUS
10
0.9374571259842519
20
0.3641785433070866
11
0.9383202755905512
21
0.3644589763779528
0
LINE
8
BLACK
6
CONTINUOUS
10
0.9383202755905512
20
0.3644589763779528
11
0.9495688582677165
21
0.3644589763779528
0
LINE
8
BLACK
6
CONTINUOUS
10
0.9495688582677165
20
0.3644589763779528
11
0.950431968503937
21
0.3641785433070866
0
LINE
8
BLACK
6
CONTINUOUS
10
0.7065992519685039
20
0.3644494488188976
11
0.706629094488189
21
0.3644588582677165
0
LINE
8
BLACK
6
CONTINUOUS
10
0.706629094488189
20
0.3644588582677165
11
0.7077542125984252
21
0.3640838188976378
0
LINE
8
BLACK
6
CONTINUOUS
10
0.7077542125984252
20
0.3640838188976378
11
0.7088890944881889
21
0.3637245669291339
0
LINE
8
BLACK
6
CONTINUOUS
10
0.7088890944881889
20
0.3637245669291339
11
0.7089077165354331
21
0.3636993307086614
0
LINE
8
BLACK
6
CONTINUOUS
10
0.7089077165354331
20
0.3636993307086614
11
0.7089374409448819
21
0.3636894094488189
0
LINE
8
BLACK
6
CONTINUOUS
10
0.7089374409448819
20
0.3636894094488189
11
0.7096285433070866
21
0.3627228346456693
0
LINE
8
BLACK
6
CONTINUOUS
10
0.7096285433070866
20
0.3627228346456693
11
0.7103341732283465
21
0.361766968503937
0
LINE
8
BLACK
6
CONTINUOUS
10
0.7103341732283465
20
0.361766968503937
11
0.7260822047244094
21
0.314522874015748
0
LINE
8
BLACK
6
CONTINUOUS
10
0.7260822047244094
20
0.314522874015748
11
0.7261007086614173
21
0.3120897244094488
0
LINE
8
BLACK
6
CONTINUOUS
10
0.7261007086614173
20
0.3120897244094488
11
0.7246854724409448
21
0.3101104330708661
0
LINE
8
BLACK
6
CONTINUOUS
10
0.7246854724409448
20
0.3101104330708661
11
0.722377125984252
21
0.3093409842519685
0
LINE
8
BLACK
6
CONTINUOUS
10
0.722377125984252
20
0.3093409842519685
11
0.7200573622047244
21
0.3100752755905511
0
LINE
8
BLACK
6
CONTINUOUS
10
0.7200573622047244
20
0.3100752755905511
11
0.718612283464567
21
0.312032874015748
0
LINE
8
BLACK
6
CONTINUOUS
10
0.718612283464567
20
0.312032874015748
11
0.7150101968503937
21
0.3228391732283464
0
LINE
8
BLACK
6
CONTINUOUS
10
0.7150101968503937
20
0.3228391732283464
11
0.6981882283464567
21
0.3228391732283464
0
LINE
8
BLACK
6
CONTINUOUS
10
0.6981882283464567
20
0.3228391732283464
11
0.6945861417322835
21
0.312032874015748
0
LINE
8
BLACK
6
CONTINUOUS
10
0.6945861417322835
20
0.312032874015748
11
0.693141062992126
21
0.3100752755905511
0
LINE
8
BLACK
6
CONTINUOUS
10
0.693141062992126
20
0.3100752755905511
11
0.6908212992125984
21
0.3093409448818897
0
LINE
8
BLACK
6
CONTINUOUS
10
0.6908212992125984
20
0.3093409448818897
11
0.6885129527559055
21
0.3101104330708661
0
LINE
8
BLACK
6
CONTINUOUS
10
0.6885129527559055
20
0.3101104330708661
11
0.6870977165354331
21
0.3120897244094488
0
LINE
8
BLACK
6
CONTINUOUS
10
0.6870977165354331
20
0.3120897244094488
11
0.6871162204724409
21
0.314522874015748
0
LINE
8
BLACK
6
CONTINUOUS
10
0.6871162204724409
20
0.314522874015748
11
0.7028642519685039
21
0.361766968503937
0
LINE
8
BLACK
6
CONTINUOUS
10
0.7028642519685039
20
0.361766968503937
11
0.703569842519685
21
0.3627228346456693
0
LINE
8
BLACK
6
CONTINUOUS
10
0.703569842519685
20
0.3627228346456693
11
0.7042609842519685
21
0.3636894094488189
0
LINE
8
BLACK
6
CONTINUOUS
10
0.7042609842519685
20
0.3636894094488189
11
0.7042906692913385
21
0.3636993307086614
0
LINE
8
BLACK
6
CONTINUOUS
10
0.7042906692913385
20
0.3636993307086614
11
0.7043093307086614
21
0.3637245669291339
0
LINE
8
BLACK
6
CONTINUOUS
10
0.7043093307086614
20
0.3637245669291339
11
0.705441811023622
21
0.3640830708661417
0
LINE
8
BLACK
6
CONTINUOUS
10
0.705441811023622
20
0.3640830708661417
11
0.7065693307086613
21
0.3644588976377953
0
LINE
8
BLACK
6
CONTINUOUS
10
0.7065693307086613
20
0.3644588976377953
11
0.7065992519685039
21
0.3644494488188976
0
LINE
8
BLACK
6
CONTINUOUS
10
0.7008129133858267
20
0.330713188976378
11
0.7123855118110236
21
0.330713188976378
0
LINE
8
BLACK
6
CONTINUOUS
10
0.7123855118110236
20
0.330713188976378
11
0.7065992125984252
21
0.3480720866141732
0
LINE
8
BLACK
6
CONTINUOUS
10
0.7065992125984252
20
0.3480720866141732
11
0.7008129133858267
21
0.330713188976378
0
LINE
8
BLACK
6
CONTINUOUS
10
0.6376886220472441
20
0.3642662992125984
11
0.6380745275590551
21
0.3642662992125984
0
LINE
8
BLACK
6
CONTINUOUS
10
0.6380745275590551
20
0.3642662992125984
11
0.6387674803149607
21
0.363762874015748
0
LINE
8
BLACK
6
CONTINUOUS
10
0.6387674803149607
20
0.363762874015748
11
0.6395438188976378
21
0.3634005511811024
0
LINE
8
BLACK
6
CONTINUOUS
10
0.6395438188976378
20
0.3634005511811024
11
0.6397308267716535
21
0.3630629527559055
0
LINE
8
BLACK
6
CONTINUOUS
10
0.6397308267716535
20
0.3630629527559055
11
0.640043031496063
21
0.3628361023622047
0
LINE
8
BLACK
6
CONTINUOUS
10
0.640043031496063
20
0.3628361023622047
11
0.6403076771653543
21
0.3620215748031496
0
LINE
8
BLACK
6
CONTINUOUS
10
0.6403076771653543
20
0.3620215748031496
11
0.6407228346456693
21
0.3612720866141732
0
LINE
8
BLACK
6
CONTINUOUS
10
0.6407228346456693
20
0.3612720866141732
11
0.6406756692913386
21
0.3608890157480315
0
LINE
8
BLACK
6
CONTINUOUS
10
0.6406756692913386
20
0.3608890157480315
11
0.6407949212598425
21
0.360521968503937
0
LINE
8
BLACK
6
CONTINUOUS
10
0.6407949212598425
20
0.360521968503937
11
0.6407949212598425
21
0.313277874015748
0
LINE
8
BLACK
6
CONTINUOUS
10
0.6407949212598425
20
0.313277874015748
11
0.640043031496063
21
0.3109637401574803
0
LINE
8
BLACK
6
CONTINUOUS
10
0.640043031496063
20
0.3109637401574803
11
0.6380745275590551
21
0.3095335433070866
0
LINE
8
BLACK
6
CONTINUOUS
10
0.6380745275590551
20
0.3095335433070866
11
0.6356412992125984
21
0.3095335433070866
0
LINE
8
BLACK
6
CONTINUOUS
10
0.6356412992125984
20
0.3095335433070866
11
0.6336727952755905
21
0.3109637401574803
0
LINE
8
BLACK
6
CONTINUOUS
10
0.6336727952755905
20
0.3109637401574803
11
0.632920905511811
21
0.313277874015748
0
LINE
8
BLACK
6
CONTINUOUS
10
0.632920905511811
20
0.313277874015748
11
0.632920905511811
21
0.3427757086614173
0
LINE
8
BLACK
6
CONTINUOUS
10
0.632920905511811
20
0.3427757086614173
11
0.6246775196850394
21
0.3251112598425197
0
LINE
8
BLACK
6
CONTINUOUS
10
0.6246775196850394
20
0.3251112598425197
11
0.6241620472440945
21
0.3245588188976378
0
LINE
8
BLACK
6
CONTINUOUS
10
0.6241620472440945
20
0.3245588188976378
11
0.6237957874015748
21
0.3238975984251968
0
LINE
8
BLACK
6
CONTINUOUS
10
0.6237957874015748
20
0.3238975984251968
11
0.6233517322834645
21
0.3236903937007874
0
LINE
8
BLACK
6
CONTINUOUS
10
0.6233517322834645
20
0.3236903937007874
11
0.6230175590551181
21
0.3233322047244094
0
LINE
8
BLACK
6
CONTINUOUS
10
0.6230175590551181
20
0.3233322047244094
11
0.6222757086614173
21
0.3231882677165354
0
LINE
8
BLACK
6
CONTINUOUS
10
0.6222757086614173
20
0.3231882677165354
11
0.6215908267716536
21
0.3228686220472441
0
LINE
8
BLACK
6
CONTINUOUS
10
0.6215908267716536
20
0.3228686220472441
11
0.6211097637795275
21
0.3229620078740157
0
LINE
8
BLACK
6
CONTINUOUS
10
0.6211097637795275
20
0.3229620078740157
11
0.620628937007874
21
0.3228686614173228
0
LINE
8
BLACK
6
CONTINUOUS
10
0.620628937007874
20
0.3228686614173228
11
0.6199442125984251
21
0.3231882283464567
0
LINE
8
BLACK
6
CONTINUOUS
10
0.6199442125984251
20
0.3231882283464567
11
0.6192022047244095
21
0.3233322047244094
0
LINE
8
BLACK
6
CONTINUOUS
10
0.6192022047244095
20
0.3233322047244094
11
0.6188679133858268
21
0.3236904724409449
0
LINE
8
BLACK
6
CONTINUOUS
10
0.6188679133858268
20
0.3236904724409449
11
0.6184239763779528
21
0.3238976377952756
0
LINE
8
BLACK
6
CONTINUOUS
10
0.6184239763779528
20
0.3238976377952756
11
0.6180577559055118
21
0.3245587795275591
0
LINE
8
BLACK
6
CONTINUOUS
10
0.6180577559055118
20
0.3245587795275591
11
0.6175422440944882
21
0.3251112598425197
0
LINE
8
BLACK
6
CONTINUOUS
10
0.6175422440944882
20
0.3251112598425197
11
0.6092988582677166
21
0.3427756692913386
0
LINE
8
BLACK
6
CONTINUOUS
10
0.6092988582677166
20
0.3427756692913386
11
0.6092988582677166
21
0.313277874015748
0
LINE
8
BLACK
6
CONTINUOUS
10
0.6092988582677166
20
0.313277874015748
11
0.608546968503937
21
0.3109637401574803
0
LINE
8
BLACK
6
CONTINUOUS
10
0.608546968503937
20
0.3109637401574803
11
0.6065784645669291
21
0.3095335433070866
0
LINE
8
BLACK
6
CONTINUOUS
10
0.6065784645669291
20
0.3095335433070866
11
0.6041452362204724
21
0.3095335433070866
0
LINE
8
BLACK
6
CONTINUOUS
10
0.6041452362204724
20
0.3095335433070866
11
0.6021767322834646
21
0.3109637401574803
0
LINE
8
BLACK
6
CONTINUOUS
10
0.6021767322834646
20
0.3109637401574803
11
0.601424842519685
21
0.313277874015748
0
LINE
8
BLACK
6
CONTINUOUS
10
0.601424842519685
20
0.313277874015748
11
0.601424842519685
21
0.360521968503937
0
LINE
8
BLACK
6
CONTINUOUS
10
0.601424842519685
20
0.360521968503937
11
0.6015440551181103
21
0.3608889763779528
0
LINE
8
BLACK
6
CONTINUOUS
10
0.6015440551181103
20
0.3608889763779528
11
0.6014969291338582
21
0.3612720472440945
0
LINE
8
BLACK
6
CONTINUOUS
10
0.6014969291338582
20
0.3612720472440945
11
0.6019120078740158
21
0.3620214566929134
0
LINE
8
BLACK
6
CONTINUOUS
10
0.6019120078740158
20
0.3620214566929134
11
0.6021767322834646
21
0.3628361023622047
0
LINE
8
BLACK
6
CONTINUOUS
10
0.6021767322834646
20
0.3628361023622047
11
0.602488937007874
21
0.3630629527559055
0
LINE
8
BLACK
6
CONTINUOUS
10
0.602488937007874
20
0.3630629527559055
11
0.6026759448818898
21
0.3634005118110236
0
LINE
8
BLACK
6
CONTINUOUS
10
0.6026759448818898
20
0.3634005118110236
11
0.6034521259842519
21
0.3637627559055118
0
LINE
8
BLACK
6
CONTINUOUS
10
0.6034521259842519
20
0.3637627559055118
11
0.6041452362204724
21
0.3642662992125984
0
LINE
8
BLACK
6
CONTINUOUS
10
0.6041452362204724
20
0.3642662992125984
11
0.6045312204724409
21
0.3642662992125984
0
LINE
8
BLACK
6
CONTINUOUS
10
0.6045312204724409
20
0.3642662992125984
11
0.6048809055118111
21
0.3644294881889764
0
LINE
8
BLACK
6
CONTINUOUS
10
0.6048809055118111
20
0.3644294881889764
11
0.605721811023622
21
0.3642662992125984
0
LINE
8
BLACK
6
CONTINUOUS
10
0.605721811023622
20
0.3642662992125984
11
0.6065784645669291
21
0.3642662992125984
0
LINE
8
BLACK
6
CONTINUOUS
10
0.6065784645669291
20
0.3642662992125984
11
0.6068906692913386
21
0.3640394881889764
0
LINE
8
BLACK
6
CONTINUOUS
10
0.6068906692913386
20
0.3640394881889764
11
0.6072695275590551
21
0.3639659448818898
0
LINE
8
BLACK
6
CONTINUOUS
10
0.6072695275590551
20
0.3639659448818898
11
0.6078538976377953
21
0.3633396456692913
0
LINE
8
BLACK
6
CONTINUOUS
10
0.6078538976377953
20
0.3633396456692913
11
0.608546968503937
21
0.3628361023622047
0
LINE
8
BLACK
6
CONTINUOUS
10
0.608546968503937
20
0.3628361023622047
11
0.6086662204724409
21
0.3624690551181102
0
LINE
8
BLACK
6
CONTINUOUS
10
0.6086662204724409
20
0.3624690551181102
11
0.6089294881889764
21
0.3621868897637795
0
LINE
8
BLACK
6
CONTINUOUS
10
0.6089294881889764
20
0.3621868897637795
11
0.621109842519685
21
0.336086062992126
0
LINE
8
BLACK
6
CONTINUOUS
10
0.621109842519685
20
0.336086062992126
11
0.6332902755905512
21
0.3621868897637795
0
LINE
8
BLACK
6
CONTINUOUS
10
0.6332902755905512
20
0.3621868897637795
11
0.6335535039370078
21
0.3624690551181102
0
LINE
8
BLACK
6
CONTINUOUS
10
0.6335535039370078
20
0.3624690551181102
11
0.6336727952755905
21
0.3628361023622047
0
LINE
8
BLACK
6
CONTINUOUS
10
0.6336727952755905
20
0.3628361023622047
11
0.6343658267716535
21
0.3633396456692913
0
LINE
8
BLACK
6
CONTINUOUS
10
0.6343658267716535
20
0.3633396456692913
11
0.6349502362204724
21
0.3639659448818898
0
LINE
8
BLACK
6
CONTINUOUS
10
0.6349502362204724
20
0.3639659448818898
11
0.635329094488189
21
0.3640394881889764
0
LINE
8
BLACK
6
CONTINUOUS
10
0.635329094488189
20
0.3640394881889764
11
0.6356412992125984
21
0.3642662992125984
0
LINE
8
BLACK
6
CONTINUOUS
10
0.6356412992125984
20
0.3642662992125984
11
0.6364978346456692
21
0.3642662992125984
0
LINE
8
BLACK
6
CONTINUOUS
10
0.6364978346456692
20
0.3642662992125984
11
0.6373388582677165
21
0.3644295275590551
0
LINE
8
BLACK
6
CONTINUOUS
10
0.6373388582677165
20
0.3644295275590551
11
0.6376886220472441
21
0.3642662992125984
0
LINE
8
BLACK
6
CONTINUOUS
10
0.9901522834645669
20
0.365939094488189
11
0.9915675196850393
21
0.3639598031496063
0
LINE
8
BLACK
6
CONTINUOUS
10
0.9915675196850393
20
0.3639598031496063
11
0.9915490157480314
21
0.3615266535433071
0
LINE
8
BLACK
6
CONTINUOUS
10
0.9915490157480314
20
0.3615266535433071
11
0.9820277559055118
21
0.3329629133858268
0
LINE
8
BLACK
6
CONTINUOUS
10
0.9820277559055118
20
0.3329629133858268
11
0.9951256692913386
21
0.3329629133858268
0
LINE
8
BLACK
6
CONTINUOUS
10
0.9951256692913386
20
0.3329629133858268
11
0.9951256692913386
21
0.344773937007874
0
LINE
8
BLACK
6
CONTINUOUS
10
0.9951256692913386
20
0.344773937007874
11
0.9958775590551181
21
0.3470880708661417
0
LINE
8
BLACK
6
CONTINUOUS
10
0.9958775590551181
20
0.3470880708661417
11
0.997846062992126
21
0.3485182677165354
0
LINE
8
BLACK
6
CONTINUOUS
10
0.997846062992126
20
0.3485182677165354
11
1.0002792913385827
21
0.3485182677165354
0
LINE
8
BLACK
6
CONTINUOUS
10
1.0002792913385827
20
0.3485182677165354
11
1.0022477952755906
21
0.3470880708661417
0
LINE
8
BLACK
6
CONTINUOUS
10
1.0022477952755906
20
0.3470880708661417
11
1.0029996850393701
21
0.344773937007874
0
LINE
8
BLACK
6
CONTINUOUS
10
1.0029996850393701
20
0.344773937007874
11
1.0029996850393701
21
0.3329629133858268
0
LINE
8
BLACK
6
CONTINUOUS
10
1.0029996850393701
20
0.3329629133858268
11
1.005811811023622
21
0.3329629133858268
0
LINE
8
BLACK
6
CONTINUOUS
10
1.005811811023622
20
0.3329629133858268
11
1.0081259448818898
21
0.3322110236220472
0
LINE
8
BLACK
6
CONTINUOUS
10
1.0081259448818898
20
0.3322110236220472
11
1.0095561417322834
21
0.3302425196850394
0
LINE
8
BLACK
6
CONTINUOUS
10
1.0095561417322834
20
0.3302425196850394
11
1.0095561417322834
21
0.3278092913385827
0
LINE
8
BLACK
6
CONTINUOUS
10
1.0095561417322834
20
0.3278092913385827
11
1.0081259448818898
21
0.3258407874015748
0
LINE
8
BLACK
6
CONTINUOUS
10
1.0081259448818898
20
0.3258407874015748
11
1.005811811023622
21
0.3250888976377952
0
LINE
8
BLACK
6
CONTINUOUS
10
1.005811811023622
20
0.3250888976377952
11
1.0029996850393701
21
0.3250888976377952
0
LINE
8
BLACK
6
CONTINUOUS
10
1.0029996850393701
20
0.3250888976377952
11
1.0029996850393701
21
0.313277874015748
0
LINE
8
BLACK
6
CONTINUOUS
10
1.0029996850393701
20
0.313277874015748
11
1.0022477952755906
21
0.3109637401574803
0
LINE
8
BLACK
6
CONTINUOUS
10
1.0022477952755906
20
0.3109637401574803
11
1.0002792913385827
21
0.3095335433070866
0
LINE
8
BLACK
6
CONTINUOUS
10
1.0002792913385827
20
0.3095335433070866
11
0.997846062992126
21
0.3095335433070866
0
LINE
8
BLACK
6
CONTINUOUS
10
0.997846062992126
20
0.3095335433070866
11
0.9958775590551181
21
0.3109637401574803
0
LINE
8
BLACK
6
CONTINUOUS
10
0.9958775590551181
20
0.3109637401574803
11
0.9951256692913386
21
0.313277874015748
0
LINE
8
BLACK
6
CONTINUOUS
10
0.9951256692913386
20
0.313277874015748
11
0.9951256692913386
21
0.3250888976377952
0
LINE
8
BLACK
6
CONTINUOUS
10
0.9951256692913386
20
0.3250888976377952
11
0.9765654724409448
21
0.3250888976377952
0
LINE
8
BLACK
6
CONTINUOUS
10
0.9765654724409448
20
0.3250888976377952
11
0.9765505905511811
21
0.3250937401574803
0
LINE
8
BLACK
6
CONTINUOUS
10
0.9765505905511811
20
0.3250937401574803
11
0.9765355905511811
21
0.3250889763779528
0
LINE
8
BLACK
6
CONTINUOUS
10
0.9765355905511811
20
0.3250889763779528
11
0.9753943307086614
21
0.3254694094488189
0
LINE
8
BLACK
6
CONTINUOUS
10
0.9753943307086614
20
0.3254694094488189
11
0.9742513385826771
21
0.3258407874015748
0
LINE
8
BLACK
6
CONTINUOUS
10
0.9742513385826771
20
0.3258407874015748
11
0.9742420866141732
21
0.3258535433070866
0
LINE
8
BLACK
6
CONTINUOUS
10
0.9742420866141732
20
0.3258535433070866
11
0.9742272440944881
21
0.3258584645669291
0
LINE
8
BLACK
6
CONTINUOUS
10
0.9742272440944881
20
0.3258584645669291
11
0.973528779527559
21
0.3268353149606299
0
LINE
8
BLACK
6
CONTINUOUS
10
0.973528779527559
20
0.3268353149606299
11
0.9728211417322834
21
0.3278092913385827
0
LINE
8
BLACK
6
CONTINUOUS
10
0.9728211417322834
20
0.3278092913385827
11
0.9728211417322834
21
0.327825
0
LINE
8
BLACK
6
CONTINUOUS
10
0.9728211417322834
20
0.327825
11
0.9728120078740157
21
0.3278377559055118
0
LINE
8
BLACK
6
CONTINUOUS
10
0.9728120078740157
20
0.3278377559055118
11
0.9728211417322834
21
0.3290388188976378
0
LINE
8
BLACK
6
CONTINUOUS
10
0.9728211417322834
20
0.3290388188976378
11
0.9728211417322834
21
0.3302425196850394
0
LINE
8
BLACK
6
CONTINUOUS
10
0.9728211417322834
20
0.3302425196850394
11
0.9728303543307086
21
0.3302552755905512
0
LINE
8
BLACK
6
CONTINUOUS
10
0.9728303543307086
20
0.3302552755905512
11
0.9728305118110236
21
0.330270905511811
0
LINE
8
BLACK
6
CONTINUOUS
10
0.9728305118110236
20
0.330270905511811
11
0.984079094488189
21
0.3640166535433071
0
LINE
8
BLACK
6
CONTINUOUS
10
0.984079094488189
20
0.3640166535433071
11
0.9855241732283464
21
0.3659742519685039
0
LINE
8
BLACK
6
CONTINUOUS
10
0.9855241732283464
20
0.3659742519685039
11
0.987843937007874
21
0.3667085826771653
0
LINE
8
BLACK
6
CONTINUOUS
10
0.987843937007874
20
0.3667085826771653
11
0.9901522834645669
21
0.365939094488189
0
LINE
8
BLACK
6
CONTINUOUS
10
0.818305748031496
20
0.6936336220472441
11
0.8184729921259842
21
0.6936630708661418
0
LINE
8
BLACK
6
CONTINUOUS
10
0.8184729921259842
20
0.6936630708661418
11
0.8192150393700787
21
0.6932346456692913
0
LINE
8
BLACK
6
CONTINUOUS
10
0.8192150393700787
20
0.6932346456692913
11
0.8199998818897638
21
0.6928902755905512
0
LINE
8
BLACK
6
CONTINUOUS
10
0.8199998818897638
20
0.6928902755905512
11
0.8200751181102363
21
0.6927380314960629
0
LINE
8
BLACK
6
CONTINUOUS
10
0.8200751181102363
20
0.6927380314960629
11
0.8202221653543307
21
0.6926531496062992
0
LINE
8
BLACK
6
CONTINUOUS
10
0.8202221653543307
20
0.6926531496062992
11
0.8205152362204724
21
0.6918479133858267
0
LINE
8
BLACK
6
CONTINUOUS
10
0.8205152362204724
20
0.6918479133858267
11
0.8208950787401574
21
0.6910796850393701
0
LINE
8
BLACK
6
CONTINUOUS
10
0.8208950787401574
20
0.6910796850393701
11
0.8208548818897637
21
0.6909147637795275
0
LINE
8
BLACK
6
CONTINUOUS
10
0.8208548818897637
20
0.6909147637795275
11
0.8209129921259842
21
0.6907551574803149
0
LINE
8
BLACK
6
CONTINUOUS
10
0.8209129921259842
20
0.6907551574803149
11
0.8209129921259842
21
0.6543378346456693
0
LINE
8
BLACK
6
CONTINUOUS
10
0.8209129921259842
20
0.6543378346456693
11
0.8292088188976378
21
0.6543378346456693
0
LINE
8
BLACK
6
CONTINUOUS
10
0.8292088188976378
20
0.6543378346456693
11
0.8302187401574803
21
0.6541597637795276
0
LINE
8
BLACK
6
CONTINUOUS
10
0.8302187401574803
20
0.6541597637795276
11
0.8317659842519685
21
0.6528614566929134
0
LINE
8
BLACK
6
CONTINUOUS
10
0.8317659842519685
20
0.6528614566929134
11
0.8321167322834645
21
0.6508723228346457
0
LINE
8
BLACK
6
CONTINUOUS
10
0.8321167322834645
20
0.6508723228346457
11
0.831106811023622
21
0.6491231496062992
0
LINE
8
BLACK
6
CONTINUOUS
10
0.831106811023622
20
0.6491231496062992
11
0.8292088188976378
21
0.6484323228346457
0
LINE
8
BLACK
6
CONTINUOUS
10
0.8292088188976378
20
0.6484323228346457
11
0.8067116535433071
21
0.6484323228346457
0
LINE
8
BLACK
6
CONTINUOUS
10
0.8067116535433071
20
0.6484323228346457
11
0.8057017322834645
21
0.6486103937007874
0
LINE
8
BLACK
6
CONTINUOUS
10
0.8057017322834645
20
0.6486103937007874
11
0.8041544881889764
21
0.6499087007874016
0
LINE
8
BLACK
6
CONTINUOUS
10
0.8041544881889764
20
0.6499087007874016
11
0.8038037401574804
21
0.6518978346456693
0
LINE
8
BLACK
6
CONTINUOUS
10
0.8038037401574804
20
0.6518978346456693
11
0.8048136614173228
21
0.6536470078740158
0
LINE
8
BLACK
6
CONTINUOUS
10
0.8048136614173228
20
0.6536470078740158
11
0.8067116535433071
21
0.6543378346456693
0
LINE
8
BLACK
6
CONTINUOUS
10
0.8067116535433071
20
0.6543378346456693
11
0.8150074803149606
21
0.6543378346456693
0
LINE
8
BLACK
6
CONTINUOUS
10
0.8150074803149606
20
0.6543378346456693
11
0.8150074803149606
21
0.681751811023622
0
LINE
8
BLACK
6
CONTINUOUS
10
0.8150074803149606
20
0.681751811023622
11
0.8125490944881889
21
0.6792934251968504
0
LINE
8
BLACK
6
CONTINUOUS
10
0.8125490944881889
20
0.6792934251968504
11
0.8118259842519685
21
0.6787871653543307
0
LINE
8
BLACK
6
CONTINUOUS
10
0.8118259842519685
20
0.6787871653543307
11
0.8117816929133858
21
0.6787403149606299
0
LINE
8
BLACK
6
CONTINUOUS
10
0.8117816929133858
20
0.6787403149606299
11
0.8080321653543306
21
0.6768655511811024
0
LINE
8
BLACK
6
CONTINUOUS
10
0.8080321653543306
20
0.6768655511811024
11
0.8070492125984252
21
0.676573188976378
0
LINE
8
BLACK
6
CONTINUOUS
10
0.8070492125984252
20
0.676573188976378
11
0.8050847244094488
21
0.6770424803149606
0
LINE
8
BLACK
6
CONTINUOUS
10
0.8050847244094488
20
0.6770424803149606
11
0.8038814173228346
21
0.6786647244094488
0
LINE
8
BLACK
6
CONTINUOUS
10
0.8038814173228346
20
0.6786647244094488
11
0.8040024803149606
21
0.680680905511811
0
LINE
8
BLACK
6
CONTINUOUS
10
0.8040024803149606
20
0.680680905511811
11
0.8053911417322834
21
0.6821475984251968
0
LINE
8
BLACK
6
CONTINUOUS
10
0.8053911417322834
20
0.6821475984251968
11
0.8087120866141733
21
0.6838080708661417
0
LINE
8
BLACK
6
CONTINUOUS
10
0.8087120866141733
20
0.6838080708661417
11
0.8119159842519685
21
0.687011968503937
0
LINE
8
BLACK
6
CONTINUOUS
10
0.8119159842519685
20
0.687011968503937
11
0.8155033858267716
21
0.6923930708661418
0
LINE
8
BLACK
6
CONTINUOUS
10
0.8155033858267716
20
0.6923930708661418
11
0.8162117716535433
21
0.6931346062992125
0
LINE
8
BLACK
6
CONTINUOUS
10
0.8162117716535433
20
0.6931346062992125
11
0.8163747244094488
21
0.6931823228346456
0
LINE
8
BLACK
6
CONTINUOUS
10
0.8163747244094488
20
0.6931823228346456
11
0.8164838582677165
21
0.6933123228346456
0
LINE
8
BLACK
6
CONTINUOUS
10
0.8164838582677165
20
0.6933123228346456
11
0.8173276377952756
21
0.6934611417322835
0
LINE
8
BLACK
6
CONTINUOUS
10
0.8173276377952756
20
0.6934611417322835
11
0.8181502755905512
21
0.6937018110236221
0
LINE
8
BLACK
6
CONTINUOUS
10
0.8181502755905512
20
0.6937018110236221
11
0.818305748031496
21
0.6936336220472441
0
LINE
8
BLACK
6
CONTINUOUS
10
0.7956279133858267
20
0.6928902755905512
11
0.7965231102362205
21
0.6910796850393701
0
LINE
8
BLACK
6
CONTINUOUS
10
0.7965231102362205
20
0.6910796850393701
11
0.7960451181102361
21
0.6891172440944882
0
LINE
8
BLACK
6
CONTINUOUS
10
0.7960451181102361
20
0.6891172440944882
11
0.7840137007874015
21
0.6710701181102362
0
LINE
8
BLACK
6
CONTINUOUS
10
0.7840137007874015
20
0.6710701181102362
11
0.7960451181102361
21
0.6530229921259842
0
LINE
8
BLACK
6
CONTINUOUS
10
0.7960451181102361
20
0.6530229921259842
11
0.7964571653543306
21
0.6520838976377953
0
LINE
8
BLACK
6
CONTINUOUS
10
0.7964571653543306
20
0.6520838976377953
11
0.7962351574803149
21
0.6500763385826771
0
LINE
8
BLACK
6
CONTINUOUS
10
0.7962351574803149
20
0.6500763385826771
11
0.7947746456692913
21
0.6486811417322834
0
LINE
8
BLACK
6
CONTINUOUS
10
0.7947746456692913
20
0.6486811417322834
11
0.7927590551181102
21
0.6485511811023622
0
LINE
8
BLACK
6
CONTINUOUS
10
0.7927590551181102
20
0.6485511811023622
11
0.7911314173228347
21
0.6497472047244094
0
LINE
8
BLACK
6
CONTINUOUS
10
0.7911314173228347
20
0.6497472047244094
11
0.7804649212598425
21
0.665746968503937
0
LINE
8
BLACK
6
CONTINUOUS
10
0.7804649212598425
20
0.665746968503937
11
0.7697984251968504
21
0.6497472047244094
0
LINE
8
BLACK
6
CONTINUOUS
10
0.7697984251968504
20
0.6497472047244094
11
0.7690900393700787
21
0.6490056692913385
0
LINE
8
BLACK
6
CONTINUOUS
10
0.7690900393700787
20
0.6490056692913385
11
0.7671515354330708
21
0.6484384251968504
0
LINE
8
BLACK
6
CONTINUOUS
10
0.7671515354330708
20
0.6484384251968504
11
0.7653019291338583
21
0.6492499606299212
0
LINE
8
BLACK
6
CONTINUOUS
10
0.7653019291338583
20
0.6492499606299212
11
0.7644067322834646
21
0.6510605511811024
0
LINE
8
BLACK
6
CONTINUOUS
10
0.7644067322834646
20
0.6510605511811024
11
0.7648847244094488
21
0.6530229527559055
0
LINE
8
BLACK
6
CONTINUOUS
10
0.7648847244094488
20
0.6530229527559055
11
0.7769161417322834
21
0.6710701181102362
0
LINE
8
BLACK
6
CONTINUOUS
10
0.7769161417322834
20
0.6710701181102362
11
0.7648847244094488
21
0.6891172834645669
0
LINE
8
BLACK
6
CONTINUOUS
10
0.7648847244094488
20
0.6891172834645669
11
0.7644726771653543
21
0.6900563385826771
0
LINE
8
BLACK
6
CONTINUOUS
10
0.7644726771653543
20
0.6900563385826771
11
0.7646946850393701
21
0.6920638976377953
0
LINE
8
BLACK
6
CONTINUOUS
10
0.7646946850393701
20
0.6920638976377953
11
0.7661551968503937
21
0.693459094488189
0
LINE
8
BLACK
6
CONTINUOUS
10
0.7661551968503937
20
0.693459094488189
11
0.7681707874015747
21
0.6935890551181102
0
LINE
8
BLACK
6
CONTINUOUS
10
0.7681707874015747
20
0.6935890551181102
11
0.7697984251968504
21
0.692393031496063
0
LINE
8
BLACK
6
CONTINUOUS
10
0.7697984251968504
20
0.692393031496063
11
0.7804649212598425
21
0.6763933070866142
0
LINE
8
BLACK
6
CONTINUOUS
10
0.7804649212598425
20
0.6763933070866142
11
0.7911314173228347
21
0.692393031496063
0
LINE
8
BLACK
6
CONTINUOUS
10
0.7911314173228347
20
0.692393031496063
11
0.7918398031496063
21
0.6931345669291339
0
LINE
8
BLACK
6
CONTINUOUS
10
0.7918398031496063
20
0.6931345669291339
11
0.7937783070866141
21
0.6937018110236221
0
LINE
8
BLACK
6
CONTINUOUS
10
0.7937783070866141
20
0.6937018110236221
11
0.7956279133858267
21
0.6928902755905512
0
LINE
8
BLACK
6
CONTINUOUS
10
0.8562766141732283
20
0.8767490551181102
11
0.8569685039370079
21
0.8750787401574803
0
LINE
8
BLACK
6
CONTINUOUS
10
0.8569685039370079
20
0.8750787401574803
11
0.8569685039370079
21
0.8500787401574803
0
LINE
8
BLACK
6
CONTINUOUS
10
0.8569685039370079
20
0.8500787401574803
11
0.8562766141732283
21
0.8484084251968503
0
LINE
8
BLACK
6
CONTINUOUS
10
0.8562766141732283
20
0.8484084251968503
11
0.8546062992125985
21
0.8477165354330708
0
LINE
8
BLACK
6
CONTINUOUS
10
0.8546062992125985
20
0.8477165354330708
11
0.8319685039370078
21
0.8477165354330708
0
LINE
8
BLACK
6
CONTINUOUS
10
0.8319685039370078
20
0.8477165354330708
11
0.8319685039370078
21
0.8300787401574803
0
LINE
8
BLACK
6
CONTINUOUS
10
0.8319685039370078
20
0.8300787401574803
11
0.8312766141732283
21
0.8284084251968504
0
LINE
8
BLACK
6
CONTINUOUS
10
0.8312766141732283
20
0.8284084251968504
11
0.8296062992125984
21
0.8277165354330709
0
LINE
8
BLACK
6
CONTINUOUS
10
0.8296062992125984
20
0.8277165354330709
11
0.7546062992125984
21
0.8277165354330709
0
LINE
8
BLACK
6
CONTINUOUS
10
0.7546062992125984
20
0.8277165354330709
11
0.7529359842519685
21
0.8284084251968504
0
LINE
8
BLACK
6
CONTINUOUS
10
0.7529359842519685
20
0.8284084251968504
11
0.752244094488189
21
0.8300787401574803
0
LINE
8
BLACK
6
CONTINUOUS
10
0.752244094488189
20
0.8300787401574803
11
0.752244094488189
21
0.8477165354330708
0
LINE
8
BLACK
6
CONTINUOUS
10
0.752244094488189
20
0.8477165354330708
11
0.7286220472440945
21
0.8477165354330708
0
LINE
8
BLACK
6
CONTINUOUS
10
0.7286220472440945
20
0.8477165354330708
11
0.7269517322834645
21
0.8484084251968503
0
LINE
8
BLACK
6
CONTINUOUS
10
0.7269517322834645
20
0.8484084251968503
11
0.726259842519685
21
0.8500787401574803
0
LINE
8
BLACK
6
CONTINUOUS
10
0.726259842519685
20
0.8500787401574803
11
0.726259842519685
21
0.8750787401574803
0
LINE
8
BLACK
6
CONTINUOUS
10
0.726259842519685
20
0.8750787401574803
11
0.7269517322834645
21
0.8767490551181102
0
LINE
8
BLACK
6
CONTINUOUS
10
0.7269517322834645
20
0.8767490551181102
11
0.7286220472440945
21
0.8774409448818897
0
LINE
8
BLACK
6
CONTINUOUS
10
0.7286220472440945
20
0.8774409448818897
11
0.7302923622047244
21
0.8767490551181102
0
LINE
8
BLACK
6
CONTINUOUS
10
0.7302923622047244
20
0.8767490551181102
11
0.7309842519685039
21
0.8750787401574803
0
LINE
8
BLACK
6
CONTINUOUS
10
0.7309842519685039
20
0.8750787401574803
11
0.7309842519685039
21
0.8524409448818897
0
LINE
8
BLACK
6
CONTINUOUS
10
0.7309842519685039
20
0.8524409448818897
11
0.752244094488189
21
0.8524409448818897
0
LINE
8
BLACK
6
CONTINUOUS
10
0.752244094488189
20
0.8524409448818897
11
0.752244094488189
21
0.8700787401574803
0
LINE
8
BLACK
6
CONTINUOUS
10
0.752244094488189
20
0.8700787401574803
11
0.7529359842519685
21
0.8717490551181102
0
LINE
8
BLACK
6
CONTINUOUS
10
0.7529359842519685
20
0.8717490551181102
11
0.7546062992125984
21
0.8724409448818897
0
LINE
8
BLACK
6
CONTINUOUS
10
0.7546062992125984
20
0.8724409448818897
11
0.8296062992125984
21
0.8724409448818897
0
LINE
8
BLACK
6
CONTINUOUS
10
0.8296062992125984
20
0.8724409448818897
11
0.8312766141732283
21
0.8717490551181102
0
LINE
8
BLACK
6
CONTINUOUS
10
0.8312766141732283
20
0.8717490551181102
11
0.8319685039370078
21
0.8700787401574803
0
LINE
8
BLACK
6
CONTINUOUS
10
0.8319685039370078
20
0.8700787401574803
11
0.8319685039370078
21
0.8524409448818897
0
LINE
8
BLACK
6
CONTINUOUS
10
0.8319685039370078
20
0.8524409448818897
11
0.8522440944881889
21
0.8524409448818897
0
LINE
8
BLACK
6
CONTINUOUS
10
0.8522440944881889
20
0.8524409448818897
11
0.8522440944881889
21
0.8750787401574803
0
LINE
8
BLACK
6
CONTINUOUS
10
0.8522440944881889
20
0.8750787401574803
11
0.8529359842519685
21
0.8767490551181102
0
LINE
8
BLACK
6
CONTINUOUS
10
0.8529359842519685
20
0.8767490551181102
11
0.8546062992125985
21
0.8774409448818897
0
LINE
8
BLACK
6
CONTINUOUS
10
0.8546062992125985
20
0.8774409448818897
11
0.8562766141732283
21
0.8767490551181102
0
LINE
8
BLACK
6
CONTINUOUS
10
0.7569685039370079
20
0.8677165354330708
11
0.7569685039370079
21
0.8324409448818898
0
LINE
8
BLACK
6
CONTINUOUS
10
0.7569685039370079
20
0.8324409448818898
11
0.7882970472440944
21
0.8324409448818898
0
LINE
8
BLACK
6
CONTINUOUS
10
0.7882970472440944
20
0.8324409448818898
11
0.8103442913385827
21
0.8677165354330708
0
LINE
8
BLACK
6
CONTINUOUS
10
0.8103442913385827
20
0.8677165354330708
11
0.7569685039370079
21
0.8677165354330708
0
LINE
8
BLACK
6
CONTINUOUS
10
0.8159155511811024
20
0.8677165354330708
11
0.7938683070866142
21
0.8324409448818898
0
LINE
8
BLACK
6
CONTINUOUS
10
0.7938683070866142
20
0.8324409448818898
11
0.8272440944881889
21
0.8324409448818898
0
LINE
8
BLACK
6
CONTINUOUS
10
0.8272440944881889
20
0.8324409448818898
11
0.8272440944881889
21
0.8677165354330708
0
LINE
8
BLACK
6
CONTINUOUS
10
0.8272440944881889
20
0.8677165354330708
11
0.8159155511811024
21
0.8677165354330708
0
LINE
8
BLACK
6
CONTINUOUS
10
0.9986220472440944
20
0.9624409448818897
11
1.0002923622047244
21
0.9617490551181103
0
LINE
8
BLACK
6
CONTINUOUS
10
1.0002923622047244
20
0.9617490551181103
11
1.0009842519685039
21
0.9600787401574803
0
LINE
8
BLACK
6
CONTINUOUS
10
1.0009842519685039
20
0.9600787401574803
11
1.0009842519685039
21
0.3800787401574803
0
LINE
8
BLACK
6
CONTINUOUS
10
1.0009842519685039
20
0.3800787401574803
11
1.0002923622047244
21
0.3784084251968504
0
LINE
8
BLACK
6
CONTINUOUS
10
1.0002923622047244
20
0.3784084251968504
11
0.9986220472440944
21
0.3777165354330709
0
LINE
8
BLACK
6
CONTINUOUS
10
0.9986220472440944
20
0.3777165354330709
11
0.5986220472440945
21
0.3777165354330709
0
LINE
8
BLACK
6
CONTINUOUS
10
0.5986220472440945
20
0.3777165354330709
11
0.5969517322834645
21
0.3784084251968504
0
LINE
8
BLACK
6
CONTINUOUS
10
0.5969517322834645
20
0.3784084251968504
11
0.596259842519685
21
0.3800787401574803
0
LINE
8
BLACK
6
CONTINUOUS
10
0.596259842519685
20
0.3800787401574803
11
0.596259842519685
21
0.9600787401574803
0
LINE
8
BLACK
6
CONTINUOUS
10
0.596259842519685
20
0.9600787401574803
11
0.5969517322834645
21
0.9617490551181103
0
LINE
8
BLACK
6
CONTINUOUS
10
0.5969517322834645
20
0.9617490551181103
11
0.5986220472440945
21
0.9624409448818897
0
LINE
8
BLACK
6
CONTINUOUS
10
0.5986220472440945
20
0.9624409448818897
11
0.9986220472440944
21
0.9624409448818897
0
LINE
8
BLACK
6
CONTINUOUS
10
0.6009842519685039
20
0.9577165354330709
11
0.6009842519685039
21
0.3824409448818897
0
LINE
8
BLACK
6
CONTINUOUS
10
0.6009842519685039
20
0.3824409448818897
11
0.996259842519685
21
0.3824409448818897
0
LINE
8
BLACK
6
CONTINUOUS
10
0.996259842519685
20
0.3824409448818897
11
0.996259842519685
21
0.9577165354330709
0
LINE
8
BLACK
6
CONTINUOUS
10
0.996259842519685
20
0.9577165354330709
11
0.6009842519685039
21
0.9577165354330709
0
LINE
8
BLACK
6
CONTINUOUS
10
0.385511811023622
20
0.5865354330708661
11
0.325511811023622
21
0.5865354330708661
0
LINE
8
BLACK
6
CONTINUOUS
10
0.325511811023622
20
0.5865354330708661
11
0.325511811023622
21
0.6465354330708661
0
LINE
8
BLACK
6
CONTINUOUS
10
0.325511811023622
20
0.6465354330708661
11
0.385511811023622
21
0.6465354330708661
0
LINE
8
BLACK
6
CONTINUOUS
10
0.385511811023622
20
0.6465354330708661
11
0.385511811023622
21
0.5865354330708661
0
LINE
8
BLACK
6
CONTINUOUS
10
0.485511811023622
20
0.5865354330708661
11
0.425511811023622
21
0.5865354330708661
0
LINE
8
BLACK
6
CONTINUOUS
10
0.425511811023622
20
0.5865354330708661
11
0.425511811023622
21
0.6465354330708661
0
LINE
8
BLACK
6
CONTINUOUS
10
0.425511811023622
20
0.6465354330708661
11
0.485511811023622
21
0.6465354330708661
0
LINE
8
BLACK
6
CONTINUOUS
10
0.485511811023622
20
0.6465354330708661
11
0.485511811023622
21
0.5865354330708661
0
LINE
8
BLACK
6
CONTINUOUS
10
0.385511811023622
20
0.6865354330708662
11
0.325511811023622
21
0.6865354330708662
0
LINE
8
BLACK
6
CONTINUOUS
10
0.325511811023622
20
0.6865354330708662
11
0.325511811023622
21
0.7465354330708661
0
LINE
8
BLACK
6
CONTINUOUS
10
0.325511811023622
20
0.7465354330708661
11
0.385511811023622
21
0.7465354330708661
0
LINE
8
BLACK
6
CONTINUOUS
10
0.385511811023622
20
0.7465354330708661
11
0.385511811023622
21
0.6865354330708662
0
LINE
8
BLACK
6
CONTINUOUS
10
0.485511811023622
20
0.6865354330708662
11
0.425511811023622
21
0.6865354330708662
0
LINE
8
BLACK
6
CONTINUOUS
10
0.425511811023622
20
0.6865354330708662
11
0.425511811023622
21
0.7465354330708661
0
LINE
8
BLACK
6
CONTINUOUS
10
0.425511811023622
20
0.7465354330708661
11
0.485511811023622
21
0.7465354330708661
0
LINE
8
BLACK
6
CONTINUOUS
10
0.485511811023622
20
0.7465354330708661
11
0.485511811023622
21
0.6865354330708662
0
LINE
8
BLACK
6
CONTINUOUS
10
0.385511811023622
20
0.7865354330708662
11
0.325511811023622
21
0.7865354330708662
0
LINE
8
BLACK
6
CONTINUOUS
10
0.325511811023622
20
0.7865354330708662
11
0.325511811023622
21
0.8465354330708661
0
LINE
8
BLACK
6
CONTINUOUS
10
0.325511811023622
20
0.8465354330708661
11
0.385511811023622
21
0.8465354330708661
0
LINE
8
BLACK
6
CONTINUOUS
10
0.385511811023622
20
0.8465354330708661
11
0.385511811023622
21
0.7865354330708662
0
LINE
8
BLACK
6
CONTINUOUS
10
0.485511811023622
20
0.7865354330708662
11
0.425511811023622
21
0.7865354330708662
0
LINE
8
BLACK
6
CONTINUOUS
10
0.425511811023622
20
0.7865354330708662
11
0.425511811023622
21
0.8465354330708661
0
LINE
8
BLACK
6
CONTINUOUS
10
0.425511811023622
20
0.8465354330708661
11
0.485511811023622
21
0.8465354330708661
0
LINE
8
BLACK
6
CONTINUOUS
10
0.485511811023622
20
0.8465354330708661
11
0.485511811023622
21
0.7865354330708662
0
LINE
8
BLACK
6
CONTINUOUS
10
0.385511811023622
20
0.8865354330708661
11
0.325511811023622
21
0.8865354330708661
0
LINE
8
BLACK
6
CONTINUOUS
10
0.325511811023622
20
0.8865354330708661
11
0.325511811023622
21
0.9465354330708661
0
LINE
8
BLACK
6
CONTINUOUS
10
0.325511811023622
20
0.9465354330708661
11
0.385511811023622
21
0.9465354330708661
0
LINE
8
BLACK
6
CONTINUOUS
10
0.385511811023622
20
0.9465354330708661
11
0.385511811023622
21
0.8865354330708661
0
LINE
8
BLACK
6
CONTINUOUS
10
0.485511811023622
20
0.8865354330708661
11
0.425511811023622
21
0.8865354330708661
0
LINE
8
BLACK
6
CONTINUOUS
10
0.425511811023622
20
0.8865354330708661
11
0.425511811023622
21
0.9465354330708661
0
LINE
8
BLACK
6
CONTINUOUS
10
0.425511811023622
20
0.9465354330708661
11
0.485511811023622
21
0.9465354330708661
0
LINE
8
BLACK
6
CONTINUOUS
10
0.485511811023622
20
0.9465354330708661
11
0.485511811023622
21
0.8865354330708661
0
LINE
8
BLACK
6
CONTINUOUS
10
0.385511811023622
20
0.9865354330708661
11
0.325511811023622
21
0.9865354330708661
0
LINE
8
BLACK
6
CONTINUOUS
10
0.325511811023622
20
0.9865354330708661
11
0.325511811023622
21
1.0465354330708661
0
LINE
8
BLACK
6
CONTINUOUS
10
0.325511811023622
20
1.0465354330708661
11
0.385511811023622
21
1.0465354330708661
0
LINE
8
BLACK
6
CONTINUOUS
10
0.385511811023622
20
1.0465354330708661
11
0.385511811023622
21
0.9865354330708661
0
LINE
8
BLACK
6
CONTINUOUS
10
0.485511811023622
20
0.9865354330708661
11
0.425511811023622
21
0.9865354330708661
0
LINE
8
BLACK
6
CONTINUOUS
10
0.425511811023622
20
0.9865354330708661
11
0.425511811023622
21
1.0465354330708661
0
LINE
8
BLACK
6
CONTINUOUS
10
0.425511811023622
20
1.0465354330708661
11
0.485511811023622
21
1.0465354330708661
0
LINE
8
BLACK
6
CONTINUOUS
10
0.485511811023622
20
1.0465354330708661
11
0.485511811023622
21
0.9865354330708661
0
LINE
8
BLACK
6
CONTINUOUS
10
0.385511811023622
20
1.0865354330708661
11
0.325511811023622
21
1.0865354330708661
0
LINE
8
BLACK
6
CONTINUOUS
10
0.325511811023622
20
1.0865354330708661
11
0.325511811023622
21
1.1465354330708661
0
LINE
8
BLACK
6
CONTINUOUS
10
0.325511811023622
20
1.1465354330708661
11
0.385511811023622
21
1.1465354330708661
0
LINE
8
BLACK
6
CONTINUOUS
10
0.385511811023622
20
1.1465354330708661
11
0.385511811023622
21
1.0865354330708661
0
LINE
8
BLACK
6
CONTINUOUS
10
0.485511811023622
20
1.0865354330708661
11
0.425511811023622
21
1.0865354330708661
0
LINE
8
BLACK
6
CONTINUOUS
10
0.425511811023622
20
1.0865354330708661
11
0.425511811023622
21
1.1465354330708661
0
LINE
8
BLACK
6
CONTINUOUS
10
0.425511811023622
20
1.1465354330708661
11
0.485511811023622
21
1.1465354330708661
0
LINE
8
BLACK
6
CONTINUOUS
10
0.485511811023622
20
1.1465354330708661
11
0.485511811023622
21
1.0865354330708661
0
LINE
8
BLACK
6
CONTINUOUS
10
0.5058953149606299
20
1.169420590551181
11
0.5060245669291339
21
1.1694433464566929
0
LINE
8
BLACK
6
CONTINUOUS
10
0.5060245669291339
20
1.1694433464566929
11
0.5061381496062992
21
1.1693777559055119
0
LINE
8
BLACK
6
CONTINUOUS
10
0.5061381496062992
20
1.1693777559055119
11
0.5065217322834645
21
1.1693101181102361
0
LINE
8
BLACK
6
CONTINUOUS
10
0.5065217322834645
20
1.1693101181102361
11
0.5071094094488189
21
1.1688170078740157
0
LINE
8
BLACK
6
CONTINUOUS
10
0.5071094094488189
20
1.1688170078740157
11
0.5077737401574803
21
1.1684334251968505
0
LINE
8
BLACK
6
CONTINUOUS
10
0.5077737401574803
20
1.1684334251968505
11
0.507864842519685
21
1.1681831102362203
0
LINE
8
BLACK
6
CONTINUOUS
10
0.507864842519685
20
1.1681831102362203
11
0.5080689763779528
21
1.1680118110236219
0
LINE
8
BLACK
6
CONTINUOUS
10
0.5080689763779528
20
1.1680118110236219
11
0.5082022047244095
21
1.1672562598425196
0
LINE
8
BLACK
6
CONTINUOUS
10
0.5082022047244095
20
1.1672562598425196
11
0.5084645669291339
21
1.1665354330708662
0
LINE
8
BLACK
6
CONTINUOUS
10
0.5084645669291339
20
1.1665354330708662
11
0.5084645669291339
21
0.5665354330708662
0
LINE
8
BLACK
6
CONTINUOUS
10
0.5084645669291339
20
0.5665354330708662
11
0.5083969291338583
21
0.5661519291338583
0
LINE
8
BLACK
6
CONTINUOUS
10
0.5083969291338583
20
0.5661519291338583
11
0.5084197244094488
21
0.5660226771653544
0
LINE
8
BLACK
6
CONTINUOUS
10
0.5084197244094488
20
0.5660226771653544
11
0.5083540944881889
21
0.5659090944881889
0
LINE
8
BLACK
6
CONTINUOUS
10
0.5083540944881889
20
0.5659090944881889
11
0.5082864960629921
21
0.5655255118110236
0
LINE
8
BLACK
6
CONTINUOUS
10
0.5082864960629921
20
0.5655255118110236
11
0.5077933464566929
21
0.5649378346456693
0
LINE
8
BLACK
6
CONTINUOUS
10
0.5077933464566929
20
0.5649378346456693
11
0.5074098031496063
21
0.5642735039370078
0
LINE
8
BLACK
6
CONTINUOUS
10
0.5074098031496063
20
0.5642735039370078
11
0.5071594488188976
21
0.5641824015748031
0
LINE
8
BLACK
6
CONTINUOUS
10
0.5071594488188976
20
0.5641824015748031
11
0.506988188976378
21
0.5639782677165355
0
LINE
8
BLACK
6
CONTINUOUS
10
0.506988188976378
20
0.5639782677165355
11
0.5062325984251969
21
0.5638450393700787
0
LINE
8
BLACK
6
CONTINUOUS
10
0.5062325984251969
20
0.5638450393700787
11
0.5055118110236221
21
0.5635826771653544
0
LINE
8
BLACK
6
CONTINUOUS
10
0.5055118110236221
20
0.5635826771653544
11
0.305511811023622
21
0.5635826771653544
0
LINE
8
BLACK
6
CONTINUOUS
10
0.305511811023622
20
0.5635826771653544
11
0.3051282677165355
21
0.5636503149606299
0
LINE
8
BLACK
6
CONTINUOUS
10
0.3051282677165355
20
0.5636503149606299
11
0.3049990551181102
21
0.5636275196850393
0
LINE
8
BLACK
6
CONTINUOUS
10
0.3049990551181102
20
0.5636275196850393
11
0.3048854330708661
21
0.5636931496062992
0
LINE
8
BLACK
6
CONTINUOUS
10
0.3048854330708661
20
0.5636931496062992
11
0.3045018897637795
21
0.563760748031496
0
LINE
8
BLACK
6
CONTINUOUS
10
0.3045018897637795
20
0.563760748031496
11
0.3039141732283465
21
0.5642538976377952
0
LINE
8
BLACK
6
CONTINUOUS
10
0.3039141732283465
20
0.5642538976377952
11
0.3032498818897638
21
0.5646374409448819
0
LINE
8
BLACK
6
CONTINUOUS
10
0.3032498818897638
20
0.5646374409448819
11
0.3031587401574803
21
0.5648877952755905
0
LINE
8
BLACK
6
CONTINUOUS
10
0.3031587401574803
20
0.5648877952755905
11
0.3029546456692913
21
0.5650590551181103
0
LINE
8
BLACK
6
CONTINUOUS
10
0.3029546456692913
20
0.5650590551181103
11
0.3028213779527559
21
0.5658146456692913
0
LINE
8
BLACK
6
CONTINUOUS
10
0.3028213779527559
20
0.5658146456692913
11
0.3025590551181102
21
0.5665354330708662
0
LINE
8
BLACK
6
CONTINUOUS
10
0.3025590551181102
20
0.5665354330708662
11
0.3025590551181102
21
1.1665354330708662
0
LINE
8
BLACK
6
CONTINUOUS
10
0.3025590551181102
20
1.1665354330708662
11
0.3026266535433071
21
1.1669189763779528
0
LINE
8
BLACK
6
CONTINUOUS
10
0.3026266535433071
20
1.1669189763779528
11
0.3026038976377953
21
1.167048188976378
0
LINE
8
BLACK
6
CONTINUOUS
10
0.3026038976377953
20
1.167048188976378
11
0.3026694881889764
21
1.1671618110236219
0
LINE
8
BLACK
6
CONTINUOUS
10
0.3026694881889764
20
1.1671618110236219
11
0.302737125984252
21
1.1675453543307086
0
LINE
8
BLACK
6
CONTINUOUS
10
0.302737125984252
20
1.1675453543307086
11
0.3032302362204725
21
1.1681330708661417
0
LINE
8
BLACK
6
CONTINUOUS
10
0.3032302362204725
20
1.1681330708661417
11
0.3036138188976378
21
1.1687973622047243
0
LINE
8
BLACK
6
CONTINUOUS
10
0.3036138188976378
20
1.1687973622047243
11
0.3038641338582677
21
1.1688885039370078
0
LINE
8
BLACK
6
CONTINUOUS
10
0.3038641338582677
20
1.1688885039370078
11
0.3040354330708661
21
1.1690925984251967
0
LINE
8
BLACK
6
CONTINUOUS
10
0.3040354330708661
20
1.1690925984251967
11
0.3047909842519685
21
1.1692258661417323
0
LINE
8
BLACK
6
CONTINUOUS
10
0.3047909842519685
20
1.1692258661417323
11
0.305511811023622
21
1.169488188976378
0
LINE
8
BLACK
6
CONTINUOUS
10
0.305511811023622
20
1.169488188976378
11
0.5055118110236221
21
1.169488188976378
0
LINE
8
BLACK
6
CONTINUOUS
10
0.5055118110236221
20
1.169488188976378
11
0.5058953149606299
21
1.169420590551181
0
LINE
8
BLACK
6
CONTINUOUS
10
0.3084645669291339
20
1.1635826771653544
11
0.3084645669291339
21
0.569488188976378
0
LINE
8
BLACK
6
CONTINUOUS
10
0.3084645669291339
20
0.569488188976378
11
0.5025590551181103
21
0.569488188976378
0
LINE
8
BLACK
6
CONTINUOUS
10
0.5025590551181103
20
0.569488188976378
11
0.5025590551181103
21
1.1635826771653544
0
LINE
8
BLACK
6
CONTINUOUS
10
0.5025590551181103
20
1.1635826771653544
11
0.3084645669291339
21
1.1635826771653544
0
LINE
8
BLACK
6
CONTINUOUS
10
1.184724409448819
20
0.5865354330708661
11
1.1247244094488189
21
0.5865354330708661
0
LINE
8
BLACK
6
CONTINUOUS
10
1.1247244094488189
20
0.5865354330708661
11
1.1247244094488189
21
0.6465354330708661
0
LINE
8
BLACK
6
CONTINUOUS
10
1.1247244094488189
20
0.6465354330708661
11
1.184724409448819
21
0.6465354330708661
0
LINE
8
BLACK
6
CONTINUOUS
10
1.184724409448819
20
0.6465354330708661
11
1.184724409448819
21
0.5865354330708661
0
LINE
8
BLACK
6
CONTINUOUS
10
1.2847244094488188
20
0.5865354330708661
11
1.2247244094488188
21
0.5865354330708661
0
LINE
8
BLACK
6
CONTINUOUS
10
1.2247244094488188
20
0.5865354330708661
11
1.2247244094488188
21
0.6465354330708661
0
LINE
8
BLACK
6
CONTINUOUS
10
1.2247244094488188
20
0.6465354330708661
11
1.2847244094488188
21
0.6465354330708661
0
LINE
8
BLACK
6
CONTINUOUS
10
1.2847244094488188
20
0.6465354330708661
11
1.2847244094488188
21
0.5865354330708661
0
LINE
8
BLACK
6
CONTINUOUS
10
1.184724409448819
20
0.6865354330708662
11
1.1247244094488189
21
0.6865354330708662
0
LINE
8
BLACK
6
CONTINUOUS
10
1.1247244094488189
20
0.6865354330708662
11
1.1247244094488189
21
0.7465354330708661
0
LINE
8
BLACK
6
CONTINUOUS
10
1.1247244094488189
20
0.7465354330708661
11
1.184724409448819
21
0.7465354330708661
0
LINE
8
BLACK
6
CONTINUOUS
10
1.184724409448819
20
0.7465354330708661
11
1.184724409448819
21
0.6865354330708662
0
LINE
8
BLACK
6
CONTINUOUS
10
1.2847244094488188
20
0.6865354330708662
11
1.2247244094488188
21
0.6865354330708662
0
LINE
8
BLACK
6
CONTINUOUS
10
1.2247244094488188
20
0.6865354330708662
11
1.2247244094488188
21
0.7465354330708661
0
LINE
8
BLACK
6
CONTINUOUS
10
1.2247244094488188
20
0.7465354330708661
11
1.2847244094488188
21
0.7465354330708661
0
LINE
8
BLACK
6
CONTINUOUS
10
1.2847244094488188
20
0.7465354330708661
11
1.2847244094488188
21
0.6865354330708662
0
LINE
8
BLACK
6
CONTINUOUS
10
1.184724409448819
20
0.7865354330708662
11
1.1247244094488189
21
0.7865354330708662
0
LINE
8
BLACK
6
CONTINUOUS
10
1.1247244094488189
20
0.7865354330708662
11
1.1247244094488189
21
0.8465354330708661
0
LINE
8
BLACK
6
CONTINUOUS
10
1.1247244094488189
20
0.8465354330708661
11
1.184724409448819
21
0.8465354330708661
0
LINE
8
BLACK
6
CONTINUOUS
10
1.184724409448819
20
0.8465354330708661
11
1.184724409448819
21
0.7865354330708662
0
LINE
8
BLACK
6
CONTINUOUS
10
1.2847244094488188
20
0.7865354330708662
11
1.2247244094488188
21
0.7865354330708662
0
LINE
8
BLACK
6
CONTINUOUS
10
1.2247244094488188
20
0.7865354330708662
11
1.2247244094488188
21
0.8465354330708661
0
LINE
8
BLACK
6
CONTINUOUS
10
1.2247244094488188
20
0.8465354330708661
11
1.2847244094488188
21
0.8465354330708661
0
LINE
8
BLACK
6
CONTINUOUS
10
1.2847244094488188
20
0.8465354330708661
11
1.2847244094488188
21
0.7865354330708662
0
LINE
8
BLACK
6
CONTINUOUS
10
1.184724409448819
20
0.8865354330708661
11
1.1247244094488189
21
0.8865354330708661
0
LINE
8
BLACK
6
CONTINUOUS
10
1.1247244094488189
20
0.8865354330708661
11
1.1247244094488189
21
0.9465354330708661
0
LINE
8
BLACK
6
CONTINUOUS
10
1.1247244094488189
20
0.9465354330708661
11
1.184724409448819
21
0.9465354330708661
0
LINE
8
BLACK
6
CONTINUOUS
10
1.184724409448819
20
0.9465354330708661
11
1.184724409448819
21
0.8865354330708661
0
LINE
8
BLACK
6
CONTINUOUS
10
1.2847244094488188
20
0.8865354330708661
11
1.2247244094488188
21
0.8865354330708661
0
LINE
8
BLACK
6
CONTINUOUS
10
1.2247244094488188
20
0.8865354330708661
11
1.2247244094488188
21
0.9465354330708661
0
LINE
8
BLACK
6
CONTINUOUS
10
1.2247244094488188
20
0.9465354330708661
11
1.2847244094488188
21
0.9465354330708661
0
LINE
8
BLACK
6
CONTINUOUS
10
1.2847244094488188
20
0.9465354330708661
11
1.2847244094488188
21
0.8865354330708661
0
LINE
8
BLACK
6
CONTINUOUS
10
1.184724409448819
20
0.9865354330708661
11
1.1247244094488189
21
0.9865354330708661
0
LINE
8
BLACK
6
CONTINUOUS
10
1.1247244094488189
20
0.9865354330708661
11
1.1247244094488189
21
1.0465354330708661
0
LINE
8
BLACK
6
CONTINUOUS
10
1.1247244094488189
20
1.0465354330708661
11
1.184724409448819
21
1.0465354330708661
0
LINE
8
BLACK
6
CONTINUOUS
10
1.184724409448819
20
1.0465354330708661
11
1.184724409448819
21
0.9865354330708661
0
LINE
8
BLACK
6
CONTINUOUS
10
1.2847244094488188
20
0.9865354330708661
11
1.2247244094488188
21
0.9865354330708661
0
LINE
8
BLACK
6
CONTINUOUS
10
1.2247244094488188
20
0.9865354330708661
11
1.2247244094488188
21
1.0465354330708661
0
LINE
8
BLACK
6
CONTINUOUS
10
1.2247244094488188
20
1.0465354330708661
11
1.2847244094488188
21
1.0465354330708661
0
LINE
8
BLACK
6
CONTINUOUS
10
1.2847244094488188
20
1.0465354330708661
11
1.2847244094488188
21
0.9865354330708661
0
LINE
8
BLACK
6
CONTINUOUS
10
1.184724409448819
20
1.0865354330708661
11
1.1247244094488189
21
1.0865354330708661
0
LINE
8
BLACK
6
CONTINUOUS
10
1.1247244094488189
20
1.0865354330708661
11
1.1247244094488189
21
1.1465354330708661
0
LINE
8
BLACK
6
CONTINUOUS
10
1.1247244094488189
20
1.1465354330708661
11
1.184724409448819
21
1.1465354330708661
0
LINE
8
BLACK
6
CONTINUOUS
10
1.184724409448819
20
1.1465354330708661
11
1.184724409448819
21
1.0865354330708661
0
LINE
8
BLACK
6
CONTINUOUS
10
1.2847244094488188
20
1.0865354330708661
11
1.2247244094488188
21
1.0865354330708661
0
LINE
8
BLACK
6
CONTINUOUS
10
1.2247244094488188
20
1.0865354330708661
11
1.2247244094488188
21
1.1465354330708661
0
LINE
8
BLACK
6
CONTINUOUS
10
1.2247244094488188
20
1.1465354330708661
11
1.2847244094488188
21
1.1465354330708661
0
LINE
8
BLACK
6
CONTINUOUS
10
1.2847244094488188
20
1.1465354330708661
11
1.2847244094488188
21
1.0865354330708661
0
LINE
8
BLACK
6
CONTINUOUS
10
1.3051079133858268
20
1.169420590551181
11
1.3052371653543307
21
1.1694433464566929
0
LINE
8
BLACK
6
CONTINUOUS
10
1.3052371653543307
20
1.1694433464566929
11
1.3053507480314961
21
1.1693777559055119
0
LINE
8
BLACK
6
CONTINUOUS
10
1.3053507480314961
20
1.1693777559055119
11
1.3057343307086613
21
1.1693101181102361
0
LINE
8
BLACK
6
CONTINUOUS
10
1.3057343307086613
20
1.1693101181102361
11
1.3063220078740156
21
1.1688170078740157
0
LINE
8
BLACK
6
CONTINUOUS
10
1.3063220078740156
20
1.1688170078740157
11
1.3069863385826772
21
1.1684334251968505
0
LINE
8
BLACK
6
CONTINUOUS
10
1.3069863385826772
20
1.1684334251968505
11
1.3070774409448818
21
1.1681831102362203
0
LINE
8
BLACK
6
CONTINUOUS
10
1.3070774409448818
20
1.1681831102362203
11
1.3072815748031497
21
1.1680118110236219
0
LINE
8
BLACK
6
CONTINUOUS
10
1.3072815748031497
20
1.1680118110236219
11
1.3074148031496062
21
1.1672562598425196
0
LINE
8
BLACK
6
CONTINUOUS
10
1.3074148031496062
20
1.1672562598425196
11
1.3076771653543307
21
1.1665354330708662
0
LINE
8
BLACK
6
CONTINUOUS
10
1.3076771653543307
20
1.1665354330708662
11
1.3076771653543307
21
0.5665354330708662
0
LINE
8
BLACK
6
CONTINUOUS
10
1.3076771653543307
20
0.5665354330708662
11
1.3076095275590551
21
0.5661519291338583
0
LINE
8
BLACK
6
CONTINUOUS
10
1.3076095275590551
20
0.5661519291338583
11
1.3076323228346456
21
0.5660226771653544
0
LINE
8
BLACK
6
CONTINUOUS
10
1.3076323228346456
20
0.5660226771653544
11
1.3075666929133858
21
0.5659090944881889
0
LINE
8
BLACK
6
CONTINUOUS
10
1.3075666929133858
20
0.5659090944881889
11
1.307499094488189
21
0.5655255118110236
0
LINE
8
BLACK
6
CONTINUOUS
10
1.307499094488189
20
0.5655255118110236
11
1.3070059448818898
21
0.5649378346456693
0
LINE
8
BLACK
6
CONTINUOUS
10
1.3070059448818898
20
0.5649378346456693
11
1.3066224015748031
21
0.5642735039370078
0
LINE
8
BLACK
6
CONTINUOUS
10
1.3066224015748031
20
0.5642735039370078
11
1.3063720472440945
21
0.5641824015748031
0
LINE
8
BLACK
6
CONTINUOUS
10
1.3063720472440945
20
0.5641824015748031
11
1.3062007874015749
21
0.5639782677165355
0
LINE
8
BLACK
6
CONTINUOUS
10
1.3062007874015749
20
0.5639782677165355
11
1.3054451968503937
21
0.5638450393700787
0
LINE
8
BLACK
6
CONTINUOUS
10
1.3054451968503937
20
0.5638450393700787
11
1.3047244094488188
21
0.5635826771653544
0
LINE
8
BLACK
6
CONTINUOUS
10
1.3047244094488188
20
0.5635826771653544
11
1.1047244094488189
21
0.5635826771653544
0
LINE
8
BLACK
6
CONTINUOUS
10
1.1047244094488189
20
0.5635826771653544
11
1.1043408661417322
21
0.5636503149606299
0
LINE
8
BLACK
6
CONTINUOUS
10
1.1043408661417322
20
0.5636503149606299
11
1.1042116535433071
21
0.5636275196850393
0
LINE
8
BLACK
6
CONTINUOUS
10
1.1042116535433071
20
0.5636275196850393
11
1.1040980314960629
21
0.5636931496062992
0
LINE
8
BLACK
6
CONTINUOUS
10
1.1040980314960629
20
0.5636931496062992
11
1.1037144881889764
21
0.563760748031496
0
LINE
8
BLACK
6
CONTINUOUS
10
1.1037144881889764
20
0.563760748031496
11
1.1031267716535433
21
0.5642538976377952
0
LINE
8
BLACK
6
CONTINUOUS
10
1.1031267716535433
20
0.5642538976377952
11
1.1024624803149605
21
0.5646374409448819
0
LINE
8
BLACK
6
CONTINUOUS
10
1.1024624803149605
20
0.5646374409448819
11
1.1023713385826772
21
0.5648877952755905
0
LINE
8
BLACK
6
CONTINUOUS
10
1.1023713385826772
20
0.5648877952755905
11
1.1021672440944881
21
0.5650590551181103
0
LINE
8
BLACK
6
CONTINUOUS
10
1.1021672440944881
20
0.5650590551181103
11
1.1020339763779528
21
0.5658146456692913
0
LINE
8
BLACK
6
CONTINUOUS
10
1.1020339763779528
20
0.5658146456692913
11
1.1017716535433071
21
0.5665354330708662
0
LINE
8
BLACK
6
CONTINUOUS
10
1.1017716535433071
20
0.5665354330708662
11
1.1017716535433071
21
1.1665354330708662
0
LINE
8
BLACK
6
CONTINUOUS
10
1.1017716535433071
20
1.1665354330708662
11
1.1018392519685039
21
1.1669189763779528
0
LINE
8
BLACK
6
CONTINUOUS
10
1.1018392519685039
20
1.1669189763779528
11
1.1018164960629921
21
1.167048188976378
0
LINE
8
BLACK
6
CONTINUOUS
10
1.1018164960629921
20
1.167048188976378
11
1.1018820866141732
21
1.1671618110236219
0
LINE
8
BLACK
6
CONTINUOUS
10
1.1018820866141732
20
1.1671618110236219
11
1.1019497244094487
21
1.1675453543307086
0
LINE
8
BLACK
6
CONTINUOUS
10
1.1019497244094487
20
1.1675453543307086
11
1.1024428346456692
21
1.1681330708661417
0
LINE
8
BLACK
6
CONTINUOUS
10
1.1024428346456692
20
1.1681330708661417
11
1.1028264173228346
21
1.1687973622047243
0
LINE
8
BLACK
6
CONTINUOUS
10
1.1028264173228346
20
1.1687973622047243
11
1.1030767322834645
21
1.1688885039370078
0
LINE
8
BLACK
6
CONTINUOUS
10
1.1030767322834645
20
1.1688885039370078
11
1.1032480314960629
21
1.1690925984251967
0
LINE
8
BLACK
6
CONTINUOUS
10
1.1032480314960629
20
1.1690925984251967
11
1.1040035826771653
21
1.1692258661417323
0
LINE
8
BLACK
6
CONTINUOUS
10
1.1040035826771653
20
1.1692258661417323
11
1.1047244094488189
21
1.169488188976378
0
LINE
8
BLACK
6
CONTINUOUS
10
1.1047244094488189
20
1.169488188976378
11
1.3047244094488188
21
1.169488188976378
0
LINE
8
BLACK
6
CONTINUOUS
10
1.3047244094488188
20
1.169488188976378
11
1.3051079133858268
21
1.169420590551181
0
LINE
8
BLACK
6
CONTINUOUS
10
1.1076771653543307
20
1.1635826771653544
11
1.1076771653543307
21
0.569488188976378
0
LINE
8
BLACK
6
CONTINUOUS
10
1.1076771653543307
20
0.569488188976378
11
1.301771653543307
21
0.569488188976378
0
LINE
8
BLACK
6
CONTINUOUS
10
1.301771653543307
20
0.569488188976378
11
1.301771653543307
21
1.1635826771653544
0
LINE
8
BLACK
6
CONTINUOUS
10
1.301771653543307
20
1.1635826771653544
11
1.1076771653543307
21
1.1635826771653544
0
LINE
8
BLACK
6
CONTINUOUS
10
0.5648621653543306
20
0.6432346456692913
11
0.5662923622047243
21
0.6412661417322835
0
LINE
8
BLACK
6
CONTINUOUS
10
0.5662923622047243
20
0.6412661417322835
11
0.5662923622047243
21
0.6388329133858267
0
LINE
8
BLACK
6
CONTINUOUS
10
0.5662923622047243
20
0.6388329133858267
11
0.5648621653543306
21
0.6368644094488188
0
LINE
8
BLACK
6
CONTINUOUS
10
0.5648621653543306
20
0.6368644094488188
11
0.562548031496063
21
0.6361125196850393
0
LINE
8
BLACK
6
CONTINUOUS
10
0.562548031496063
20
0.6361125196850393
11
0.5436138188976378
21
0.6361125196850393
0
LINE
8
BLACK
6
CONTINUOUS
10
0.5436138188976378
20
0.6361125196850393
11
0.5425477559055119
21
0.6254522440944882
0
LINE
8
BLACK
6
CONTINUOUS
10
0.5425477559055119
20
0.6254522440944882
11
0.5427896456692913
21
0.6255731496062992
0
LINE
8
BLACK
6
CONTINUOUS
10
0.5427896456692913
20
0.6255731496062992
11
0.5436871653543307
21
0.6257083464566929
0
LINE
8
BLACK
6
CONTINUOUS
10
0.5436871653543307
20
0.6257083464566929
11
0.5445503149606299
21
0.625988779527559
0
LINE
8
BLACK
6
CONTINUOUS
10
0.5445503149606299
20
0.625988779527559
11
0.5557988976377952
21
0.625988779527559
0
LINE
8
BLACK
6
CONTINUOUS
10
0.5557988976377952
20
0.625988779527559
11
0.5566620078740158
21
0.6257083464566929
0
LINE
8
BLACK
6
CONTINUOUS
10
0.5566620078740158
20
0.6257083464566929
11
0.5575595669291339
21
0.6255731496062992
0
LINE
8
BLACK
6
CONTINUOUS
10
0.5575595669291339
20
0.6255731496062992
11
0.5620590551181103
21
0.6233234251968504
0
LINE
8
BLACK
6
CONTINUOUS
10
0.5620590551181103
20
0.6233234251968504
11
0.5625137401574803
21
0.6228755905511811
0
LINE
8
BLACK
6
CONTINUOUS
10
0.5625137401574803
20
0.6228755905511811
11
0.5630822440944881
21
0.622585905511811
0
LINE
8
BLACK
6
CONTINUOUS
10
0.5630822440944881
20
0.622585905511811
11
0.565331968503937
21
0.6203361811023622
0
LINE
8
BLACK
6
CONTINUOUS
10
0.565331968503937
20
0.6203361811023622
11
0.5656216535433071
21
0.6197675984251968
0
LINE
8
BLACK
6
CONTINUOUS
10
0.5656216535433071
20
0.6197675984251968
11
0.5660694094488189
21
0.6193129921259842
0
LINE
8
BLACK
6
CONTINUOUS
10
0.5660694094488189
20
0.6193129921259842
11
0.5683191338582677
21
0.6148135433070866
0
LINE
8
BLACK
6
CONTINUOUS
10
0.5683191338582677
20
0.6148135433070866
11
0.5684542913385827
21
0.6139160236220472
0
LINE
8
BLACK
6
CONTINUOUS
10
0.5684542913385827
20
0.6139160236220472
11
0.5687347637795276
21
0.613052874015748
0
LINE
8
BLACK
6
CONTINUOUS
10
0.5687347637795276
20
0.613052874015748
11
0.5687347637795276
21
0.6018042913385827
0
LINE
8
BLACK
6
CONTINUOUS
10
0.5687347637795276
20
0.6018042913385827
11
0.5684542913385827
21
0.6009411811023622
0
LINE
8
BLACK
6
CONTINUOUS
10
0.5684542913385827
20
0.6009411811023622
11
0.5683191338582677
21
0.600043622047244
0
LINE
8
BLACK
6
CONTINUOUS
10
0.5683191338582677
20
0.600043622047244
11
0.5660694094488189
21
0.5955441732283464
0
LINE
8
BLACK
6
CONTINUOUS
10
0.5660694094488189
20
0.5955441732283464
11
0.5656216535433071
21
0.5950896062992126
0
LINE
8
BLACK
6
CONTINUOUS
10
0.5656216535433071
20
0.5950896062992126
11
0.565331968503937
21
0.5945209842519685
0
LINE
8
BLACK
6
CONTINUOUS
10
0.565331968503937
20
0.5945209842519685
11
0.5630822440944881
21
0.5922712598425197
0
LINE
8
BLACK
6
CONTINUOUS
10
0.5630822440944881
20
0.5922712598425197
11
0.5625137007874016
21
0.5919815748031496
0
LINE
8
BLACK
6
CONTINUOUS
10
0.5625137007874016
20
0.5919815748031496
11
0.5620590157480315
21
0.5915337401574803
0
LINE
8
BLACK
6
CONTINUOUS
10
0.5620590157480315
20
0.5915337401574803
11
0.5575595669291339
21
0.5892840551181102
0
LINE
8
BLACK
6
CONTINUOUS
10
0.5575595669291339
20
0.5892840551181102
11
0.5566620078740158
21
0.5891488976377952
0
LINE
8
BLACK
6
CONTINUOUS
10
0.5566620078740158
20
0.5891488976377952
11
0.5557988976377952
21
0.5888684251968503
0
LINE
8
BLACK
6
CONTINUOUS
10
0.5557988976377952
20
0.5888684251968503
11
0.5445503149606299
21
0.5888684251968503
0
LINE
8
BLACK
6
CONTINUOUS
10
0.5445503149606299
20
0.5888684251968503
11
0.5436871653543307
21
0.5891488976377952
0
LINE
8
BLACK
6
CONTINUOUS
10
0.5436871653543307
20
0.5891488976377952
11
0.5427896456692913
21
0.5892840551181102
0
LINE
8
BLACK
6
CONTINUOUS
10
0.5427896456692913
20
0.5892840551181102
11
0.5382901968503937
21
0.5915337401574803
0
LINE
8
BLACK
6
CONTINUOUS
10
0.5382901968503937
20
0.5915337401574803
11
0.5378354724409449
21
0.5919815748031496
0
LINE
8
BLACK
6
CONTINUOUS
10
0.5378354724409449
20
0.5919815748031496
11
0.537266968503937
21
0.5922712598425197
0
LINE
8
BLACK
6
CONTINUOUS
10
0.537266968503937
20
0.5922712598425197
11
0.5350172440944881
21
0.5945209448818898
0
LINE
8
BLACK
6
CONTINUOUS
10
0.5350172440944881
20
0.5945209448818898
11
0.5339125984251969
21
0.5966889763779527
0
LINE
8
BLACK
6
CONTINUOUS
10
0.5339125984251969
20
0.5966889763779527
11
0.5342932283464567
21
0.5990922047244094
0
LINE
8
BLACK
6
CONTINUOUS
10
0.5342932283464567
20
0.5990922047244094
11
0.536013779527559
21
0.6008127559055118
0
LINE
8
BLACK
6
CONTINUOUS
10
0.536013779527559
20
0.6008127559055118
11
0.5384170078740157
21
0.6011933858267716
0
LINE
8
BLACK
6
CONTINUOUS
10
0.5384170078740157
20
0.6011933858267716
11
0.5405850393700787
21
0.6000887401574803
0
LINE
8
BLACK
6
CONTINUOUS
10
0.5405850393700787
20
0.6000887401574803
11
0.5423829527559055
21
0.5982908267716536
0
LINE
8
BLACK
6
CONTINUOUS
10
0.5423829527559055
20
0.5982908267716536
11
0.5454797244094488
21
0.5967424409448818
0
LINE
8
BLACK
6
CONTINUOUS
10
0.5454797244094488
20
0.5967424409448818
11
0.5548694881889764
21
0.5967424409448818
0
LINE
8
BLACK
6
CONTINUOUS
10
0.5548694881889764
20
0.5967424409448818
11
0.5579662204724409
21
0.5982908267716536
0
LINE
8
BLACK
6
CONTINUOUS
10
0.5579662204724409
20
0.5982908267716536
11
0.5593123228346456
21
0.5996369291338582
0
LINE
8
BLACK
6
CONTINUOUS
10
0.5593123228346456
20
0.5996369291338582
11
0.5608607480314961
21
0.6027337401574803
0
LINE
8
BLACK
6
CONTINUOUS
10
0.5608607480314961
20
0.6027337401574803
11
0.5608607480314961
21
0.6121234645669291
0
LINE
8
BLACK
6
CONTINUOUS
10
0.5608607480314961
20
0.6121234645669291
11
0.5593123228346456
21
0.6152202755905511
0
LINE
8
BLACK
6
CONTINUOUS
10
0.5593123228346456
20
0.6152202755905511
11
0.5579662204724409
21
0.6165664173228347
0
LINE
8
BLACK
6
CONTINUOUS
10
0.5579662204724409
20
0.6165664173228347
11
0.5548694881889764
21
0.6181147637795276
0
LINE
8
BLACK
6
CONTINUOUS
10
0.5548694881889764
20
0.6181147637795276
11
0.5454797637795276
21
0.6181147637795276
0
LINE
8
BLACK
6
CONTINUOUS
10
0.5454797637795276
20
0.6181147637795276
11
0.5423829527559055
21
0.6165664173228347
0
LINE
8
BLACK
6
CONTINUOUS
10
0.5423829527559055
20
0.6165664173228347
11
0.5405850393700787
21
0.6147684251968504
0
LINE
8
BLACK
6
CONTINUOUS
10
0.5405850393700787
20
0.6147684251968504
11
0.5395969291338583
21
0.6142649999999999
0
LINE
8
BLACK
6
CONTINUOUS
10
0.5395969291338583
20
0.6142649999999999
11
0.5386391338582677
21
0.6137055118110236
0
LINE
8
BLACK
6
CONTINUOUS
10
0.5386391338582677
20
0.6137055118110236
11
0.5385218897637795
21
0.6137172440944881
0
LINE
8
BLACK
6
CONTINUOUS
10
0.5385218897637795
20
0.6137172440944881
11
0.5384170078740157
21
0.613663779527559
0
LINE
8
BLACK
6
CONTINUOUS
10
0.5384170078740157
20
0.613663779527559
11
0.5373216141732283
21
0.6138372834645669
0
LINE
8
BLACK
6
CONTINUOUS
10
0.5373216141732283
20
0.6138372834645669
11
0.5362179921259842
21
0.6139476377952756
0
LINE
8
BLACK
6
CONTINUOUS
10
0.5362179921259842
20
0.6139476377952756
11
0.5361300787401575
21
0.6140260236220473
0
LINE
8
BLACK
6
CONTINUOUS
10
0.5361300787401575
20
0.6140260236220473
11
0.536013779527559
21
0.6140444094488189
0
LINE
8
BLACK
6
CONTINUOUS
10
0.536013779527559
20
0.6140444094488189
11
0.5352295275590551
21
0.6148286614173228
0
LINE
8
BLACK
6
CONTINUOUS
10
0.5352295275590551
20
0.6148286614173228
11
0.5344015748031496
21
0.6155666141732283
0
LINE
8
BLACK
6
CONTINUOUS
10
0.5344015748031496
20
0.6155666141732283
11
0.5343764960629921
21
0.6156816929133858
0
LINE
8
BLACK
6
CONTINUOUS
10
0.5343764960629921
20
0.6156816929133858
11
0.5342932283464567
21
0.6157649606299213
0
LINE
8
BLACK
6
CONTINUOUS
10
0.5342932283464567
20
0.6157649606299213
11
0.5341197244094488
21
0.6168604330708661
0
LINE
8
BLACK
6
CONTINUOUS
10
0.5341197244094488
20
0.6168604330708661
11
0.5338836614173228
21
0.6179440551181102
0
LINE
8
BLACK
6
CONTINUOUS
10
0.5338836614173228
20
0.6179440551181102
11
0.5361333858267716
21
0.6404412598425197
0
LINE
8
BLACK
6
CONTINUOUS
10
0.5361333858267716
20
0.6404412598425197
11
0.5363065354330708
21
0.6408355511811024
0
LINE
8
BLACK
6
CONTINUOUS
10
0.5363065354330708
20
0.6408355511811024
11
0.5363065354330708
21
0.6412661417322835
0
LINE
8
BLACK
6
CONTINUOUS
10
0.5363065354330708
20
0.6412661417322835
11
0.53678468503937
21
0.6419242913385826
0
LINE
8
BLACK
6
CONTINUOUS
10
0.53678468503937
20
0.6419242913385826
11
0.537111811023622
21
0.642669094488189
0
LINE
8
BLACK
6
CONTINUOUS
10
0.537111811023622
20
0.642669094488189
11
0.5374836220472441
21
0.6428862992125984
0
LINE
8
BLACK
6
CONTINUOUS
10
0.5374836220472441
20
0.6428862992125984
11
0.5377367322834645
21
0.6432346456692913
0
LINE
8
BLACK
6
CONTINUOUS
10
0.5377367322834645
20
0.6432346456692913
11
0.5385103937007873
21
0.6434860236220472
0
LINE
8
BLACK
6
CONTINUOUS
10
0.5385103937007873
20
0.6434860236220472
11
0.539212874015748
21
0.6438963385826771
0
LINE
8
BLACK
6
CONTINUOUS
10
0.539212874015748
20
0.6438963385826771
11
0.5396413385826772
21
0.6438535039370079
0
LINE
8
BLACK
6
CONTINUOUS
10
0.5396413385826772
20
0.6438535039370079
11
0.5400508661417323
21
0.6439865354330708
0
LINE
8
BLACK
6
CONTINUOUS
10
0.5400508661417323
20
0.6439865354330708
11
0.562548031496063
21
0.6439865354330708
0
LINE
8
BLACK
6
CONTINUOUS
10
0.562548031496063
20
0.6439865354330708
11
0.5648621653543306
21
0.6432346456692913
0
LINE
8
BLACK
6
CONTINUOUS
10
1.0817350787401574
20
0.6432346456692913
11
1.0831652755905512
21
0.6412661417322835
0
LINE
8
BLACK
6
CONTINUOUS
10
1.0831652755905512
20
0.6412661417322835
11
1.0831652755905512
21
0.6388329133858267
0
LINE
8
BLACK
6
CONTINUOUS
10
1.0831652755905512
20
0.6388329133858267
11
1.0817350787401574
21
0.6368644094488188
0
LINE
8
BLACK
6
CONTINUOUS
10
1.0817350787401574
20
0.6368644094488188
11
1.0794209448818897
21
0.6361125196850393
0
LINE
8
BLACK
6
CONTINUOUS
10
1.0794209448818897
20
0.6361125196850393
11
1.0713514960629922
21
0.6361125196850393
0
LINE
8
BLACK
6
CONTINUOUS
10
1.0713514960629922
20
0.6361125196850393
11
1.0682547244094487
21
0.6345641732283465
0
LINE
8
BLACK
6
CONTINUOUS
10
1.0682547244094487
20
0.6345641732283465
11
1.0667324803149607
21
0.6330418897637795
0
LINE
8
BLACK
6
CONTINUOUS
10
1.0667324803149607
20
0.6330418897637795
11
1.0628274803149607
21
0.6271844488188977
0
LINE
8
BLACK
6
CONTINUOUS
10
1.0628274803149607
20
0.6271844488188977
11
1.062176496062992
21
0.6245804724409448
0
LINE
8
BLACK
6
CONTINUOUS
10
1.062176496062992
20
0.6245804724409448
11
1.0641619291338582
21
0.6255731496062992
0
LINE
8
BLACK
6
CONTINUOUS
10
1.0641619291338582
20
0.6255731496062992
11
1.0650594488188976
21
0.6257083464566929
0
LINE
8
BLACK
6
CONTINUOUS
10
1.0650594488188976
20
0.6257083464566929
11
1.0659225984251968
21
0.625988779527559
0
LINE
8
BLACK
6
CONTINUOUS
10
1.0659225984251968
20
0.625988779527559
11
1.074921496062992
21
0.625988779527559
0
LINE
8
BLACK
6
CONTINUOUS
10
1.074921496062992
20
0.625988779527559
11
1.0757846062992125
21
0.6257083464566929
0
LINE
8
BLACK
6
CONTINUOUS
10
1.0757846062992125
20
0.6257083464566929
11
1.0766821653543306
21
0.6255731496062992
0
LINE
8
BLACK
6
CONTINUOUS
10
1.0766821653543306
20
0.6255731496062992
11
1.081181653543307
21
0.6233234251968504
0
LINE
8
BLACK
6
CONTINUOUS
10
1.081181653543307
20
0.6233234251968504
11
1.081636338582677
21
0.6228755905511811
0
LINE
8
BLACK
6
CONTINUOUS
10
1.081636338582677
20
0.6228755905511811
11
1.0822048425196851
21
0.622585905511811
0
LINE
8
BLACK
6
CONTINUOUS
10
1.0822048425196851
20
0.622585905511811
11
1.0844545669291339
21
0.6203361811023622
0
LINE
8
BLACK
6
CONTINUOUS
10
1.0844545669291339
20
0.6203361811023622
11
1.084744251968504
21
0.6197675984251968
0
LINE
8
BLACK
6
CONTINUOUS
10
1.084744251968504
20
0.6197675984251968
11
1.0851920078740158
21
0.6193129921259842
0
LINE
8
BLACK
6
CONTINUOUS
10
1.0851920078740158
20
0.6193129921259842
11
1.0874417322834646
21
0.6148135433070866
0
LINE
8
BLACK
6
CONTINUOUS
10
1.0874417322834646
20
0.6148135433070866
11
1.0875768897637794
21
0.6139160236220472
0
LINE
8
BLACK
6
CONTINUOUS
10
1.0875768897637794
20
0.6139160236220472
11
1.0878573622047243
21
0.613052874015748
0
LINE
8
BLACK
6
CONTINUOUS
10
1.0878573622047243
20
0.613052874015748
11
1.0878573622047243
21
0.6018042913385827
0
LINE
8
BLACK
6
CONTINUOUS
10
1.0878573622047243
20
0.6018042913385827
11
1.0875768897637794
21
0.6009411811023622
0
LINE
8
BLACK
6
CONTINUOUS
10
1.0875768897637794
20
0.6009411811023622
11
1.0874417322834646
21
0.600043622047244
0
LINE
8
BLACK
6
CONTINUOUS
10
1.0874417322834646
20
0.600043622047244
11
1.0851920078740158
21
0.5955441732283464
0
LINE
8
BLACK
6
CONTINUOUS
10
1.0851920078740158
20
0.5955441732283464
11
1.084744251968504
21
0.5950896062992126
0
LINE
8
BLACK
6
CONTINUOUS
10
1.084744251968504
20
0.5950896062992126
11
1.0844545669291339
21
0.5945209842519685
0
LINE
8
BLACK
6
CONTINUOUS
10
1.0844545669291339
20
0.5945209842519685
11
1.0822048425196851
21
0.5922712598425197
0
LINE
8
BLACK
6
CONTINUOUS
10
1.0822048425196851
20
0.5922712598425197
11
1.0816362992125983
21
0.5919815748031496
0
LINE
8
BLACK
6
CONTINUOUS
10
1.0816362992125983
20
0.5919815748031496
11
1.0811816141732282
21
0.5915337401574803
0
LINE
8
BLACK
6
CONTINUOUS
10
1.0811816141732282
20
0.5915337401574803
11
1.0766821653543306
21
0.5892840551181102
0
LINE
8
BLACK
6
CONTINUOUS
10
1.0766821653543306
20
0.5892840551181102
11
1.0757846062992125
21
0.5891488976377952
0
LINE
8
BLACK
6
CONTINUOUS
10
1.0757846062992125
20
0.5891488976377952
11
1.074921496062992
21
0.5888684251968503
0
LINE
8
BLACK
6
CONTINUOUS
10
1.074921496062992
20
0.5888684251968503
11
1.0659225984251968
21
0.5888684251968503
0
LINE
8
BLACK
6
CONTINUOUS
10
1.0659225984251968
20
0.5888684251968503
11
1.0650594488188976
21
0.5891488976377952
0
LINE
8
BLACK
6
CONTINUOUS
10
1.0650594488188976
20
0.5891488976377952
11
1.0641619291338582
21
0.5892840551181102
0
LINE
8
BLACK
6
CONTINUOUS
10
1.0641619291338582
20
0.5892840551181102
11
1.0596625196850393
21
0.5915337401574803
0
LINE
8
BLACK
6
CONTINUOUS
10
1.0596625196850393
20
0.5915337401574803
11
1.0592078346456693
21
0.5919815748031496
0
LINE
8
BLACK
6
CONTINUOUS
10
1.0592078346456693
20
0.5919815748031496
11
1.0586392913385827
21
0.5922712598425197
0
LINE
8
BLACK
6
CONTINUOUS
10
1.0586392913385827
20
0.5922712598425197
11
1.0563895669291339
21
0.5945209448818898
0
LINE
8
BLACK
6
CONTINUOUS
10
1.0563895669291339
20
0.5945209448818898
11
1.0560998818897638
21
0.5950895275590551
0
LINE
8
BLACK
6
CONTINUOUS
10
1.0560998818897638
20
0.5950895275590551
11
1.0556520866141732
21
0.5955441338582677
0
LINE
8
BLACK
6
CONTINUOUS
10
1.0556520866141732
20
0.5955441338582677
11
1.0534023622047244
21
0.600043622047244
0
LINE
8
BLACK
6
CONTINUOUS
10
1.0534023622047244
20
0.600043622047244
11
1.0532671653543306
21
0.6009411811023622
0
LINE
8
BLACK
6
CONTINUOUS
10
1.0532671653543306
20
0.6009411811023622
11
1.0529867322834645
21
0.6018042913385827
0
LINE
8
BLACK
6
CONTINUOUS
10
1.0529867322834645
20
0.6018042913385827
11
1.0529867322834645
21
0.6198020472440945
0
LINE
8
BLACK
6
CONTINUOUS
10
1.0529867322834645
20
0.6198020472440945
11
1.0531381496062993
21
0.6202681102362204
0
LINE
8
BLACK
6
CONTINUOUS
10
1.0531381496062993
20
0.6202681102362204
11
1.0531042913385826
21
0.6207569291338583
0
LINE
8
BLACK
6
CONTINUOUS
10
1.0531042913385826
20
0.6207569291338583
11
1.0553540157480314
21
0.6297557874015748
0
LINE
8
BLACK
6
CONTINUOUS
10
1.0553540157480314
20
0.6297557874015748
11
1.0557140944881889
21
0.6303312598425197
0
LINE
8
BLACK
6
CONTINUOUS
10
1.0557140944881889
20
0.6303312598425197
11
1.0558976771653543
21
0.6309847637795275
0
LINE
8
BLACK
6
CONTINUOUS
10
1.0558976771653543
20
0.6309847637795275
11
1.060397125984252
21
0.637733937007874
0
LINE
8
BLACK
6
CONTINUOUS
10
1.060397125984252
20
0.637733937007874
11
1.0607087007874016
21
0.6379801574803149
0
LINE
8
BLACK
6
CONTINUOUS
10
1.0607087007874016
20
0.6379801574803149
11
1.0608890157480315
21
0.638333937007874
0
LINE
8
BLACK
6
CONTINUOUS
10
1.0608890157480315
20
0.638333937007874
11
1.0631387007874016
21
0.6405836614173228
0
LINE
8
BLACK
6
CONTINUOUS
10
1.0631387007874016
20
0.6405836614173228
11
1.0637072440944881
21
0.6408733858267717
0
LINE
8
BLACK
6
CONTINUOUS
10
1.0637072440944881
20
0.6408733858267717
11
1.0641619291338582
21
0.6413211811023621
0
LINE
8
BLACK
6
CONTINUOUS
10
1.0641619291338582
20
0.6413211811023621
11
1.0686613779527558
21
0.6435709055118111
0
LINE
8
BLACK
6
CONTINUOUS
10
1.0686613779527558
20
0.6435709055118111
11
1.0695588976377952
21
0.6437061023622047
0
LINE
8
BLACK
6
CONTINUOUS
10
1.0695588976377952
20
0.6437061023622047
11
1.0704220472440944
21
0.6439865354330708
0
LINE
8
BLACK
6
CONTINUOUS
10
1.0704220472440944
20
0.6439865354330708
11
1.0794209448818897
21
0.6439865354330708
0
LINE
8
BLACK
6
CONTINUOUS
10
1.0794209448818897
20
0.6439865354330708
11
1.0817350787401574
21
0.6432346456692913
0
LINE
8
BLACK
6
CONTINUOUS
10
1.0637552362204725
20
0.6165663779527559
11
1.062409094488189
21
0.6152201968503936
0
LINE
8
BLACK
6
CONTINUOUS
10
1.062409094488189
20
0.6152201968503936
11
1.060860748031496
21
0.6121234645669291
0
LINE
8
BLACK
6
CONTINUOUS
10
1.060860748031496
20
0.6121234645669291
11
1.060860748031496
21
0.6027337007874015
0
LINE
8
BLACK
6
CONTINUOUS
10
1.060860748031496
20
0.6027337007874015
11
1.062409094488189
21
0.5996370078740157
0
LINE
8
BLACK
6
CONTINUOUS
10
1.062409094488189
20
0.5996370078740157
11
1.0637552755905511
21
0.5982907874015748
0
LINE
8
BLACK
6
CONTINUOUS
10
1.0637552755905511
20
0.5982907874015748
11
1.0668520078740158
21
0.5967424409448818
0
LINE
8
BLACK
6
CONTINUOUS
10
1.0668520078740158
20
0.5967424409448818
11
1.0739920866141732
21
0.5967424409448818
0
LINE
8
BLACK
6
CONTINUOUS
10
1.0739920866141732
20
0.5967424409448818
11
1.0770888188976377
21
0.5982908267716536
0
LINE
8
BLACK
6
CONTINUOUS
10
1.0770888188976377
20
0.5982908267716536
11
1.0784349212598425
21
0.5996369291338582
0
LINE
8
BLACK
6
CONTINUOUS
10
1.0784349212598425
20
0.5996369291338582
11
1.0799833464566928
21
0.6027337401574803
0
LINE
8
BLACK
6
CONTINUOUS
10
1.0799833464566928
20
0.6027337401574803
11
1.0799833464566928
21
0.6121234645669291
0
LINE
8
BLACK
6
CONTINUOUS
10
1.0799833464566928
20
0.6121234645669291
11
1.0784349212598425
21
0.6152202755905511
0
LINE
8
BLACK
6
CONTINUOUS
10
1.0784349212598425
20
0.6152202755905511
11
1.0770888188976377
21
0.6165664173228347
0
LINE
8
BLACK
6
CONTINUOUS
10
1.0770888188976377
20
0.6165664173228347
11
1.0739920866141732
21
0.6181147637795276
0
LINE
8
BLACK
6
CONTINUOUS
10
1.0739920866141732
20
0.6181147637795276
11
1.0668520078740158
21
0.6181147637795276
0
LINE
8
BLACK
6
CONTINUOUS
10
1.0668520078740158
20
0.6181147637795276
11
1.0637552362204725
21
0.6165663779527559
0
LINE
8
BLACK
6
CONTINUOUS
10
1.0863461811023623
20
0.7423545275590551
11
1.0865268110236219
21
0.7423955511811023
0
LINE
8
BLACK
6
CONTINUOUS
10
1.0865268110236219
20
0.7423955511811023
11
1.0874887401574802
21
0.7419833070866142
0
LINE
8
BLACK
6
CONTINUOUS
10
1.0874887401574802
20
0.7419833070866142
11
1.0884842125984251
21
0.741659842519685
0
LINE
8
BLACK
6
CONTINUOUS
10
1.0884842125984251
20
0.741659842519685
11
1.0885930708661418
21
0.74151
0
LINE
8
BLACK
6
CONTINUOUS
10
1.0885930708661418
20
0.74151
11
1.0887632677165353
21
0.7414370472440944
0
LINE
8
BLACK
6
CONTINUOUS
10
1.0887632677165353
20
0.7414370472440944
11
1.0892990944881888
21
0.7405382283464567
0
LINE
8
BLACK
6
CONTINUOUS
10
1.0892990944881888
20
0.7405382283464567
11
1.0899144094488189
21
0.7396913385826771
0
LINE
8
BLACK
6
CONTINUOUS
10
1.0899144094488189
20
0.7396913385826771
11
1.0899144094488189
21
0.7395061417322835
0
LINE
8
BLACK
6
CONTINUOUS
10
1.0899144094488189
20
0.7395061417322835
11
1.0900092519685038
21
0.7393470472440945
0
LINE
8
BLACK
6
CONTINUOUS
10
1.0900092519685038
20
0.7393470472440945
11
1.0899144094488189
21
0.738304842519685
0
LINE
8
BLACK
6
CONTINUOUS
10
1.0899144094488189
20
0.738304842519685
11
1.0899144094488189
21
0.7372581102362205
0
LINE
8
BLACK
6
CONTINUOUS
10
1.0899144094488189
20
0.7372581102362205
11
1.0898055118110237
21
0.7371082677165354
0
LINE
8
BLACK
6
CONTINUOUS
10
1.0898055118110237
20
0.7371082677165354
11
1.0897887401574804
21
0.7369238582677166
0
LINE
8
BLACK
6
CONTINUOUS
10
1.0897887401574804
20
0.7369238582677166
11
1.0695412598425196
21
0.6896797637795276
0
LINE
8
BLACK
6
CONTINUOUS
10
1.0695412598425196
20
0.6896797637795276
11
1.0679385826771652
21
0.687848937007874
0
LINE
8
BLACK
6
CONTINUOUS
10
1.0679385826771652
20
0.687848937007874
11
1.0655658661417322
21
0.6873098031496063
0
LINE
8
BLACK
6
CONTINUOUS
10
1.0655658661417322
20
0.6873098031496063
11
1.0633293700787401
21
0.6882683070866141
0
LINE
8
BLACK
6
CONTINUOUS
10
1.0633293700787401
20
0.6882683070866141
11
1.0620834251968503
21
0.6903582677165354
0
LINE
8
BLACK
6
CONTINUOUS
10
1.0620834251968503
20
0.6903582677165354
11
1.062303937007874
21
0.6927814960629921
0
LINE
8
BLACK
6
CONTINUOUS
10
1.062303937007874
20
0.6927814960629921
11
1.0801994488188975
21
0.7345377165354331
0
LINE
8
BLACK
6
CONTINUOUS
10
1.0801994488188975
20
0.7345377165354331
11
1.0546740157480314
21
0.7345377165354331
0
LINE
8
BLACK
6
CONTINUOUS
10
1.0546740157480314
20
0.7345377165354331
11
1.0523598818897637
21
0.7352896062992126
0
LINE
8
BLACK
6
CONTINUOUS
10
1.0523598818897637
20
0.7352896062992126
11
1.0509296850393701
21
0.7372581102362205
0
LINE
8
BLACK
6
CONTINUOUS
10
1.0509296850393701
20
0.7372581102362205
11
1.0509296850393701
21
0.7396913385826771
0
LINE
8
BLACK
6
CONTINUOUS
10
1.0509296850393701
20
0.7396913385826771
11
1.0523598818897637
21
0.741659842519685
0
LINE
8
BLACK
6
CONTINUOUS
10
1.0523598818897637
20
0.741659842519685
11
1.0546740157480314
21
0.7424117322834646
0
LINE
8
BLACK
6
CONTINUOUS
10
1.0546740157480314
20
0.7424117322834646
11
1.0861700787401574
21
0.7424117322834646
0
LINE
8
BLACK
6
CONTINUOUS
10
1.0861700787401574
20
0.7424117322834646
11
1.0863461811023623
21
0.7423545275590551
0
LINE
8
BLACK
6
CONTINUOUS
10
0.5513879527559055
20
0.7438918503937008
11
0.5528031889763779
21
0.7419125590551181
0
LINE
8
BLACK
6
CONTINUOUS
10
0.5528031889763779
20
0.7419125590551181
11
0.5527846850393701
21
0.7394794094488188
0
LINE
8
BLACK
6
CONTINUOUS
10
0.5527846850393701
20
0.7394794094488188
11
0.5432634251968503
21
0.7109156692913385
0
LINE
8
BLACK
6
CONTINUOUS
10
0.5432634251968503
20
0.7109156692913385
11
0.5563613385826771
21
0.7109156692913385
0
LINE
8
BLACK
6
CONTINUOUS
10
0.5563613385826771
20
0.7109156692913385
11
0.5563613385826771
21
0.7227266929133858
0
LINE
8
BLACK
6
CONTINUOUS
10
0.5563613385826771
20
0.7227266929133858
11
0.5571132283464567
21
0.7250408267716535
0
LINE
8
BLACK
6
CONTINUOUS
10
0.5571132283464567
20
0.7250408267716535
11
0.5590817322834646
21
0.7264710236220472
0
LINE
8
BLACK
6
CONTINUOUS
10
0.5590817322834646
20
0.7264710236220472
11
0.5615149606299212
21
0.7264710236220472
0
LINE
8
BLACK
6
CONTINUOUS
10
0.5615149606299212
20
0.7264710236220472
11
0.5634834645669291
21
0.7250408267716535
0
LINE
8
BLACK
6
CONTINUOUS
10
0.5634834645669291
20
0.7250408267716535
11
0.5642353543307086
21
0.7227266929133858
0
LINE
8
BLACK
6
CONTINUOUS
10
0.5642353543307086
20
0.7227266929133858
11
0.5642353543307086
21
0.7109156692913385
0
LINE
8
BLACK
6
CONTINUOUS
10
0.5642353543307086
20
0.7109156692913385
11
0.5670474803149607
21
0.7109156692913385
0
LINE
8
BLACK
6
CONTINUOUS
10
0.5670474803149607
20
0.7109156692913385
11
0.5693616141732283
21
0.710163779527559
0
LINE
8
BLACK
6
CONTINUOUS
10
0.5693616141732283
20
0.710163779527559
11
0.5707918110236221
21
0.7081952755905512
0
LINE
8
BLACK
6
CONTINUOUS
10
0.5707918110236221
20
0.7081952755905512
11
0.5707918110236221
21
0.7057620472440945
0
LINE
8
BLACK
6
CONTINUOUS
10
0.5707918110236221
20
0.7057620472440945
11
0.5693616141732283
21
0.7037935433070865
0
LINE
8
BLACK
6
CONTINUOUS
10
0.5693616141732283
20
0.7037935433070865
11
0.5670474803149607
21
0.7030416535433071
0
LINE
8
BLACK
6
CONTINUOUS
10
0.5670474803149607
20
0.7030416535433071
11
0.5642353543307086
21
0.7030416535433071
0
LINE
8
BLACK
6
CONTINUOUS
10
0.5642353543307086
20
0.7030416535433071
11
0.5642353543307086
21
0.6912306299212598
0
LINE
8
BLACK
6
CONTINUOUS
10
0.5642353543307086
20
0.6912306299212598
11
0.5634834645669291
21
0.6889164960629921
0
LINE
8
BLACK
6
CONTINUOUS
10
0.5634834645669291
20
0.6889164960629921
11
0.5615149606299212
21
0.6874862992125984
0
LINE
8
BLACK
6
CONTINUOUS
10
0.5615149606299212
20
0.6874862992125984
11
0.5590817322834646
21
0.6874862992125984
0
LINE
8
BLACK
6
CONTINUOUS
10
0.5590817322834646
20
0.6874862992125984
11
0.5571132283464567
21
0.6889164960629921
0
LINE
8
BLACK
6
CONTINUOUS
10
0.5571132283464567
20
0.6889164960629921
11
0.5563613385826771
21
0.6912306299212598
0
LINE
8
BLACK
6
CONTINUOUS
10
0.5563613385826771
20
0.6912306299212598
11
0.5563613385826771
21
0.7030416535433071
0
LINE
8
BLACK
6
CONTINUOUS
10
0.5563613385826771
20
0.7030416535433071
11
0.5378011417322834
21
0.7030416535433071
0
LINE
8
BLACK
6
CONTINUOUS
10
0.5378011417322834
20
0.7030416535433071
11
0.5377862598425197
21
0.7030464960629921
0
LINE
8
BLACK
6
CONTINUOUS
10
0.5377862598425197
20
0.7030464960629921
11
0.5377712598425197
21
0.7030417322834646
0
LINE
8
BLACK
6
CONTINUOUS
10
0.5377712598425197
20
0.7030417322834646
11
0.5366299999999999
21
0.7034221653543307
0
LINE
8
BLACK
6
CONTINUOUS
10
0.5366299999999999
20
0.7034221653543307
11
0.5354870078740157
21
0.7037935433070865
0
LINE
8
BLACK
6
CONTINUOUS
10
0.5354870078740157
20
0.7037935433070865
11
0.5354777559055118
21
0.7038062992125984
0
LINE
8
BLACK
6
CONTINUOUS
10
0.5354777559055118
20
0.7038062992125984
11
0.5354629133858267
21
0.7038112204724409
0
LINE
8
BLACK
6
CONTINUOUS
10
0.5354629133858267
20
0.7038112204724409
11
0.5347644488188976
21
0.7047880708661417
0
LINE
8
BLACK
6
CONTINUOUS
10
0.5347644488188976
20
0.7047880708661417
11
0.534056811023622
21
0.7057620472440945
0
LINE
8
BLACK
6
CONTINUOUS
10
0.534056811023622
20
0.7057620472440945
11
0.534056811023622
21
0.7057777559055118
0
LINE
8
BLACK
6
CONTINUOUS
10
0.534056811023622
20
0.7057777559055118
11
0.5340476771653543
21
0.7057905118110236
0
LINE
8
BLACK
6
CONTINUOUS
10
0.5340476771653543
20
0.7057905118110236
11
0.534056811023622
21
0.7069915748031496
0
LINE
8
BLACK
6
CONTINUOUS
10
0.534056811023622
20
0.7069915748031496
11
0.534056811023622
21
0.7081952755905512
0
LINE
8
BLACK
6
CONTINUOUS
10
0.534056811023622
20
0.7081952755905512
11
0.5340660236220472
21
0.7082080314960629
0
LINE
8
BLACK
6
CONTINUOUS
10
0.5340660236220472
20
0.7082080314960629
11
0.5340661811023621
21
0.7082236614173228
0
LINE
8
BLACK
6
CONTINUOUS
10
0.5340661811023621
20
0.7082236614173228
11
0.5453147637795276
21
0.7419694094488188
0
LINE
8
BLACK
6
CONTINUOUS
10
0.5453147637795276
20
0.7419694094488188
11
0.546759842519685
21
0.7439270078740158
0
LINE
8
BLACK
6
CONTINUOUS
10
0.546759842519685
20
0.7439270078740158
11
0.5490796062992126
21
0.7446613385826771
0
LINE
8
BLACK
6
CONTINUOUS
10
0.5490796062992126
20
0.7446613385826771
11
0.5513879527559055
21
0.7438918503937008
0
LINE
8
BLACK
6
CONTINUOUS
10
0.5655548031496063
20
0.8445279527559055
11
0.5663478346456693
21
0.8444559842519684
0
LINE
8
BLACK
6
CONTINUOUS
10
0.5663478346456693
20
0.8444559842519684
11
0.5666853543307087
21
0.8441606299212598
0
LINE
8
BLACK
6
CONTINUOUS
10
0.5666853543307087
20
0.8441606299212598
11
0.5671118897637795
21
0.8440220472440945
0
LINE
8
BLACK
6
CONTINUOUS
10
0.5671118897637795
20
0.8440220472440945
11
0.5675798425196851
21
0.8433779527559055
0
LINE
8
BLACK
6
CONTINUOUS
10
0.5675798425196851
20
0.8433779527559055
11
0.5681790157480315
21
0.8428536614173228
0
LINE
8
BLACK
6
CONTINUOUS
10
0.5681790157480315
20
0.8428536614173228
11
0.5682784645669291
21
0.8424163779527559
0
LINE
8
BLACK
6
CONTINUOUS
10
0.5682784645669291
20
0.8424163779527559
11
0.5685420866141733
21
0.8420535433070866
0
LINE
8
BLACK
6
CONTINUOUS
10
0.5685420866141733
20
0.8420535433070866
11
0.5685420866141733
21
0.8412574015748031
0
LINE
8
BLACK
6
CONTINUOUS
10
0.5685420866141733
20
0.8412574015748031
11
0.5687186614173229
21
0.840481062992126
0
LINE
8
BLACK
6
CONTINUOUS
10
0.5687186614173229
20
0.840481062992126
11
0.5685420866141733
21
0.8400688188976377
0
LINE
8
BLACK
6
CONTINUOUS
10
0.5685420866141733
20
0.8400688188976377
11
0.5685420866141733
21
0.8396203149606299
0
LINE
8
BLACK
6
CONTINUOUS
10
0.5685420866141733
20
0.8396203149606299
11
0.568074094488189
21
0.8389762204724409
0
LINE
8
BLACK
6
CONTINUOUS
10
0.568074094488189
20
0.8389762204724409
11
0.5677606692913386
21
0.8382444094488188
0
LINE
8
BLACK
6
CONTINUOUS
10
0.5677606692913386
20
0.8382444094488188
11
0.5573852362204724
21
0.826386811023622
0
LINE
8
BLACK
6
CONTINUOUS
10
0.5573852362204724
20
0.826386811023622
11
0.5575595669291339
21
0.8263605511811023
0
LINE
8
BLACK
6
CONTINUOUS
10
0.5575595669291339
20
0.8263605511811023
11
0.5620590551181103
21
0.8241108267716535
0
LINE
8
BLACK
6
CONTINUOUS
10
0.5620590551181103
20
0.8241108267716535
11
0.5625137401574803
21
0.8236629921259843
0
LINE
8
BLACK
6
CONTINUOUS
10
0.5625137401574803
20
0.8236629921259843
11
0.5630822440944881
21
0.8233733070866142
0
LINE
8
BLACK
6
CONTINUOUS
10
0.5630822440944881
20
0.8233733070866142
11
0.565331968503937
21
0.8211235826771653
0
LINE
8
BLACK
6
CONTINUOUS
10
0.565331968503937
20
0.8211235826771653
11
0.5656216535433071
21
0.820555
0
LINE
8
BLACK
6
CONTINUOUS
10
0.5656216535433071
20
0.820555
11
0.5660694094488189
21
0.8201003937007874
0
LINE
8
BLACK
6
CONTINUOUS
10
0.5660694094488189
20
0.8201003937007874
11
0.5683191338582677
21
0.8156009448818897
0
LINE
8
BLACK
6
CONTINUOUS
10
0.5683191338582677
20
0.8156009448818897
11
0.5684542913385827
21
0.8147034251968504
0
LINE
8
BLACK
6
CONTINUOUS
10
0.5684542913385827
20
0.8147034251968504
11
0.5687347637795276
21
0.8138402755905512
0
LINE
8
BLACK
6
CONTINUOUS
10
0.5687347637795276
20
0.8138402755905512
11
0.5687347637795276
21
0.8025916929133858
0
LINE
8
BLACK
6
CONTINUOUS
10
0.5687347637795276
20
0.8025916929133858
11
0.5684542913385827
21
0.8017285826771653
0
LINE
8
BLACK
6
CONTINUOUS
10
0.5684542913385827
20
0.8017285826771653
11
0.5683191338582677
21
0.8008310236220473
0
LINE
8
BLACK
6
CONTINUOUS
10
0.5683191338582677
20
0.8008310236220473
11
0.5660694094488189
21
0.7963315748031495
0
LINE
8
BLACK
6
CONTINUOUS
10
0.5660694094488189
20
0.7963315748031495
11
0.5656216535433071
21
0.7958770078740157
0
LINE
8
BLACK
6
CONTINUOUS
10
0.5656216535433071
20
0.7958770078740157
11
0.565331968503937
21
0.7953083858267717
0
LINE
8
BLACK
6
CONTINUOUS
10
0.565331968503937
20
0.7953083858267717
11
0.5630822440944881
21
0.7930586614173228
0
LINE
8
BLACK
6
CONTINUOUS
10
0.5630822440944881
20
0.7930586614173228
11
0.5625137007874016
21
0.7927689763779527
0
LINE
8
BLACK
6
CONTINUOUS
10
0.5625137007874016
20
0.7927689763779527
11
0.5620590157480315
21
0.7923211417322834
0
LINE
8
BLACK
6
CONTINUOUS
10
0.5620590157480315
20
0.7923211417322834
11
0.5575595669291339
21
0.7900714566929133
0
LINE
8
BLACK
6
CONTINUOUS
10
0.5575595669291339
20
0.7900714566929133
11
0.5566620078740158
21
0.7899362992125984
0
LINE
8
BLACK
6
CONTINUOUS
10
0.5566620078740158
20
0.7899362992125984
11
0.5557988976377952
21
0.7896558267716536
0
LINE
8
BLACK
6
CONTINUOUS
10
0.5557988976377952
20
0.7896558267716536
11
0.5423005905511811
21
0.7896558267716536
0
LINE
8
BLACK
6
CONTINUOUS
10
0.5423005905511811
20
0.7896558267716536
11
0.5414374409448819
21
0.7899362992125984
0
LINE
8
BLACK
6
CONTINUOUS
10
0.5414374409448819
20
0.7899362992125984
11
0.5405399212598425
21
0.7900714566929133
0
LINE
8
BLACK
6
CONTINUOUS
10
0.5405399212598425
20
0.7900714566929133
11
0.5360404724409449
21
0.7923211417322834
0
LINE
8
BLACK
6
CONTINUOUS
10
0.5360404724409449
20
0.7923211417322834
11
0.5355857480314961
21
0.7927689763779527
0
LINE
8
BLACK
6
CONTINUOUS
10
0.5355857480314961
20
0.7927689763779527
11
0.5350172440944881
21
0.7930586614173228
0
LINE
8
BLACK
6
CONTINUOUS
10
0.5350172440944881
20
0.7930586614173228
11
0.5327675196850393
21
0.7953083464566929
0
LINE
8
BLACK
6
CONTINUOUS
10
0.5327675196850393
20
0.7953083464566929
11
0.531662874015748
21
0.7974763779527558
0
LINE
8
BLACK
6
CONTINUOUS
10
0.531662874015748
20
0.7974763779527558
11
0.5320435039370078
21
0.7998796062992126
0
LINE
8
BLACK
6
CONTINUOUS
10
0.5320435039370078
20
0.7998796062992126
11
0.5337640551181102
21
0.801600157480315
0
LINE
8
BLACK
6
CONTINUOUS
10
0.5337640551181102
20
0.801600157480315
11
0.5361672834645669
21
0.8019807874015747
0
LINE
8
BLACK
6
CONTINUOUS
10
0.5361672834645669
20
0.8019807874015747
11
0.5383353149606299
21
0.8008761417322835
0
LINE
8
BLACK
6
CONTINUOUS
10
0.5383353149606299
20
0.8008761417322835
11
0.5401332283464567
21
0.7990782283464567
0
LINE
8
BLACK
6
CONTINUOUS
10
0.5401332283464567
20
0.7990782283464567
11
0.54323
21
0.7975298425196851
0
LINE
8
BLACK
6
CONTINUOUS
10
0.54323
20
0.7975298425196851
11
0.5548694881889764
21
0.7975298425196851
0
LINE
8
BLACK
6
CONTINUOUS
10
0.5548694881889764
20
0.7975298425196851
11
0.5579662204724409
21
0.7990782283464567
0
LINE
8
BLACK
6
CONTINUOUS
10
0.5579662204724409
20
0.7990782283464567
11
0.5593123228346456
21
0.8004243307086614
0
LINE
8
BLACK
6
CONTINUOUS
10
0.5593123228346456
20
0.8004243307086614
11
0.5608607480314961
21
0.8035211417322834
0
LINE
8
BLACK
6
CONTINUOUS
10
0.5608607480314961
20
0.8035211417322834
11
0.5608607480314961
21
0.8129108661417322
0
LINE
8
BLACK
6
CONTINUOUS
10
0.5608607480314961
20
0.8129108661417322
11
0.5593123228346456
21
0.8160076771653543
0
LINE
8
BLACK
6
CONTINUOUS
10
0.5593123228346456
20
0.8160076771653543
11
0.5579662204724409
21
0.8173538188976378
0
LINE
8
BLACK
6
CONTINUOUS
10
0.5579662204724409
20
0.8173538188976378
11
0.5548694881889764
21
0.8189021653543307
0
LINE
8
BLACK
6
CONTINUOUS
10
0.5548694881889764
20
0.8189021653543307
11
0.5490497244094488
21
0.8189021653543307
0
LINE
8
BLACK
6
CONTINUOUS
10
0.5490497244094488
20
0.8189021653543307
11
0.5482926377952756
21
0.819148188976378
0
LINE
8
BLACK
6
CONTINUOUS
10
0.5482926377952756
20
0.819148188976378
11
0.5474996456692913
21
0.8192201181102362
0
LINE
8
BLACK
6
CONTINUOUS
10
0.5474996456692913
20
0.8192201181102362
11
0.5471620866141732
21
0.8195155118110236
0
LINE
8
BLACK
6
CONTINUOUS
10
0.5471620866141732
20
0.8195155118110236
11
0.546735590551181
21
0.8196540551181102
0
LINE
8
BLACK
6
CONTINUOUS
10
0.546735590551181
20
0.8196540551181102
11
0.5462675984251968
21
0.820298188976378
0
LINE
8
BLACK
6
CONTINUOUS
10
0.5462675984251968
20
0.820298188976378
11
0.5456684645669291
21
0.8208224409448819
0
LINE
8
BLACK
6
CONTINUOUS
10
0.5456684645669291
20
0.8208224409448819
11
0.5455689763779528
21
0.8212597637795276
0
LINE
8
BLACK
6
CONTINUOUS
10
0.5455689763779528
20
0.8212597637795276
11
0.5453053937007873
21
0.8216225590551181
0
LINE
8
BLACK
6
CONTINUOUS
10
0.5453053937007873
20
0.8216225590551181
11
0.5453053937007873
21
0.8224187401574803
0
LINE
8
BLACK
6
CONTINUOUS
10
0.5453053937007873
20
0.8224187401574803
11
0.5451288188976378
21
0.8231950393700788
0
LINE
8
BLACK
6
CONTINUOUS
10
0.5451288188976378
20
0.8231950393700788
11
0.5453053937007873
21
0.8236073228346457
0
LINE
8
BLACK
6
CONTINUOUS
10
0.5453053937007873
20
0.8236073228346457
11
0.5453053937007873
21
0.8240557874015748
0
LINE
8
BLACK
6
CONTINUOUS
10
0.5453053937007873
20
0.8240557874015748
11
0.545773346456693
21
0.8246999212598425
0
LINE
8
BLACK
6
CONTINUOUS
10
0.545773346456693
20
0.8246999212598425
11
0.546086811023622
21
0.8254316929133858
0
LINE
8
BLACK
6
CONTINUOUS
10
0.546086811023622
20
0.8254316929133858
11
0.5561214960629921
21
0.8368999212598425
0
LINE
8
BLACK
6
CONTINUOUS
10
0.5561214960629921
20
0.8368999212598425
11
0.5355514173228346
21
0.8368999212598425
0
LINE
8
BLACK
6
CONTINUOUS
10
0.5355514173228346
20
0.8368999212598425
11
0.5332372834645669
21
0.8376518110236221
0
LINE
8
BLACK
6
CONTINUOUS
10
0.5332372834645669
20
0.8376518110236221
11
0.5318070866141732
21
0.8396203149606299
0
LINE
8
BLACK
6
CONTINUOUS
10
0.5318070866141732
20
0.8396203149606299
11
0.5318070866141732
21
0.8420535433070866
0
LINE
8
BLACK
6
CONTINUOUS
10
0.5318070866141732
20
0.8420535433070866
11
0.5332372834645669
21
0.8440220472440945
0
LINE
8
BLACK
6
CONTINUOUS
10
0.5332372834645669
20
0.8440220472440945
11
0.5355514173228346
21
0.844773937007874
0
LINE
8
BLACK
6
CONTINUOUS
10
0.5355514173228346
20
0.844773937007874
11
0.5647977559055118
21
0.844773937007874
0
LINE
8
BLACK
6
CONTINUOUS
10
0.5647977559055118
20
0.844773937007874
11
0.5655548031496063
21
0.8445279527559055
0
LINE
8
BLACK
6
CONTINUOUS
10
1.0757846062992125
20
0.8444935039370078
11
1.0766821653543306
21
0.8443583070866142
0
LINE
8
BLACK
6
CONTINUOUS
10
1.0766821653543306
20
0.8443583070866142
11
1.081181653543307
21
0.8421085826771654
0
LINE
8
BLACK
6
CONTINUOUS
10
1.081181653543307
20
0.8421085826771654
11
1.081636338582677
21
0.841660748031496
0
LINE
8
BLACK
6
CONTINUOUS
10
1.081636338582677
20
0.841660748031496
11
1.0822048425196851
21
0.8413710629921259
0
LINE
8
BLACK
6
CONTINUOUS
10
1.0822048425196851
20
0.8413710629921259
11
1.0844545669291339
21
0.8391213385826771
0
LINE
8
BLACK
6
CONTINUOUS
10
1.0844545669291339
20
0.8391213385826771
11
1.084744251968504
21
0.8385527559055118
0
LINE
8
BLACK
6
CONTINUOUS
10
1.084744251968504
20
0.8385527559055118
11
1.0851920078740158
21
0.8380981496062992
0
LINE
8
BLACK
6
CONTINUOUS
10
1.0851920078740158
20
0.8380981496062992
11
1.0874417322834646
21
0.8335987007874015
0
LINE
8
BLACK
6
CONTINUOUS
10
1.0874417322834646
20
0.8335987007874015
11
1.0875768897637794
21
0.8327011811023621
0
LINE
8
BLACK
6
CONTINUOUS
10
1.0875768897637794
20
0.8327011811023621
11
1.0878573622047243
21
0.8318380314960629
0
LINE
8
BLACK
6
CONTINUOUS
10
1.0878573622047243
20
0.8318380314960629
11
1.0878573622047243
21
0.8295883070866141
0
LINE
8
BLACK
6
CONTINUOUS
10
1.0878573622047243
20
0.8295883070866141
11
1.0875768897637794
21
0.8287251968503937
0
LINE
8
BLACK
6
CONTINUOUS
10
1.0875768897637794
20
0.8287251968503937
11
1.0874417322834646
21
0.8278276377952756
0
LINE
8
BLACK
6
CONTINUOUS
10
1.0874417322834646
20
0.8278276377952756
11
1.0851920078740158
21
0.8233281889763779
0
LINE
8
BLACK
6
CONTINUOUS
10
1.0851920078740158
20
0.8233281889763779
11
1.0847442125984252
21
0.8228736220472441
0
LINE
8
BLACK
6
CONTINUOUS
10
1.0847442125984252
20
0.8228736220472441
11
1.0844545669291339
21
0.8223050393700787
0
LINE
8
BLACK
6
CONTINUOUS
10
1.0844545669291339
20
0.8223050393700787
11
1.0827389763779527
21
0.8205894488188976
0
LINE
8
BLACK
6
CONTINUOUS
10
1.0827389763779527
20
0.8205894488188976
11
1.0844545669291339
21
0.8188738582677165
0
LINE
8
BLACK
6
CONTINUOUS
10
1.0844545669291339
20
0.8188738582677165
11
1.084744251968504
21
0.8183052755905512
0
LINE
8
BLACK
6
CONTINUOUS
10
1.084744251968504
20
0.8183052755905512
11
1.0851920078740158
21
0.8178506692913385
0
LINE
8
BLACK
6
CONTINUOUS
10
1.0851920078740158
20
0.8178506692913385
11
1.0874417322834646
21
0.8133512204724409
0
LINE
8
BLACK
6
CONTINUOUS
10
1.0874417322834646
20
0.8133512204724409
11
1.0875768897637794
21
0.8124537007874015
0
LINE
8
BLACK
6
CONTINUOUS
10
1.0875768897637794
20
0.8124537007874015
11
1.0878573622047243
21
0.8115905511811023
0
LINE
8
BLACK
6
CONTINUOUS
10
1.0878573622047243
20
0.8115905511811023
11
1.0878573622047243
21
0.8025916929133858
0
LINE
8
BLACK
6
CONTINUOUS
10
1.0878573622047243
20
0.8025916929133858
11
1.0875768897637794
21
0.8017285826771653
0
LINE
8
BLACK
6
CONTINUOUS
10
1.0875768897637794
20
0.8017285826771653
11
1.0874417322834646
21
0.8008310236220473
0
LINE
8
BLACK
6
CONTINUOUS
10
1.0874417322834646
20
0.8008310236220473
11
1.0851920078740158
21
0.7963315748031495
0
LINE
8
BLACK
6
CONTINUOUS
10
1.0851920078740158
20
0.7963315748031495
11
1.084744251968504
21
0.7958770078740157
0
LINE
8
BLACK
6
CONTINUOUS
10
1.084744251968504
20
0.7958770078740157
11
1.0844545669291339
21
0.7953083858267717
0
LINE
8
BLACK
6
CONTINUOUS
10
1.0844545669291339
20
0.7953083858267717
11
1.0822048425196851
21
0.7930586614173228
0
LINE
8
BLACK
6
CONTINUOUS
10
1.0822048425196851
20
0.7930586614173228
11
1.0816362992125983
21
0.7927689763779527
0
LINE
8
BLACK
6
CONTINUOUS
10
1.0816362992125983
20
0.7927689763779527
11
1.0811816141732282
21
0.7923211417322834
0
LINE
8
BLACK
6
CONTINUOUS
10
1.0811816141732282
20
0.7923211417322834
11
1.0766821653543306
21
0.7900714566929133
0
LINE
8
BLACK
6
CONTINUOUS
10
1.0766821653543306
20
0.7900714566929133
11
1.0757846062992125
21
0.7899362992125984
0
LINE
8
BLACK
6
CONTINUOUS
10
1.0757846062992125
20
0.7899362992125984
11
1.074921496062992
21
0.7896558267716536
0
LINE
8
BLACK
6
CONTINUOUS
10
1.074921496062992
20
0.7896558267716536
11
1.0659225984251968
21
0.7896558267716536
0
LINE
8
BLACK
6
CONTINUOUS
10
1.0659225984251968
20
0.7896558267716536
11
1.0650594488188976
21
0.7899362992125984
0
LINE
8
BLACK
6
CONTINUOUS
10
1.0650594488188976
20
0.7899362992125984
11
1.0641619291338582
21
0.7900714566929133
0
LINE
8
BLACK
6
CONTINUOUS
10
1.0641619291338582
20
0.7900714566929133
11
1.0596625196850393
21
0.7923211417322834
0
LINE
8
BLACK
6
CONTINUOUS
10
1.0596625196850393
20
0.7923211417322834
11
1.0592078346456693
21
0.7927689763779527
0
LINE
8
BLACK
6
CONTINUOUS
10
1.0592078346456693
20
0.7927689763779527
11
1.0586392913385827
21
0.7930586614173228
0
LINE
8
BLACK
6
CONTINUOUS
10
1.0586392913385827
20
0.7930586614173228
11
1.0563895669291339
21
0.7953083464566929
0
LINE
8
BLACK
6
CONTINUOUS
10
1.0563895669291339
20
0.7953083464566929
11
1.0560998818897638
21
0.7958769291338582
0
LINE
8
BLACK
6
CONTINUOUS
10
1.0560998818897638
20
0.7958769291338582
11
1.0556520866141732
21
0.7963315354330709
0
LINE
8
BLACK
6
CONTINUOUS
10
1.0556520866141732
20
0.7963315354330709
11
1.0534023622047244
21
0.8008310236220473
0
LINE
8
BLACK
6
CONTINUOUS
10
1.0534023622047244
20
0.8008310236220473
11
1.0532671653543306
21
0.8017285826771653
0
LINE
8
BLACK
6
CONTINUOUS
10
1.0532671653543306
20
0.8017285826771653
11
1.0529867322834645
21
0.8025916929133858
0
LINE
8
BLACK
6
CONTINUOUS
10
1.0529867322834645
20
0.8025916929133858
11
1.0529867322834645
21
0.8115905511811023
0
LINE
8
BLACK
6
CONTINUOUS
10
1.0529867322834645
20
0.8115905511811023
11
1.0532671653543306
21
0.8124537007874015
0
LINE
8
BLACK
6
CONTINUOUS
10
1.0532671653543306
20
0.8124537007874015
11
1.0534023622047244
21
0.8133512204724409
0
LINE
8
BLACK
6
CONTINUOUS
10
1.0534023622047244
20
0.8133512204724409
11
1.0556520866141732
21
0.8178507086614173
0
LINE
8
BLACK
6
CONTINUOUS
10
1.0556520866141732
20
0.8178507086614173
11
1.0560998818897638
21
0.8183053543307086
0
LINE
8
BLACK
6
CONTINUOUS
10
1.0560998818897638
20
0.8183053543307086
11
1.0563895669291339
21
0.8188738976377953
0
LINE
8
BLACK
6
CONTINUOUS
10
1.0563895669291339
20
0.8188738976377953
11
1.0581051181102361
21
0.8205894488188976
0
LINE
8
BLACK
6
CONTINUOUS
10
1.0581051181102361
20
0.8205894488188976
11
1.0563895669291339
21
0.822305
0
LINE
8
BLACK
6
CONTINUOUS
10
1.0563895669291339
20
0.822305
11
1.056099842519685
21
0.8228736220472441
0
LINE
8
BLACK
6
CONTINUOUS
10
1.056099842519685
20
0.8228736220472441
11
1.055652125984252
21
0.8233281889763779
0
LINE
8
BLACK
6
CONTINUOUS
10
1.055652125984252
20
0.8233281889763779
11
1.0534023622047244
21
0.8278275984251968
0
LINE
8
BLACK
6
CONTINUOUS
10
1.0534023622047244
20
0.8278275984251968
11
1.0532671653543306
21
0.8287251968503937
0
LINE
8
BLACK
6
CONTINUOUS
10
1.0532671653543306
20
0.8287251968503937
11
1.0529867322834645
21
0.8295883070866141
0
LINE
8
BLACK
6
CONTINUOUS
10
1.0529867322834645
20
0.8295883070866141
11
1.0529867322834645
21
0.8318380314960629
0
LINE
8
BLACK
6
CONTINUOUS
10
1.0529867322834645
20
0.8318380314960629
11
1.0532671653543306
21
0.8327011811023621
0
LINE
8
BLACK
6
CONTINUOUS
10
1.0532671653543306
20
0.8327011811023621
11
1.0534023622047244
21
0.8335987007874015
0
LINE
8
BLACK
6
CONTINUOUS
10
1.0534023622047244
20
0.8335987007874015
11
1.0556520866141732
21
0.8380981889763779
0
LINE
8
BLACK
6
CONTINUOUS
10
1.0556520866141732
20
0.8380981889763779
11
1.0560998818897638
21
0.8385528346456693
0
LINE
8
BLACK
6
CONTINUOUS
10
1.0560998818897638
20
0.8385528346456693
11
1.0563895669291339
21
0.8391213779527559
0
LINE
8
BLACK
6
CONTINUOUS
10
1.0563895669291339
20
0.8391213779527559
11
1.0586392913385827
21
0.8413710629921259
0
LINE
8
BLACK
6
CONTINUOUS
10
1.0586392913385827
20
0.8413710629921259
11
1.0592077559055117
21
0.841660748031496
0
LINE
8
BLACK
6
CONTINUOUS
10
1.0592077559055117
20
0.841660748031496
11
1.0596624803149606
21
0.8421085826771654
0
LINE
8
BLACK
6
CONTINUOUS
10
1.0596624803149606
20
0.8421085826771654
11
1.0641619291338582
21
0.8443583070866142
0
LINE
8
BLACK
6
CONTINUOUS
10
1.0641619291338582
20
0.8443583070866142
11
1.0650594488188976
21
0.8444935039370078
0
LINE
8
BLACK
6
CONTINUOUS
10
1.0650594488188976
20
0.8444935039370078
11
1.0659225984251968
21
0.844773937007874
0
LINE
8
BLACK
6
CONTINUOUS
10
1.0659225984251968
20
0.844773937007874
11
1.074921496062992
21
0.844773937007874
0
LINE
8
BLACK
6
CONTINUOUS
10
1.074921496062992
20
0.844773937007874
11
1.0757846062992125
21
0.8444935039370078
0
LINE
8
BLACK
6
CONTINUOUS
10
1.0637552362204725
20
0.8151040551181102
11
1.062409094488189
21
0.8137578740157481
0
LINE
8
BLACK
6
CONTINUOUS
10
1.062409094488189
20
0.8137578740157481
11
1.060860748031496
21
0.8106611417322834
0
LINE
8
BLACK
6
CONTINUOUS
10
1.060860748031496
20
0.8106611417322834
11
1.060860748031496
21
0.8035211023622048
0
LINE
8
BLACK
6
CONTINUOUS
10
1.060860748031496
20
0.8035211023622048
11
1.062409094488189
21
0.8004244094488189
0
LINE
8
BLACK
6
CONTINUOUS
10
1.062409094488189
20
0.8004244094488189
11
1.0637552755905511
21
0.7990781889763779
0
LINE
8
BLACK
6
CONTINUOUS
10
1.0637552755905511
20
0.7990781889763779
11
1.0668520078740158
21
0.7975298425196851
0
LINE
8
BLACK
6
CONTINUOUS
10
1.0668520078740158
20
0.7975298425196851
11
1.0739920866141732
21
0.7975298425196851
0
LINE
8
BLACK
6
CONTINUOUS
10
1.0739920866141732
20
0.7975298425196851
11
1.0770888188976377
21
0.7990782283464567
0
LINE
8
BLACK
6
CONTINUOUS
10
1.0770888188976377
20
0.7990782283464567
11
1.0784349212598425
21
0.8004243307086614
0
LINE
8
BLACK
6
CONTINUOUS
10
1.0784349212598425
20
0.8004243307086614
11
1.0799833464566928
21
0.8035211417322834
0
LINE
8
BLACK
6
CONTINUOUS
10
1.0799833464566928
20
0.8035211417322834
11
1.0799833464566928
21
0.8106611417322834
0
LINE
8
BLACK
6
CONTINUOUS
10
1.0799833464566928
20
0.8106611417322834
11
1.0784349212598425
21
0.8137579527559055
0
LINE
8
BLACK
6
CONTINUOUS
10
1.0784349212598425
20
0.8137579527559055
11
1.0770888188976377
21
0.815104094488189
0
LINE
8
BLACK
6
CONTINUOUS
10
1.0770888188976377
20
0.815104094488189
11
1.0739920866141732
21
0.8166524409448819
0
LINE
8
BLACK
6
CONTINUOUS
10
1.0739920866141732
20
0.8166524409448819
11
1.0668520078740158
21
0.8166524409448819
0
LINE
8
BLACK
6
CONTINUOUS
10
1.0668520078740158
20
0.8166524409448819
11
1.0637552362204725
21
0.8151040551181102
0
LINE
8
BLACK
6
CONTINUOUS
10
1.0637552362204725
20
0.8353515354330708
11
1.062409094488189
21
0.8340053543307087
0
LINE
8
BLACK
6
CONTINUOUS
10
1.062409094488189
20
0.8340053543307087
11
1.060860748031496
21
0.830908622047244
0
LINE
8
BLACK
6
CONTINUOUS
10
1.060860748031496
20
0.830908622047244
11
1.060860748031496
21
0.8305177559055118
0
LINE
8
BLACK
6
CONTINUOUS
10
1.060860748031496
20
0.8305177559055118
11
1.062409094488189
21
0.8274210629921259
0
LINE
8
BLACK
6
CONTINUOUS
10
1.062409094488189
20
0.8274210629921259
11
1.0637552362204725
21
0.8260748818897637
0
LINE
8
BLACK
6
CONTINUOUS
10
1.0637552362204725
20
0.8260748818897637
11
1.0668520078740158
21
0.8245264566929134
0
LINE
8
BLACK
6
CONTINUOUS
10
1.0668520078740158
20
0.8245264566929134
11
1.0739920866141732
21
0.8245264566929134
0
LINE
8
BLACK
6
CONTINUOUS
10
1.0739920866141732
20
0.8245264566929134
11
1.0770888188976377
21
0.826074842519685
0
LINE
8
BLACK
6
CONTINUOUS
10
1.0770888188976377
20
0.826074842519685
11
1.0784349212598425
21
0.8274209448818898
0
LINE
8
BLACK
6
CONTINUOUS
10
1.0784349212598425
20
0.8274209448818898
11
1.0799833464566928
21
0.830517716535433
0
LINE
8
BLACK
6
CONTINUOUS
10
1.0799833464566928
20
0.830517716535433
11
1.0799833464566928
21
0.830908622047244
0
LINE
8
BLACK
6
CONTINUOUS
10
1.0799833464566928
20
0.830908622047244
11
1.0784349212598425
21
0.8340054330708662
0
LINE
8
BLACK
6
CONTINUOUS
10
1.0784349212598425
20
0.8340054330708662
11
1.0770888188976377
21
0.8353515748031496
0
LINE
8
BLACK
6
CONTINUOUS
10
1.0770888188976377
20
0.8353515748031496
11
1.0739920866141732
21
0.8368999212598425
0
LINE
8
BLACK
6
CONTINUOUS
10
1.0739920866141732
20
0.8368999212598425
11
1.0668520078740158
21
0.8368999212598425
0
LINE
8
BLACK
6
CONTINUOUS
10
1.0668520078740158
20
0.8368999212598425
11
1.0637552362204725
21
0.8353515354330708
0
LINE
8
BLACK
6
CONTINUOUS
10
0.5566620078740158
20
0.9429187007874016
11
0.5575595669291339
21
0.9427835039370078
0
LINE
8
BLACK
6
CONTINUOUS
10
0.5575595669291339
20
0.9427835039370078
11
0.5620590551181103
21
0.940533779527559
0
LINE
8
BLACK
6
CONTINUOUS
10
0.5620590551181103
20
0.940533779527559
11
0.5625137401574803
21
0.9400859448818898
0
LINE
8
BLACK
6
CONTINUOUS
10
0.5625137401574803
20
0.9400859448818898
11
0.5630822440944881
21
0.9397962598425197
0
LINE
8
BLACK
6
CONTINUOUS
10
0.5630822440944881
20
0.9397962598425197
11
0.565331968503937
21
0.9375465354330709
0
LINE
8
BLACK
6
CONTINUOUS
10
0.565331968503937
20
0.9375465354330709
11
0.5656216535433071
21
0.9369779527559055
0
LINE
8
BLACK
6
CONTINUOUS
10
0.5656216535433071
20
0.9369779527559055
11
0.5660694094488189
21
0.9365233464566929
0
LINE
8
BLACK
6
CONTINUOUS
10
0.5660694094488189
20
0.9365233464566929
11
0.5683191338582677
21
0.9320238976377953
0
LINE
8
BLACK
6
CONTINUOUS
10
0.5683191338582677
20
0.9320238976377953
11
0.5684542913385827
21
0.9311263779527559
0
LINE
8
BLACK
6
CONTINUOUS
10
0.5684542913385827
20
0.9311263779527559
11
0.5687347637795276
21
0.9302632283464567
0
LINE
8
BLACK
6
CONTINUOUS
10
0.5687347637795276
20
0.9302632283464567
11
0.5687347637795276
21
0.9257637795275591
0
LINE
8
BLACK
6
CONTINUOUS
10
0.5687347637795276
20
0.9257637795275591
11
0.568537559055118
21
0.9251568897637795
0
LINE
8
BLACK
6
CONTINUOUS
10
0.568537559055118
20
0.9251568897637795
11
0.568532716535433
21
0.924518779527559
0
LINE
8
BLACK
6
CONTINUOUS
10
0.568532716535433
20
0.924518779527559
11
0.5662829921259842
21
0.9177696456692913
0
LINE
8
BLACK
6
CONTINUOUS
10
0.5662829921259842
20
0.9177696456692913
11
0.5657439763779527
21
0.9170394881889764
0
LINE
8
BLACK
6
CONTINUOUS
10
0.5657439763779527
20
0.9170394881889764
11
0.5653319291338582
21
0.9162307480314961
0
LINE
8
BLACK
6
CONTINUOUS
10
0.5653319291338582
20
0.9162307480314961
11
0.545056220472441
21
0.8959550393700787
0
LINE
8
BLACK
6
CONTINUOUS
10
0.545056220472441
20
0.8959550393700787
11
0.5647977559055118
21
0.8959550393700787
0
LINE
8
BLACK
6
CONTINUOUS
10
0.5647977559055118
20
0.8959550393700787
11
0.5671118897637795
21
0.8952031496062992
0
LINE
8
BLACK
6
CONTINUOUS
10
0.5671118897637795
20
0.8952031496062992
11
0.5685420866141733
21
0.8932346456692913
0
LINE
8
BLACK
6
CONTINUOUS
10
0.5685420866141733
20
0.8932346456692913
11
0.5685420866141733
21
0.8908014173228346
0
LINE
8
BLACK
6
CONTINUOUS
10
0.5685420866141733
20
0.8908014173228346
11
0.5671118897637795
21
0.8888329133858267
0
LINE
8
BLACK
6
CONTINUOUS
10
0.5671118897637795
20
0.8888329133858267
11
0.5647977559055118
21
0.8880810236220472
0
LINE
8
BLACK
6
CONTINUOUS
10
0.5647977559055118
20
0.8880810236220472
11
0.5355514173228346
21
0.8880810236220472
0
LINE
8
BLACK
6
CONTINUOUS
10
0.5355514173228346
20
0.8880810236220472
11
0.5346746456692913
21
0.888365905511811
0
LINE
8
BLACK
6
CONTINUOUS
10
0.5346746456692913
20
0.888365905511811
11
0.5337640551181102
21
0.8885101181102362
0
LINE
8
BLACK
6
CONTINUOUS
10
0.5337640551181102
20
0.8885101181102362
11
0.5335394094488188
21
0.8887347637795275
0
LINE
8
BLACK
6
CONTINUOUS
10
0.5335394094488188
20
0.8887347637795275
11
0.5332372834645669
21
0.8888329133858267
0
LINE
8
BLACK
6
CONTINUOUS
10
0.5332372834645669
20
0.8888329133858267
11
0.5326953149606299
21
0.8895788582677165
0
LINE
8
BLACK
6
CONTINUOUS
10
0.5326953149606299
20
0.8895788582677165
11
0.5320435039370078
21
0.8902306692913385
0
LINE
8
BLACK
6
CONTINUOUS
10
0.5320435039370078
20
0.8902306692913385
11
0.531993779527559
21
0.8905444488188976
0
LINE
8
BLACK
6
CONTINUOUS
10
0.531993779527559
20
0.8905444488188976
11
0.5318070866141732
21
0.8908014173228346
0
LINE
8
BLACK
6
CONTINUOUS
10
0.5318070866141732
20
0.8908014173228346
11
0.5318070866141732
21
0.8917233858267717
0
LINE
8
BLACK
6
CONTINUOUS
10
0.5318070866141732
20
0.8917233858267717
11
0.531662874015748
21
0.8926338976377952
0
LINE
8
BLACK
6
CONTINUOUS
10
0.531662874015748
20
0.8926338976377952
11
0.5318070866141732
21
0.892916968503937
0
LINE
8
BLACK
6
CONTINUOUS
10
0.5318070866141732
20
0.892916968503937
11
0.5318070866141732
21
0.8932346456692913
0
LINE
8
BLACK
6
CONTINUOUS
10
0.5318070866141732
20
0.8932346456692913
11
0.5323489763779528
21
0.8939805511811023
0
LINE
8
BLACK
6
CONTINUOUS
10
0.5323489763779528
20
0.8939805511811023
11
0.5327675196850393
21
0.8948019291338583
0
LINE
8
BLACK
6
CONTINUOUS
10
0.5327675196850393
20
0.8948019291338583
11
0.559106968503937
21
0.9211414173228346
0
LINE
8
BLACK
6
CONTINUOUS
10
0.559106968503937
20
0.9211414173228346
11
0.5608607480314961
21
0.9264026771653543
0
LINE
8
BLACK
6
CONTINUOUS
10
0.5608607480314961
20
0.9264026771653543
11
0.5608607480314961
21
0.9293338188976378
0
LINE
8
BLACK
6
CONTINUOUS
10
0.5608607480314961
20
0.9293338188976378
11
0.5593123228346456
21
0.9324306299212598
0
LINE
8
BLACK
6
CONTINUOUS
10
0.5593123228346456
20
0.9324306299212598
11
0.5579662204724409
21
0.9337767716535433
0
LINE
8
BLACK
6
CONTINUOUS
10
0.5579662204724409
20
0.9337767716535433
11
0.5548694881889764
21
0.9353251181102362
0
LINE
8
BLACK
6
CONTINUOUS
10
0.5548694881889764
20
0.9353251181102362
11
0.5454797637795276
21
0.9353251181102362
0
LINE
8
BLACK
6
CONTINUOUS
10
0.5454797637795276
20
0.9353251181102362
11
0.5423829527559055
21
0.9337767716535433
0
LINE
8
BLACK
6
CONTINUOUS
10
0.5423829527559055
20
0.9337767716535433
11
0.5405850393700787
21
0.931978779527559
0
LINE
8
BLACK
6
CONTINUOUS
10
0.5405850393700787
20
0.931978779527559
11
0.5384170078740157
21
0.9308741338582677
0
LINE
8
BLACK
6
CONTINUOUS
10
0.5384170078740157
20
0.9308741338582677
11
0.536013779527559
21
0.9312547637795275
0
LINE
8
BLACK
6
CONTINUOUS
10
0.536013779527559
20
0.9312547637795275
11
0.5342932283464567
21
0.9329753149606299
0
LINE
8
BLACK
6
CONTINUOUS
10
0.5342932283464567
20
0.9329753149606299
11
0.5339125984251969
21
0.9353785433070866
0
LINE
8
BLACK
6
CONTINUOUS
10
0.5339125984251969
20
0.9353785433070866
11
0.5350172440944881
21
0.9375465748031496
0
LINE
8
BLACK
6
CONTINUOUS
10
0.5350172440944881
20
0.9375465748031496
11
0.537266968503937
21
0.9397962598425197
0
LINE
8
BLACK
6
CONTINUOUS
10
0.537266968503937
20
0.9397962598425197
11
0.5378355118110236
21
0.9400859842519684
0
LINE
8
BLACK
6
CONTINUOUS
10
0.5378355118110236
20
0.9400859842519684
11
0.5382901968503937
21
0.940533779527559
0
LINE
8
BLACK
6
CONTINUOUS
10
0.5382901968503937
20
0.940533779527559
11
0.5427896456692913
21
0.9427835039370078
0
LINE
8
BLACK
6
CONTINUOUS
10
0.5427896456692913
20
0.9427835039370078
11
0.5436871653543307
21
0.9429187007874016
0
LINE
8
BLACK
6
CONTINUOUS
10
0.5436871653543307
20
0.9429187007874016
11
0.5445503149606299
21
0.9431991338582677
0
LINE
8
BLACK
6
CONTINUOUS
10
0.5445503149606299
20
0.9431991338582677
11
0.5557988976377952
21
0.9431991338582677
0
LINE
8
BLACK
6
CONTINUOUS
10
0.5557988976377952
20
0.9431991338582677
11
0.5566620078740158
21
0.9429187007874016
0
LINE
8
BLACK
6
CONTINUOUS
10
1.0757846062992125
20
0.9429187007874016
11
1.0766821653543306
21
0.9427835039370078
0
LINE
8
BLACK
6
CONTINUOUS
10
1.0766821653543306
20
0.9427835039370078
11
1.081181653543307
21
0.940533779527559
0
LINE
8
BLACK
6
CONTINUOUS
10
1.081181653543307
20
0.940533779527559
11
1.081636338582677
21
0.9400859448818898
0
LINE
8
BLACK
6
CONTINUOUS
10
1.081636338582677
20
0.9400859448818898
11
1.0822048425196851
21
0.9397962598425197
0
LINE
8
BLACK
6
CONTINUOUS
10
1.0822048425196851
20
0.9397962598425197
11
1.0844545669291339
21
0.9375465354330709
0
LINE
8
BLACK
6
CONTINUOUS
10
1.0844545669291339
20
0.9375465354330709
11
1.084744251968504
21
0.9369779527559055
0
LINE
8
BLACK
6
CONTINUOUS
10
1.084744251968504
20
0.9369779527559055
11
1.0851920078740158
21
0.9365233464566929
0
LINE
8
BLACK
6
CONTINUOUS
10
1.0851920078740158
20
0.9365233464566929
11
1.0874417322834646
21
0.9320238976377953
0
LINE
8
BLACK
6
CONTINUOUS
10
1.0874417322834646
20
0.9320238976377953
11
1.0875768897637794
21
0.9311263779527559
0
LINE
8
BLACK
6
CONTINUOUS
10
1.0875768897637794
20
0.9311263779527559
11
1.0878573622047243
21
0.9302632283464567
0
LINE
8
BLACK
6
CONTINUOUS
10
1.0878573622047243
20
0.9302632283464567
11
1.0878573622047243
21
0.9122654724409449
0
LINE
8
BLACK
6
CONTINUOUS
10
1.0878573622047243
20
0.9122654724409449
11
1.087705905511811
21
0.9117994488188976
0
LINE
8
BLACK
6
CONTINUOUS
10
1.087705905511811
20
0.9117994488188976
11
1.0877398031496062
21
0.9113106299212598
0
LINE
8
BLACK
6
CONTINUOUS
10
1.0877398031496062
20
0.9113106299212598
11
1.0854900787401573
21
0.9023117322834645
0
LINE
8
BLACK
6
CONTINUOUS
10
1.0854900787401573
20
0.9023117322834645
11
1.0851299606299212
21
0.9017362992125985
0
LINE
8
BLACK
6
CONTINUOUS
10
1.0851299606299212
20
0.9017362992125985
11
1.0849464173228347
21
0.9010827559055118
0
LINE
8
BLACK
6
CONTINUOUS
10
1.0849464173228347
20
0.9010827559055118
11
1.0804470078740158
21
0.8943335826771653
0
LINE
8
BLACK
6
CONTINUOUS
10
1.0804470078740158
20
0.8943335826771653
11
1.0801353543307086
21
0.8940874015748032
0
LINE
8
BLACK
6
CONTINUOUS
10
1.0801353543307086
20
0.8940874015748032
11
1.0799550787401575
21
0.8937335433070865
0
LINE
8
BLACK
6
CONTINUOUS
10
1.0799550787401575
20
0.8937335433070865
11
1.0777053937007874
21
0.8914838188976377
0
LINE
8
BLACK
6
CONTINUOUS
10
1.0777053937007874
20
0.8914838188976377
11
1.0771367716535434
21
0.8911941338582677
0
LINE
8
BLACK
6
CONTINUOUS
10
1.0771367716535434
20
0.8911941338582677
11
1.0766821653543306
21
0.8907463385826772
0
LINE
8
BLACK
6
CONTINUOUS
10
1.0766821653543306
20
0.8907463385826772
11
1.072182716535433
21
0.8884966535433071
0
LINE
8
BLACK
6
CONTINUOUS
10
1.072182716535433
20
0.8884966535433071
11
1.0712851574803148
21
0.8883614960629921
0
LINE
8
BLACK
6
CONTINUOUS
10
1.0712851574803148
20
0.8883614960629921
11
1.0704220472440944
21
0.8880810236220472
0
LINE
8
BLACK
6
CONTINUOUS
10
1.0704220472440944
20
0.8880810236220472
11
1.0614231889763779
21
0.8880810236220472
0
LINE
8
BLACK
6
CONTINUOUS
10
1.0614231889763779
20
0.8880810236220472
11
1.0591090551181102
21
0.8888329133858267
0
LINE
8
BLACK
6
CONTINUOUS
10
1.0591090551181102
20
0.8888329133858267
11
1.0576788582677166
21
0.8908014173228346
0
LINE
8
BLACK
6
CONTINUOUS
10
1.0576788582677166
20
0.8908014173228346
11
1.0576788582677166
21
0.8932346456692913
0
LINE
8
BLACK
6
CONTINUOUS
10
1.0576788582677166
20
0.8932346456692913
11
1.0591090551181102
21
0.8952031496062992
0
LINE
8
BLACK
6
CONTINUOUS
10
1.0591090551181102
20
0.8952031496062992
11
1.0614231889763779
21
0.8959550393700787
0
LINE
8
BLACK
6
CONTINUOUS
10
1.0614231889763779
20
0.8959550393700787
11
1.0694926377952756
21
0.8959550393700787
0
LINE
8
BLACK
6
CONTINUOUS
10
1.0694926377952756
20
0.8959550393700787
11
1.0725893307086614
21
0.8975033858267716
0
LINE
8
BLACK
6
CONTINUOUS
10
1.0725893307086614
20
0.8975033858267716
11
1.0741116535433071
21
0.8990256692913385
0
LINE
8
BLACK
6
CONTINUOUS
10
1.0741116535433071
20
0.8990256692913385
11
1.0780165748031496
21
0.9048831102362205
0
LINE
8
BLACK
6
CONTINUOUS
10
1.0780165748031496
20
0.9048831102362205
11
1.078667559055118
21
0.9074870866141732
0
LINE
8
BLACK
6
CONTINUOUS
10
1.078667559055118
20
0.9074870866141732
11
1.0766821653543306
21
0.9064943700787401
0
LINE
8
BLACK
6
CONTINUOUS
10
1.0766821653543306
20
0.9064943700787401
11
1.0757846062992125
21
0.9063592125984252
0
LINE
8
BLACK
6
CONTINUOUS
10
1.0757846062992125
20
0.9063592125984252
11
1.074921496062992
21
0.9060787401574802
0
LINE
8
BLACK
6
CONTINUOUS
10
1.074921496062992
20
0.9060787401574802
11
1.0659225984251968
21
0.9060787401574802
0
LINE
8
BLACK
6
CONTINUOUS
10
1.0659225984251968
20
0.9060787401574802
11
1.0650594488188976
21
0.9063592125984252
0
LINE
8
BLACK
6
CONTINUOUS
10
1.0650594488188976
20
0.9063592125984252
11
1.0641619291338582
21
0.9064943700787401
0
LINE
8
BLACK
6
CONTINUOUS
10
1.0641619291338582
20
0.9064943700787401
11
1.0596624803149606
21
0.9087440944881889
0
LINE
8
BLACK
6
CONTINUOUS
10
1.0596624803149606
20
0.9087440944881889
11
1.0592077559055117
21
0.909191968503937
0
LINE
8
BLACK
6
CONTINUOUS
10
1.0592077559055117
20
0.909191968503937
11
1.0586392913385827
21
0.9094816141732284
0
LINE
8
BLACK
6
CONTINUOUS
10
1.0586392913385827
20
0.9094816141732284
11
1.0563895669291339
21
0.9117312992125984
0
LINE
8
BLACK
6
CONTINUOUS
10
1.0563895669291339
20
0.9117312992125984
11
1.0560998818897638
21
0.9122998818897637
0
LINE
8
BLACK
6
CONTINUOUS
10
1.0560998818897638
20
0.9122998818897637
11
1.0556520866141732
21
0.9127544881889763
0
LINE
8
BLACK
6
CONTINUOUS
10
1.0556520866141732
20
0.9127544881889763
11
1.0534023622047244
21
0.9172539763779527
0
LINE
8
BLACK
6
CONTINUOUS
10
1.0534023622047244
20
0.9172539763779527
11
1.0532671653543306
21
0.9181515354330708
0
LINE
8
BLACK
6
CONTINUOUS
10
1.0532671653543306
20
0.9181515354330708
11
1.0529867322834645
21
0.9190146456692914
0
LINE
8
BLACK
6
CONTINUOUS
10
1.0529867322834645
20
0.9190146456692914
11
1.0529867322834645
21
0.9302632283464567
0
LINE
8
BLACK
6
CONTINUOUS
10
1.0529867322834645
20
0.9302632283464567
11
1.0532671653543306
21
0.9311263779527559
0
LINE
8
BLACK
6
CONTINUOUS
10
1.0532671653543306
20
0.9311263779527559
11
1.0534023622047244
21
0.9320238976377953
0
LINE
8
BLACK
6
CONTINUOUS
10
1.0534023622047244
20
0.9320238976377953
11
1.0556520866141732
21
0.9365233858267716
0
LINE
8
BLACK
6
CONTINUOUS
10
1.0556520866141732
20
0.9365233858267716
11
1.0560998818897638
21
0.936978031496063
0
LINE
8
BLACK
6
CONTINUOUS
10
1.0560998818897638
20
0.936978031496063
11
1.0563895669291339
21
0.9375465748031496
0
LINE
8
BLACK
6
CONTINUOUS
10
1.0563895669291339
20
0.9375465748031496
11
1.0586392913385827
21
0.9397962598425197
0
LINE
8
BLACK
6
CONTINUOUS
10
1.0586392913385827
20
0.9397962598425197
11
1.0592077559055117
21
0.9400859448818898
0
LINE
8
BLACK
6
CONTINUOUS
10
1.0592077559055117
20
0.9400859448818898
11
1.0596624803149606
21
0.940533779527559
0
LINE
8
BLACK
6
CONTINUOUS
10
1.0596624803149606
20
0.940533779527559
11
1.0641619291338582
21
0.9427835039370078
0
LINE
8
BLACK
6
CONTINUOUS
10
1.0641619291338582
20
0.9427835039370078
11
1.0650594488188976
21
0.9429187007874016
0
LINE
8
BLACK
6
CONTINUOUS
10
1.0650594488188976
20
0.9429187007874016
11
1.0659225984251968
21
0.9431991338582677
0
LINE
8
BLACK
6
CONTINUOUS
10
1.0659225984251968
20
0.9431991338582677
11
1.074921496062992
21
0.9431991338582677
0
LINE
8
BLACK
6
CONTINUOUS
10
1.074921496062992
20
0.9431991338582677
11
1.0757846062992125
21
0.9429187007874016
0
LINE
8
BLACK
6
CONTINUOUS
10
1.0637552362204725
20
0.9337767322834646
11
1.062409094488189
21
0.9324305511811023
0
LINE
8
BLACK
6
CONTINUOUS
10
1.062409094488189
20
0.9324305511811023
11
1.060860748031496
21
0.9293338188976378
0
LINE
8
BLACK
6
CONTINUOUS
10
1.060860748031496
20
0.9293338188976378
11
1.060860748031496
21
0.9199440551181102
0
LINE
8
BLACK
6
CONTINUOUS
10
1.060860748031496
20
0.9199440551181102
11
1.062409094488189
21
0.9168473622047244
0
LINE
8
BLACK
6
CONTINUOUS
10
1.062409094488189
20
0.9168473622047244
11
1.0637552362204725
21
0.9155011811023622
0
LINE
8
BLACK
6
CONTINUOUS
10
1.0637552362204725
20
0.9155011811023622
11
1.0668520078740158
21
0.9139527559055118
0
LINE
8
BLACK
6
CONTINUOUS
10
1.0668520078740158
20
0.9139527559055118
11
1.0739920866141732
21
0.9139527559055118
0
LINE
8
BLACK
6
CONTINUOUS
10
1.0739920866141732
20
0.9139527559055118
11
1.0770888188976377
21
0.9155011417322835
0
LINE
8
BLACK
6
CONTINUOUS
10
1.0770888188976377
20
0.9155011417322835
11
1.0784349212598425
21
0.9168472834645669
0
LINE
8
BLACK
6
CONTINUOUS
10
1.0784349212598425
20
0.9168472834645669
11
1.0799833464566928
21
0.9199440944881889
0
LINE
8
BLACK
6
CONTINUOUS
10
1.0799833464566928
20
0.9199440944881889
11
1.0799833464566928
21
0.9293338188976378
0
LINE
8
BLACK
6
CONTINUOUS
10
1.0799833464566928
20
0.9293338188976378
11
1.0784349212598425
21
0.9324306299212598
0
LINE
8
BLACK
6
CONTINUOUS
10
1.0784349212598425
20
0.9324306299212598
11
1.0770888188976377
21
0.9337767716535433
0
LINE
8
BLACK
6
CONTINUOUS
10
1.0770888188976377
20
0.9337767716535433
11
1.0739920866141732
21
0.9353251181102362
0
LINE
8
BLACK
6
CONTINUOUS
10
1.0739920866141732
20
0.9353251181102362
11
1.0668520078740158
21
0.9353251181102362
0
LINE
8
BLACK
6
CONTINUOUS
10
1.0668520078740158
20
0.9353251181102362
11
1.0637552362204725
21
0.9337767322834646
0
LINE
8
BLACK
6
CONTINUOUS
10
0.5524331102362204
20
1.0453686614173228
11
0.552516062992126
21
1.0453686614173228
0
LINE
8
BLACK
6
CONTINUOUS
10
0.552516062992126
20
1.0453686614173228
11
0.5534394488188976
21
1.0446977952755905
0
LINE
8
BLACK
6
CONTINUOUS
10
0.5534394488188976
20
1.0446977952755905
11
0.5543887007874015
21
1.0440649606299213
0
LINE
8
BLACK
6
CONTINUOUS
10
0.5543887007874015
20
1.0440649606299213
11
0.5544174409448819
21
1.0439872440944882
0
LINE
8
BLACK
6
CONTINUOUS
10
0.5544174409448819
20
1.0439872440944882
11
0.5544845669291338
21
1.0439384645669292
0
LINE
8
BLACK
6
CONTINUOUS
10
0.5544845669291338
20
1.0439384645669292
11
0.5548371259842519
21
1.0428533070866142
0
LINE
8
BLACK
6
CONTINUOUS
10
0.5548371259842519
20
1.0428533070866142
11
0.5552332677165355
21
1.041783031496063
0
LINE
8
BLACK
6
CONTINUOUS
10
0.5552332677165355
20
1.041783031496063
11
0.5552108267716536
21
1.0417031889763779
0
LINE
8
BLACK
6
CONTINUOUS
10
0.5552108267716536
20
1.0417031889763779
11
0.5552364566929133
21
1.0416243307086615
0
LINE
8
BLACK
6
CONTINUOUS
10
0.5552364566929133
20
1.0416243307086615
11
0.5552364566929133
21
0.9983172440944882
0
LINE
8
BLACK
6
CONTINUOUS
10
0.5552364566929133
20
0.9983172440944882
11
0.5647977559055118
21
0.9983172440944882
0
LINE
8
BLACK
6
CONTINUOUS
10
0.5647977559055118
20
0.9983172440944882
11
0.5671118897637795
21
0.9975653543307086
0
LINE
8
BLACK
6
CONTINUOUS
10
0.5671118897637795
20
0.9975653543307086
11
0.5685420866141733
21
0.9955968503937007
0
LINE
8
BLACK
6
CONTINUOUS
10
0.5685420866141733
20
0.9955968503937007
11
0.5685420866141733
21
0.9931636220472441
0
LINE
8
BLACK
6
CONTINUOUS
10
0.5685420866141733
20
0.9931636220472441
11
0.5671118897637795
21
0.9911951181102362
0
LINE
8
BLACK
6
CONTINUOUS
10
0.5671118897637795
20
0.9911951181102362
11
0.5647977559055118
21
0.9904432283464567
0
LINE
8
BLACK
6
CONTINUOUS
10
0.5647977559055118
20
0.9904432283464567
11
0.5378011417322834
21
0.9904432283464567
0
LINE
8
BLACK
6
CONTINUOUS
10
0.5378011417322834
20
0.9904432283464567
11
0.5354870078740157
21
0.9911951181102362
0
LINE
8
BLACK
6
CONTINUOUS
10
0.5354870078740157
20
0.9911951181102362
11
0.534056811023622
21
0.9931636220472441
0
LINE
8
BLACK
6
CONTINUOUS
10
0.534056811023622
20
0.9931636220472441
11
0.534056811023622
21
0.9955968503937007
0
LINE
8
BLACK
6
CONTINUOUS
10
0.534056811023622
20
0.9955968503937007
11
0.5354870078740157
21
0.9975653543307086
0
LINE
8
BLACK
6
CONTINUOUS
10
0.5354870078740157
20
0.9975653543307086
11
0.5378011417322834
21
0.9983172440944882
0
LINE
8
BLACK
6
CONTINUOUS
10
0.5378011417322834
20
0.9983172440944882
11
0.5473624409448818
21
0.9983172440944882
0
LINE
8
BLACK
6
CONTINUOUS
10
0.5473624409448818
20
0.9983172440944882
11
0.5473624409448818
21
1.0298698425196851
0
LINE
8
BLACK
6
CONTINUOUS
10
0.5473624409448818
20
1.0298698425196851
11
0.5450844881889764
21
1.0275918503937007
0
LINE
8
BLACK
6
CONTINUOUS
10
0.5450844881889764
20
1.0275918503937007
11
0.5445159842519685
21
1.0273022047244094
0
LINE
8
BLACK
6
CONTINUOUS
10
0.5445159842519685
20
1.0273022047244094
11
0.5440612992125984
21
1.0268543307086615
0
LINE
8
BLACK
6
CONTINUOUS
10
0.5440612992125984
20
1.0268543307086615
11
0.539561811023622
21
1.0246046062992127
0
LINE
8
BLACK
6
CONTINUOUS
10
0.539561811023622
20
1.0246046062992127
11
0.537155748031496
21
1.0242422047244095
0
LINE
8
BLACK
6
CONTINUOUS
10
0.537155748031496
20
1.0242422047244095
11
0.5349961811023622
21
1.0253633070866142
0
LINE
8
BLACK
6
CONTINUOUS
10
0.5349961811023622
20
1.0253633070866142
11
0.533908031496063
21
1.0275396456692913
0
LINE
8
BLACK
6
CONTINUOUS
10
0.533908031496063
20
1.0275396456692913
11
0.5343068897637795
21
1.0299399212598426
0
LINE
8
BLACK
6
CONTINUOUS
10
0.5343068897637795
20
1.0299399212598426
11
0.5360404724409449
21
1.0316473622047244
0
LINE
8
BLACK
6
CONTINUOUS
10
0.5360404724409449
20
1.0316473622047244
11
0.5399684645669292
21
1.0336113779527558
0
LINE
8
BLACK
6
CONTINUOUS
10
0.5399684645669292
20
1.0336113779527558
11
0.5437403937007874
21
1.0373833464566928
0
LINE
8
BLACK
6
CONTINUOUS
10
0.5437403937007874
20
1.0373833464566928
11
0.5480236614173228
21
1.0438081889763779
0
LINE
8
BLACK
6
CONTINUOUS
10
0.5480236614173228
20
1.0438081889763779
11
0.5480886614173228
21
1.0438596062992125
0
LINE
8
BLACK
6
CONTINUOUS
10
0.5480886614173228
20
1.0438596062992125
11
0.5481143307086614
21
1.0439384645669292
0
LINE
8
BLACK
6
CONTINUOUS
10
0.5481143307086614
20
1.0439384645669292
11
0.5490378346456692
21
1.0446094488188977
0
LINE
8
BLACK
6
CONTINUOUS
10
0.5490378346456692
20
1.0446094488188977
11
0.5499329133858267
21
1.0453165748031497
0
LINE
8
BLACK
6
CONTINUOUS
10
0.5499329133858267
20
1.0453165748031497
11
0.5500157086614174
21
1.0453199212598425
0
LINE
8
BLACK
6
CONTINUOUS
10
0.5500157086614174
20
1.0453199212598425
11
0.5500828346456693
21
1.0453686614173228
0
LINE
8
BLACK
6
CONTINUOUS
10
0.5500828346456693
20
1.0453686614173228
11
0.5512241732283465
21
1.0453686614173228
0
LINE
8
BLACK
6
CONTINUOUS
10
0.5512241732283465
20
1.0453686614173228
11
0.5523641338582677
21
1.0454146456692912
0
LINE
8
BLACK
6
CONTINUOUS
10
0.5523641338582677
20
1.0454146456692912
11
0.5524331102362204
21
1.0453686614173228
0
LINE
8
BLACK
6
CONTINUOUS
10
1.0265613385826771
20
1.0453686614173228
11
1.0266442913385827
21
1.0453686614173228
0
LINE
8
BLACK
6
CONTINUOUS
10
1.0266442913385827
20
1.0453686614173228
11
1.0275676771653544
21
1.0446977952755905
0
LINE
8
BLACK
6
CONTINUOUS
10
1.0275676771653544
20
1.0446977952755905
11
1.0285169291338583
21
1.0440649606299213
0
LINE
8
BLACK
6
CONTINUOUS
10
1.0285169291338583
20
1.0440649606299213
11
1.0285456692913386
21
1.0439872440944882
0
LINE
8
BLACK
6
CONTINUOUS
10
1.0285456692913386
20
1.0439872440944882
11
1.0286127952755906
21
1.0439384645669292
0
LINE
8
BLACK
6
CONTINUOUS
10
1.0286127952755906
20
1.0439384645669292
11
1.0289653543307087
21
1.0428533070866142
0
LINE
8
BLACK
6
CONTINUOUS
10
1.0289653543307087
20
1.0428533070866142
11
1.0293614960629922
21
1.041783031496063
0
LINE
8
BLACK
6
CONTINUOUS
10
1.0293614960629922
20
1.041783031496063
11
1.0293390551181103
21
1.0417031889763779
0
LINE
8
BLACK
6
CONTINUOUS
10
1.0293390551181103
20
1.0417031889763779
11
1.0293646850393701
21
1.0416243307086615
0
LINE
8
BLACK
6
CONTINUOUS
10
1.0293646850393701
20
1.0416243307086615
11
1.0293646850393701
21
0.9983172440944882
0
LINE
8
BLACK
6
CONTINUOUS
10
1.0293646850393701
20
0.9983172440944882
11
1.0389259842519685
21
0.9983172440944882
0
LINE
8
BLACK
6
CONTINUOUS
10
1.0389259842519685
20
0.9983172440944882
11
1.0412401181102362
21
0.9975653543307086
0
LINE
8
BLACK
6
CONTINUOUS
10
1.0412401181102362
20
0.9975653543307086
11
1.04267031496063
21
0.9955968503937007
0
LINE
8
BLACK
6
CONTINUOUS
10
1.04267031496063
20
0.9955968503937007
11
1.04267031496063
21
0.9931636220472441
0
LINE
8
BLACK
6
CONTINUOUS
10
1.04267031496063
20
0.9931636220472441
11
1.0412401181102362
21
0.9911951181102362
0
LINE
8
BLACK
6
CONTINUOUS
10
1.0412401181102362
20
0.9911951181102362
11
1.0389259842519685
21
0.9904432283464567
0
LINE
8
BLACK
6
CONTINUOUS
10
1.0389259842519685
20
0.9904432283464567
11
1.0119293700787402
21
0.9904432283464567
0
LINE
8
BLACK
6
CONTINUOUS
10
1.0119293700787402
20
0.9904432283464567
11
1.0096152362204724
21
0.9911951181102362
0
LINE
8
BLACK
6
CONTINUOUS
10
1.0096152362204724
20
0.9911951181102362
11
1.0081850393700786
21
0.9931636220472441
0
LINE
8
BLACK
6
CONTINUOUS
10
1.0081850393700786
20
0.9931636220472441
11
1.0081850393700786
21
0.9955968503937007
0
LINE
8
BLACK
6
CONTINUOUS
10
1.0081850393700786
20
0.9955968503937007
11
1.0096152362204724
21
0.9975653543307086
0
LINE
8
BLACK
6
CONTINUOUS
10
1.0096152362204724
20
0.9975653543307086
11
1.0119293700787402
21
0.9983172440944882
0
LINE
8
BLACK
6
CONTINUOUS
10
1.0119293700787402
20
0.9983172440944882
11
1.0214906692913386
21
0.9983172440944882
0
LINE
8
BLACK
6
CONTINUOUS
10
1.0214906692913386
20
0.9983172440944882
11
1.0214906692913386
21
1.0298698425196851
0
LINE
8
BLACK
6
CONTINUOUS
10
1.0214906692913386
20
1.0298698425196851
11
1.019212716535433
21
1.0275918503937007
0
LINE
8
BLACK
6
CONTINUOUS
10
1.019212716535433
20
1.0275918503937007
11
1.0186442125984252
21
1.0273022047244094
0
LINE
8
BLACK
6
CONTINUOUS
10
1.0186442125984252
20
1.0273022047244094
11
1.0181895275590551
21
1.0268543307086615
0
LINE
8
BLACK
6
CONTINUOUS
10
1.0181895275590551
20
1.0268543307086615
11
1.0136900393700787
21
1.0246046062992127
0
LINE
8
BLACK
6
CONTINUOUS
10
1.0136900393700787
20
1.0246046062992127
11
1.0112839763779526
21
1.0242422047244095
0
LINE
8
BLACK
6
CONTINUOUS
10
1.0112839763779526
20
1.0242422047244095
11
1.009124409448819
21
1.0253633070866142
0
LINE
8
BLACK
6
CONTINUOUS
10
1.009124409448819
20
1.0253633070866142
11
1.0080362598425197
21
1.0275396456692913
0
LINE
8
BLACK
6
CONTINUOUS
10
1.0080362598425197
20
1.0275396456692913
11
1.0084351181102362
21
1.0299399212598426
0
LINE
8
BLACK
6
CONTINUOUS
10
1.0084351181102362
20
1.0299399212598426
11
1.0101687007874016
21
1.0316473622047244
0
LINE
8
BLACK
6
CONTINUOUS
10
1.0101687007874016
20
1.0316473622047244
11
1.0140966929133859
21
1.0336113779527558
0
LINE
8
BLACK
6
CONTINUOUS
10
1.0140966929133859
20
1.0336113779527558
11
1.0178686220472442
21
1.0373833464566928
0
LINE
8
BLACK
6
CONTINUOUS
10
1.0178686220472442
20
1.0373833464566928
11
1.0221518897637796
21
1.0438081889763779
0
LINE
8
BLACK
6
CONTINUOUS
10
1.0221518897637796
20
1.0438081889763779
11
1.0222168897637796
21
1.0438596062992125
0
LINE
8
BLACK
6
CONTINUOUS
10
1.0222168897637796
20
1.0438596062992125
11
1.0222425590551181
21
1.0439384645669292
0
LINE
8
BLACK
6
CONTINUOUS
10
1.0222425590551181
20
1.0439384645669292
11
1.023166062992126
21
1.0446094488188977
0
LINE
8
BLACK
6
CONTINUOUS
10
1.023166062992126
20
1.0446094488188977
11
1.0240611417322834
21
1.0453165748031497
0
LINE
8
BLACK
6
CONTINUOUS
10
1.0240611417322834
20
1.0453165748031497
11
1.024143937007874
21
1.0453199212598425
0
LINE
8
BLACK
6
CONTINUOUS
10
1.024143937007874
20
1.0453199212598425
11
1.0242110629921259
21
1.0453686614173228
0
LINE
8
BLACK
6
CONTINUOUS
10
1.0242110629921259
20
1.0453686614173228
11
1.0253524015748032
21
1.0453686614173228
0
LINE
8
BLACK
6
CONTINUOUS
10
1.0253524015748032
20
1.0453686614173228
11
1.0264923622047244
21
1.0454146456692912
0
LINE
8
BLACK
6
CONTINUOUS
10
1.0264923622047244
20
1.0454146456692912
11
1.0265613385826771
21
1.0453686614173228
0
LINE
8
BLACK
6
CONTINUOUS
10
1.0735348818897636
20
1.0452809055118111
11
1.0744324409448818
21
1.0451457086614173
0
LINE
8
BLACK
6
CONTINUOUS
10
1.0744324409448818
20
1.0451457086614173
11
1.0789319291338582
21
1.0428959842519685
0
LINE
8
BLACK
6
CONTINUOUS
10
1.0789319291338582
20
1.0428959842519685
11
1.0793865354330709
21
1.0424481889763779
0
LINE
8
BLACK
6
CONTINUOUS
10
1.0793865354330709
20
1.0424481889763779
11
1.0799551181102363
21
1.0421585039370078
0
LINE
8
BLACK
6
CONTINUOUS
10
1.0799551181102363
20
1.0421585039370078
11
1.0822048031496063
21
1.039908779527559
0
LINE
8
BLACK
6
CONTINUOUS
10
1.0822048031496063
20
1.039908779527559
11
1.0824944881889764
21
1.0393402755905512
0
LINE
8
BLACK
6
CONTINUOUS
10
1.0824944881889764
20
1.0393402755905512
11
1.0829423228346458
21
1.0388855511811024
0
LINE
8
BLACK
6
CONTINUOUS
10
1.0829423228346458
20
1.0388855511811024
11
1.0851920078740158
21
1.0343861023622047
0
LINE
8
BLACK
6
CONTINUOUS
10
1.0851920078740158
20
1.0343861023622047
11
1.0852573228346456
21
1.0339522440944882
0
LINE
8
BLACK
6
CONTINUOUS
10
1.0852573228346456
20
1.0339522440944882
11
1.0854900787401573
21
1.03358031496063
0
LINE
8
BLACK
6
CONTINUOUS
10
1.0854900787401573
20
1.03358031496063
11
1.0877398031496062
21
1.0245814173228347
0
LINE
8
BLACK
6
CONTINUOUS
10
1.0877398031496062
20
1.0245814173228347
11
1.087705905511811
21
1.0240926377952755
0
LINE
8
BLACK
6
CONTINUOUS
10
1.087705905511811
20
1.0240926377952755
11
1.0878573622047243
21
1.0236265748031497
0
LINE
8
BLACK
6
CONTINUOUS
10
1.0878573622047243
20
1.0236265748031497
11
1.0878573622047243
21
1.0123779527559056
0
LINE
8
BLACK
6
CONTINUOUS
10
1.0878573622047243
20
1.0123779527559056
11
1.087705905511811
21
1.0119119291338583
0
LINE
8
BLACK
6
CONTINUOUS
10
1.087705905511811
20
1.0119119291338583
11
1.0877398031496062
21
1.0114231102362206
0
LINE
8
BLACK
6
CONTINUOUS
10
1.0877398031496062
20
1.0114231102362206
11
1.0854900787401573
21
1.0024242125984251
0
LINE
8
BLACK
6
CONTINUOUS
10
1.0854900787401573
20
1.0024242125984251
11
1.0852573228346456
21
1.0020523228346456
0
LINE
8
BLACK
6
CONTINUOUS
10
1.0852573228346456
20
1.0020523228346456
11
1.0851920078740158
21
1.0016184251968503
0
LINE
8
BLACK
6
CONTINUOUS
10
1.0851920078740158
20
1.0016184251968503
11
1.0829423228346458
21
0.9971189763779528
0
LINE
8
BLACK
6
CONTINUOUS
10
1.0829423228346458
20
0.9971189763779528
11
1.0824944881889764
21
0.9966642913385827
0
LINE
8
BLACK
6
CONTINUOUS
10
1.0824944881889764
20
0.9966642913385827
11
1.0822048031496063
21
0.996095748031496
0
LINE
8
BLACK
6
CONTINUOUS
10
1.0822048031496063
20
0.996095748031496
11
1.0799551181102363
21
0.9938460236220472
0
LINE
8
BLACK
6
CONTINUOUS
10
1.0799551181102363
20
0.9938460236220472
11
1.0793864960629922
21
0.9935563385826771
0
LINE
8
BLACK
6
CONTINUOUS
10
1.0793864960629922
20
0.9935563385826771
11
1.0789318897637794
21
0.9931085433070866
0
LINE
8
BLACK
6
CONTINUOUS
10
1.0789318897637794
20
0.9931085433070866
11
1.0744324409448818
21
0.9908588582677165
0
LINE
8
BLACK
6
CONTINUOUS
10
1.0744324409448818
20
0.9908588582677165
11
1.0735348818897636
21
0.9907237007874016
0
LINE
8
BLACK
6
CONTINUOUS
10
1.0735348818897636
20
0.9907237007874016
11
1.0726717716535432
21
0.9904432283464567
0
LINE
8
BLACK
6
CONTINUOUS
10
1.0726717716535432
20
0.9904432283464567
11
1.0681723228346456
21
0.9904432283464567
0
LINE
8
BLACK
6
CONTINUOUS
10
1.0681723228346456
20
0.9904432283464567
11
1.0673091732283464
21
0.9907237007874016
0
LINE
8
BLACK
6
CONTINUOUS
10
1.0673091732283464
20
0.9907237007874016
11
1.066411653543307
21
0.9908588582677165
0
LINE
8
BLACK
6
CONTINUOUS
10
1.066411653543307
20
0.9908588582677165
11
1.0619122440944881
21
0.9931085433070866
0
LINE
8
BLACK
6
CONTINUOUS
10
1.0619122440944881
20
0.9931085433070866
11
1.0614575590551181
21
0.9935563779527559
0
LINE
8
BLACK
6
CONTINUOUS
10
1.0614575590551181
20
0.9935563779527559
11
1.0608890157480315
21
0.993846062992126
0
LINE
8
BLACK
6
CONTINUOUS
10
1.0608890157480315
20
0.993846062992126
11
1.0586392913385827
21
0.996095748031496
0
LINE
8
BLACK
6
CONTINUOUS
10
1.0586392913385827
20
0.996095748031496
11
1.0583496062992126
21
0.9966643307086615
0
LINE
8
BLACK
6
CONTINUOUS
10
1.0583496062992126
20
0.9966643307086615
11
1.057901811023622
21
0.997118937007874
0
LINE
8
BLACK
6
CONTINUOUS
10
1.057901811023622
20
0.997118937007874
11
1.0556520866141732
21
1.0016184251968503
0
LINE
8
BLACK
6
CONTINUOUS
10
1.0556520866141732
20
1.0016184251968503
11
1.0555867322834644
21
1.0020523228346456
0
LINE
8
BLACK
6
CONTINUOUS
10
1.0555867322834644
20
1.0020523228346456
11
1.0553540157480314
21
1.0024242125984251
0
LINE
8
BLACK
6
CONTINUOUS
10
1.0553540157480314
20
1.0024242125984251
11
1.0531042913385826
21
1.0114230708661418
0
LINE
8
BLACK
6
CONTINUOUS
10
1.0531042913385826
20
1.0114230708661418
11
1.0531381496062993
21
1.0119119291338583
0
LINE
8
BLACK
6
CONTINUOUS
10
1.0531381496062993
20
1.0119119291338583
11
1.0529867322834645
21
1.0123779527559056
0
LINE
8
BLACK
6
CONTINUOUS
10
1.0529867322834645
20
1.0123779527559056
11
1.0529867322834645
21
1.0236265748031497
0
LINE
8
BLACK
6
CONTINUOUS
10
1.0529867322834645
20
1.0236265748031497
11
1.0531381496062993
21
1.0240926377952755
0
LINE
8
BLACK
6
CONTINUOUS
10
1.0531381496062993
20
1.0240926377952755
11
1.0531042913385826
21
1.0245814566929135
0
LINE
8
BLACK
6
CONTINUOUS
10
1.0531042913385826
20
1.0245814566929135
11
1.0553540157480314
21
1.03358031496063
0
LINE
8
BLACK
6
CONTINUOUS
10
1.0553540157480314
20
1.03358031496063
11
1.0555867322834644
21
1.0339522440944882
0
LINE
8
BLACK
6
CONTINUOUS
10
1.0555867322834644
20
1.0339522440944882
11
1.0556520866141732
21
1.0343861023622047
0
LINE
8
BLACK
6
CONTINUOUS
10
1.0556520866141732
20
1.0343861023622047
11
1.057901811023622
21
1.0388855905511811
0
LINE
8
BLACK
6
CONTINUOUS
10
1.057901811023622
20
1.0388855905511811
11
1.0583496062992126
21
1.0393402362204724
0
LINE
8
BLACK
6
CONTINUOUS
10
1.0583496062992126
20
1.0393402362204724
11
1.0586392913385827
21
1.039908779527559
0
LINE
8
BLACK
6
CONTINUOUS
10
1.0586392913385827
20
1.039908779527559
11
1.0608890157480315
21
1.0421584645669291
0
LINE
8
BLACK
6
CONTINUOUS
10
1.0608890157480315
20
1.0421584645669291
11
1.0614574803149606
21
1.0424481496062992
0
LINE
8
BLACK
6
CONTINUOUS
10
1.0614574803149606
20
1.0424481496062992
11
1.0619122047244094
21
1.0428959842519685
0
LINE
8
BLACK
6
CONTINUOUS
10
1.0619122047244094
20
1.0428959842519685
11
1.066411653543307
21
1.0451457086614173
0
LINE
8
BLACK
6
CONTINUOUS
10
1.066411653543307
20
1.0451457086614173
11
1.0673091732283464
21
1.0452809055118111
0
LINE
8
BLACK
6
CONTINUOUS
10
1.0673091732283464
20
1.0452809055118111
11
1.0681723228346456
21
1.0455613385826772
0
LINE
8
BLACK
6
CONTINUOUS
10
1.0681723228346456
20
1.0455613385826772
11
1.0726717716535432
21
1.0455613385826772
0
LINE
8
BLACK
6
CONTINUOUS
10
1.0726717716535432
20
1.0455613385826772
11
1.0735348818897636
21
1.0452809055118111
0
LINE
8
BLACK
6
CONTINUOUS
10
1.0660049606299213
20
1.036138937007874
11
1.0646588188976378
21
1.0347927559055119
0
LINE
8
BLACK
6
CONTINUOUS
10
1.0646588188976378
20
1.0347927559055119
11
1.0628880708661417
21
1.0312512204724409
0
LINE
8
BLACK
6
CONTINUOUS
10
1.0628880708661417
20
1.0312512204724409
11
1.060860748031496
21
1.0231419291338582
0
LINE
8
BLACK
6
CONTINUOUS
10
1.060860748031496
20
1.0231419291338582
11
1.060860748031496
21
1.0128625984251969
0
LINE
8
BLACK
6
CONTINUOUS
10
1.060860748031496
20
1.0128625984251969
11
1.0628880708661417
21
1.0047533070866141
0
LINE
8
BLACK
6
CONTINUOUS
10
1.0628880708661417
20
1.0047533070866141
11
1.0646588188976378
21
1.0012118110236221
0
LINE
8
BLACK
6
CONTINUOUS
10
1.0646588188976378
20
1.0012118110236221
11
1.0660049999999999
21
0.9998655905511811
0
LINE
8
BLACK
6
CONTINUOUS
10
1.0660049999999999
20
0.9998655905511811
11
1.0691017322834646
21
0.9983172440944882
0
LINE
8
BLACK
6
CONTINUOUS
10
1.0691017322834646
20
0.9983172440944882
11
1.0717423622047244
21
0.9983172440944882
0
LINE
8
BLACK
6
CONTINUOUS
10
1.0717423622047244
20
0.9983172440944882
11
1.0748390551181102
21
0.9998655905511811
0
LINE
8
BLACK
6
CONTINUOUS
10
1.0748390551181102
20
0.9998655905511811
11
1.0761852362204725
21
1.0012117716535434
0
LINE
8
BLACK
6
CONTINUOUS
10
1.0761852362204725
20
1.0012117716535434
11
1.0779559842519684
21
1.0047532677165354
0
LINE
8
BLACK
6
CONTINUOUS
10
1.0779559842519684
20
1.0047532677165354
11
1.0799833464566928
21
1.0128626377952756
0
LINE
8
BLACK
6
CONTINUOUS
10
1.0799833464566928
20
1.0128626377952756
11
1.0799833464566928
21
1.0231419291338582
0
LINE
8
BLACK
6
CONTINUOUS
10
1.0799833464566928
20
1.0231419291338582
11
1.0779559842519684
21
1.0312512992125984
0
LINE
8
BLACK
6
CONTINUOUS
10
1.0779559842519684
20
1.0312512992125984
11
1.0761852362204725
21
1.0347927952755904
0
LINE
8
BLACK
6
CONTINUOUS
10
1.0761852362204725
20
1.0347927952755904
11
1.0748390551181102
21
1.0361389763779527
0
LINE
8
BLACK
6
CONTINUOUS
10
1.0748390551181102
20
1.0361389763779527
11
1.0717423622047244
21
1.0376873228346457
0
LINE
8
BLACK
6
CONTINUOUS
10
1.0717423622047244
20
1.0376873228346457
11
1.0691017322834646
21
1.0376873228346457
0
LINE
8
BLACK
6
CONTINUOUS
10
1.0691017322834646
20
1.0376873228346457
11
1.0660049606299213
21
1.036138937007874
0
LINE
8
BLACK
6
CONTINUOUS
10
0.5912764173228346
20
1.14378937007874
11
0.5919145275590552
21
1.1437844881889763
0
LINE
8
BLACK
6
CONTINUOUS
10
0.5919145275590552
20
1.1437844881889763
11
0.5986636614173229
21
1.1415347637795275
0
LINE
8
BLACK
6
CONTINUOUS
10
0.5986636614173229
20
1.1415347637795275
11
0.5993938188976378
21
1.1409957874015748
0
LINE
8
BLACK
6
CONTINUOUS
10
0.5993938188976378
20
1.1409957874015748
11
0.6002025590551181
21
1.1405837007874016
0
LINE
8
BLACK
6
CONTINUOUS
10
0.6002025590551181
20
1.1405837007874016
11
0.6024522440944882
21
1.1383339763779527
0
LINE
8
BLACK
6
CONTINUOUS
10
0.6024522440944882
20
1.1383339763779527
11
0.6035569291338583
21
1.1361659842519685
0
LINE
8
BLACK
6
CONTINUOUS
10
0.6035569291338583
20
1.1361659842519685
11
0.6031762992125984
21
1.1337627165354331
0
LINE
8
BLACK
6
CONTINUOUS
10
0.6031762992125984
20
1.1337627165354331
11
0.601455748031496
21
1.1320421653543307
0
LINE
8
BLACK
6
CONTINUOUS
10
0.601455748031496
20
1.1320421653543307
11
0.5990524803149606
21
1.1316615354330708
0
LINE
8
BLACK
6
CONTINUOUS
10
0.5990524803149606
20
1.1316615354330708
11
0.5968844881889763
21
1.1327662204724409
0
LINE
8
BLACK
6
CONTINUOUS
10
0.5968844881889763
20
1.1327662204724409
11
0.5952918897637796
21
1.1343587795275589
0
LINE
8
BLACK
6
CONTINUOUS
10
0.5952918897637796
20
1.1343587795275589
11
0.5900306692913385
21
1.1361125196850392
0
LINE
8
BLACK
6
CONTINUOUS
10
0.5900306692913385
20
1.1361125196850392
11
0.586808937007874
21
1.1361125196850392
0
LINE
8
BLACK
6
CONTINUOUS
10
0.586808937007874
20
1.1361125196850392
11
0.5815475984251969
21
1.1343587795275589
0
LINE
8
BLACK
6
CONTINUOUS
10
0.5815475984251969
20
1.1343587795275589
11
0.5781571653543307
21
1.1309683070866141
0
LINE
8
BLACK
6
CONTINUOUS
10
0.5781571653543307
20
1.1309683070866141
11
0.5763863779527559
21
1.1274266929133858
0
LINE
8
BLACK
6
CONTINUOUS
10
0.5763863779527559
20
1.1274266929133858
11
0.5743590551181103
21
1.1193174015748031
0
LINE
8
BLACK
6
CONTINUOUS
10
0.5743590551181103
20
1.1193174015748031
11
0.5743590551181103
21
1.1135375196850394
0
LINE
8
BLACK
6
CONTINUOUS
10
0.5743590551181103
20
1.1135375196850394
11
0.5763863779527559
21
1.1054282283464567
0
LINE
8
BLACK
6
CONTINUOUS
10
0.5763863779527559
20
1.1054282283464567
11
0.5781571653543307
21
1.1018866535433072
0
LINE
8
BLACK
6
CONTINUOUS
10
0.5781571653543307
20
1.1018866535433072
11
0.5815475984251969
21
1.0984961811023621
0
LINE
8
BLACK
6
CONTINUOUS
10
0.5815475984251969
20
1.0984961811023621
11
0.586808937007874
21
1.0967424409448818
0
LINE
8
BLACK
6
CONTINUOUS
10
0.586808937007874
20
1.0967424409448818
11
0.5900307086614173
21
1.0967424409448818
0
LINE
8
BLACK
6
CONTINUOUS
10
0.5900307086614173
20
1.0967424409448818
11
0.5952919291338582
21
1.0984962204724409
0
LINE
8
BLACK
6
CONTINUOUS
10
0.5952919291338582
20
1.0984962204724409
11
0.5968844881889763
21
1.1000887007874016
0
LINE
8
BLACK
6
CONTINUOUS
10
0.5968844881889763
20
1.1000887007874016
11
0.5990524803149606
21
1.1011933858267717
0
LINE
8
BLACK
6
CONTINUOUS
10
0.5990524803149606
20
1.1011933858267717
11
0.601455748031496
21
1.1008127559055119
0
LINE
8
BLACK
6
CONTINUOUS
10
0.601455748031496
20
1.1008127559055119
11
0.6031762992125984
21
1.0990922047244094
0
LINE
8
BLACK
6
CONTINUOUS
10
0.6031762992125984
20
1.0990922047244094
11
0.6035569291338583
21
1.0966889370078741
0
LINE
8
BLACK
6
CONTINUOUS
10
0.6035569291338583
20
1.0966889370078741
11
0.6024522440944882
21
1.0945209448818898
0
LINE
8
BLACK
6
CONTINUOUS
10
0.6024522440944882
20
1.0945209448818898
11
0.6002025590551181
21
1.092271220472441
0
LINE
8
BLACK
6
CONTINUOUS
10
0.6002025590551181
20
1.092271220472441
11
0.5993938188976378
21
1.0918591732283465
0
LINE
8
BLACK
6
CONTINUOUS
10
0.5993938188976378
20
1.0918591732283465
11
0.5986636614173229
21
1.0913201574803149
0
LINE
8
BLACK
6
CONTINUOUS
10
0.5986636614173229
20
1.0913201574803149
11
0.5919144881889764
21
1.0890704724409448
0
LINE
8
BLACK
6
CONTINUOUS
10
0.5919144881889764
20
1.0890704724409448
11
0.5912764173228346
21
1.0890656299212598
0
LINE
8
BLACK
6
CONTINUOUS
10
0.5912764173228346
20
1.0890656299212598
11
0.5906695275590551
21
1.0888684251968503
0
LINE
8
BLACK
6
CONTINUOUS
10
0.5906695275590551
20
1.0888684251968503
11
0.5861700787401575
21
1.0888684251968503
0
LINE
8
BLACK
6
CONTINUOUS
10
0.5861700787401575
20
1.0888684251968503
11
0.5855632283464567
21
1.089065590551181
0
LINE
8
BLACK
6
CONTINUOUS
10
0.5855632283464567
20
1.089065590551181
11
0.5849251181102362
21
1.089070433070866
0
LINE
8
BLACK
6
CONTINUOUS
10
0.5849251181102362
20
1.089070433070866
11
0.5781759448818897
21
1.0913201574803149
0
LINE
8
BLACK
6
CONTINUOUS
10
0.5781759448818897
20
1.0913201574803149
11
0.5774457086614173
21
1.0918592125984252
0
LINE
8
BLACK
6
CONTINUOUS
10
0.5774457086614173
20
1.0918592125984252
11
0.5766370078740157
21
1.0922712598425197
0
LINE
8
BLACK
6
CONTINUOUS
10
0.5766370078740157
20
1.0922712598425197
11
0.5721375984251968
21
1.0967707086614173
0
LINE
8
BLACK
6
CONTINUOUS
10
0.5721375984251968
20
1.0967707086614173
11
0.5718479133858267
21
1.0973392125984252
0
LINE
8
BLACK
6
CONTINUOUS
10
0.5718479133858267
20
1.0973392125984252
11
0.5714001181102362
21
1.0977938582677165
0
LINE
8
BLACK
6
CONTINUOUS
10
0.5714001181102362
20
1.0977938582677165
11
0.5691503937007873
21
1.1022933464566929
0
LINE
8
BLACK
6
CONTINUOUS
10
0.5691503937007873
20
1.1022933464566929
11
0.5690850393700787
21
1.1027272440944882
0
LINE
8
BLACK
6
CONTINUOUS
10
0.5690850393700787
20
1.1027272440944882
11
0.5688523228346457
21
1.1030991338582676
0
LINE
8
BLACK
6
CONTINUOUS
10
0.5688523228346457
20
1.1030991338582676
11
0.5666025984251969
21
1.1120979921259841
0
LINE
8
BLACK
6
CONTINUOUS
10
0.5666025984251969
20
1.1120979921259841
11
0.5666364566929134
21
1.1125868503937009
0
LINE
8
BLACK
6
CONTINUOUS
10
0.5666364566929134
20
1.1125868503937009
11
0.5664850393700788
21
1.1130528740157479
0
LINE
8
BLACK
6
CONTINUOUS
10
0.5664850393700788
20
1.1130528740157479
11
0.5664850393700788
21
1.1198020472440944
0
LINE
8
BLACK
6
CONTINUOUS
10
0.5664850393700788
20
1.1198020472440944
11
0.5666364566929134
21
1.1202681102362204
0
LINE
8
BLACK
6
CONTINUOUS
10
0.5666364566929134
20
1.1202681102362204
11
0.5666025984251969
21
1.1207569291338582
0
LINE
8
BLACK
6
CONTINUOUS
10
0.5666025984251969
20
1.1207569291338582
11
0.5688523228346457
21
1.1297557874015747
0
LINE
8
BLACK
6
CONTINUOUS
10
0.5688523228346457
20
1.1297557874015747
11
0.5690850393700787
21
1.1301277165354331
0
LINE
8
BLACK
6
CONTINUOUS
10
0.5690850393700787
20
1.1301277165354331
11
0.5691503937007873
21
1.1305615748031497
0
LINE
8
BLACK
6
CONTINUOUS
10
0.5691503937007873
20
1.1305615748031497
11
0.5714001181102362
21
1.1350610629921261
0
LINE
8
BLACK
6
CONTINUOUS
10
0.5714001181102362
20
1.1350610629921261
11
0.5718479133858267
21
1.1355157480314961
0
LINE
8
BLACK
6
CONTINUOUS
10
0.5718479133858267
20
1.1355157480314961
11
0.5721375984251968
21
1.1360842125984252
0
LINE
8
BLACK
6
CONTINUOUS
10
0.5721375984251968
20
1.1360842125984252
11
0.5766370078740157
21
1.1405836614173228
0
LINE
8
BLACK
6
CONTINUOUS
10
0.5766370078740157
20
1.1405836614173228
11
0.5774456299212598
21
1.1409957086614173
0
LINE
8
BLACK
6
CONTINUOUS
10
0.5774456299212598
20
1.1409957086614173
11
0.578175905511811
21
1.1415347637795275
0
LINE
8
BLACK
6
CONTINUOUS
10
0.578175905511811
20
1.1415347637795275
11
0.5849250787401574
21
1.1437844881889763
0
LINE
8
BLACK
6
CONTINUOUS
10
0.5849250787401574
20
1.1437844881889763
11
0.5855631496062992
21
1.14378937007874
0
LINE
8
BLACK
6
CONTINUOUS
10
0.5855631496062992
20
1.14378937007874
11
0.5861700787401575
21
1.1439865354330709
0
LINE
8
BLACK
6
CONTINUOUS
10
0.5861700787401575
20
1.1439865354330709
11
0.5906695275590551
21
1.1439865354330709
0
LINE
8
BLACK
6
CONTINUOUS
10
0.5906695275590551
20
1.1439865354330709
11
0.5912764173228346
21
1.14378937007874
0
LINE
8
BLACK
6
CONTINUOUS
10
0.6385205118110236
20
1.14378937007874
11
0.6391586220472441
21
1.1437844881889763
0
LINE
8
BLACK
6
CONTINUOUS
10
0.6391586220472441
20
1.1437844881889763
11
0.6459077559055117
21
1.1415347637795275
0
LINE
8
BLACK
6
CONTINUOUS
10
0.6459077559055117
20
1.1415347637795275
11
0.6466379133858268
21
1.1409957874015748
0
LINE
8
BLACK
6
CONTINUOUS
10
0.6466379133858268
20
1.1409957874015748
11
0.6474466535433071
21
1.1405837007874016
0
LINE
8
BLACK
6
CONTINUOUS
10
0.6474466535433071
20
1.1405837007874016
11
0.6496963385826772
21
1.1383339763779527
0
LINE
8
BLACK
6
CONTINUOUS
10
0.6496963385826772
20
1.1383339763779527
11
0.6508010236220473
21
1.1361659842519685
0
LINE
8
BLACK
6
CONTINUOUS
10
0.6508010236220473
20
1.1361659842519685
11
0.6504203937007874
21
1.1337627165354331
0
LINE
8
BLACK
6
CONTINUOUS
10
0.6504203937007874
20
1.1337627165354331
11
0.648699842519685
21
1.1320421653543307
0
LINE
8
BLACK
6
CONTINUOUS
10
0.648699842519685
20
1.1320421653543307
11
0.6462965748031496
21
1.1316615354330708
0
LINE
8
BLACK
6
CONTINUOUS
10
0.6462965748031496
20
1.1316615354330708
11
0.6441285826771653
21
1.1327662204724409
0
LINE
8
BLACK
6
CONTINUOUS
10
0.6441285826771653
20
1.1327662204724409
11
0.6425359842519685
21
1.1343587795275589
0
LINE
8
BLACK
6
CONTINUOUS
10
0.6425359842519685
20
1.1343587795275589
11
0.6372747637795275
21
1.1361125196850392
0
LINE
8
BLACK
6
CONTINUOUS
10
0.6372747637795275
20
1.1361125196850392
11
0.634053031496063
21
1.1361125196850392
0
LINE
8
BLACK
6
CONTINUOUS
10
0.634053031496063
20
1.1361125196850392
11
0.6287916929133858
21
1.1343587795275589
0
LINE
8
BLACK
6
CONTINUOUS
10
0.6287916929133858
20
1.1343587795275589
11
0.6254012598425197
21
1.1309683070866141
0
LINE
8
BLACK
6
CONTINUOUS
10
0.6254012598425197
20
1.1309683070866141
11
0.6236304724409448
21
1.1274266929133858
0
LINE
8
BLACK
6
CONTINUOUS
10
0.6236304724409448
20
1.1274266929133858
11
0.6216031496062991
21
1.1193174015748031
0
LINE
8
BLACK
6
CONTINUOUS
10
0.6216031496062991
20
1.1193174015748031
11
0.6216031496062991
21
1.1135375196850394
0
LINE
8
BLACK
6
CONTINUOUS
10
0.6216031496062991
20
1.1135375196850394
11
0.6236304724409448
21
1.1054282283464567
0
LINE
8
BLACK
6
CONTINUOUS
10
0.6236304724409448
20
1.1054282283464567
11
0.6254012598425197
21
1.1018866535433072
0
LINE
8
BLACK
6
CONTINUOUS
10
0.6254012598425197
20
1.1018866535433072
11
0.6287916929133858
21
1.0984961811023621
0
LINE
8
BLACK
6
CONTINUOUS
10
0.6287916929133858
20
1.0984961811023621
11
0.634053031496063
21
1.0967424409448818
0
LINE
8
BLACK
6
CONTINUOUS
10
0.634053031496063
20
1.0967424409448818
11
0.6372748031496063
21
1.0967424409448818
0
LINE
8
BLACK
6
CONTINUOUS
10
0.6372748031496063
20
1.0967424409448818
11
0.6425360236220472
21
1.0984962204724409
0
LINE
8
BLACK
6
CONTINUOUS
10
0.6425360236220472
20
1.0984962204724409
11
0.6441285826771653
21
1.1000887007874016
0
LINE
8
BLACK
6
CONTINUOUS
10
0.6441285826771653
20
1.1000887007874016
11
0.6462965748031496
21
1.1011933858267717
0
LINE
8
BLACK
6
CONTINUOUS
10
0.6462965748031496
20
1.1011933858267717
11
0.648699842519685
21
1.1008127559055119
0
LINE
8
BLACK
6
CONTINUOUS
10
0.648699842519685
20
1.1008127559055119
11
0.6504203937007874
21
1.0990922047244094
0
LINE
8
BLACK
6
CONTINUOUS
10
0.6504203937007874
20
1.0990922047244094
11
0.6508010236220473
21
1.0966889370078741
0
LINE
8
BLACK
6
CONTINUOUS
10
0.6508010236220473
20
1.0966889370078741
11
0.6496963385826772
21
1.0945209448818898
0
LINE
8
BLACK
6
CONTINUOUS
10
0.6496963385826772
20
1.0945209448818898
11
0.6474466535433071
21
1.092271220472441
0
LINE
8
BLACK
6
CONTINUOUS
10
0.6474466535433071
20
1.092271220472441
11
0.6466379133858268
21
1.0918591732283465
0
LINE
8
BLACK
6
CONTINUOUS
10
0.6466379133858268
20
1.0918591732283465
11
0.6459077559055117
21
1.0913201574803149
0
LINE
8
BLACK
6
CONTINUOUS
10
0.6459077559055117
20
1.0913201574803149
11
0.6391585826771653
21
1.0890704724409448
0
LINE
8
BLACK
6
CONTINUOUS
10
0.6391585826771653
20
1.0890704724409448
11
0.6385205118110236
21
1.0890656299212598
0
LINE
8
BLACK
6
CONTINUOUS
10
0.6385205118110236
20
1.0890656299212598
11
0.6379136220472441
21
1.0888684251968503
0
LINE
8
BLACK
6
CONTINUOUS
10
0.6379136220472441
20
1.0888684251968503
11
0.6334141732283465
21
1.0888684251968503
0
LINE
8
BLACK
6
CONTINUOUS
10
0.6334141732283465
20
1.0888684251968503
11
0.6328073228346457
21
1.089065590551181
0
LINE
8
BLACK
6
CONTINUOUS
10
0.6328073228346457
20
1.089065590551181
11
0.6321692125984252
21
1.089070433070866
0
LINE
8
BLACK
6
CONTINUOUS
10
0.6321692125984252
20
1.089070433070866
11
0.6254200393700787
21
1.0913201574803149
0
LINE
8
BLACK
6
CONTINUOUS
10
0.6254200393700787
20
1.0913201574803149
11
0.6246898031496063
21
1.0918592125984252
0
LINE
8
BLACK
6
CONTINUOUS
10
0.6246898031496063
20
1.0918592125984252
11
0.6238811023622047
21
1.0922712598425197
0
LINE
8
BLACK
6
CONTINUOUS
10
0.6238811023622047
20
1.0922712598425197
11
0.6193816929133859
21
1.0967707086614173
0
LINE
8
BLACK
6
CONTINUOUS
10
0.6193816929133859
20
1.0967707086614173
11
0.6190920078740157
21
1.0973392125984252
0
LINE
8
BLACK
6
CONTINUOUS
10
0.6190920078740157
20
1.0973392125984252
11
0.6186442125984252
21
1.0977938582677165
0
LINE
8
BLACK
6
CONTINUOUS
10
0.6186442125984252
20
1.0977938582677165
11
0.6163944881889764
21
1.1022933464566929
0
LINE
8
BLACK
6
CONTINUOUS
10
0.6163944881889764
20
1.1022933464566929
11
0.6163291338582677
21
1.1027272440944882
0
LINE
8
BLACK
6
CONTINUOUS
10
0.6163291338582677
20
1.1027272440944882
11
0.6160964173228346
21
1.1030991338582676
0
LINE
8
BLACK
6
CONTINUOUS
10
0.6160964173228346
20
1.1030991338582676
11
0.6138466929133858
21
1.1120979921259841
0
LINE
8
BLACK
6
CONTINUOUS
10
0.6138466929133858
20
1.1120979921259841
11
0.6138805511811023
21
1.1125868503937009
0
LINE
8
BLACK
6
CONTINUOUS
10
0.6138805511811023
20
1.1125868503937009
11
0.6137291338582677
21
1.1130528740157479
0
LINE
8
BLACK
6
CONTINUOUS
10
0.6137291338582677
20
1.1130528740157479
11
0.6137291338582677
21
1.1198020472440944
0
LINE
8
BLACK
6
CONTINUOUS
10
0.6137291338582677
20
1.1198020472440944
11
0.6138805511811023
21
1.1202681102362204
0
LINE
8
BLACK
6
CONTINUOUS
10
0.6138805511811023
20
1.1202681102362204
11
0.6138466929133858
21
1.1207569291338582
0
LINE
8
BLACK
6
CONTINUOUS
10
0.6138466929133858
20
1.1207569291338582
11
0.6160964173228346
21
1.1297557874015747
0
LINE
8
BLACK
6
CONTINUOUS
10
0.6160964173228346
20
1.1297557874015747
11
0.6163291338582677
21
1.1301277165354331
0
LINE
8
BLACK
6
CONTINUOUS
10
0.6163291338582677
20
1.1301277165354331
11
0.6163944881889764
21
1.1305615748031497
0
LINE
8
BLACK
6
CONTINUOUS
10
0.6163944881889764
20
1.1305615748031497
11
0.6186442125984252
21
1.1350610629921261
0
LINE
8
BLACK
6
CONTINUOUS
10
0.6186442125984252
20
1.1350610629921261
11
0.6190920078740157
21
1.1355157480314961
0
LINE
8
BLACK
6
CONTINUOUS
10
0.6190920078740157
20
1.1355157480314961
11
0.6193816929133859
21
1.1360842125984252
0
LINE
8
BLACK
6
CONTINUOUS
10
0.6193816929133859
20
1.1360842125984252
11
0.6238811023622047
21
1.1405836614173228
0
LINE
8
BLACK
6
CONTINUOUS
10
0.6238811023622047
20
1.1405836614173228
11
0.6246897244094488
21
1.1409957086614173
0
LINE
8
BLACK
6
CONTINUOUS
10
0.6246897244094488
20
1.1409957086614173
11
0.62542
21
1.1415347637795275
0
LINE
8
BLACK
6
CONTINUOUS
10
0.62542
20
1.1415347637795275
11
0.6321691732283464
21
1.1437844881889763
0
LINE
8
BLACK
6
CONTINUOUS
10
0.6321691732283464
20
1.1437844881889763
11
0.6328072440944882
21
1.14378937007874
0
LINE
8
BLACK
6
CONTINUOUS
10
0.6328072440944882
20
1.14378937007874
11
0.6334141732283465
21
1.1439865354330709
0
LINE
8
BLACK
6
CONTINUOUS
10
0.6334141732283465
20
1.1439865354330709
11
0.6379136220472441
21
1.1439865354330709
0
LINE
8
BLACK
6
CONTINUOUS
10
0.6379136220472441
20
1.1439865354330709
11
0.6385205118110236
21
1.14378937007874
0
LINE
8
BLACK
6
CONTINUOUS
10
1.0282842913385826
20
1.14378937007874
11
1.0289224015748031
21
1.1437844881889763
0
LINE
8
BLACK
6
CONTINUOUS
10
1.0289224015748031
20
1.1437844881889763
11
1.0356715354330708
21
1.1415347637795275
0
LINE
8
BLACK
6
CONTINUOUS
10
1.0356715354330708
20
1.1415347637795275
11
1.0364016929133859
21
1.1409957874015748
0
LINE
8
BLACK
6
CONTINUOUS
10
1.0364016929133859
20
1.1409957874015748
11
1.037210433070866
21
1.1405837007874016
0
LINE
8
BLACK
6
CONTINUOUS
10
1.037210433070866
20
1.1405837007874016
11
1.0394601181102361
21
1.1383339763779527
0
LINE
8
BLACK
6
CONTINUOUS
10
1.0394601181102361
20
1.1383339763779527
11
1.0405648031496062
21
1.1361659842519685
0
LINE
8
BLACK
6
CONTINUOUS
10
1.0405648031496062
20
1.1361659842519685
11
1.0401841732283463
21
1.1337627165354331
0
LINE
8
BLACK
6
CONTINUOUS
10
1.0401841732283463
20
1.1337627165354331
11
1.0384636220472441
21
1.1320421653543307
0
LINE
8
BLACK
6
CONTINUOUS
10
1.0384636220472441
20
1.1320421653543307
11
1.0360603543307085
21
1.1316615354330708
0
LINE
8
BLACK
6
CONTINUOUS
10
1.0360603543307085
20
1.1316615354330708
11
1.0338923622047245
21
1.1327662204724409
0
LINE
8
BLACK
6
CONTINUOUS
10
1.0338923622047245
20
1.1327662204724409
11
1.0322997637795275
21
1.1343587795275589
0
LINE
8
BLACK
6
CONTINUOUS
10
1.0322997637795275
20
1.1343587795275589
11
1.0270385433070865
21
1.1361125196850392
0
LINE
8
BLACK
6
CONTINUOUS
10
1.0270385433070865
20
1.1361125196850392
11
1.0238168110236221
21
1.1361125196850392
0
LINE
8
BLACK
6
CONTINUOUS
10
1.0238168110236221
20
1.1361125196850392
11
1.0185554724409449
21
1.1343587795275589
0
LINE
8
BLACK
6
CONTINUOUS
10
1.0185554724409449
20
1.1343587795275589
11
1.0151650393700786
21
1.1309683070866141
0
LINE
8
BLACK
6
CONTINUOUS
10
1.0151650393700786
20
1.1309683070866141
11
1.013394251968504
21
1.1274266929133858
0
LINE
8
BLACK
6
CONTINUOUS
10
1.013394251968504
20
1.1274266929133858
11
1.0113669291338583
21
1.1193174015748031
0
LINE
8
BLACK
6
CONTINUOUS
10
1.0113669291338583
20
1.1193174015748031
11
1.0113669291338583
21
1.1135375196850394
0
LINE
8
BLACK
6
CONTINUOUS
10
1.0113669291338583
20
1.1135375196850394
11
1.013394251968504
21
1.1054282283464567
0
LINE
8
BLACK
6
CONTINUOUS
10
1.013394251968504
20
1.1054282283464567
11
1.0151650393700786
21
1.1018866535433072
0
LINE
8
BLACK
6
CONTINUOUS
10
1.0151650393700786
20
1.1018866535433072
11
1.0185554724409449
21
1.0984961811023621
0
LINE
8
BLACK
6
CONTINUOUS
10
1.0185554724409449
20
1.0984961811023621
11
1.0238168110236221
21
1.0967424409448818
0
LINE
8
BLACK
6
CONTINUOUS
10
1.0238168110236221
20
1.0967424409448818
11
1.0270385826771653
21
1.0967424409448818
0
LINE
8
BLACK
6
CONTINUOUS
10
1.0270385826771653
20
1.0967424409448818
11
1.0322998031496062
21
1.0984962204724409
0
LINE
8
BLACK
6
CONTINUOUS
10
1.0322998031496062
20
1.0984962204724409
11
1.0338923622047245
21
1.1000887007874016
0
LINE
8
BLACK
6
CONTINUOUS
10
1.0338923622047245
20
1.1000887007874016
11
1.0360603543307085
21
1.1011933858267717
0
LINE
8
BLACK
6
CONTINUOUS
10
1.0360603543307085
20
1.1011933858267717
11
1.0384636220472441
21
1.1008127559055119
0
LINE
8
BLACK
6
CONTINUOUS
10
1.0384636220472441
20
1.1008127559055119
11
1.0401841732283463
21
1.0990922047244094
0
LINE
8
BLACK
6
CONTINUOUS
10
1.0401841732283463
20
1.0990922047244094
11
1.0405648031496062
21
1.0966889370078741
0
LINE
8
BLACK
6
CONTINUOUS
10
1.0405648031496062
20
1.0966889370078741
11
1.0394601181102361
21
1.0945209448818898
0
LINE
8
BLACK
6
CONTINUOUS
10
1.0394601181102361
20
1.0945209448818898
11
1.037210433070866
21
1.092271220472441
0
LINE
8
BLACK
6
CONTINUOUS
10
1.037210433070866
20
1.092271220472441
11
1.0364016929133859
21
1.0918591732283465
0
LINE
8
BLACK
6
CONTINUOUS
10
1.0364016929133859
20
1.0918591732283465
11
1.0356715354330708
21
1.0913201574803149
0
LINE
8
BLACK
6
CONTINUOUS
10
1.0356715354330708
20
1.0913201574803149
11
1.0289223622047243
21
1.0890704724409448
0
LINE
8
BLACK
6
CONTINUOUS
10
1.0289223622047243
20
1.0890704724409448
11
1.0282842913385826
21
1.0890656299212598
0
LINE
8
BLACK
6
CONTINUOUS
10
1.0282842913385826
20
1.0890656299212598
11
1.0276774015748031
21
1.0888684251968503
0
LINE
8
BLACK
6
CONTINUOUS
10
1.0276774015748031
20
1.0888684251968503
11
1.0231779527559055
21
1.0888684251968503
0
LINE
8
BLACK
6
CONTINUOUS
10
1.0231779527559055
20
1.0888684251968503
11
1.0225711023622046
21
1.089065590551181
0
LINE
8
BLACK
6
CONTINUOUS
10
1.0225711023622046
20
1.089065590551181
11
1.0219329921259843
21
1.089070433070866
0
LINE
8
BLACK
6
CONTINUOUS
10
1.0219329921259843
20
1.089070433070866
11
1.0151838188976379
21
1.0913201574803149
0
LINE
8
BLACK
6
CONTINUOUS
10
1.0151838188976379
20
1.0913201574803149
11
1.0144535826771652
21
1.0918592125984252
0
LINE
8
BLACK
6
CONTINUOUS
10
1.0144535826771652
20
1.0918592125984252
11
1.0136448818897636
21
1.0922712598425197
0
LINE
8
BLACK
6
CONTINUOUS
10
1.0136448818897636
20
1.0922712598425197
11
1.0091454724409448
21
1.0967707086614173
0
LINE
8
BLACK
6
CONTINUOUS
10
1.0091454724409448
20
1.0967707086614173
11
1.0088557874015749
21
1.0973392125984252
0
LINE
8
BLACK
6
CONTINUOUS
10
1.0088557874015749
20
1.0973392125984252
11
1.0084079921259843
21
1.0977938582677165
0
LINE
8
BLACK
6
CONTINUOUS
10
1.0084079921259843
20
1.0977938582677165
11
1.0061582677165355
21
1.1022933464566929
0
LINE
8
BLACK
6
CONTINUOUS
10
1.0061582677165355
20
1.1022933464566929
11
1.0060929133858267
21
1.1027272440944882
0
LINE
8
BLACK
6
CONTINUOUS
10
1.0060929133858267
20
1.1027272440944882
11
1.0058601968503937
21
1.1030991338582676
0
LINE
8
BLACK
6
CONTINUOUS
10
1.0058601968503937
20
1.1030991338582676
11
1.0036104724409449
21
1.1120979921259841
0
LINE
8
BLACK
6
CONTINUOUS
10
1.0036104724409449
20
1.1120979921259841
11
1.0036443307086613
21
1.1125868503937009
0
LINE
8
BLACK
6
CONTINUOUS
10
1.0036443307086613
20
1.1125868503937009
11
1.0034929133858268
21
1.1130528740157479
0
LINE
8
BLACK
6
CONTINUOUS
10
1.0034929133858268
20
1.1130528740157479
11
1.0034929133858268
21
1.1198020472440944
0
LINE
8
BLACK
6
CONTINUOUS
10
1.0034929133858268
20
1.1198020472440944
11
1.0036443307086613
21
1.1202681102362204
0
LINE
8
BLACK
6
CONTINUOUS
10
1.0036443307086613
20
1.1202681102362204
11
1.0036104724409449
21
1.1207569291338582
0
LINE
8
BLACK
6
CONTINUOUS
10
1.0036104724409449
20
1.1207569291338582
11
1.0058601968503937
21
1.1297557874015747
0
LINE
8
BLACK
6
CONTINUOUS
10
1.0058601968503937
20
1.1297557874015747
11
1.0060929133858267
21
1.1301277165354331
0
LINE
8
BLACK
6
CONTINUOUS
10
1.0060929133858267
20
1.1301277165354331
11
1.0061582677165355
21
1.1305615748031497
0
LINE
8
BLACK
6
CONTINUOUS
10
1.0061582677165355
20
1.1305615748031497
11
1.0084079921259843
21
1.1350610629921261
0
LINE
8
BLACK
6
CONTINUOUS
10
1.0084079921259843
20
1.1350610629921261
11
1.0088557874015749
21
1.1355157480314961
0
LINE
8
BLACK
6
CONTINUOUS
10
1.0088557874015749
20
1.1355157480314961
11
1.0091454724409448
21
1.1360842125984252
0
LINE
8
BLACK
6
CONTINUOUS
10
1.0091454724409448
20
1.1360842125984252
11
1.0136448818897636
21
1.1405836614173228
0
LINE
8
BLACK
6
CONTINUOUS
10
1.0136448818897636
20
1.1405836614173228
11
1.0144535039370079
21
1.1409957086614173
0
LINE
8
BLACK
6
CONTINUOUS
10
1.0144535039370079
20
1.1409957086614173
11
1.0151837795275591
21
1.1415347637795275
0
LINE
8
BLACK
6
CONTINUOUS
10
1.0151837795275591
20
1.1415347637795275
11
1.0219329527559056
21
1.1437844881889763
0
LINE
8
BLACK
6
CONTINUOUS
10
1.0219329527559056
20
1.1437844881889763
11
1.0225710236220473
21
1.14378937007874
0
LINE
8
BLACK
6
CONTINUOUS
10
1.0225710236220473
20
1.14378937007874
11
1.0231779527559055
21
1.1439865354330709
0
LINE
8
BLACK
6
CONTINUOUS
10
1.0231779527559055
20
1.1439865354330709
11
1.0276774015748031
21
1.1439865354330709
0
LINE
8
BLACK
6
CONTINUOUS
10
1.0276774015748031
20
1.1439865354330709
11
1.0282842913385826
21
1.14378937007874
0
LINE
8
BLACK
6
CONTINUOUS
10
1.0755283858267717
20
1.14378937007874
11
1.0761664960629922
21
1.1437844881889763
0
LINE
8
BLACK
6
CONTINUOUS
10
1.0761664960629922
20
1.1437844881889763
11
1.0829156299212599
21
1.1415347637795275
0
LINE
8
BLACK
6
CONTINUOUS
10
1.0829156299212599
20
1.1415347637795275
11
1.0836457874015748
21
1.1409957874015748
0
LINE
8
BLACK
6
CONTINUOUS
10
1.0836457874015748
20
1.1409957874015748
11
1.0844545275590551
21
1.1405837007874016
0
LINE
8
BLACK
6
CONTINUOUS
10
1.0844545275590551
20
1.1405837007874016
11
1.0867042125984252
21
1.1383339763779527
0
LINE
8
BLACK
6
CONTINUOUS
10
1.0867042125984252
20
1.1383339763779527
11
1.0878088976377953
21
1.1361659842519685
0
LINE
8
BLACK
6
CONTINUOUS
10
1.0878088976377953
20
1.1361659842519685
11
1.0874282677165354
21
1.1337627165354331
0
LINE
8
BLACK
6
CONTINUOUS
10
1.0874282677165354
20
1.1337627165354331
11
1.085707716535433
21
1.1320421653543307
0
LINE
8
BLACK
6
CONTINUOUS
10
1.085707716535433
20
1.1320421653543307
11
1.0833044488188976
21
1.1316615354330708
0
LINE
8
BLACK
6
CONTINUOUS
10
1.0833044488188976
20
1.1316615354330708
11
1.0811364566929134
21
1.1327662204724409
0
LINE
8
BLACK
6
CONTINUOUS
10
1.0811364566929134
20
1.1327662204724409
11
1.0795438582677166
21
1.1343587795275589
0
LINE
8
BLACK
6
CONTINUOUS
10
1.0795438582677166
20
1.1343587795275589
11
1.0742826377952757
21
1.1361125196850392
0
LINE
8
BLACK
6
CONTINUOUS
10
1.0742826377952757
20
1.1361125196850392
11
1.071060905511811
21
1.1361125196850392
0
LINE
8
BLACK
6
CONTINUOUS
10
1.071060905511811
20
1.1361125196850392
11
1.0657995669291338
21
1.1343587795275589
0
LINE
8
BLACK
6
CONTINUOUS
10
1.0657995669291338
20
1.1343587795275589
11
1.0624091338582677
21
1.1309683070866141
0
LINE
8
BLACK
6
CONTINUOUS
10
1.0624091338582677
20
1.1309683070866141
11
1.0606383464566929
21
1.1274266929133858
0
LINE
8
BLACK
6
CONTINUOUS
10
1.0606383464566929
20
1.1274266929133858
11
1.0586110236220472
21
1.1193174015748031
0
LINE
8
BLACK
6
CONTINUOUS
10
1.0586110236220472
20
1.1193174015748031
11
1.0586110236220472
21
1.1135375196850394
0
LINE
8
BLACK
6
CONTINUOUS
10
1.0586110236220472
20
1.1135375196850394
11
1.0606383464566929
21
1.1054282283464567
0
LINE
8
BLACK
6
CONTINUOUS
10
1.0606383464566929
20
1.1054282283464567
11
1.0624091338582677
21
1.1018866535433072
0
LINE
8
BLACK
6
CONTINUOUS
10
1.0624091338582677
20
1.1018866535433072
11
1.0657995669291338
21
1.0984961811023621
0
LINE
8
BLACK
6
CONTINUOUS
10
1.0657995669291338
20
1.0984961811023621
11
1.071060905511811
21
1.0967424409448818
0
LINE
8
BLACK
6
CONTINUOUS
10
1.071060905511811
20
1.0967424409448818
11
1.0742826771653544
21
1.0967424409448818
0
LINE
8
BLACK
6
CONTINUOUS
10
1.0742826771653544
20
1.0967424409448818
11
1.0795438976377953
21
1.0984962204724409
0
LINE
8
BLACK
6
CONTINUOUS
10
1.0795438976377953
20
1.0984962204724409
11
1.0811364566929134
21
1.1000887007874016
0
LINE
8
BLACK
6
CONTINUOUS
10
1.0811364566929134
20
1.1000887007874016
11
1.0833044488188976
21
1.1011933858267717
0
LINE
8
BLACK
6
CONTINUOUS
10
1.0833044488188976
20
1.1011933858267717
11
1.085707716535433
21
1.1008127559055119
0
LINE
8
BLACK
6
CONTINUOUS
10
1.085707716535433
20
1.1008127559055119
11
1.0874282677165354
21
1.0990922047244094
0
LINE
8
BLACK
6
CONTINUOUS
10
1.0874282677165354
20
1.0990922047244094
11
1.0878088976377953
21
1.0966889370078741
0
LINE
8
BLACK
6
CONTINUOUS
10
1.0878088976377953
20
1.0966889370078741
11
1.0867042125984252
21
1.0945209448818898
0
LINE
8
BLACK
6
CONTINUOUS
10
1.0867042125984252
20
1.0945209448818898
11
1.0844545275590551
21
1.092271220472441
0
LINE
8
BLACK
6
CONTINUOUS
10
1.0844545275590551
20
1.092271220472441
11
1.0836457874015748
21
1.0918591732283465
0
LINE
8
BLACK
6
CONTINUOUS
10
1.0836457874015748
20
1.0918591732283465
11
1.0829156299212599
21
1.0913201574803149
0
LINE
8
BLACK
6
CONTINUOUS
10
1.0829156299212599
20
1.0913201574803149
11
1.0761664566929134
21
1.0890704724409448
0
LINE
8
BLACK
6
CONTINUOUS
10
1.0761664566929134
20
1.0890704724409448
11
1.0755283858267717
21
1.0890656299212598
0
LINE
8
BLACK
6
CONTINUOUS
10
1.0755283858267717
20
1.0890656299212598
11
1.074921496062992
21
1.0888684251968503
0
LINE
8
BLACK
6
CONTINUOUS
10
1.074921496062992
20
1.0888684251968503
11
1.0704220472440944
21
1.0888684251968503
0
LINE
8
BLACK
6
CONTINUOUS
10
1.0704220472440944
20
1.0888684251968503
11
1.0698151968503937
21
1.089065590551181
0
LINE
8
BLACK
6
CONTINUOUS
10
1.0698151968503937
20
1.089065590551181
11
1.0691770866141732
21
1.089070433070866
0
LINE
8
BLACK
6
CONTINUOUS
10
1.0691770866141732
20
1.089070433070866
11
1.0624279133858268
21
1.0913201574803149
0
LINE
8
BLACK
6
CONTINUOUS
10
1.0624279133858268
20
1.0913201574803149
11
1.0616976771653543
21
1.0918592125984252
0
LINE
8
BLACK
6
CONTINUOUS
10
1.0616976771653543
20
1.0918592125984252
11
1.0608889763779528
21
1.0922712598425197
0
LINE
8
BLACK
6
CONTINUOUS
10
1.0608889763779528
20
1.0922712598425197
11
1.0563895669291339
21
1.0967707086614173
0
LINE
8
BLACK
6
CONTINUOUS
10
1.0563895669291339
20
1.0967707086614173
11
1.0560998818897638
21
1.0973392125984252
0
LINE
8
BLACK
6
CONTINUOUS
10
1.0560998818897638
20
1.0973392125984252
11
1.0556520866141732
21
1.0977938582677165
0
LINE
8
BLACK
6
CONTINUOUS
10
1.0556520866141732
20
1.0977938582677165
11
1.0534023622047244
21
1.1022933464566929
0
LINE
8
BLACK
6
CONTINUOUS
10
1.0534023622047244
20
1.1022933464566929
11
1.0533370078740156
21
1.1027272440944882
0
LINE
8
BLACK
6
CONTINUOUS
10
1.0533370078740156
20
1.1027272440944882
11
1.0531042913385826
21
1.1030991338582676
0
LINE
8
BLACK
6
CONTINUOUS
10
1.0531042913385826
20
1.1030991338582676
11
1.0508545669291338
21
1.1120979921259841
0
LINE
8
BLACK
6
CONTINUOUS
10
1.0508545669291338
20
1.1120979921259841
11
1.0508884251968504
21
1.1125868503937009
0
LINE
8
BLACK
6
CONTINUOUS
10
1.0508884251968504
20
1.1125868503937009
11
1.0507370078740157
21
1.1130528740157479
0
LINE
8
BLACK
6
CONTINUOUS
10
1.0507370078740157
20
1.1130528740157479
11
1.0507370078740157
21
1.1198020472440944
0
LINE
8
BLACK
6
CONTINUOUS
10
1.0507370078740157
20
1.1198020472440944
11
1.0508884251968504
21
1.1202681102362204
0
LINE
8
BLACK
6
CONTINUOUS
10
1.0508884251968504
20
1.1202681102362204
11
1.0508545669291338
21
1.1207569291338582
0
LINE
8
BLACK
6
CONTINUOUS
10
1.0508545669291338
20
1.1207569291338582
11
1.0531042913385826
21
1.1297557874015747
0
LINE
8
BLACK
6
CONTINUOUS
10
1.0531042913385826
20
1.1297557874015747
11
1.0533370078740156
21
1.1301277165354331
0
LINE
8
BLACK
6
CONTINUOUS
10
1.0533370078740156
20
1.1301277165354331
11
1.0534023622047244
21
1.1305615748031497
0
LINE
8
BLACK
6
CONTINUOUS
10
1.0534023622047244
20
1.1305615748031497
11
1.0556520866141732
21
1.1350610629921261
0
LINE
8
BLACK
6
CONTINUOUS
10
1.0556520866141732
20
1.1350610629921261
11
1.0560998818897638
21
1.1355157480314961
0
LINE
8
BLACK
6
CONTINUOUS
10
1.0560998818897638
20
1.1355157480314961
11
1.0563895669291339
21
1.1360842125984252
0
LINE
8
BLACK
6
CONTINUOUS
10
1.0563895669291339
20
1.1360842125984252
11
1.0608889763779528
21
1.1405836614173228
0
LINE
8
BLACK
6
CONTINUOUS
10
1.0608889763779528
20
1.1405836614173228
11
1.0616975984251968
21
1.1409957086614173
0
LINE
8
BLACK
6
CONTINUOUS
10
1.0616975984251968
20
1.1409957086614173
11
1.062427874015748
21
1.1415347637795275
0
LINE
8
BLACK
6
CONTINUOUS
10
1.062427874015748
20
1.1415347637795275
11
1.0691770472440945
21
1.1437844881889763
0
LINE
8
BLACK
6
CONTINUOUS
10
1.0691770472440945
20
1.1437844881889763
11
1.0698151181102362
21
1.14378937007874
0
LINE
8
BLACK
6
CONTINUOUS
10
1.0698151181102362
20
1.14378937007874
11
1.0704220472440944
21
1.1439865354330709
0
LINE
8
BLACK
6
CONTINUOUS
10
1.0704220472440944
20
1.1439865354330709
11
1.074921496062992
21
1.1439865354330709
0
LINE
8
BLACK
6
CONTINUOUS
10
1.074921496062992
20
1.1439865354330709
11
1.0755283858267717
21
1.14378937007874
0
LINE
8
BLACK
6
CONTINUOUS
10
0.5277175590551181
20
1.1432521259842519
11
0.5291626377952756
21
1.1412945275590551
0
LINE
8
BLACK
6
CONTINUOUS
10
0.5291626377952756
20
1.1412945275590551
11
0.5411757086614173
21
1.1052553149606299
0
LINE
8
BLACK
6
CONTINUOUS
10
0.5411757086614173
20
1.1052553149606299
11
0.5531887795275591
21
1.1412945275590551
0
LINE
8
BLACK
6
CONTINUOUS
10
0.5531887795275591
20
1.1412945275590551
11
0.5546338582677165
21
1.1432521259842519
0
LINE
8
BLACK
6
CONTINUOUS
10
0.5546338582677165
20
1.1432521259842519
11
0.5569536220472441
21
1.1439864173228347
0
LINE
8
BLACK
6
CONTINUOUS
10
0.5569536220472441
20
1.1439864173228347
11
0.5592619685039369
21
1.1432169685039371
0
LINE
8
BLACK
6
CONTINUOUS
10
0.5592619685039369
20
1.1432169685039371
11
0.5606772047244094
21
1.1412376771653543
0
LINE
8
BLACK
6
CONTINUOUS
10
0.5606772047244094
20
1.1412376771653543
11
0.5606587007874015
21
1.138804527559055
0
LINE
8
BLACK
6
CONTINUOUS
10
0.5606587007874015
20
1.138804527559055
11
0.5449106692913386
21
1.0915604330708661
0
LINE
8
BLACK
6
CONTINUOUS
10
0.5449106692913386
20
1.0915604330708661
11
0.5442050393700787
21
1.0906046062992125
0
LINE
8
BLACK
6
CONTINUOUS
10
0.5442050393700787
20
1.0906046062992125
11
0.543513937007874
21
1.0896379921259842
0
LINE
8
BLACK
6
CONTINUOUS
10
0.543513937007874
20
1.0896379921259842
11
0.5434842125984252
21
1.0896281102362204
0
LINE
8
BLACK
6
CONTINUOUS
10
0.5434842125984252
20
1.0896281102362204
11
0.543465590551181
21
1.0896028346456692
0
LINE
8
BLACK
6
CONTINUOUS
10
0.543465590551181
20
1.0896028346456692
11
0.5423307086614173
21
1.0892436220472441
0
LINE
8
BLACK
6
CONTINUOUS
10
0.5423307086614173
20
1.0892436220472441
11
0.5412055905511811
21
1.0888685433070866
0
LINE
8
BLACK
6
CONTINUOUS
10
0.5412055905511811
20
1.0888685433070866
11
0.541175748031496
21
1.0888779921259841
0
LINE
8
BLACK
6
CONTINUOUS
10
0.541175748031496
20
1.0888779921259841
11
0.5411458267716536
21
1.0888685039370078
0
LINE
8
BLACK
6
CONTINUOUS
10
0.5411458267716536
20
1.0888685039370078
11
0.5400183070866141
21
1.0892443700787402
0
LINE
8
BLACK
6
CONTINUOUS
10
0.5400183070866141
20
1.0892443700787402
11
0.5388858267716535
21
1.0896028346456692
0
LINE
8
BLACK
6
CONTINUOUS
10
0.5388858267716535
20
1.0896028346456692
11
0.5388671653543307
21
1.0896281102362204
0
LINE
8
BLACK
6
CONTINUOUS
10
0.5388671653543307
20
1.0896281102362204
11
0.5388374803149606
21
1.0896379921259842
0
LINE
8
BLACK
6
CONTINUOUS
10
0.5388374803149606
20
1.0896379921259842
11
0.5381463385826771
21
1.0906046062992125
0
LINE
8
BLACK
6
CONTINUOUS
10
0.5381463385826771
20
1.0906046062992125
11
0.537440748031496
21
1.0915604330708661
0
LINE
8
BLACK
6
CONTINUOUS
10
0.537440748031496
20
1.0915604330708661
11
0.521692716535433
21
1.138804527559055
0
LINE
8
BLACK
6
CONTINUOUS
10
0.521692716535433
20
1.138804527559055
11
0.5216742125984252
21
1.1412376771653543
0
LINE
8
BLACK
6
CONTINUOUS
10
0.5216742125984252
20
1.1412376771653543
11
0.5230894488188976
21
1.1432169685039371
0
LINE
8
BLACK
6
CONTINUOUS
10
0.5230894488188976
20
1.1432169685039371
11
0.5253977952755905
21
1.1439864566929134
0
LINE
8
BLACK
6
CONTINUOUS
10
0.5253977952755905
20
1.1439864566929134
11
0.5277175590551181
21
1.1432521259842519
0
LINE
8
BLACK
6
CONTINUOUS
10
0.9647254330708661
20
1.1432521259842519
11
0.9661705118110236
21
1.1412945275590551
0
LINE
8
BLACK
6
CONTINUOUS
10
0.9661705118110236
20
1.1412945275590551
11
0.9781835826771653
21
1.1052553149606299
0
LINE
8
BLACK
6
CONTINUOUS
10
0.9781835826771653
20
1.1052553149606299
11
0.9901966535433071
21
1.1412945275590551
0
LINE
8
BLACK
6
CONTINUOUS
10
0.9901966535433071
20
1.1412945275590551
11
0.9916417322834645
21
1.1432521259842519
0
LINE
8
BLACK
6
CONTINUOUS
10
0.9916417322834645
20
1.1432521259842519
11
0.9939614960629921
21
1.1439864173228347
0
LINE
8
BLACK
6
CONTINUOUS
10
0.9939614960629921
20
1.1439864173228347
11
0.996269842519685
21
1.1432169685039371
0
LINE
8
BLACK
6
CONTINUOUS
10
0.996269842519685
20
1.1432169685039371
11
0.9976850787401574
21
1.1412376771653543
0
LINE
8
BLACK
6
CONTINUOUS
10
0.9976850787401574
20
1.1412376771653543
11
0.9976665748031496
21
1.138804527559055
0
LINE
8
BLACK
6
CONTINUOUS
10
0.9976665748031496
20
1.138804527559055
11
0.9819185433070866
21
1.0915604330708661
0
LINE
8
BLACK
6
CONTINUOUS
10
0.9819185433070866
20
1.0915604330708661
11
0.9812129133858267
21
1.0906046062992125
0
LINE
8
BLACK
6
CONTINUOUS
10
0.9812129133858267
20
1.0906046062992125
11
0.980521811023622
21
1.0896379921259842
0
LINE
8
BLACK
6
CONTINUOUS
10
0.980521811023622
20
1.0896379921259842
11
0.9804920866141732
21
1.0896281102362204
0
LINE
8
BLACK
6
CONTINUOUS
10
0.9804920866141732
20
1.0896281102362204
11
0.9804734645669291
21
1.0896028346456692
0
LINE
8
BLACK
6
CONTINUOUS
10
0.9804734645669291
20
1.0896028346456692
11
0.9793385826771653
21
1.0892436220472441
0
LINE
8
BLACK
6
CONTINUOUS
10
0.9793385826771653
20
1.0892436220472441
11
0.9782134645669291
21
1.0888685433070866
0
LINE
8
BLACK
6
CONTINUOUS
10
0.9782134645669291
20
1.0888685433070866
11
0.9781836220472441
21
1.0888779921259841
0
LINE
8
BLACK
6
CONTINUOUS
10
0.9781836220472441
20
1.0888779921259841
11
0.9781537007874016
21
1.0888685039370078
0
LINE
8
BLACK
6
CONTINUOUS
10
0.9781537007874016
20
1.0888685039370078
11
0.9770261811023622
21
1.0892443700787402
0
LINE
8
BLACK
6
CONTINUOUS
10
0.9770261811023622
20
1.0892443700787402
11
0.9758937007874016
21
1.0896028346456692
0
LINE
8
BLACK
6
CONTINUOUS
10
0.9758937007874016
20
1.0896028346456692
11
0.9758750393700787
21
1.0896281102362204
0
LINE
8
BLACK
6
CONTINUOUS
10
0.9758750393700787
20
1.0896281102362204
11
0.9758453543307086
21
1.0896379921259842
0
LINE
8
BLACK
6
CONTINUOUS
10
0.9758453543307086
20
1.0896379921259842
11
0.9751542125984252
21
1.0906046062992125
0
LINE
8
BLACK
6
CONTINUOUS
10
0.9751542125984252
20
1.0906046062992125
11
0.974448622047244
21
1.0915604330708661
0
LINE
8
BLACK
6
CONTINUOUS
10
0.974448622047244
20
1.0915604330708661
11
0.9587005905511811
21
1.138804527559055
0
LINE
8
BLACK
6
CONTINUOUS
10
0.9587005905511811
20
1.138804527559055
11
0.9586820866141732
21
1.1412376771653543
0
LINE
8
BLACK
6
CONTINUOUS
10
0.9586820866141732
20
1.1412376771653543
11
0.9600973228346457
21
1.1432169685039371
0
LINE
8
BLACK
6
CONTINUOUS
10
0.9600973228346457
20
1.1432169685039371
11
0.9624056692913385
21
1.1439864566929134
0
LINE
8
BLACK
6
CONTINUOUS
10
0.9624056692913385
20
1.1439864566929134
11
0.9647254330708661
21
1.1432521259842519
0
LINE
8
BLACK
6
CONTINUOUS
10
0.8527078346456692
20
1.1527914173228346
11
0.8541380314960629
21
1.1508229133858268
0
LINE
8
BLACK
6
CONTINUOUS
10
0.8541380314960629
20
1.1508229133858268
11
0.8541380314960629
21
1.14838968503937
0
LINE
8
BLACK
6
CONTINUOUS
10
0.8541380314960629
20
1.14838968503937
11
0.8527078346456692
21
1.1464211811023621
0
LINE
8
BLACK
6
CONTINUOUS
10
0.8527078346456692
20
1.1464211811023621
11
0.8503937007874015
21
1.1456692913385826
0
LINE
8
BLACK
6
CONTINUOUS
10
0.8503937007874015
20
1.1456692913385826
11
0.84251968503937
21
1.1456692913385826
0
LINE
8
BLACK
6
CONTINUOUS
10
0.84251968503937
20
1.1456692913385826
11
0.8402055511811023
21
1.1464211811023621
0
LINE
8
BLACK
6
CONTINUOUS
10
0.8402055511811023
20
1.1464211811023621
11
0.8387753543307086
21
1.14838968503937
0
LINE
8
BLACK
6
CONTINUOUS
10
0.8387753543307086
20
1.14838968503937
11
0.8387753543307086
21
1.1508229133858268
0
LINE
8
BLACK
6
CONTINUOUS
10
0.8387753543307086
20
1.1508229133858268
11
0.8402055511811023
21
1.1527914173228346
0
LINE
8
BLACK
6
CONTINUOUS
10
0.8402055511811023
20
1.1527914173228346
11
0.84251968503937
21
1.1535433070866141
0
LINE
8
BLACK
6
CONTINUOUS
10
0.84251968503937
20
1.1535433070866141
11
0.8503937007874015
21
1.1535433070866141
0
LINE
8
BLACK
6
CONTINUOUS
10
0.8503937007874015
20
1.1535433070866141
11
0.8527078346456692
21
1.1527914173228346
0
LINE
8
BLACK
6
CONTINUOUS
10
0.856644842519685
20
1.1646024409448819
11
0.8580750393700787
21
1.162633937007874
0
LINE
8
BLACK
6
CONTINUOUS
10
0.8580750393700787
20
1.162633937007874
11
0.8580750393700787
21
1.1602007086614172
0
LINE
8
BLACK
6
CONTINUOUS
10
0.8580750393700787
20
1.1602007086614172
11
0.856644842519685
21
1.1582322047244094
0
LINE
8
BLACK
6
CONTINUOUS
10
0.856644842519685
20
1.1582322047244094
11
0.8543307086614172
21
1.1574803149606299
0
LINE
8
BLACK
6
CONTINUOUS
10
0.8543307086614172
20
1.1574803149606299
11
0.8385826771653543
21
1.1574803149606299
0
LINE
8
BLACK
6
CONTINUOUS
10
0.8385826771653543
20
1.1574803149606299
11
0.8362685433070866
21
1.1582322047244094
0
LINE
8
BLACK
6
CONTINUOUS
10
0.8362685433070866
20
1.1582322047244094
11
0.8348383464566929
21
1.1602007086614172
0
LINE
8
BLACK
6
CONTINUOUS
10
0.8348383464566929
20
1.1602007086614172
11
0.8348383464566929
21
1.162633937007874
0
LINE
8
BLACK
6
CONTINUOUS
10
0.8348383464566929
20
1.162633937007874
11
0.8362685433070866
21
1.1646024409448819
0
LINE
8
BLACK
6
CONTINUOUS
10
0.8362685433070866
20
1.1646024409448819
11
0.8385826771653543
21
1.1653543307086613
0
LINE
8
BLACK
6
CONTINUOUS
10
0.8385826771653543
20
1.1653543307086613
11
0.8543307086614172
21
1.1653543307086613
0
LINE
8
BLACK
6
CONTINUOUS
10
0.8543307086614172
20
1.1653543307086613
11
0.856644842519685
21
1.1646024409448819
0
LINE
8
BLACK
6
CONTINUOUS
10
0.7787756692913386
20
1.2345975984251969
11
0.7795275590551181
21
1.2322834645669292
0
LINE
8
BLACK
6
CONTINUOUS
10
0.7795275590551181
20
1.2322834645669292
11
0.7795275590551181
21
1.2125984251968505
0
LINE
8
BLACK
6
CONTINUOUS
10
0.7795275590551181
20
1.2125984251968505
11
0.7787756692913386
21
1.2102842913385827
0
LINE
8
BLACK
6
CONTINUOUS
10
0.7787756692913386
20
1.2102842913385827
11
0.7768071653543307
21
1.2088540944881889
0
LINE
8
BLACK
6
CONTINUOUS
10
0.7768071653543307
20
1.2088540944881889
11
0.774373937007874
21
1.2088540944881889
0
LINE
8
BLACK
6
CONTINUOUS
10
0.774373937007874
20
1.2088540944881889
11
0.7724054330708662
21
1.2102842913385827
0
LINE
8
BLACK
6
CONTINUOUS
10
0.7724054330708662
20
1.2102842913385827
11
0.7716535433070866
21
1.2125984251968505
0
LINE
8
BLACK
6
CONTINUOUS
10
0.7716535433070866
20
1.2125984251968505
11
0.7716535433070866
21
1.2322834645669292
0
LINE
8
BLACK
6
CONTINUOUS
10
0.7716535433070866
20
1.2322834645669292
11
0.7724054330708662
21
1.2345975984251969
0
LINE
8
BLACK
6
CONTINUOUS
10
0.7724054330708662
20
1.2345975984251969
11
0.774373937007874
21
1.2360277952755905
0
LINE
8
BLACK
6
CONTINUOUS
10
0.774373937007874
20
1.2360277952755905
11
0.7768071653543307
21
1.2360277952755905
0
LINE
8
BLACK
6
CONTINUOUS
10
0.7768071653543307
20
1.2360277952755905
11
0.7787756692913386
21
1.2345975984251969
0
LINE
8
BLACK
6
CONTINUOUS
10
0.7886474015748032
20
1.2789392125984251
11
0.7976796062992125
21
1.276770748031496
0
LINE
8
BLACK
6
CONTINUOUS
10
0.7976796062992125
20
1.276770748031496
11
0.8062613779527559
21
1.2732160629921259
0
LINE
8
BLACK
6
CONTINUOUS
10
0.8062613779527559
20
1.2732160629921259
11
0.8141814566929134
21
1.2683626377952755
0
LINE
8
BLACK
6
CONTINUOUS
10
0.8141814566929134
20
1.2683626377952755
11
0.8212447244094488
21
1.26233
0
LINE
8
BLACK
6
CONTINUOUS
10
0.8212447244094488
20
1.26233
11
0.8272773622047244
21
1.2552667322834645
0
LINE
8
BLACK
6
CONTINUOUS
10
0.8272773622047244
20
1.2552667322834645
11
0.8292985039370079
21
1.2519685039370079
0
LINE
8
BLACK
6
CONTINUOUS
10
0.8292985039370079
20
1.2519685039370079
11
0.9094488188976377
21
1.2519685039370079
0
LINE
8
BLACK
6
CONTINUOUS
10
0.9094488188976377
20
1.2519685039370079
11
0.9117629527559055
21
1.2512166141732284
0
LINE
8
BLACK
6
CONTINUOUS
10
0.9117629527559055
20
1.2512166141732284
11
0.9131931496062992
21
1.2492481102362205
0
LINE
8
BLACK
6
CONTINUOUS
10
0.9131931496062992
20
1.2492481102362205
11
0.9131931496062992
21
1.2468148818897637
0
LINE
8
BLACK
6
CONTINUOUS
10
0.9131931496062992
20
1.2468148818897637
11
0.9117629527559055
21
1.2448463779527559
0
LINE
8
BLACK
6
CONTINUOUS
10
0.9117629527559055
20
1.2448463779527559
11
0.9094488188976377
21
1.2440944881889764
0
LINE
8
BLACK
6
CONTINUOUS
10
0.9094488188976377
20
1.2440944881889764
11
0.833477874015748
21
1.2440944881889764
0
LINE
8
BLACK
6
CONTINUOUS
10
0.833477874015748
20
1.2440944881889764
11
0.8356854724409448
21
1.2387648818897639
0
LINE
8
BLACK
6
CONTINUOUS
10
0.8356854724409448
20
1.2387648818897639
11
0.837853937007874
21
1.2297326771653543
0
LINE
8
BLACK
6
CONTINUOUS
10
0.837853937007874
20
1.2297326771653543
11
0.838582716535433
21
1.2204724409448819
0
LINE
8
BLACK
6
CONTINUOUS
10
0.838582716535433
20
1.2204724409448819
11
0.837853937007874
21
1.2112122047244094
0
LINE
8
BLACK
6
CONTINUOUS
10
0.837853937007874
20
1.2112122047244094
11
0.8356854724409448
21
1.20218
0
LINE
8
BLACK
6
CONTINUOUS
10
0.8356854724409448
20
1.20218
11
0.8351086220472441
21
1.200787401574803
0
LINE
8
BLACK
6
CONTINUOUS
10
0.8351086220472441
20
1.200787401574803
11
0.8464566929133858
21
1.200787401574803
0
LINE
8
BLACK
6
CONTINUOUS
10
0.8464566929133858
20
1.200787401574803
11
0.8470497244094488
21
1.2005947244094488
0
LINE
8
BLACK
6
CONTINUOUS
10
0.8470497244094488
20
1.2005947244094488
11
0.8476733070866141
21
1.2005947244094488
0
LINE
8
BLACK
6
CONTINUOUS
10
0.8476733070866141
20
1.2005947244094488
11
0.8481777559055118
21
1.2002282283464567
0
LINE
8
BLACK
6
CONTINUOUS
10
0.8481777559055118
20
1.2002282283464567
11
0.8487708267716535
21
1.2000355118110235
0
LINE
8
BLACK
6
CONTINUOUS
10
0.8487708267716535
20
1.2000355118110235
11
0.8491373228346456
21
1.1995310629921259
0
LINE
8
BLACK
6
CONTINUOUS
10
0.8491373228346456
20
1.1995310629921259
11
0.849641811023622
21
1.199164527559055
0
LINE
8
BLACK
6
CONTINUOUS
10
0.849641811023622
20
1.199164527559055
11
0.8498344881889763
21
1.1985714960629921
0
LINE
8
BLACK
6
CONTINUOUS
10
0.8498344881889763
20
1.1985714960629921
11
0.8502010236220472
21
1.1980670078740157
0
LINE
8
BLACK
6
CONTINUOUS
10
0.8502010236220472
20
1.1980670078740157
11
0.8502010236220472
21
1.1974434251968504
0
LINE
8
BLACK
6
CONTINUOUS
10
0.8502010236220472
20
1.1974434251968504
11
0.8503937007874015
21
1.1968503937007873
0
LINE
8
BLACK
6
CONTINUOUS
10
0.8503937007874015
20
1.1968503937007873
11
0.8503937007874015
21
1.1771653543307086
0
LINE
8
BLACK
6
CONTINUOUS
10
0.8503937007874015
20
1.1771653543307086
11
0.8622047244094488
21
1.1771653543307086
0
LINE
8
BLACK
6
CONTINUOUS
10
0.8622047244094488
20
1.1771653543307086
11
0.8645188582677165
21
1.1764134645669291
0
LINE
8
BLACK
6
CONTINUOUS
10
0.8645188582677165
20
1.1764134645669291
11
0.8659490551181103
21
1.1744449606299212
0
LINE
8
BLACK
6
CONTINUOUS
10
0.8659490551181103
20
1.1744449606299212
11
0.8659490551181103
21
1.1720117322834644
0
LINE
8
BLACK
6
CONTINUOUS
10
0.8659490551181103
20
1.1720117322834644
11
0.8645188582677165
21
1.1700432283464566
0
LINE
8
BLACK
6
CONTINUOUS
10
0.8645188582677165
20
1.1700432283464566
11
0.8622047244094488
21
1.1692913385826771
0
LINE
8
BLACK
6
CONTINUOUS
10
0.8622047244094488
20
1.1692913385826771
11
0.8307086614173228
21
1.1692913385826771
0
LINE
8
BLACK
6
CONTINUOUS
10
0.8307086614173228
20
1.1692913385826771
11
0.8283945275590551
21
1.1700432283464566
0
LINE
8
BLACK
6
CONTINUOUS
10
0.8283945275590551
20
1.1700432283464566
11
0.8269643307086614
21
1.1720117322834644
0
LINE
8
BLACK
6
CONTINUOUS
10
0.8269643307086614
20
1.1720117322834644
11
0.8269643307086614
21
1.1744449606299212
0
LINE
8
BLACK
6
CONTINUOUS
10
0.8269643307086614
20
1.1744449606299212
11
0.8283945275590551
21
1.1764134645669291
0
LINE
8
BLACK
6
CONTINUOUS
10
0.8283945275590551
20
1.1764134645669291
11
0.8307086614173228
21
1.1771653543307086
0
LINE
8
BLACK
6
CONTINUOUS
10
0.8307086614173228
20
1.1771653543307086
11
0.84251968503937
21
1.1771653543307086
0
LINE
8
BLACK
6
CONTINUOUS
10
0.84251968503937
20
1.1771653543307086
11
0.84251968503937
21
1.1929133858267715
0
LINE
8
BLACK
6
CONTINUOUS
10
0.84251968503937
20
1.1929133858267715
11
0.8317111023622047
21
1.1929133858267715
0
LINE
8
BLACK
6
CONTINUOUS
10
0.8317111023622047
20
1.1929133858267715
11
0.8272773622047244
21
1.1856781496062991
0
LINE
8
BLACK
6
CONTINUOUS
10
0.8272773622047244
20
1.1856781496062991
11
0.8212447244094488
21
1.1786148818897637
0
LINE
8
BLACK
6
CONTINUOUS
10
0.8212447244094488
20
1.1786148818897637
11
0.8141814566929134
21
1.1725822440944882
0
LINE
8
BLACK
6
CONTINUOUS
10
0.8141814566929134
20
1.1725822440944882
11
0.8062613779527559
21
1.1677288188976378
0
LINE
8
BLACK
6
CONTINUOUS
10
0.8062613779527559
20
1.1677288188976378
11
0.7976796062992125
21
1.1641741338582676
0
LINE
8
BLACK
6
CONTINUOUS
10
0.7976796062992125
20
1.1641741338582676
11
0.7886474015748032
21
1.1620056692913385
0
LINE
8
BLACK
6
CONTINUOUS
10
0.7886474015748032
20
1.1620056692913385
11
0.7793871653543307
21
1.1612768897637795
0
LINE
8
BLACK
6
CONTINUOUS
10
0.7793871653543307
20
1.1612768897637795
11
0.7701269291338583
21
1.1620056692913385
0
LINE
8
BLACK
6
CONTINUOUS
10
0.7701269291338583
20
1.1620056692913385
11
0.7610947244094488
21
1.1641741338582676
0
LINE
8
BLACK
6
CONTINUOUS
10
0.7610947244094488
20
1.1641741338582676
11
0.7525129527559055
21
1.1677288188976378
0
LINE
8
BLACK
6
CONTINUOUS
10
0.7525129527559055
20
1.1677288188976378
11
0.744592874015748
21
1.1725822440944882
0
LINE
8
BLACK
6
CONTINUOUS
10
0.744592874015748
20
1.1725822440944882
11
0.7375296062992126
21
1.1786148818897637
0
LINE
8
BLACK
6
CONTINUOUS
10
0.7375296062992126
20
1.1786148818897637
11
0.731496968503937
21
1.1856781496062991
0
LINE
8
BLACK
6
CONTINUOUS
10
0.731496968503937
20
1.1856781496062991
11
0.7266435433070866
21
1.1935982283464566
0
LINE
8
BLACK
6
CONTINUOUS
10
0.7266435433070866
20
1.1935982283464566
11
0.7236657086614173
21
1.200787401574803
0
LINE
8
BLACK
6
CONTINUOUS
10
0.7236657086614173
20
1.200787401574803
11
0.6417322834645669
21
1.200787401574803
0
LINE
8
BLACK
6
CONTINUOUS
10
0.6417322834645669
20
1.200787401574803
11
0.6394181496062992
21
1.2015392913385827
0
LINE
8
BLACK
6
CONTINUOUS
10
0.6394181496062992
20
1.2015392913385827
11
0.6379879527559055
21
1.2035077952755906
0
LINE
8
BLACK
6
CONTINUOUS
10
0.6379879527559055
20
1.2035077952755906
11
0.6379879527559055
21
1.2059410236220471
0
LINE
8
BLACK
6
CONTINUOUS
10
0.6379879527559055
20
1.2059410236220471
11
0.6394181496062992
21
1.207909527559055
0
LINE
8
BLACK
6
CONTINUOUS
10
0.6394181496062992
20
1.207909527559055
11
0.6417322834645669
21
1.2086614173228347
0
LINE
8
BLACK
6
CONTINUOUS
10
0.6417322834645669
20
1.2086614173228347
11
0.7215327952755906
21
1.2086614173228347
0
LINE
8
BLACK
6
CONTINUOUS
10
0.7215327952755906
20
1.2086614173228347
11
0.7209203937007874
21
1.2112122047244094
0
LINE
8
BLACK
6
CONTINUOUS
10
0.7209203937007874
20
1.2112122047244094
11
0.7201916141732283
21
1.2204724409448819
0
LINE
8
BLACK
6
CONTINUOUS
10
0.7201916141732283
20
1.2204724409448819
11
0.7209203937007874
21
1.2297326771653543
0
LINE
8
BLACK
6
CONTINUOUS
10
0.7209203937007874
20
1.2297326771653543
11
0.7230888582677165
21
1.2387648818897639
0
LINE
8
BLACK
6
CONTINUOUS
10
0.7230888582677165
20
1.2387648818897639
11
0.7266435433070866
21
1.2473466535433071
0
LINE
8
BLACK
6
CONTINUOUS
10
0.7266435433070866
20
1.2473466535433071
11
0.731496968503937
21
1.2552667322834645
0
LINE
8
BLACK
6
CONTINUOUS
10
0.731496968503937
20
1.2552667322834645
11
0.7375296062992126
21
1.26233
0
LINE
8
BLACK
6
CONTINUOUS
10
0.7375296062992126
20
1.26233
11
0.744592874015748
21
1.2683626377952755
0
LINE
8
BLACK
6
CONTINUOUS
10
0.744592874015748
20
1.2683626377952755
11
0.7525129527559055
21
1.2732160629921259
0
LINE
8
BLACK
6
CONTINUOUS
10
0.7525129527559055
20
1.2732160629921259
11
0.7610947244094488
21
1.276770748031496
0
LINE
8
BLACK
6
CONTINUOUS
10
0.7610947244094488
20
1.276770748031496
11
0.7701269291338583
21
1.2789392125984251
0
LINE
8
BLACK
6
CONTINUOUS
10
0.7701269291338583
20
1.2789392125984251
11
0.7793871653543307
21
1.2796679921259841
0
LINE
8
BLACK
6
CONTINUOUS
10
0.7793871653543307
20
1.2796679921259841
11
0.7886474015748032
21
1.2789392125984251
0
LINE
8
BLACK
6
CONTINUOUS
10
0.7286522834645669
20
1.2115264960629921
11
0.7294199606299212
21
1.2086614173228347
0
LINE
8
BLACK
6
CONTINUOUS
10
0.7294199606299212
20
1.2086614173228347
11
0.7559055118110236
21
1.2086614173228347
0
LINE
8
BLACK
6
CONTINUOUS
10
0.7559055118110236
20
1.2086614173228347
11
0.7559055118110236
21
1.2559055118110236
0
LINE
8
BLACK
6
CONTINUOUS
10
0.7559055118110236
20
1.2559055118110236
11
0.7566574015748031
21
1.2582196456692913
0
LINE
8
BLACK
6
CONTINUOUS
10
0.7566574015748031
20
1.2582196456692913
11
0.758625905511811
21
1.2596498425196849
0
LINE
8
BLACK
6
CONTINUOUS
10
0.758625905511811
20
1.2596498425196849
11
0.7610591338582677
21
1.2596498425196849
0
LINE
8
BLACK
6
CONTINUOUS
10
0.7610591338582677
20
1.2596498425196849
11
0.7630276377952756
21
1.2582196456692913
0
LINE
8
BLACK
6
CONTINUOUS
10
0.7630276377952756
20
1.2582196456692913
11
0.7637795275590551
21
1.2559055118110236
0
LINE
8
BLACK
6
CONTINUOUS
10
0.7637795275590551
20
1.2559055118110236
11
0.7637795275590551
21
1.1889763779527558
0
LINE
8
BLACK
6
CONTINUOUS
10
0.7637795275590551
20
1.1889763779527558
11
0.7630276377952756
21
1.1866622440944881
0
LINE
8
BLACK
6
CONTINUOUS
10
0.7630276377952756
20
1.1866622440944881
11
0.7610591338582677
21
1.1852320472440945
0
LINE
8
BLACK
6
CONTINUOUS
10
0.7610591338582677
20
1.1852320472440945
11
0.758625905511811
21
1.1852320472440945
0
LINE
8
BLACK
6
CONTINUOUS
10
0.758625905511811
20
1.1852320472440945
11
0.7566574015748031
21
1.1866622440944881
0
LINE
8
BLACK
6
CONTINUOUS
10
0.7566574015748031
20
1.1866622440944881
11
0.7559055118110236
21
1.1889763779527558
0
LINE
8
BLACK
6
CONTINUOUS
10
0.7559055118110236
20
1.1889763779527558
11
0.7559055118110236
21
1.200787401574803
0
LINE
8
BLACK
6
CONTINUOUS
10
0.7559055118110236
20
1.200787401574803
11
0.7319394094488189
21
1.200787401574803
0
LINE
8
BLACK
6
CONTINUOUS
10
0.7319394094488189
20
1.200787401574803
11
0.7347716535433071
21
1.1947136614173228
0
LINE
8
BLACK
6
CONTINUOUS
10
0.7347716535433071
20
1.1947136614173228
11
0.7399224409448819
21
1.1873575984251967
0
LINE
8
BLACK
6
CONTINUOUS
10
0.7399224409448819
20
1.1873575984251967
11
0.7462723228346456
21
1.1810077165354331
0
LINE
8
BLACK
6
CONTINUOUS
10
0.7462723228346456
20
1.1810077165354331
11
0.7536283858267716
21
1.1758569291338583
0
LINE
8
BLACK
6
CONTINUOUS
10
0.7536283858267716
20
1.1758569291338583
11
0.761767125984252
21
1.1720617716535433
0
LINE
8
BLACK
6
CONTINUOUS
10
0.761767125984252
20
1.1720617716535433
11
0.7704412204724409
21
1.169737559055118
0
LINE
8
BLACK
6
CONTINUOUS
10
0.7704412204724409
20
1.169737559055118
11
0.7793871653543307
21
1.1689548818897637
0
LINE
8
BLACK
6
CONTINUOUS
10
0.7793871653543307
20
1.1689548818897637
11
0.7883331102362204
21
1.169737559055118
0
LINE
8
BLACK
6
CONTINUOUS
10
0.7883331102362204
20
1.169737559055118
11
0.7970072047244094
21
1.1720617716535433
0
LINE
8
BLACK
6
CONTINUOUS
10
0.7970072047244094
20
1.1720617716535433
11
0.8051459448818897
21
1.1758569291338583
0
LINE
8
BLACK
6
CONTINUOUS
10
0.8051459448818897
20
1.1758569291338583
11
0.8125020078740157
21
1.1810077165354331
0
LINE
8
BLACK
6
CONTINUOUS
10
0.8125020078740157
20
1.1810077165354331
11
0.8188518897637795
21
1.1873575984251967
0
LINE
8
BLACK
6
CONTINUOUS
10
0.8188518897637795
20
1.1873575984251967
11
0.822742125984252
21
1.1929133858267715
0
LINE
8
BLACK
6
CONTINUOUS
10
0.822742125984252
20
1.1929133858267715
11
0.7795275590551181
21
1.1929133858267715
0
LINE
8
BLACK
6
CONTINUOUS
10
0.7795275590551181
20
1.1929133858267715
11
0.7795275590551181
21
1.1850393700787401
0
LINE
8
BLACK
6
CONTINUOUS
10
0.7795275590551181
20
1.1850393700787401
11
0.7787756692913386
21
1.1827252362204723
0
LINE
8
BLACK
6
CONTINUOUS
10
0.7787756692913386
20
1.1827252362204723
11
0.7768071653543307
21
1.1812950393700787
0
LINE
8
BLACK
6
CONTINUOUS
10
0.7768071653543307
20
1.1812950393700787
11
0.774373937007874
21
1.1812950393700787
0
LINE
8
BLACK
6
CONTINUOUS
10
0.774373937007874
20
1.1812950393700787
11
0.7724054330708662
21
1.1827252362204723
0
LINE
8
BLACK
6
CONTINUOUS
10
0.7724054330708662
20
1.1827252362204723
11
0.7716535433070866
21
1.1850393700787401
0
LINE
8
BLACK
6
CONTINUOUS
10
0.7716535433070866
20
1.1850393700787401
11
0.7716535433070866
21
1.200787401574803
0
LINE
8
BLACK
6
CONTINUOUS
10
0.7716535433070866
20
1.200787401574803
11
0.7724054330708662
21
1.2031015354330707
0
LINE
8
BLACK
6
CONTINUOUS
10
0.7724054330708662
20
1.2031015354330707
11
0.774373937007874
21
1.2045317322834646
0
LINE
8
BLACK
6
CONTINUOUS
10
0.774373937007874
20
1.2045317322834646
11
0.7768071653543307
21
1.2045317322834646
0
LINE
8
BLACK
6
CONTINUOUS
10
0.7768071653543307
20
1.2045317322834646
11
0.7787756692913386
21
1.2031015354330707
0
LINE
8
BLACK
6
CONTINUOUS
10
0.7787756692913386
20
1.2031015354330707
11
0.7795275590551181
21
1.200787401574803
0
LINE
8
BLACK
6
CONTINUOUS
10
0.7795275590551181
20
1.200787401574803
11
0.8268349212598425
21
1.200787401574803
0
LINE
8
BLACK
6
CONTINUOUS
10
0.8268349212598425
20
1.200787401574803
11
0.8277978346456693
21
1.2028524015748032
0
LINE
8
BLACK
6
CONTINUOUS
10
0.8277978346456693
20
1.2028524015748032
11
0.8301220472440944
21
1.2115264960629921
0
LINE
8
BLACK
6
CONTINUOUS
10
0.8301220472440944
20
1.2115264960629921
11
0.8309047244094488
21
1.2204724409448819
0
LINE
8
BLACK
6
CONTINUOUS
10
0.8309047244094488
20
1.2204724409448819
11
0.8301220472440944
21
1.2294183858267715
0
LINE
8
BLACK
6
CONTINUOUS
10
0.8301220472440944
20
1.2294183858267715
11
0.8277978346456693
21
1.2380924803149607
0
LINE
8
BLACK
6
CONTINUOUS
10
0.8277978346456693
20
1.2380924803149607
11
0.8249990551181102
21
1.2440944881889764
0
LINE
8
BLACK
6
CONTINUOUS
10
0.8249990551181102
20
1.2440944881889764
11
0.7795275590551181
21
1.2440944881889764
0
LINE
8
BLACK
6
CONTINUOUS
10
0.7795275590551181
20
1.2440944881889764
11
0.7787756692913386
21
1.2417803543307087
0
LINE
8
BLACK
6
CONTINUOUS
10
0.7787756692913386
20
1.2417803543307087
11
0.7768071653543307
21
1.2403501574803149
0
LINE
8
BLACK
6
CONTINUOUS
10
0.7768071653543307
20
1.2403501574803149
11
0.774373937007874
21
1.2403501574803149
0
LINE
8
BLACK
6
CONTINUOUS
10
0.774373937007874
20
1.2403501574803149
11
0.7724054330708662
21
1.2417803543307087
0
LINE
8
BLACK
6
CONTINUOUS
10
0.7724054330708662
20
1.2417803543307087
11
0.7716535433070866
21
1.2440944881889764
0
LINE
8
BLACK
6
CONTINUOUS
10
0.7716535433070866
20
1.2440944881889764
11
0.7716535433070866
21
1.2598425196850394
0
LINE
8
BLACK
6
CONTINUOUS
10
0.7716535433070866
20
1.2598425196850394
11
0.7724054330708662
21
1.2621566535433071
0
LINE
8
BLACK
6
CONTINUOUS
10
0.7724054330708662
20
1.2621566535433071
11
0.774373937007874
21
1.2635868503937007
0
LINE
8
BLACK
6
CONTINUOUS
10
0.774373937007874
20
1.2635868503937007
11
0.7768071653543307
21
1.2635868503937007
0
LINE
8
BLACK
6
CONTINUOUS
10
0.7768071653543307
20
1.2635868503937007
11
0.7787756692913386
21
1.2621566535433071
0
LINE
8
BLACK
6
CONTINUOUS
10
0.7787756692913386
20
1.2621566535433071
11
0.7795275590551181
21
1.2598425196850394
0
LINE
8
BLACK
6
CONTINUOUS
10
0.7795275590551181
20
1.2598425196850394
11
0.7795275590551181
21
1.2519685039370079
0
LINE
8
BLACK
6
CONTINUOUS
10
0.7795275590551181
20
1.2519685039370079
11
0.8199853937007874
21
1.2519685039370079
0
LINE
8
BLACK
6
CONTINUOUS
10
0.8199853937007874
20
1.2519685039370079
11
0.8188518897637795
21
1.2535872834645669
0
LINE
8
BLACK
6
CONTINUOUS
10
0.8188518897637795
20
1.2535872834645669
11
0.8125020078740157
21
1.2599371653543308
0
LINE
8
BLACK
6
CONTINUOUS
10
0.8125020078740157
20
1.2599371653543308
11
0.8051459448818897
21
1.2650879527559056
0
LINE
8
BLACK
6
CONTINUOUS
10
0.8051459448818897
20
1.2650879527559056
11
0.7970072047244094
21
1.2688831102362204
0
LINE
8
BLACK
6
CONTINUOUS
10
0.7970072047244094
20
1.2688831102362204
11
0.7883331102362204
21
1.2712073228346457
0
LINE
8
BLACK
6
CONTINUOUS
10
0.7883331102362204
20
1.2712073228346457
11
0.7793871653543307
21
1.27199
0
LINE
8
BLACK
6
CONTINUOUS
10
0.7793871653543307
20
1.27199
11
0.7704412204724409
21
1.2712073228346457
0
LINE
8
BLACK
6
CONTINUOUS
10
0.7704412204724409
20
1.2712073228346457
11
0.761767125984252
21
1.2688831102362204
0
LINE
8
BLACK
6
CONTINUOUS
10
0.761767125984252
20
1.2688831102362204
11
0.7536283858267716
21
1.2650879527559056
0
LINE
8
BLACK
6
CONTINUOUS
10
0.7536283858267716
20
1.2650879527559056
11
0.7462723228346456
21
1.2599371653543308
0
LINE
8
BLACK
6
CONTINUOUS
10
0.7462723228346456
20
1.2599371653543308
11
0.7399224409448819
21
1.2535872834645669
0
LINE
8
BLACK
6
CONTINUOUS
10
0.7399224409448819
20
1.2535872834645669
11
0.7347716535433071
21
1.2462312204724408
0
LINE
8
BLACK
6
CONTINUOUS
10
0.7347716535433071
20
1.2462312204724408
11
0.7309764960629921
21
1.2380924803149607
0
LINE
8
BLACK
6
CONTINUOUS
10
0.7309764960629921
20
1.2380924803149607
11
0.7286522834645669
21
1.2294183858267715
0
LINE
8
BLACK
6
CONTINUOUS
10
0.7286522834645669
20
1.2294183858267715
11
0.7278696062992126
21
1.2204724409448819
0
LINE
8
BLACK
6
CONTINUOUS
10
0.7278696062992126
20
1.2204724409448819
11
0.7286522834645669
21
1.2115264960629921
0
LINE
8
BLACK
6
CONTINUOUS
10
1.1780314960629921
20
1.2180314960629921
11
1.118031496062992
21
1.2180314960629921
0
LINE
8
BLACK
6
CONTINUOUS
10
1.118031496062992
20
1.2180314960629921
11
1.118031496062992
21
1.2780314960629922
0
LINE
8
BLACK
6
CONTINUOUS
10
1.118031496062992
20
1.2780314960629922
11
1.1780314960629921
21
1.2780314960629922
0
LINE
8
BLACK
6
CONTINUOUS
10
1.1780314960629921
20
1.2780314960629922
11
1.1780314960629921
21
1.2180314960629921
0
LINE
8
BLACK
6
CONTINUOUS
10
1.2780314960629922
20
1.2180314960629921
11
1.2180314960629921
21
1.2180314960629921
0
LINE
8
BLACK
6
CONTINUOUS
10
1.2180314960629921
20
1.2180314960629921
11
1.2180314960629921
21
1.2780314960629922
0
LINE
8
BLACK
6
CONTINUOUS
10
1.2180314960629921
20
1.2780314960629922
11
1.2780314960629922
21
1.2780314960629922
0
LINE
8
BLACK
6
CONTINUOUS
10
1.2780314960629922
20
1.2780314960629922
11
1.2780314960629922
21
1.2180314960629921
0
LINE
8
BLACK
6
CONTINUOUS
10
1.1780314960629921
20
1.3180314960629922
11
1.118031496062992
21
1.3180314960629922
0
LINE
8
BLACK
6
CONTINUOUS
10
1.118031496062992
20
1.3180314960629922
11
1.118031496062992
21
1.378031496062992
0
LINE
8
BLACK
6
CONTINUOUS
10
1.118031496062992
20
1.378031496062992
11
1.1780314960629921
21
1.378031496062992
0
LINE
8
BLACK
6
CONTINUOUS
10
1.1780314960629921
20
1.378031496062992
11
1.1780314960629921
21
1.3180314960629922
0
LINE
8
BLACK
6
CONTINUOUS
10
1.2780314960629922
20
1.3180314960629922
11
1.2180314960629921
21
1.3180314960629922
0
LINE
8
BLACK
6
CONTINUOUS
10
1.2180314960629921
20
1.3180314960629922
11
1.2180314960629921
21
1.378031496062992
0
LINE
8
BLACK
6
CONTINUOUS
10
1.2180314960629921
20
1.378031496062992
11
1.2780314960629922
21
1.378031496062992
0
LINE
8
BLACK
6
CONTINUOUS
10
1.2780314960629922
20
1.378031496062992
11
1.2780314960629922
21
1.3180314960629922
0
LINE
8
BLACK
6
CONTINUOUS
10
1.2984149999999999
20
1.4009166535433071
11
1.298544251968504
21
1.4009394094488188
0
LINE
8
BLACK
6
CONTINUOUS
10
1.298544251968504
20
1.4009394094488188
11
1.2986578346456692
21
1.4008738188976377
0
LINE
8
BLACK
6
CONTINUOUS
10
1.2986578346456692
20
1.4008738188976377
11
1.2990414173228346
21
1.4008061811023622
0
LINE
8
BLACK
6
CONTINUOUS
10
1.2990414173228346
20
1.4008061811023622
11
1.299629094488189
21
1.4003130708661418
0
LINE
8
BLACK
6
CONTINUOUS
10
1.299629094488189
20
1.4003130708661418
11
1.3002934251968503
21
1.3999294881889763
0
LINE
8
BLACK
6
CONTINUOUS
10
1.3002934251968503
20
1.3999294881889763
11
1.3003845275590551
21
1.3996791732283465
0
LINE
8
BLACK
6
CONTINUOUS
10
1.3003845275590551
20
1.3996791732283465
11
1.3005886614173228
21
1.3995078740157481
0
LINE
8
BLACK
6
CONTINUOUS
10
1.3005886614173228
20
1.3995078740157481
11
1.3007218897637796
21
1.3987523228346457
0
LINE
8
BLACK
6
CONTINUOUS
10
1.3007218897637796
20
1.3987523228346457
11
1.300984251968504
21
1.398031496062992
0
LINE
8
BLACK
6
CONTINUOUS
10
1.300984251968504
20
1.398031496062992
11
1.300984251968504
21
1.1980314960629921
0
LINE
8
BLACK
6
CONTINUOUS
10
1.300984251968504
20
1.1980314960629921
11
1.3009166141732282
21
1.1976479921259842
0
LINE
8
BLACK
6
CONTINUOUS
10
1.3009166141732282
20
1.1976479921259842
11
1.3009394094488189
21
1.1975187401574803
0
LINE
8
BLACK
6
CONTINUOUS
10
1.3009394094488189
20
1.1975187401574803
11
1.3008737795275591
21
1.1974051574803148
0
LINE
8
BLACK
6
CONTINUOUS
10
1.3008737795275591
20
1.1974051574803148
11
1.3008061811023621
21
1.1970215748031496
0
LINE
8
BLACK
6
CONTINUOUS
10
1.3008061811023621
20
1.1970215748031496
11
1.3003130314960629
21
1.1964338976377953
0
LINE
8
BLACK
6
CONTINUOUS
10
1.3003130314960629
20
1.1964338976377953
11
1.2999294881889762
21
1.1957695669291337
0
LINE
8
BLACK
6
CONTINUOUS
10
1.2999294881889762
20
1.1957695669291337
11
1.2996791338582676
21
1.1956784645669292
0
LINE
8
BLACK
6
CONTINUOUS
10
1.2996791338582676
20
1.1956784645669292
11
1.299507874015748
21
1.1954743307086615
0
LINE
8
BLACK
6
CONTINUOUS
10
1.299507874015748
20
1.1954743307086615
11
1.2987522834645668
21
1.1953411023622047
0
LINE
8
BLACK
6
CONTINUOUS
10
1.2987522834645668
20
1.1953411023622047
11
1.2980314960629922
21
1.1950787401574803
0
LINE
8
BLACK
6
CONTINUOUS
10
1.2980314960629922
20
1.1950787401574803
11
1.098031496062992
21
1.1950787401574803
0
LINE
8
BLACK
6
CONTINUOUS
10
1.098031496062992
20
1.1950787401574803
11
1.0976479527559055
21
1.1951463779527558
0
LINE
8
BLACK
6
CONTINUOUS
10
1.0976479527559055
20
1.1951463779527558
11
1.0975187401574802
21
1.1951235826771653
0
LINE
8
BLACK
6
CONTINUOUS
10
1.0975187401574802
20
1.1951235826771653
11
1.0974051181102362
21
1.1951892125984251
0
LINE
8
BLACK
6
CONTINUOUS
10
1.0974051181102362
20
1.1951892125984251
11
1.0970215748031495
21
1.1952568110236219
0
LINE
8
BLACK
6
CONTINUOUS
10
1.0970215748031495
20
1.1952568110236219
11
1.0964338582677164
21
1.1957499606299213
0
LINE
8
BLACK
6
CONTINUOUS
10
1.0964338582677164
20
1.1957499606299213
11
1.0957695669291339
21
1.1961335039370078
0
LINE
8
BLACK
6
CONTINUOUS
10
1.0957695669291339
20
1.1961335039370078
11
1.0956784251968503
21
1.1963838582677164
0
LINE
8
BLACK
6
CONTINUOUS
10
1.0956784251968503
20
1.1963838582677164
11
1.0954743307086614
21
1.1965551181102363
0
LINE
8
BLACK
6
CONTINUOUS
10
1.0954743307086614
20
1.1965551181102363
11
1.0953410629921259
21
1.1973107086614172
0
LINE
8
BLACK
6
CONTINUOUS
10
1.0953410629921259
20
1.1973107086614172
11
1.0950787401574802
21
1.1980314960629921
0
LINE
8
BLACK
6
CONTINUOUS
10
1.0950787401574802
20
1.1980314960629921
11
1.0950787401574802
21
1.398031496062992
0
LINE
8
BLACK
6
CONTINUOUS
10
1.0950787401574802
20
1.398031496062992
11
1.0951463385826772
21
1.3984150393700787
0
LINE
8
BLACK
6
CONTINUOUS
10
1.0951463385826772
20
1.3984150393700787
11
1.0951235826771653
21
1.3985442519685038
0
LINE
8
BLACK
6
CONTINUOUS
10
1.0951235826771653
20
1.3985442519685038
11
1.0951891732283465
21
1.398657874015748
0
LINE
8
BLACK
6
CONTINUOUS
10
1.0951891732283465
20
1.398657874015748
11
1.095256811023622
21
1.3990414173228347
0
LINE
8
BLACK
6
CONTINUOUS
10
1.095256811023622
20
1.3990414173228347
11
1.0957499212598425
21
1.3996291338582676
0
LINE
8
BLACK
6
CONTINUOUS
10
1.0957499212598425
20
1.3996291338582676
11
1.0961335039370079
21
1.4002934251968504
0
LINE
8
BLACK
6
CONTINUOUS
10
1.0961335039370079
20
1.4002934251968504
11
1.0963838188976378
21
1.4003845669291339
0
LINE
8
BLACK
6
CONTINUOUS
10
1.0963838188976378
20
1.4003845669291339
11
1.0965551181102362
21
1.4005886614173229
0
LINE
8
BLACK
6
CONTINUOUS
10
1.0965551181102362
20
1.4005886614173229
11
1.0973106692913386
21
1.4007219291338582
0
LINE
8
BLACK
6
CONTINUOUS
10
1.0973106692913386
20
1.4007219291338582
11
1.098031496062992
21
1.4009842519685038
0
LINE
8
BLACK
6
CONTINUOUS
10
1.098031496062992
20
1.4009842519685038
11
1.2980314960629922
21
1.4009842519685038
0
LINE
8
BLACK
6
CONTINUOUS
10
1.2980314960629922
20
1.4009842519685038
11
1.2984149999999999
21
1.4009166535433071
0
LINE
8
BLACK
6
CONTINUOUS
10
1.1009842519685038
20
1.3950787401574802
11
1.1009842519685038
21
1.2009842519685039
0
LINE
8
BLACK
6
CONTINUOUS
10
1.1009842519685038
20
1.2009842519685039
11
1.2950787401574804
21
1.2009842519685039
0
LINE
8
BLACK
6
CONTINUOUS
10
1.2950787401574804
20
1.2009842519685039
11
1.2950787401574804
21
1.3950787401574802
0
LINE
8
BLACK
6
CONTINUOUS
10
1.2950787401574804
20
1.3950787401574802
11
1.1009842519685038
21
1.3950787401574802
0
LINE
8
BLACK
6
CONTINUOUS
10
0.3843307086614173
20
1.2219685039370078
11
0.3243307086614173
21
1.2219685039370078
0
LINE
8
BLACK
6
CONTINUOUS
10
0.3243307086614173
20
1.2219685039370078
11
0.3243307086614173
21
1.2819685039370079
0
LINE
8
BLACK
6
CONTINUOUS
10
0.3243307086614173
20
1.2819685039370079
11
0.3843307086614173
21
1.2819685039370079
0
LINE
8
BLACK
6
CONTINUOUS
10
0.3843307086614173
20
1.2819685039370079
11
0.3843307086614173
21
1.2219685039370078
0
LINE
8
BLACK
6
CONTINUOUS
10
0.4843307086614173
20
1.2219685039370078
11
0.4243307086614173
21
1.2219685039370078
0
LINE
8
BLACK
6
CONTINUOUS
10
0.4243307086614173
20
1.2219685039370078
11
0.4243307086614173
21
1.2819685039370079
0
LINE
8
BLACK
6
CONTINUOUS
10
0.4243307086614173
20
1.2819685039370079
11
0.4843307086614173
21
1.2819685039370079
0
LINE
8
BLACK
6
CONTINUOUS
10
0.4843307086614173
20
1.2819685039370079
11
0.4843307086614173
21
1.2219685039370078
0
LINE
8
BLACK
6
CONTINUOUS
10
0.3843307086614173
20
1.3219685039370079
11
0.3243307086614173
21
1.3219685039370079
0
LINE
8
BLACK
6
CONTINUOUS
10
0.3243307086614173
20
1.3219685039370079
11
0.3243307086614173
21
1.3819685039370078
0
LINE
8
BLACK
6
CONTINUOUS
10
0.3243307086614173
20
1.3819685039370078
11
0.3843307086614173
21
1.3819685039370078
0
LINE
8
BLACK
6
CONTINUOUS
10
0.3843307086614173
20
1.3819685039370078
11
0.3843307086614173
21
1.3219685039370079
0
LINE
8
BLACK
6
CONTINUOUS
10
0.4843307086614173
20
1.3219685039370079
11
0.4243307086614173
21
1.3219685039370079
0
LINE
8
BLACK
6
CONTINUOUS
10
0.4243307086614173
20
1.3219685039370079
11
0.4243307086614173
21
1.3819685039370078
0
LINE
8
BLACK
6
CONTINUOUS
10
0.4243307086614173
20
1.3819685039370078
11
0.4843307086614173
21
1.3819685039370078
0
LINE
8
BLACK
6
CONTINUOUS
10
0.4843307086614173
20
1.3819685039370078
11
0.4843307086614173
21
1.3219685039370079
0
LINE
8
BLACK
6
CONTINUOUS
10
0.5047142125984252
20
1.4048536614173228
11
0.5048434645669291
21
1.4048764173228345
0
LINE
8
BLACK
6
CONTINUOUS
10
0.5048434645669291
20
1.4048764173228345
11
0.5049570472440945
21
1.4048108267716535
0
LINE
8
BLACK
6
CONTINUOUS
10
0.5049570472440945
20
1.4048108267716535
11
0.5053406299212598
21
1.404743188976378
0
LINE
8
BLACK
6
CONTINUOUS
10
0.5053406299212598
20
1.404743188976378
11
0.5059283070866142
21
1.4042500787401575
0
LINE
8
BLACK
6
CONTINUOUS
10
0.5059283070866142
20
1.4042500787401575
11
0.5065926377952755
21
1.4038664960629921
0
LINE
8
BLACK
6
CONTINUOUS
10
0.5065926377952755
20
1.4038664960629921
11
0.5066837401574803
21
1.4036161811023622
0
LINE
8
BLACK
6
CONTINUOUS
10
0.5066837401574803
20
1.4036161811023622
11
0.506887874015748
21
1.4034448818897638
0
LINE
8
BLACK
6
CONTINUOUS
10
0.506887874015748
20
1.4034448818897638
11
0.5070211023622048
21
1.4026893307086614
0
LINE
8
BLACK
6
CONTINUOUS
10
0.5070211023622048
20
1.4026893307086614
11
0.5072834645669291
21
1.4019685039370078
0
LINE
8
BLACK
6
CONTINUOUS
10
0.5072834645669291
20
1.4019685039370078
11
0.5072834645669291
21
1.2019685039370078
0
LINE
8
BLACK
6
CONTINUOUS
10
0.5072834645669291
20
1.2019685039370078
11
0.5072158267716536
21
1.2015849999999999
0
LINE
8
BLACK
6
CONTINUOUS
10
0.5072158267716536
20
1.2015849999999999
11
0.5072386220472441
21
1.201455748031496
0
LINE
8
BLACK
6
CONTINUOUS
10
0.5072386220472441
20
1.201455748031496
11
0.5071729921259842
21
1.2013421653543306
0
LINE
8
BLACK
6
CONTINUOUS
10
0.5071729921259842
20
1.2013421653543306
11
0.5071053937007874
21
1.2009585826771654
0
LINE
8
BLACK
6
CONTINUOUS
10
0.5071053937007874
20
1.2009585826771654
11
0.5066122440944881
21
1.200370905511811
0
LINE
8
BLACK
6
CONTINUOUS
10
0.5066122440944881
20
1.200370905511811
11
0.5062287007874016
21
1.1997065748031497
0
LINE
8
BLACK
6
CONTINUOUS
10
0.5062287007874016
20
1.1997065748031497
11
0.5059783464566929
21
1.1996154724409449
0
LINE
8
BLACK
6
CONTINUOUS
10
0.5059783464566929
20
1.1996154724409449
11
0.5058070866141732
21
1.1994113385826772
0
LINE
8
BLACK
6
CONTINUOUS
10
0.5058070866141732
20
1.1994113385826772
11
0.5050514960629922
21
1.1992781102362204
0
LINE
8
BLACK
6
CONTINUOUS
10
0.5050514960629922
20
1.1992781102362204
11
0.5043307086614173
21
1.199015748031496
0
LINE
8
BLACK
6
CONTINUOUS
10
0.5043307086614173
20
1.199015748031496
11
0.3043307086614173
21
1.199015748031496
0
LINE
8
BLACK
6
CONTINUOUS
10
0.3043307086614173
20
1.199015748031496
11
0.3039471653543307
21
1.1990833858267715
0
LINE
8
BLACK
6
CONTINUOUS
10
0.3039471653543307
20
1.1990833858267715
11
0.3038179527559055
21
1.1990605905511811
0
LINE
8
BLACK
6
CONTINUOUS
10
0.3038179527559055
20
1.1990605905511811
11
0.3037043307086614
21
1.1991262204724409
0
LINE
8
BLACK
6
CONTINUOUS
10
0.3037043307086614
20
1.1991262204724409
11
0.3033207874015748
21
1.1991938188976379
0
LINE
8
BLACK
6
CONTINUOUS
10
0.3033207874015748
20
1.1991938188976379
11
0.3027330708661417
21
1.1996869685039371
0
LINE
8
BLACK
6
CONTINUOUS
10
0.3027330708661417
20
1.1996869685039371
11
0.3020687795275591
21
1.2000705118110235
0
LINE
8
BLACK
6
CONTINUOUS
10
0.3020687795275591
20
1.2000705118110235
11
0.3019776377952756
21
1.2003208661417322
0
LINE
8
BLACK
6
CONTINUOUS
10
0.3019776377952756
20
1.2003208661417322
11
0.3017735433070866
21
1.200492125984252
0
LINE
8
BLACK
6
CONTINUOUS
10
0.3017735433070866
20
1.200492125984252
11
0.3016402755905512
21
1.2012477165354329
0
LINE
8
BLACK
6
CONTINUOUS
10
0.3016402755905512
20
1.2012477165354329
11
0.3013779527559055
21
1.2019685039370078
0
LINE
8
BLACK
6
CONTINUOUS
10
0.3013779527559055
20
1.2019685039370078
11
0.3013779527559055
21
1.4019685039370078
0
LINE
8
BLACK
6
CONTINUOUS
10
0.3013779527559055
20
1.4019685039370078
11
0.3014455511811023
21
1.4023520472440945
0
LINE
8
BLACK
6
CONTINUOUS
10
0.3014455511811023
20
1.4023520472440945
11
0.3014227952755906
21
1.4024812598425196
0
LINE
8
BLACK
6
CONTINUOUS
10
0.3014227952755906
20
1.4024812598425196
11
0.3014883858267716
21
1.4025948818897638
0
LINE
8
BLACK
6
CONTINUOUS
10
0.3014883858267716
20
1.4025948818897638
11
0.3015560236220473
21
1.4029784251968505
0
LINE
8
BLACK
6
CONTINUOUS
10
0.3015560236220473
20
1.4029784251968505
11
0.3020491338582677
21
1.4035661417322833
0
LINE
8
BLACK
6
CONTINUOUS
10
0.3020491338582677
20
1.4035661417322833
11
0.3024327165354331
21
1.4042304330708661
0
LINE
8
BLACK
6
CONTINUOUS
10
0.3024327165354331
20
1.4042304330708661
11
0.302683031496063
21
1.4043215748031497
0
LINE
8
BLACK
6
CONTINUOUS
10
0.302683031496063
20
1.4043215748031497
11
0.3028543307086614
21
1.4045256692913386
0
LINE
8
BLACK
6
CONTINUOUS
10
0.3028543307086614
20
1.4045256692913386
11
0.3036098818897638
21
1.4046589370078739
0
LINE
8
BLACK
6
CONTINUOUS
10
0.3036098818897638
20
1.4046589370078739
11
0.3043307086614173
21
1.4049212598425196
0
LINE
8
BLACK
6
CONTINUOUS
10
0.3043307086614173
20
1.4049212598425196
11
0.5043307086614173
21
1.4049212598425196
0
LINE
8
BLACK
6
CONTINUOUS
10
0.5043307086614173
20
1.4049212598425196
11
0.5047142125984252
21
1.4048536614173228
0
LINE
8
BLACK
6
CONTINUOUS
10
0.3072834645669291
20
1.399015748031496
11
0.3072834645669291
21
1.2049212598425196
0
LINE
8
BLACK
6
CONTINUOUS
10
0.3072834645669291
20
1.2049212598425196
11
0.5013779527559055
21
1.2049212598425196
0
LINE
8
BLACK
6
CONTINUOUS
10
0.5013779527559055
20
1.2049212598425196
11
0.5013779527559055
21
1.399015748031496
0
LINE
8
BLACK
6
CONTINUOUS
10
0.5013779527559055
20
1.399015748031496
11
0.3072834645669291
21
1.399015748031496
0
LINE
8
BLACK
6
CONTINUOUS
10
0.9447385039370079
20
1.2736273622047243
11
0.9456361023622047
21
1.2734921653543307
0
LINE
8
BLACK
6
CONTINUOUS
10
0.9456361023622047
20
1.2734921653543307
11
0.9501355118110236
21
1.2712424015748032
0
LINE
8
BLACK
6
CONTINUOUS
10
0.9501355118110236
20
1.2712424015748032
11
0.9505900787401574
21
1.2707946850393701
0
LINE
8
BLACK
6
CONTINUOUS
10
0.9505900787401574
20
1.2707946850393701
11
0.9511587007874015
21
1.2705049606299212
0
LINE
8
BLACK
6
CONTINUOUS
10
0.9511587007874015
20
1.2705049606299212
11
0.9556581496062992
21
1.2660055118110236
0
LINE
8
BLACK
6
CONTINUOUS
10
0.9556581496062992
20
1.2660055118110236
11
0.9561358267716535
21
1.2650680708661417
0
LINE
8
BLACK
6
CONTINUOUS
10
0.9561358267716535
20
1.2650680708661417
11
0.9566937007874016
21
1.2641764960629922
0
LINE
8
BLACK
6
CONTINUOUS
10
0.9566937007874016
20
1.2641764960629922
11
0.9589434251968504
21
1.2551775984251967
0
LINE
8
BLACK
6
CONTINUOUS
10
0.9589434251968504
20
1.2551775984251967
11
0.9589095275590551
21
1.2546888188976377
0
LINE
8
BLACK
6
CONTINUOUS
10
0.9589095275590551
20
1.2546888188976377
11
0.9590609842519685
21
1.2542227559055117
0
LINE
8
BLACK
6
CONTINUOUS
10
0.9590609842519685
20
1.2542227559055117
11
0.9590609842519685
21
1.2384747244094487
0
LINE
8
BLACK
6
CONTINUOUS
10
0.9590609842519685
20
1.2384747244094487
11
0.9589095275590551
21
1.2380087007874014
0
LINE
8
BLACK
6
CONTINUOUS
10
0.9589095275590551
20
1.2380087007874014
11
0.9589434251968504
21
1.2375198818897637
0
LINE
8
BLACK
6
CONTINUOUS
10
0.9589434251968504
20
1.2375198818897637
11
0.9566937007874016
21
1.2285209448818897
0
LINE
8
BLACK
6
CONTINUOUS
10
0.9566937007874016
20
1.2285209448818897
11
0.9561358267716535
21
1.2276294094488189
0
LINE
8
BLACK
6
CONTINUOUS
10
0.9561358267716535
20
1.2276294094488189
11
0.9556581496062992
21
1.2266919291338583
0
LINE
8
BLACK
6
CONTINUOUS
10
0.9556581496062992
20
1.2266919291338583
11
0.9511587007874015
21
1.2221924803149606
0
LINE
8
BLACK
6
CONTINUOUS
10
0.9511587007874015
20
1.2221924803149606
11
0.9505900787401574
21
1.2219027952755905
0
LINE
8
BLACK
6
CONTINUOUS
10
0.9505900787401574
20
1.2219027952755905
11
0.9501354724409449
21
1.221455
0
LINE
8
BLACK
6
CONTINUOUS
10
0.9501354724409449
20
1.221455
11
0.945636062992126
21
1.2192053149606299
0
LINE
8
BLACK
6
CONTINUOUS
10
0.945636062992126
20
1.2192053149606299
11
0.9447385039370079
21
1.2190701574803149
0
LINE
8
BLACK
6
CONTINUOUS
10
0.9447385039370079
20
1.2190701574803149
11
0.9438753937007874
21
1.21878968503937
0
LINE
8
BLACK
6
CONTINUOUS
10
0.9438753937007874
20
1.21878968503937
11
0.9348764960629921
21
1.21878968503937
0
LINE
8
BLACK
6
CONTINUOUS
10
0.9348764960629921
20
1.21878968503937
11
0.9340133464566929
21
1.2190701574803149
0
LINE
8
BLACK
6
CONTINUOUS
10
0.9340133464566929
20
1.2190701574803149
11
0.9331158267716535
21
1.2192053149606299
0
LINE
8
BLACK
6
CONTINUOUS
10
0.9331158267716535
20
1.2192053149606299
11
0.9286164173228346
21
1.221455
0
LINE
8
BLACK
6
CONTINUOUS
10
0.9286164173228346
20
1.221455
11
0.9281618110236221
21
1.2219027559055118
0
LINE
8
BLACK
6
CONTINUOUS
10
0.9281618110236221
20
1.2219027559055118
11
0.9275931889763779
21
1.2221924803149606
0
LINE
8
BLACK
6
CONTINUOUS
10
0.9275931889763779
20
1.2221924803149606
11
0.9230937401574802
21
1.2266919291338583
0
LINE
8
BLACK
6
CONTINUOUS
10
0.9230937401574802
20
1.2266919291338583
11
0.9226161417322835
21
1.2276292913385827
0
LINE
8
BLACK
6
CONTINUOUS
10
0.9226161417322835
20
1.2276292913385827
11
0.9220581889763779
21
1.2285209448818897
0
LINE
8
BLACK
6
CONTINUOUS
10
0.9220581889763779
20
1.2285209448818897
11
0.9198084645669291
21
1.2375198425196849
0
LINE
8
BLACK
6
CONTINUOUS
10
0.9198084645669291
20
1.2375198425196849
11
0.9198423228346456
21
1.2380087007874014
0
LINE
8
BLACK
6
CONTINUOUS
10
0.9198423228346456
20
1.2380087007874014
11
0.919690905511811
21
1.2384747244094487
0
LINE
8
BLACK
6
CONTINUOUS
10
0.919690905511811
20
1.2384747244094487
11
0.919690905511811
21
1.2542227559055117
0
LINE
8
BLACK
6
CONTINUOUS
10
0.919690905511811
20
1.2542227559055117
11
0.9198423228346456
21
1.2546888188976377
0
LINE
8
BLACK
6
CONTINUOUS
10
0.9198423228346456
20
1.2546888188976377
11
0.9198084645669291
21
1.2551776377952755
0
LINE
8
BLACK
6
CONTINUOUS
10
0.9198084645669291
20
1.2551776377952755
11
0.9220581889763779
21
1.2641764960629922
0
LINE
8
BLACK
6
CONTINUOUS
10
0.9220581889763779
20
1.2641764960629922
11
0.9226161417322835
21
1.265068188976378
0
LINE
8
BLACK
6
CONTINUOUS
10
0.9226161417322835
20
1.265068188976378
11
0.9230937401574802
21
1.2660055118110236
0
LINE
8
BLACK
6
CONTINUOUS
10
0.9230937401574802
20
1.2660055118110236
11
0.9275931889763779
21
1.2705049606299212
0
LINE
8
BLACK
6
CONTINUOUS
10
0.9275931889763779
20
1.2705049606299212
11
0.9281617322834645
21
1.2707946850393701
0
LINE
8
BLACK
6
CONTINUOUS
10
0.9281617322834645
20
1.2707946850393701
11
0.9286163779527559
21
1.2712424409448819
0
LINE
8
BLACK
6
CONTINUOUS
10
0.9286163779527559
20
1.2712424409448819
11
0.9331158267716535
21
1.2734921653543307
0
LINE
8
BLACK
6
CONTINUOUS
10
0.9331158267716535
20
1.2734921653543307
11
0.9340133464566929
21
1.2736273622047243
0
LINE
8
BLACK
6
CONTINUOUS
10
0.9340133464566929
20
1.2736273622047243
11
0.9348764960629921
21
1.2739077952755906
0
LINE
8
BLACK
6
CONTINUOUS
10
0.9348764960629921
20
1.2739077952755906
11
0.9438753937007874
21
1.2739077952755906
0
LINE
8
BLACK
6
CONTINUOUS
10
0.9438753937007874
20
1.2739077952755906
11
0.9447385039370079
21
1.2736273622047243
0
LINE
8
BLACK
6
CONTINUOUS
10
0.9327092125984252
20
1.2644854330708661
11
0.9294325590551181
21
1.2612087795275591
0
LINE
8
BLACK
6
CONTINUOUS
10
0.9294325590551181
20
1.2612087795275591
11
0.9275649212598425
21
1.2537381102362204
0
LINE
8
BLACK
6
CONTINUOUS
10
0.9275649212598425
20
1.2537381102362204
11
0.9275649212598425
21
1.23895937007874
0
LINE
8
BLACK
6
CONTINUOUS
10
0.9275649212598425
20
1.23895937007874
11
0.9294325590551181
21
1.2314887007874016
0
LINE
8
BLACK
6
CONTINUOUS
10
0.9294325590551181
20
1.2314887007874016
11
0.9327092125984252
21
1.2282120472440945
0
LINE
8
BLACK
6
CONTINUOUS
10
0.9327092125984252
20
1.2282120472440945
11
0.935805905511811
21
1.2266637007874015
0
LINE
8
BLACK
6
CONTINUOUS
10
0.935805905511811
20
1.2266637007874015
11
0.9429459842519685
21
1.2266637007874015
0
LINE
8
BLACK
6
CONTINUOUS
10
0.9429459842519685
20
1.2266637007874015
11
0.9460426377952755
21
1.2282120472440945
0
LINE
8
BLACK
6
CONTINUOUS
10
0.9460426377952755
20
1.2282120472440945
11
0.9493192913385826
21
1.2314886614173228
0
LINE
8
BLACK
6
CONTINUOUS
10
0.9493192913385826
20
1.2314886614173228
11
0.951186968503937
21
1.23895937007874
0
LINE
8
BLACK
6
CONTINUOUS
10
0.951186968503937
20
1.23895937007874
11
0.951186968503937
21
1.2537381102362204
0
LINE
8
BLACK
6
CONTINUOUS
10
0.951186968503937
20
1.2537381102362204
11
0.9493192913385826
21
1.2612087795275591
0
LINE
8
BLACK
6
CONTINUOUS
10
0.9493192913385826
20
1.2612087795275591
11
0.9460426377952755
21
1.2644854330708661
0
LINE
8
BLACK
6
CONTINUOUS
10
0.9460426377952755
20
1.2644854330708661
11
0.9429459448818898
21
1.2660337795275591
0
LINE
8
BLACK
6
CONTINUOUS
10
0.9429459448818898
20
1.2660337795275591
11
0.935805905511811
21
1.2660337795275591
0
LINE
8
BLACK
6
CONTINUOUS
10
0.935805905511811
20
1.2660337795275591
11
0.9327092125984252
21
1.2644854330708661
0
LINE
8
BLACK
6
CONTINUOUS
10
0.9785565748031496
20
1.2722849212598424
11
0.9793084645669291
21
1.2699707874015749
0
LINE
8
BLACK
6
CONTINUOUS
10
0.9793084645669291
20
1.2699707874015749
11
0.9793084645669291
21
1.2326549606299213
0
LINE
8
BLACK
6
CONTINUOUS
10
0.9793084645669291
20
1.2326549606299213
11
0.980856811023622
21
1.2295582677165353
0
LINE
8
BLACK
6
CONTINUOUS
10
0.980856811023622
20
1.2295582677165353
11
0.9822029921259843
21
1.2282120472440945
0
LINE
8
BLACK
6
CONTINUOUS
10
0.9822029921259843
20
1.2282120472440945
11
0.9852997244094488
21
1.2266637007874015
0
LINE
8
BLACK
6
CONTINUOUS
10
0.9852997244094488
20
1.2266637007874015
11
0.9924398031496062
21
1.2266637007874015
0
LINE
8
BLACK
6
CONTINUOUS
10
0.9924398031496062
20
1.2266637007874015
11
0.9955364566929134
21
1.2282120472440945
0
LINE
8
BLACK
6
CONTINUOUS
10
0.9955364566929134
20
1.2282120472440945
11
0.9968826771653543
21
1.2295582283464566
0
LINE
8
BLACK
6
CONTINUOUS
10
0.9968826771653543
20
1.2295582283464566
11
0.9984310629921259
21
1.2326550000000001
0
LINE
8
BLACK
6
CONTINUOUS
10
0.9984310629921259
20
1.2326550000000001
11
0.9984310629921259
21
1.2699707874015749
0
LINE
8
BLACK
6
CONTINUOUS
10
0.9984310629921259
20
1.2699707874015749
11
0.9991829527559055
21
1.2722849212598424
0
LINE
8
BLACK
6
CONTINUOUS
10
0.9991829527559055
20
1.2722849212598424
11
1.0011514566929134
21
1.2737151181102362
0
LINE
8
BLACK
6
CONTINUOUS
10
1.0011514566929134
20
1.2737151181102362
11
1.0035846850393702
21
1.2737151181102362
0
LINE
8
BLACK
6
CONTINUOUS
10
1.0035846850393702
20
1.2737151181102362
11
1.005553188976378
21
1.2722849212598424
0
LINE
8
BLACK
6
CONTINUOUS
10
1.005553188976378
20
1.2722849212598424
11
1.0063050787401575
21
1.2699707874015749
0
LINE
8
BLACK
6
CONTINUOUS
10
1.0063050787401575
20
1.2699707874015749
11
1.0063050787401575
21
1.2317255511811023
0
LINE
8
BLACK
6
CONTINUOUS
10
1.0063050787401575
20
1.2317255511811023
11
1.0060246062992126
21
1.2308624409448818
0
LINE
8
BLACK
6
CONTINUOUS
10
1.0060246062992126
20
1.2308624409448818
11
1.0058894488188976
21
1.2299648818897637
0
LINE
8
BLACK
6
CONTINUOUS
10
1.0058894488188976
20
1.2299648818897637
11
1.0036397244094488
21
1.2254654330708661
0
LINE
8
BLACK
6
CONTINUOUS
10
1.0036397244094488
20
1.2254654330708661
11
1.0031918897637795
21
1.2250107874015748
0
LINE
8
BLACK
6
CONTINUOUS
10
1.0031918897637795
20
1.2250107874015748
11
1.0029022047244094
21
1.2244422047244095
0
LINE
8
BLACK
6
CONTINUOUS
10
1.0029022047244094
20
1.2244422047244095
11
1.0006525196850393
21
1.2221924803149606
0
LINE
8
BLACK
6
CONTINUOUS
10
1.0006525196850393
20
1.2221924803149606
11
1.0000838976377953
21
1.2219027952755905
0
LINE
8
BLACK
6
CONTINUOUS
10
1.0000838976377953
20
1.2219027952755905
11
0.9996292913385827
21
1.221455
0
LINE
8
BLACK
6
CONTINUOUS
10
0.9996292913385827
20
1.221455
11
0.9951298818897638
21
1.2192053149606299
0
LINE
8
BLACK
6
CONTINUOUS
10
0.9951298818897638
20
1.2192053149606299
11
0.9942323228346457
21
1.2190701574803149
0
LINE
8
BLACK
6
CONTINUOUS
10
0.9942323228346457
20
1.2190701574803149
11
0.9933692125984251
21
1.21878968503937
0
LINE
8
BLACK
6
CONTINUOUS
10
0.9933692125984251
20
1.21878968503937
11
0.9843703149606299
21
1.21878968503937
0
LINE
8
BLACK
6
CONTINUOUS
10
0.9843703149606299
20
1.21878968503937
11
0.9835071653543307
21
1.2190701574803149
0
LINE
8
BLACK
6
CONTINUOUS
10
0.9835071653543307
20
1.2190701574803149
11
0.9826096456692913
21
1.2192053149606299
0
LINE
8
BLACK
6
CONTINUOUS
10
0.9826096456692913
20
1.2192053149606299
11
0.9781102362204724
21
1.221455
0
LINE
8
BLACK
6
CONTINUOUS
10
0.9781102362204724
20
1.221455
11
0.9776555511811024
21
1.2219028346456693
0
LINE
8
BLACK
6
CONTINUOUS
10
0.9776555511811024
20
1.2219028346456693
11
0.9770870078740157
21
1.2221925196850394
0
LINE
8
BLACK
6
CONTINUOUS
10
0.9770870078740157
20
1.2221925196850394
11
0.9748372834645669
21
1.2244422047244095
0
LINE
8
BLACK
6
CONTINUOUS
10
0.9748372834645669
20
1.2244422047244095
11
0.9745475984251968
21
1.2250107874015748
0
LINE
8
BLACK
6
CONTINUOUS
10
0.9745475984251968
20
1.2250107874015748
11
0.9740998031496063
21
1.2254653937007873
0
LINE
8
BLACK
6
CONTINUOUS
10
0.9740998031496063
20
1.2254653937007873
11
0.9718500787401575
21
1.2299648818897637
0
LINE
8
BLACK
6
CONTINUOUS
10
0.9718500787401575
20
1.2299648818897637
11
0.9717148818897637
21
1.2308624409448818
0
LINE
8
BLACK
6
CONTINUOUS
10
0.9717148818897637
20
1.2308624409448818
11
0.9714344488188976
21
1.2317255511811023
0
LINE
8
BLACK
6
CONTINUOUS
10
0.9714344488188976
20
1.2317255511811023
11
0.9714344488188976
21
1.2699707874015749
0
LINE
8
BLACK
6
CONTINUOUS
10
0.9714344488188976
20
1.2699707874015749
11
0.9721863385826771
21
1.2722849212598424
0
LINE
8
BLACK
6
CONTINUOUS
10
0.9721863385826771
20
1.2722849212598424
11
0.974154842519685
21
1.2737151181102362
0
LINE
8
BLACK
6
CONTINUOUS
10
0.974154842519685
20
1.2737151181102362
11
0.9765880708661417
21
1.2737151181102362
0
LINE
8
BLACK
6
CONTINUOUS
10
0.9765880708661417
20
1.2737151181102362
11
0.9785565748031496
21
1.2722849212598424
0
LINE
8
BLACK
6
CONTINUOUS
10
1.0774719291338581
20
1.2736273622047243
11
1.0783694881889763
21
1.2734921653543307
0
LINE
8
BLACK
6
CONTINUOUS
10
1.0783694881889763
20
1.2734921653543307
11
1.0828689763779527
21
1.2712424409448819
0
LINE
8
BLACK
6
CONTINUOUS
10
1.0828689763779527
20
1.2712424409448819
11
1.0833236614173227
21
1.2707946062992126
0
LINE
8
BLACK
6
CONTINUOUS
10
1.0833236614173227
20
1.2707946062992126
11
1.0838921653543307
21
1.2705049212598425
0
LINE
8
BLACK
6
CONTINUOUS
10
1.0838921653543307
20
1.2705049212598425
11
1.0861418897637796
21
1.2682551968503937
0
LINE
8
BLACK
6
CONTINUOUS
10
1.0861418897637796
20
1.2682551968503937
11
1.0864315748031497
21
1.2676866141732284
0
LINE
8
BLACK
6
CONTINUOUS
10
1.0864315748031497
20
1.2676866141732284
11
1.0868793307086615
21
1.2672320078740158
0
LINE
8
BLACK
6
CONTINUOUS
10
1.0868793307086615
20
1.2672320078740158
11
1.0891290551181103
21
1.2627325590551182
0
LINE
8
BLACK
6
CONTINUOUS
10
1.0891290551181103
20
1.2627325590551182
11
1.0892642125984251
21
1.2618350393700788
0
LINE
8
BLACK
6
CONTINUOUS
10
1.0892642125984251
20
1.2618350393700788
11
1.08954468503937
21
1.2609718897637796
0
LINE
8
BLACK
6
CONTINUOUS
10
1.08954468503937
20
1.2609718897637796
11
1.08954468503937
21
1.2564724409448818
0
LINE
8
BLACK
6
CONTINUOUS
10
1.08954468503937
20
1.2564724409448818
11
1.0893474803149605
21
1.2558655511811023
0
LINE
8
BLACK
6
CONTINUOUS
10
1.0893474803149605
20
1.2558655511811023
11
1.0893426377952755
21
1.2552274409448818
0
LINE
8
BLACK
6
CONTINUOUS
10
1.0893426377952755
20
1.2552274409448818
11
1.0870929133858267
21
1.2484783070866141
0
LINE
8
BLACK
6
CONTINUOUS
10
1.0870929133858267
20
1.2484783070866141
11
1.0865538976377953
21
1.2477481496062992
0
LINE
8
BLACK
6
CONTINUOUS
10
1.0865538976377953
20
1.2477481496062992
11
1.0861418503937008
21
1.2469394094488189
0
LINE
8
BLACK
6
CONTINUOUS
10
1.0861418503937008
20
1.2469394094488189
11
1.0658661417322834
21
1.2266637007874015
0
LINE
8
BLACK
6
CONTINUOUS
10
1.0658661417322834
20
1.2266637007874015
11
1.0856076771653542
21
1.2266637007874015
0
LINE
8
BLACK
6
CONTINUOUS
10
1.0856076771653542
20
1.2266637007874015
11
1.087921811023622
21
1.225911811023622
0
LINE
8
BLACK
6
CONTINUOUS
10
1.087921811023622
20
1.225911811023622
11
1.0893520078740158
21
1.2239433070866141
0
LINE
8
BLACK
6
CONTINUOUS
10
1.0893520078740158
20
1.2239433070866141
11
1.0893520078740158
21
1.2215100787401574
0
LINE
8
BLACK
6
CONTINUOUS
10
1.0893520078740158
20
1.2215100787401574
11
1.087921811023622
21
1.2195415748031495
0
LINE
8
BLACK
6
CONTINUOUS
10
1.087921811023622
20
1.2195415748031495
11
1.0856076771653542
21
1.21878968503937
0
LINE
8
BLACK
6
CONTINUOUS
10
1.0856076771653542
20
1.21878968503937
11
1.0563613385826771
21
1.21878968503937
0
LINE
8
BLACK
6
CONTINUOUS
10
1.0563613385826771
20
1.21878968503937
11
1.0554845669291337
21
1.2190745669291339
0
LINE
8
BLACK
6
CONTINUOUS
10
1.0554845669291337
20
1.2190745669291339
11
1.0545739763779527
21
1.2192187795275591
0
LINE
8
BLACK
6
CONTINUOUS
10
1.0545739763779527
20
1.2192187795275591
11
1.0543493307086613
21
1.2194434251968505
0
LINE
8
BLACK
6
CONTINUOUS
10
1.0543493307086613
20
1.2194434251968505
11
1.0540472047244094
21
1.2195415748031495
0
LINE
8
BLACK
6
CONTINUOUS
10
1.0540472047244094
20
1.2195415748031495
11
1.0535052362204724
21
1.2202875196850393
0
LINE
8
BLACK
6
CONTINUOUS
10
1.0535052362204724
20
1.2202875196850393
11
1.0528534251968504
21
1.2209393307086613
0
LINE
8
BLACK
6
CONTINUOUS
10
1.0528534251968504
20
1.2209393307086613
11
1.0528037007874016
21
1.2212531102362205
0
LINE
8
BLACK
6
CONTINUOUS
10
1.0528037007874016
20
1.2212531102362205
11
1.0526170078740158
21
1.2215100787401574
0
LINE
8
BLACK
6
CONTINUOUS
10
1.0526170078740158
20
1.2215100787401574
11
1.0526170078740158
21
1.2224320472440944
0
LINE
8
BLACK
6
CONTINUOUS
10
1.0526170078740158
20
1.2224320472440944
11
1.0524727952755906
21
1.2233425590551181
0
LINE
8
BLACK
6
CONTINUOUS
10
1.0524727952755906
20
1.2233425590551181
11
1.0526170078740158
21
1.2236256299212598
0
LINE
8
BLACK
6
CONTINUOUS
10
1.0526170078740158
20
1.2236256299212598
11
1.0526170078740158
21
1.2239433070866141
0
LINE
8
BLACK
6
CONTINUOUS
10
1.0526170078740158
20
1.2239433070866141
11
1.0531588976377952
21
1.2246892125984252
0
LINE
8
BLACK
6
CONTINUOUS
10
1.0531588976377952
20
1.2246892125984252
11
1.0535774409448819
21
1.2255105905511812
0
LINE
8
BLACK
6
CONTINUOUS
10
1.0535774409448819
20
1.2255105905511812
11
1.0799168897637794
21
1.2518500787401574
0
LINE
8
BLACK
6
CONTINUOUS
10
1.0799168897637794
20
1.2518500787401574
11
1.0816706692913385
21
1.2571113385826771
0
LINE
8
BLACK
6
CONTINUOUS
10
1.0816706692913385
20
1.2571113385826771
11
1.0816706692913385
21
1.2600424803149606
0
LINE
8
BLACK
6
CONTINUOUS
10
1.0816706692913385
20
1.2600424803149606
11
1.0801222440944882
21
1.2631392913385826
0
LINE
8
BLACK
6
CONTINUOUS
10
1.0801222440944882
20
1.2631392913385826
11
1.0787761417322834
21
1.2644854330708661
0
LINE
8
BLACK
6
CONTINUOUS
10
1.0787761417322834
20
1.2644854330708661
11
1.0756794094488189
21
1.2660337795275591
0
LINE
8
BLACK
6
CONTINUOUS
10
1.0756794094488189
20
1.2660337795275591
11
1.0662896850393702
21
1.2660337795275591
0
LINE
8
BLACK
6
CONTINUOUS
10
1.0662896850393702
20
1.2660337795275591
11
1.0631928740157479
21
1.2644854330708661
0
LINE
8
BLACK
6
CONTINUOUS
10
1.0631928740157479
20
1.2644854330708661
11
1.0613949606299213
21
1.2626874409448818
0
LINE
8
BLACK
6
CONTINUOUS
10
1.0613949606299213
20
1.2626874409448818
11
1.0592269291338583
21
1.2615827952755905
0
LINE
8
BLACK
6
CONTINUOUS
10
1.0592269291338583
20
1.2615827952755905
11
1.0568237007874015
21
1.2619634251968503
0
LINE
8
BLACK
6
CONTINUOUS
10
1.0568237007874015
20
1.2619634251968503
11
1.0551031496062993
21
1.2636839763779528
0
LINE
8
BLACK
6
CONTINUOUS
10
1.0551031496062993
20
1.2636839763779528
11
1.0547225196850394
21
1.2660872047244094
0
LINE
8
BLACK
6
CONTINUOUS
10
1.0547225196850394
20
1.2660872047244094
11
1.0558271653543307
21
1.2682552362204724
0
LINE
8
BLACK
6
CONTINUOUS
10
1.0558271653543307
20
1.2682552362204724
11
1.0580768897637796
21
1.2705049212598425
0
LINE
8
BLACK
6
CONTINUOUS
10
1.0580768897637796
20
1.2705049212598425
11
1.0586454330708661
21
1.2707946456692913
0
LINE
8
BLACK
6
CONTINUOUS
10
1.0586454330708661
20
1.2707946456692913
11
1.0591001181102362
21
1.2712424409448819
0
LINE
8
BLACK
6
CONTINUOUS
10
1.0591001181102362
20
1.2712424409448819
11
1.0635995669291338
21
1.2734921653543307
0
LINE
8
BLACK
6
CONTINUOUS
10
1.0635995669291338
20
1.2734921653543307
11
1.0644970866141732
21
1.2736273622047243
0
LINE
8
BLACK
6
CONTINUOUS
10
1.0644970866141732
20
1.2736273622047243
11
1.0653602362204724
21
1.2739077952755906
0
LINE
8
BLACK
6
CONTINUOUS
10
1.0653602362204724
20
1.2739077952755906
11
1.0766088188976377
21
1.2739077952755906
0
LINE
8
BLACK
6
CONTINUOUS
10
1.0766088188976377
20
1.2739077952755906
11
1.0774719291338581
21
1.2736273622047243
0
LINE
8
BLACK
6
CONTINUOUS
10
1.0474268897637795
20
1.2731559055118109
11
1.0488570866141731
21
1.271187401574803
0
LINE
8
BLACK
6
CONTINUOUS
10
1.0488570866141731
20
1.271187401574803
11
1.0488570866141731
21
1.2687541732283465
0
LINE
8
BLACK
6
CONTINUOUS
10
1.0488570866141731
20
1.2687541732283465
11
1.0474268897637795
21
1.2667856692913386
0
LINE
8
BLACK
6
CONTINUOUS
10
1.0474268897637795
20
1.2667856692913386
11
1.0451127559055118
21
1.2660337795275591
0
LINE
8
BLACK
6
CONTINUOUS
10
1.0451127559055118
20
1.2660337795275591
11
1.0355514173228346
21
1.2660337795275591
0
LINE
8
BLACK
6
CONTINUOUS
10
1.0355514173228346
20
1.2660337795275591
11
1.0355514173228346
21
1.2227266929133858
0
LINE
8
BLACK
6
CONTINUOUS
10
1.0355514173228346
20
1.2227266929133858
11
1.0347995275590551
21
1.220412559055118
0
LINE
8
BLACK
6
CONTINUOUS
10
1.0347995275590551
20
1.220412559055118
11
1.0328310236220473
21
1.2189823622047244
0
LINE
8
BLACK
6
CONTINUOUS
10
1.0328310236220473
20
1.2189823622047244
11
1.0303977952755905
21
1.2189823622047244
0
LINE
8
BLACK
6
CONTINUOUS
10
1.0303977952755905
20
1.2189823622047244
11
1.0284292913385826
21
1.220412559055118
0
LINE
8
BLACK
6
CONTINUOUS
10
1.0284292913385826
20
1.220412559055118
11
1.0276774015748031
21
1.2227266929133858
0
LINE
8
BLACK
6
CONTINUOUS
10
1.0276774015748031
20
1.2227266929133858
11
1.0276774015748031
21
1.2660337795275591
0
LINE
8
BLACK
6
CONTINUOUS
10
1.0276774015748031
20
1.2660337795275591
11
1.0181161023622047
21
1.2660337795275591
0
LINE
8
BLACK
6
CONTINUOUS
10
1.0181161023622047
20
1.2660337795275591
11
1.015801968503937
21
1.2667856692913386
0
LINE
8
BLACK
6
CONTINUOUS
10
1.015801968503937
20
1.2667856692913386
11
1.0143717716535432
21
1.2687541732283465
0
LINE
8
BLACK
6
CONTINUOUS
10
1.0143717716535432
20
1.2687541732283465
11
1.0143717716535432
21
1.271187401574803
0
LINE
8
BLACK
6
CONTINUOUS
10
1.0143717716535432
20
1.271187401574803
11
1.015801968503937
21
1.2731559055118109
0
LINE
8
BLACK
6
CONTINUOUS
10
1.015801968503937
20
1.2731559055118109
11
1.0181161023622047
21
1.2739077952755906
0
LINE
8
BLACK
6
CONTINUOUS
10
1.0181161023622047
20
1.2739077952755906
11
1.0451127559055118
21
1.2739077952755906
0
LINE
8
BLACK
6
CONTINUOUS
10
1.0451127559055118
20
1.2739077952755906
11
1.0474268897637795
21
1.2731559055118109
0
LINE
8
BLACK
6
CONTINUOUS
10
0.6168420078740158
20
1.27756437007874
11
0.6177395669291339
21
1.2774291732283465
0
LINE
8
BLACK
6
CONTINUOUS
10
0.6177395669291339
20
1.2774291732283465
11
0.6222390551181102
21
1.2751794488188977
0
LINE
8
BLACK
6
CONTINUOUS
10
0.6222390551181102
20
1.2751794488188977
11
0.6226937401574802
21
1.2747316141732283
0
LINE
8
BLACK
6
CONTINUOUS
10
0.6226937401574802
20
1.2747316141732283
11
0.6232622440944882
21
1.2744419291338582
0
LINE
8
BLACK
6
CONTINUOUS
10
0.6232622440944882
20
1.2744419291338582
11
0.625511968503937
21
1.2721922047244094
0
LINE
8
BLACK
6
CONTINUOUS
10
0.625511968503937
20
1.2721922047244094
11
0.6258016535433071
21
1.2716236220472441
0
LINE
8
BLACK
6
CONTINUOUS
10
0.6258016535433071
20
1.2716236220472441
11
0.6262494094488189
21
1.2711690157480315
0
LINE
8
BLACK
6
CONTINUOUS
10
0.6262494094488189
20
1.2711690157480315
11
0.6284991338582677
21
1.2666695669291339
0
LINE
8
BLACK
6
CONTINUOUS
10
0.6284991338582677
20
1.2666695669291339
11
0.6286342913385826
21
1.2657720472440945
0
LINE
8
BLACK
6
CONTINUOUS
10
0.6286342913385826
20
1.2657720472440945
11
0.6289147637795276
21
1.2649088976377953
0
LINE
8
BLACK
6
CONTINUOUS
10
0.6289147637795276
20
1.2649088976377953
11
0.6289147637795276
21
1.2604094488188977
0
LINE
8
BLACK
6
CONTINUOUS
10
0.6289147637795276
20
1.2604094488188977
11
0.6287175590551181
21
1.2598025590551181
0
LINE
8
BLACK
6
CONTINUOUS
10
0.6287175590551181
20
1.2598025590551181
11
0.628712716535433
21
1.2591644488188976
0
LINE
8
BLACK
6
CONTINUOUS
10
0.628712716535433
20
1.2591644488188976
11
0.6264629921259842
21
1.2524153149606299
0
LINE
8
BLACK
6
CONTINUOUS
10
0.6264629921259842
20
1.2524153149606299
11
0.6259239763779527
21
1.2516851574803149
0
LINE
8
BLACK
6
CONTINUOUS
10
0.6259239763779527
20
1.2516851574803149
11
0.6255119291338582
21
1.2508764173228346
0
LINE
8
BLACK
6
CONTINUOUS
10
0.6255119291338582
20
1.2508764173228346
11
0.605236220472441
21
1.2306007086614172
0
LINE
8
BLACK
6
CONTINUOUS
10
0.605236220472441
20
1.2306007086614172
11
0.6249777559055117
21
1.2306007086614172
0
LINE
8
BLACK
6
CONTINUOUS
10
0.6249777559055117
20
1.2306007086614172
11
0.6272918897637795
21
1.2298488188976378
0
LINE
8
BLACK
6
CONTINUOUS
10
0.6272918897637795
20
1.2298488188976378
11
0.6287220866141732
21
1.2278803149606299
0
LINE
8
BLACK
6
CONTINUOUS
10
0.6287220866141732
20
1.2278803149606299
11
0.6287220866141732
21
1.2254470866141731
0
LINE
8
BLACK
6
CONTINUOUS
10
0.6287220866141732
20
1.2254470866141731
11
0.6272918897637795
21
1.2234785826771652
0
LINE
8
BLACK
6
CONTINUOUS
10
0.6272918897637795
20
1.2234785826771652
11
0.6249777559055117
21
1.2227266929133858
0
LINE
8
BLACK
6
CONTINUOUS
10
0.6249777559055117
20
1.2227266929133858
11
0.5957314173228346
21
1.2227266929133858
0
LINE
8
BLACK
6
CONTINUOUS
10
0.5957314173228346
20
1.2227266929133858
11
0.5948546456692914
21
1.2230115748031496
0
LINE
8
BLACK
6
CONTINUOUS
10
0.5948546456692914
20
1.2230115748031496
11
0.5939440551181102
21
1.2231557874015748
0
LINE
8
BLACK
6
CONTINUOUS
10
0.5939440551181102
20
1.2231557874015748
11
0.5937194094488188
21
1.2233804330708662
0
LINE
8
BLACK
6
CONTINUOUS
10
0.5937194094488188
20
1.2233804330708662
11
0.5934172834645669
21
1.2234785826771652
0
LINE
8
BLACK
6
CONTINUOUS
10
0.5934172834645669
20
1.2234785826771652
11
0.59287531496063
21
1.2242245275590551
0
LINE
8
BLACK
6
CONTINUOUS
10
0.59287531496063
20
1.2242245275590551
11
0.5922235039370078
21
1.2248763385826771
0
LINE
8
BLACK
6
CONTINUOUS
10
0.5922235039370078
20
1.2248763385826771
11
0.592173779527559
21
1.2251901181102363
0
LINE
8
BLACK
6
CONTINUOUS
10
0.592173779527559
20
1.2251901181102363
11
0.5919870866141732
21
1.2254470866141731
0
LINE
8
BLACK
6
CONTINUOUS
10
0.5919870866141732
20
1.2254470866141731
11
0.5919870866141732
21
1.2263690551181101
0
LINE
8
BLACK
6
CONTINUOUS
10
0.5919870866141732
20
1.2263690551181101
11
0.591842874015748
21
1.2272795669291339
0
LINE
8
BLACK
6
CONTINUOUS
10
0.591842874015748
20
1.2272795669291339
11
0.5919870866141732
21
1.2275626377952755
0
LINE
8
BLACK
6
CONTINUOUS
10
0.5919870866141732
20
1.2275626377952755
11
0.5919870866141732
21
1.2278803149606299
0
LINE
8
BLACK
6
CONTINUOUS
10
0.5919870866141732
20
1.2278803149606299
11
0.5925289763779528
21
1.228626220472441
0
LINE
8
BLACK
6
CONTINUOUS
10
0.5925289763779528
20
1.228626220472441
11
0.5929475196850393
21
1.2294475984251969
0
LINE
8
BLACK
6
CONTINUOUS
10
0.5929475196850393
20
1.2294475984251969
11
0.6192869685039369
21
1.2557870866141732
0
LINE
8
BLACK
6
CONTINUOUS
10
0.6192869685039369
20
1.2557870866141732
11
0.621040748031496
21
1.2610483464566928
0
LINE
8
BLACK
6
CONTINUOUS
10
0.621040748031496
20
1.2610483464566928
11
0.621040748031496
21
1.2639794881889763
0
LINE
8
BLACK
6
CONTINUOUS
10
0.621040748031496
20
1.2639794881889763
11
0.6194923228346456
21
1.2670762992125983
0
LINE
8
BLACK
6
CONTINUOUS
10
0.6194923228346456
20
1.2670762992125983
11
0.6181462204724409
21
1.2684224409448819
0
LINE
8
BLACK
6
CONTINUOUS
10
0.6181462204724409
20
1.2684224409448819
11
0.6150494881889763
21
1.2699707874015749
0
LINE
8
BLACK
6
CONTINUOUS
10
0.6150494881889763
20
1.2699707874015749
11
0.6056597637795276
21
1.2699707874015749
0
LINE
8
BLACK
6
CONTINUOUS
10
0.6056597637795276
20
1.2699707874015749
11
0.6025629527559055
21
1.2684224409448819
0
LINE
8
BLACK
6
CONTINUOUS
10
0.6025629527559055
20
1.2684224409448819
11
0.6007650393700787
21
1.2666244488188976
0
LINE
8
BLACK
6
CONTINUOUS
10
0.6007650393700787
20
1.2666244488188976
11
0.5985970078740157
21
1.2655198031496062
0
LINE
8
BLACK
6
CONTINUOUS
10
0.5985970078740157
20
1.2655198031496062
11
0.596193779527559
21
1.2659004330708661
0
LINE
8
BLACK
6
CONTINUOUS
10
0.596193779527559
20
1.2659004330708661
11
0.5944732283464567
21
1.2676209842519686
0
LINE
8
BLACK
6
CONTINUOUS
10
0.5944732283464567
20
1.2676209842519686
11
0.5940925984251968
21
1.2700242125984251
0
LINE
8
BLACK
6
CONTINUOUS
10
0.5940925984251968
20
1.2700242125984251
11
0.5951972440944882
21
1.2721922440944882
0
LINE
8
BLACK
6
CONTINUOUS
10
0.5951972440944882
20
1.2721922440944882
11
0.597446968503937
21
1.2744419291338582
0
LINE
8
BLACK
6
CONTINUOUS
10
0.597446968503937
20
1.2744419291338582
11
0.5980155118110236
21
1.2747316535433071
0
LINE
8
BLACK
6
CONTINUOUS
10
0.5980155118110236
20
1.2747316535433071
11
0.5984701968503937
21
1.2751794488188977
0
LINE
8
BLACK
6
CONTINUOUS
10
0.5984701968503937
20
1.2751794488188977
11
0.6029696456692913
21
1.2774291732283465
0
LINE
8
BLACK
6
CONTINUOUS
10
0.6029696456692913
20
1.2774291732283465
11
0.6038671653543307
21
1.27756437007874
0
LINE
8
BLACK
6
CONTINUOUS
10
0.6038671653543307
20
1.27756437007874
11
0.6047303149606299
21
1.2778448031496064
0
LINE
8
BLACK
6
CONTINUOUS
10
0.6047303149606299
20
1.2778448031496064
11
0.6159788976377952
21
1.2778448031496064
0
LINE
8
BLACK
6
CONTINUOUS
10
0.6159788976377952
20
1.2778448031496064
11
0.6168420078740158
21
1.27756437007874
0
LINE
8
BLACK
6
CONTINUOUS
10
0.5509417322834645
20
1.2776521259842519
11
0.5519536614173228
21
1.2776521259842519
0
LINE
8
BLACK
6
CONTINUOUS
10
0.5519536614173228
20
1.2776521259842519
11
0.5521334251968504
21
1.2775215354330709
0
LINE
8
BLACK
6
CONTINUOUS
10
0.5521334251968504
20
1.2775215354330709
11
0.5523543700787401
21
1.2774972834645668
0
LINE
8
BLACK
6
CONTINUOUS
10
0.5523543700787401
20
1.2774972834645668
11
0.5531033070866141
21
1.2768168897637795
0
LINE
8
BLACK
6
CONTINUOUS
10
0.5531033070866141
20
1.2768168897637795
11
0.5539221653543307
21
1.2762219291338583
0
LINE
8
BLACK
6
CONTINUOUS
10
0.5539221653543307
20
1.2762219291338583
11
0.5539908267716536
21
1.2760105511811024
0
LINE
8
BLACK
6
CONTINUOUS
10
0.5539908267716536
20
1.2760105511811024
11
0.5541553149606299
21
1.2758611023622046
0
LINE
8
BLACK
6
CONTINUOUS
10
0.5541553149606299
20
1.2758611023622046
11
0.5737966535433071
21
1.2414887795275591
0
LINE
8
BLACK
6
CONTINUOUS
10
0.5737966535433071
20
1.2414887795275591
11
0.5737966535433071
21
1.2739077952755906
0
LINE
8
BLACK
6
CONTINUOUS
10
0.5737966535433071
20
1.2739077952755906
11
0.5745485433070866
21
1.2762219291338583
0
LINE
8
BLACK
6
CONTINUOUS
10
0.5745485433070866
20
1.2762219291338583
11
0.5765170472440945
21
1.2776521259842519
0
LINE
8
BLACK
6
CONTINUOUS
10
0.5765170472440945
20
1.2776521259842519
11
0.5789502755905511
21
1.2776521259842519
0
LINE
8
BLACK
6
CONTINUOUS
10
0.5789502755905511
20
1.2776521259842519
11
0.580918779527559
21
1.2762219291338583
0
LINE
8
BLACK
6
CONTINUOUS
10
0.580918779527559
20
1.2762219291338583
11
0.5816706692913386
21
1.2739077952755906
0
LINE
8
BLACK
6
CONTINUOUS
10
0.5816706692913386
20
1.2739077952755906
11
0.5816706692913386
21
1.2266637007874015
0
LINE
8
BLACK
6
CONTINUOUS
10
0.5816706692913386
20
1.2266637007874015
11
0.581601968503937
21
1.2264523622047243
0
LINE
8
BLACK
6
CONTINUOUS
10
0.581601968503937
20
1.2264523622047243
11
0.5816472440944882
21
1.2262347244094487
0
LINE
8
BLACK
6
CONTINUOUS
10
0.5816472440944882
20
1.2262347244094487
11
0.5812314960629921
21
1.2253120472440944
0
LINE
8
BLACK
6
CONTINUOUS
10
0.5812314960629921
20
1.2253120472440944
11
0.580918779527559
21
1.2243495669291338
0
LINE
8
BLACK
6
CONTINUOUS
10
0.580918779527559
20
1.2243495669291338
11
0.580738937007874
21
1.224218937007874
0
LINE
8
BLACK
6
CONTINUOUS
10
0.580738937007874
20
1.224218937007874
11
0.5806476771653544
21
1.2240163385826772
0
LINE
8
BLACK
6
CONTINUOUS
10
0.5806476771653544
20
1.2240163385826772
11
0.5797691338582677
21
1.2235143307086613
0
LINE
8
BLACK
6
CONTINUOUS
10
0.5797691338582677
20
1.2235143307086613
11
0.5789502755905511
21
1.2229193700787402
0
LINE
8
BLACK
6
CONTINUOUS
10
0.5789502755905511
20
1.2229193700787402
11
0.578728031496063
21
1.2229193700787402
0
LINE
8
BLACK
6
CONTINUOUS
10
0.578728031496063
20
1.2229193700787402
11
0.5785350393700788
21
1.2228090944881889
0
LINE
8
BLACK
6
CONTINUOUS
10
0.5785350393700788
20
1.2228090944881889
11
0.5775289763779528
21
1.2229193700787402
0
LINE
8
BLACK
6
CONTINUOUS
10
0.5775289763779528
20
1.2229193700787402
11
0.5765170472440945
21
1.2229193700787402
0
LINE
8
BLACK
6
CONTINUOUS
10
0.5765170472440945
20
1.2229193700787402
11
0.5763372440944882
21
1.22305
0
LINE
8
BLACK
6
CONTINUOUS
10
0.5763372440944882
20
1.22305
11
0.5761163385826772
21
1.2230742125984251
0
LINE
8
BLACK
6
CONTINUOUS
10
0.5761163385826772
20
1.2230742125984251
11
0.5753673622047244
21
1.2237546456692914
0
LINE
8
BLACK
6
CONTINUOUS
10
0.5753673622047244
20
1.2237546456692914
11
0.5745485433070866
21
1.2243495669291338
0
LINE
8
BLACK
6
CONTINUOUS
10
0.5745485433070866
20
1.2243495669291338
11
0.574479842519685
21
1.2245609842519685
0
LINE
8
BLACK
6
CONTINUOUS
10
0.574479842519685
20
1.2245609842519685
11
0.5743153937007874
21
1.2247103937007873
0
LINE
8
BLACK
6
CONTINUOUS
10
0.5743153937007874
20
1.2247103937007873
11
0.5546740551181102
21
1.2590827559055118
0
LINE
8
BLACK
6
CONTINUOUS
10
0.5546740551181102
20
1.2590827559055118
11
0.5546740551181102
21
1.2266637007874015
0
LINE
8
BLACK
6
CONTINUOUS
10
0.5546740551181102
20
1.2266637007874015
11
0.5539221653543307
21
1.2243495669291338
0
LINE
8
BLACK
6
CONTINUOUS
10
0.5539221653543307
20
1.2243495669291338
11
0.5519536614173228
21
1.2229193700787402
0
LINE
8
BLACK
6
CONTINUOUS
10
0.5519536614173228
20
1.2229193700787402
11
0.5495204330708662
21
1.2229193700787402
0
LINE
8
BLACK
6
CONTINUOUS
10
0.5495204330708662
20
1.2229193700787402
11
0.5475519291338583
21
1.2243495669291338
0
LINE
8
BLACK
6
CONTINUOUS
10
0.5475519291338583
20
1.2243495669291338
11
0.5468000393700787
21
1.2266637007874015
0
LINE
8
BLACK
6
CONTINUOUS
10
0.5468000393700787
20
1.2266637007874015
11
0.5468000393700787
21
1.2739077952755906
0
LINE
8
BLACK
6
CONTINUOUS
10
0.5468000393700787
20
1.2739077952755906
11
0.5468687007874016
21
1.2741191732283463
0
LINE
8
BLACK
6
CONTINUOUS
10
0.5468687007874016
20
1.2741191732283463
11
0.5468234645669291
21
1.2743367716535432
0
LINE
8
BLACK
6
CONTINUOUS
10
0.5468234645669291
20
1.2743367716535432
11
0.5472391732283465
21
1.2752594881889763
0
LINE
8
BLACK
6
CONTINUOUS
10
0.5472391732283465
20
1.2752594881889763
11
0.5475519291338583
21
1.2762219291338583
0
LINE
8
BLACK
6
CONTINUOUS
10
0.5475519291338583
20
1.2762219291338583
11
0.5477317322834645
21
1.2763525984251969
0
LINE
8
BLACK
6
CONTINUOUS
10
0.5477317322834645
20
1.2763525984251969
11
0.5478230314960629
21
1.2765551574803149
0
LINE
8
BLACK
6
CONTINUOUS
10
0.5478230314960629
20
1.2765551574803149
11
0.5487015354330709
21
1.2770572047244093
0
LINE
8
BLACK
6
CONTINUOUS
10
0.5487015354330709
20
1.2770572047244093
11
0.5495204330708662
21
1.2776521259842519
0
LINE
8
BLACK
6
CONTINUOUS
10
0.5495204330708662
20
1.2776521259842519
11
0.5497426771653543
21
1.2776521259842519
0
LINE
8
BLACK
6
CONTINUOUS
10
0.5497426771653543
20
1.2776521259842519
11
0.5499356692913385
21
1.277762401574803
0
LINE
8
BLACK
6
CONTINUOUS
10
0.5499356692913385
20
1.277762401574803
11
0.5509417322834645
21
1.2776521259842519
0
LINE
8
BLACK
6
CONTINUOUS
10
0.5314249606299213
20
1.2762219291338583
11
0.5321768503937008
21
1.2739077952755906
0
LINE
8
BLACK
6
CONTINUOUS
10
0.5321768503937008
20
1.2739077952755906
11
0.5321768503937008
21
1.2266637007874015
0
LINE
8
BLACK
6
CONTINUOUS
10
0.5321768503937008
20
1.2266637007874015
11
0.5314249606299213
21
1.2243495669291338
0
LINE
8
BLACK
6
CONTINUOUS
10
0.5314249606299213
20
1.2243495669291338
11
0.5294564566929134
21
1.2229193700787402
0
LINE
8
BLACK
6
CONTINUOUS
10
0.5294564566929134
20
1.2229193700787402
11
0.5270232283464567
21
1.2229193700787402
0
LINE
8
BLACK
6
CONTINUOUS
10
0.5270232283464567
20
1.2229193700787402
11
0.5250547244094488
21
1.2243495669291338
0
LINE
8
BLACK
6
CONTINUOUS
10
0.5250547244094488
20
1.2243495669291338
11
0.5243028346456693
21
1.2266637007874015
0
LINE
8
BLACK
6
CONTINUOUS
10
0.5243028346456693
20
1.2266637007874015
11
0.5243028346456693
21
1.2739077952755906
0
LINE
8
BLACK
6
CONTINUOUS
10
0.5243028346456693
20
1.2739077952755906
11
0.5250547244094488
21
1.2762219291338583
0
LINE
8
BLACK
6
CONTINUOUS
10
0.5250547244094488
20
1.2762219291338583
11
0.5270232283464567
21
1.2776521259842519
0
LINE
8
BLACK
6
CONTINUOUS
10
0.5270232283464567
20
1.2776521259842519
11
0.5294564566929134
21
1.2776521259842519
0
LINE
8
BLACK
6
CONTINUOUS
10
0.5294564566929134
20
1.2776521259842519
11
0.5314249606299213
21
1.2762219291338583
0
LINE
8
BLACK
6
CONTINUOUS
10
0.8527078346456692
20
1.2905866929133858
11
0.8541380314960629
21
1.2886181889763779
0
LINE
8
BLACK
6
CONTINUOUS
10
0.8541380314960629
20
1.2886181889763779
11
0.8541380314960629
21
1.2861849606299212
0
LINE
8
BLACK
6
CONTINUOUS
10
0.8541380314960629
20
1.2861849606299212
11
0.8527078346456692
21
1.2842164566929133
0
LINE
8
BLACK
6
CONTINUOUS
10
0.8527078346456692
20
1.2842164566929133
11
0.8503937007874015
21
1.2834645669291338
0
LINE
8
BLACK
6
CONTINUOUS
10
0.8503937007874015
20
1.2834645669291338
11
0.84251968503937
21
1.2834645669291338
0
LINE
8
BLACK
6
CONTINUOUS
10
0.84251968503937
20
1.2834645669291338
11
0.8402055511811023
21
1.2842164566929133
0
LINE
8
BLACK
6
CONTINUOUS
10
0.8402055511811023
20
1.2842164566929133
11
0.8387753543307086
21
1.2861849606299212
0
LINE
8
BLACK
6
CONTINUOUS
10
0.8387753543307086
20
1.2861849606299212
11
0.8387753543307086
21
1.2886181889763779
0
LINE
8
BLACK
6
CONTINUOUS
10
0.8387753543307086
20
1.2886181889763779
11
0.8402055511811023
21
1.2905866929133858
0
LINE
8
BLACK
6
CONTINUOUS
10
0.8402055511811023
20
1.2905866929133858
11
0.84251968503937
21
1.2913385826771653
0
LINE
8
BLACK
6
CONTINUOUS
10
0.84251968503937
20
1.2913385826771653
11
0.8503937007874015
21
1.2913385826771653
0
LINE
8
BLACK
6
CONTINUOUS
10
0.8503937007874015
20
1.2913385826771653
11
0.8527078346456692
21
1.2905866929133858
0
LINE
8
BLACK
6
CONTINUOUS
10
0.856644842519685
20
1.302397716535433
11
0.8580750393700787
21
1.3004292125984251
0
LINE
8
BLACK
6
CONTINUOUS
10
0.8580750393700787
20
1.3004292125984251
11
0.8580750393700787
21
1.2979959842519684
0
LINE
8
BLACK
6
CONTINUOUS
10
0.8580750393700787
20
1.2979959842519684
11
0.856644842519685
21
1.2960274803149605
0
LINE
8
BLACK
6
CONTINUOUS
10
0.856644842519685
20
1.2960274803149605
11
0.8543307086614172
21
1.295275590551181
0
LINE
8
BLACK
6
CONTINUOUS
10
0.8543307086614172
20
1.295275590551181
11
0.8385826771653543
21
1.295275590551181
0
LINE
8
BLACK
6
CONTINUOUS
10
0.8385826771653543
20
1.295275590551181
11
0.8362685433070866
21
1.2960274803149605
0
LINE
8
BLACK
6
CONTINUOUS
10
0.8362685433070866
20
1.2960274803149605
11
0.8348383464566929
21
1.2979959842519684
0
LINE
8
BLACK
6
CONTINUOUS
10
0.8348383464566929
20
1.2979959842519684
11
0.8348383464566929
21
1.3004292125984251
0
LINE
8
BLACK
6
CONTINUOUS
10
0.8348383464566929
20
1.3004292125984251
11
0.8362685433070866
21
1.302397716535433
0
LINE
8
BLACK
6
CONTINUOUS
10
0.8362685433070866
20
1.302397716535433
11
0.8385826771653543
21
1.3031496062992125
0
LINE
8
BLACK
6
CONTINUOUS
10
0.8385826771653543
20
1.3031496062992125
11
0.8543307086614172
21
1.3031496062992125
0
LINE
8
BLACK
6
CONTINUOUS
10
0.8543307086614172
20
1.3031496062992125
11
0.856644842519685
21
1.302397716535433
0
LINE
8
BLACK
6
CONTINUOUS
10
0.7787756692913386
20
1.3723928740157481
11
0.7795275590551181
21
1.3700787401574803
0
LINE
8
BLACK
6
CONTINUOUS
10
0.7795275590551181
20
1.3700787401574803
11
0.7795275590551181
21
1.3503937007874016
0
LINE
8
BLACK
6
CONTINUOUS
10
0.7795275590551181
20
1.3503937007874016
11
0.7787756692913386
21
1.3480795669291339
0
LINE
8
BLACK
6
CONTINUOUS
10
0.7787756692913386
20
1.3480795669291339
11
0.7768071653543307
21
1.3466493700787401
0
LINE
8
BLACK
6
CONTINUOUS
10
0.7768071653543307
20
1.3466493700787401
11
0.774373937007874
21
1.3466493700787401
0
LINE
8
BLACK
6
CONTINUOUS
10
0.774373937007874
20
1.3466493700787401
11
0.7724054330708662
21
1.3480795669291339
0
LINE
8
BLACK
6
CONTINUOUS
10
0.7724054330708662
20
1.3480795669291339
11
0.7716535433070866
21
1.3503937007874016
0
LINE
8
BLACK
6
CONTINUOUS
10
0.7716535433070866
20
1.3503937007874016
11
0.7716535433070866
21
1.3700787401574803
0
LINE
8
BLACK
6
CONTINUOUS
10
0.7716535433070866
20
1.3700787401574803
11
0.7724054330708662
21
1.3723928740157481
0
LINE
8
BLACK
6
CONTINUOUS
10
0.7724054330708662
20
1.3723928740157481
11
0.774373937007874
21
1.3738230708661416
0
LINE
8
BLACK
6
CONTINUOUS
10
0.774373937007874
20
1.3738230708661416
11
0.7768071653543307
21
1.3738230708661416
0
LINE
8
BLACK
6
CONTINUOUS
10
0.7768071653543307
20
1.3738230708661416
11
0.7787756692913386
21
1.3723928740157481
0
LINE
8
BLACK
6
CONTINUOUS
10
0.7886474015748032
20
1.4167344881889763
11
0.7976796062992125
21
1.4145660236220472
0
LINE
8
BLACK
6
CONTINUOUS
10
0.7976796062992125
20
1.4145660236220472
11
0.8062613779527559
21
1.4110113385826772
0
LINE
8
BLACK
6
CONTINUOUS
10
0.8062613779527559
20
1.4110113385826772
11
0.8141814566929134
21
1.4061579133858266
0
LINE
8
BLACK
6
CONTINUOUS
10
0.8141814566929134
20
1.4061579133858266
11
0.8212447244094488
21
1.4001252755905511
0
LINE
8
BLACK
6
CONTINUOUS
10
0.8212447244094488
20
1.4001252755905511
11
0.8272773622047244
21
1.3930620078740157
0
LINE
8
BLACK
6
CONTINUOUS
10
0.8272773622047244
20
1.3930620078740157
11
0.8292985039370079
21
1.389763779527559
0
LINE
8
BLACK
6
CONTINUOUS
10
0.8292985039370079
20
1.389763779527559
11
0.9094488188976377
21
1.389763779527559
0
LINE
8
BLACK
6
CONTINUOUS
10
0.9094488188976377
20
1.389763779527559
11
0.9117629527559055
21
1.3890118897637795
0
LINE
8
BLACK
6
CONTINUOUS
10
0.9117629527559055
20
1.3890118897637795
11
0.9131931496062992
21
1.3870433858267717
0
LINE
8
BLACK
6
CONTINUOUS
10
0.9131931496062992
20
1.3870433858267717
11
0.9131931496062992
21
1.3846101574803149
0
LINE
8
BLACK
6
CONTINUOUS
10
0.9131931496062992
20
1.3846101574803149
11
0.9117629527559055
21
1.382641653543307
0
LINE
8
BLACK
6
CONTINUOUS
10
0.9117629527559055
20
1.382641653543307
11
0.9094488188976377
21
1.3818897637795275
0
LINE
8
BLACK
6
CONTINUOUS
10
0.9094488188976377
20
1.3818897637795275
11
0.833477874015748
21
1.3818897637795275
0
LINE
8
BLACK
6
CONTINUOUS
10
0.833477874015748
20
1.3818897637795275
11
0.8356854724409448
21
1.376560157480315
0
LINE
8
BLACK
6
CONTINUOUS
10
0.8356854724409448
20
1.376560157480315
11
0.837853937007874
21
1.3675279527559054
0
LINE
8
BLACK
6
CONTINUOUS
10
0.837853937007874
20
1.3675279527559054
11
0.838582716535433
21
1.3582677165354331
0
LINE
8
BLACK
6
CONTINUOUS
10
0.838582716535433
20
1.3582677165354331
11
0.837853937007874
21
1.3490074803149605
0
LINE
8
BLACK
6
CONTINUOUS
10
0.837853937007874
20
1.3490074803149605
11
0.8356854724409448
21
1.3399752755905512
0
LINE
8
BLACK
6
CONTINUOUS
10
0.8356854724409448
20
1.3399752755905512
11
0.8351086220472441
21
1.3385826771653544
0
LINE
8
BLACK
6
CONTINUOUS
10
0.8351086220472441
20
1.3385826771653544
11
0.8464566929133858
21
1.3385826771653544
0
LINE
8
BLACK
6
CONTINUOUS
10
0.8464566929133858
20
1.3385826771653544
11
0.8470497244094488
21
1.33839
0
LINE
8
BLACK
6
CONTINUOUS
10
0.8470497244094488
20
1.33839
11
0.8476733070866141
21
1.33839
0
LINE
8
BLACK
6
CONTINUOUS
10
0.8476733070866141
20
1.33839
11
0.8481777559055118
21
1.3380235039370079
0
LINE
8
BLACK
6
CONTINUOUS
10
0.8481777559055118
20
1.3380235039370079
11
0.8487708267716535
21
1.3378307874015747
0
LINE
8
BLACK
6
CONTINUOUS
10
0.8487708267716535
20
1.3378307874015747
11
0.8491373228346456
21
1.3373263385826772
0
LINE
8
BLACK
6
CONTINUOUS
10
0.8491373228346456
20
1.3373263385826772
11
0.849641811023622
21
1.3369598031496062
0
LINE
8
BLACK
6
CONTINUOUS
10
0.849641811023622
20
1.3369598031496062
11
0.8498344881889763
21
1.3363667716535432
0
LINE
8
BLACK
6
CONTINUOUS
10
0.8498344881889763
20
1.3363667716535432
11
0.8502010236220472
21
1.3358622834645668
0
LINE
8
BLACK
6
CONTINUOUS
10
0.8502010236220472
20
1.3358622834645668
11
0.8502010236220472
21
1.3352387007874016
0
LINE
8
BLACK
6
CONTINUOUS
10
0.8502010236220472
20
1.3352387007874016
11
0.8503937007874015
21
1.3346456692913387
0
LINE
8
BLACK
6
CONTINUOUS
10
0.8503937007874015
20
1.3346456692913387
11
0.8503937007874015
21
1.3149606299212597
0
LINE
8
BLACK
6
CONTINUOUS
10
0.8503937007874015
20
1.3149606299212597
11
0.8622047244094488
21
1.3149606299212597
0
LINE
8
BLACK
6
CONTINUOUS
10
0.8622047244094488
20
1.3149606299212597
11
0.8645188582677165
21
1.3142087401574802
0
LINE
8
BLACK
6
CONTINUOUS
10
0.8645188582677165
20
1.3142087401574802
11
0.8659490551181103
21
1.3122402362204724
0
LINE
8
BLACK
6
CONTINUOUS
10
0.8659490551181103
20
1.3122402362204724
11
0.8659490551181103
21
1.3098070078740158
0
LINE
8
BLACK
6
CONTINUOUS
10
0.8659490551181103
20
1.3098070078740158
11
0.8645188582677165
21
1.3078385039370077
0
LINE
8
BLACK
6
CONTINUOUS
10
0.8645188582677165
20
1.3078385039370077
11
0.8622047244094488
21
1.3070866141732282
0
LINE
8
BLACK
6
CONTINUOUS
10
0.8622047244094488
20
1.3070866141732282
11
0.8307086614173228
21
1.3070866141732282
0
LINE
8
BLACK
6
CONTINUOUS
10
0.8307086614173228
20
1.3070866141732282
11
0.8283945275590551
21
1.3078385039370077
0
LINE
8
BLACK
6
CONTINUOUS
10
0.8283945275590551
20
1.3078385039370077
11
0.8269643307086614
21
1.3098070078740158
0
LINE
8
BLACK
6
CONTINUOUS
10
0.8269643307086614
20
1.3098070078740158
11
0.8269643307086614
21
1.3122402362204724
0
LINE
8
BLACK
6
CONTINUOUS
10
0.8269643307086614
20
1.3122402362204724
11
0.8283945275590551
21
1.3142087401574802
0
LINE
8
BLACK
6
CONTINUOUS
10
0.8283945275590551
20
1.3142087401574802
11
0.8307086614173228
21
1.3149606299212597
0
LINE
8
BLACK
6
CONTINUOUS
10
0.8307086614173228
20
1.3149606299212597
11
0.84251968503937
21
1.3149606299212597
0
LINE
8
BLACK
6
CONTINUOUS
10
0.84251968503937
20
1.3149606299212597
11
0.84251968503937
21
1.3307086614173229
0
LINE
8
BLACK
6
CONTINUOUS
10
0.84251968503937
20
1.3307086614173229
11
0.8317111023622047
21
1.3307086614173229
0
LINE
8
BLACK
6
CONTINUOUS
10
0.8317111023622047
20
1.3307086614173229
11
0.8272773622047244
21
1.3234734251968503
0
LINE
8
BLACK
6
CONTINUOUS
10
0.8272773622047244
20
1.3234734251968503
11
0.8212447244094488
21
1.3164101574803149
0
LINE
8
BLACK
6
CONTINUOUS
10
0.8212447244094488
20
1.3164101574803149
11
0.8141814566929134
21
1.3103775196850393
0
LINE
8
BLACK
6
CONTINUOUS
10
0.8141814566929134
20
1.3103775196850393
11
0.8062613779527559
21
1.305524094488189
0
LINE
8
BLACK
6
CONTINUOUS
10
0.8062613779527559
20
1.305524094488189
11
0.7976796062992125
21
1.3019694094488188
0
LINE
8
BLACK
6
CONTINUOUS
10
0.7976796062992125
20
1.3019694094488188
11
0.7886474015748032
21
1.2998009448818897
0
LINE
8
BLACK
6
CONTINUOUS
10
0.7886474015748032
20
1.2998009448818897
11
0.7793871653543307
21
1.2990721653543307
0
LINE
8
BLACK
6
CONTINUOUS
10
0.7793871653543307
20
1.2990721653543307
11
0.7701269291338583
21
1.2998009448818897
0
LINE
8
BLACK
6
CONTINUOUS
10
0.7701269291338583
20
1.2998009448818897
11
0.7610947244094488
21
1.3019694094488188
0
LINE
8
BLACK
6
CONTINUOUS
10
0.7610947244094488
20
1.3019694094488188
11
0.7525129527559055
21
1.305524094488189
0
LINE
8
BLACK
6
CONTINUOUS
10
0.7525129527559055
20
1.305524094488189
11
0.744592874015748
21
1.3103775196850393
0
LINE
8
BLACK
6
CONTINUOUS
10
0.744592874015748
20
1.3103775196850393
11
0.7375296062992126
21
1.3164101574803149
0
LINE
8
BLACK
6
CONTINUOUS
10
0.7375296062992126
20
1.3164101574803149
11
0.731496968503937
21
1.3234734251968503
0
LINE
8
BLACK
6
CONTINUOUS
10
0.731496968503937
20
1.3234734251968503
11
0.7266435433070866
21
1.3313935039370079
0
LINE
8
BLACK
6
CONTINUOUS
10
0.7266435433070866
20
1.3313935039370079
11
0.7236657086614173
21
1.3385826771653544
0
LINE
8
BLACK
6
CONTINUOUS
10
0.7236657086614173
20
1.3385826771653544
11
0.6417322834645669
21
1.3385826771653544
0
LINE
8
BLACK
6
CONTINUOUS
10
0.6417322834645669
20
1.3385826771653544
11
0.6394181496062992
21
1.3393345669291339
0
LINE
8
BLACK
6
CONTINUOUS
10
0.6394181496062992
20
1.3393345669291339
11
0.6379879527559055
21
1.3413030708661418
0
LINE
8
BLACK
6
CONTINUOUS
10
0.6379879527559055
20
1.3413030708661418
11
0.6379879527559055
21
1.3437362992125983
0
LINE
8
BLACK
6
CONTINUOUS
10
0.6379879527559055
20
1.3437362992125983
11
0.6394181496062992
21
1.3457048031496062
0
LINE
8
BLACK
6
CONTINUOUS
10
0.6394181496062992
20
1.3457048031496062
11
0.6417322834645669
21
1.3464566929133859
0
LINE
8
BLACK
6
CONTINUOUS
10
0.6417322834645669
20
1.3464566929133859
11
0.7215327952755906
21
1.3464566929133859
0
LINE
8
BLACK
6
CONTINUOUS
10
0.7215327952755906
20
1.3464566929133859
11
0.7209203937007874
21
1.3490074803149605
0
LINE
8
BLACK
6
CONTINUOUS
10
0.7209203937007874
20
1.3490074803149605
11
0.7201916141732283
21
1.3582677165354331
0
LINE
8
BLACK
6
CONTINUOUS
10
0.7201916141732283
20
1.3582677165354331
11
0.7209203937007874
21
1.3675279527559054
0
LINE
8
BLACK
6
CONTINUOUS
10
0.7209203937007874
20
1.3675279527559054
11
0.7230888582677165
21
1.376560157480315
0
LINE
8
BLACK
6
CONTINUOUS
10
0.7230888582677165
20
1.376560157480315
11
0.7266435433070866
21
1.3851419291338583
0
LINE
8
BLACK
6
CONTINUOUS
10
0.7266435433070866
20
1.3851419291338583
11
0.731496968503937
21
1.3930620078740157
0
LINE
8
BLACK
6
CONTINUOUS
10
0.731496968503937
20
1.3930620078740157
11
0.7375296062992126
21
1.4001252755905511
0
LINE
8
BLACK
6
CONTINUOUS
10
0.7375296062992126
20
1.4001252755905511
11
0.744592874015748
21
1.4061579133858266
0
LINE
8
BLACK
6
CONTINUOUS
10
0.744592874015748
20
1.4061579133858266
11
0.7525129527559055
21
1.4110113385826772
0
LINE
8
BLACK
6
CONTINUOUS
10
0.7525129527559055
20
1.4110113385826772
11
0.7610947244094488
21
1.4145660236220472
0
LINE
8
BLACK
6
CONTINUOUS
10
0.7610947244094488
20
1.4145660236220472
11
0.7701269291338583
21
1.4167344881889763
0
LINE
8
BLACK
6
CONTINUOUS
10
0.7701269291338583
20
1.4167344881889763
11
0.7793871653543307
21
1.4174632677165353
0
LINE
8
BLACK
6
CONTINUOUS
10
0.7793871653543307
20
1.4174632677165353
11
0.7886474015748032
21
1.4167344881889763
0
LINE
8
BLACK
6
CONTINUOUS
10
0.7286522834645669
20
1.3493217716535433
11
0.7294199606299212
21
1.3464566929133859
0
LINE
8
BLACK
6
CONTINUOUS
10
0.7294199606299212
20
1.3464566929133859
11
0.7559055118110236
21
1.3464566929133859
0
LINE
8
BLACK
6
CONTINUOUS
10
0.7559055118110236
20
1.3464566929133859
11
0.7559055118110236
21
1.3937007874015748
0
LINE
8
BLACK
6
CONTINUOUS
10
0.7559055118110236
20
1.3937007874015748
11
0.7566574015748031
21
1.3960149212598425
0
LINE
8
BLACK
6
CONTINUOUS
10
0.7566574015748031
20
1.3960149212598425
11
0.758625905511811
21
1.3974451181102361
0
LINE
8
BLACK
6
CONTINUOUS
10
0.758625905511811
20
1.3974451181102361
11
0.7610591338582677
21
1.3974451181102361
0
LINE
8
BLACK
6
CONTINUOUS
10
0.7610591338582677
20
1.3974451181102361
11
0.7630276377952756
21
1.3960149212598425
0
LINE
8
BLACK
6
CONTINUOUS
10
0.7630276377952756
20
1.3960149212598425
11
0.7637795275590551
21
1.3937007874015748
0
LINE
8
BLACK
6
CONTINUOUS
10
0.7637795275590551
20
1.3937007874015748
11
0.7637795275590551
21
1.326771653543307
0
LINE
8
BLACK
6
CONTINUOUS
10
0.7637795275590551
20
1.326771653543307
11
0.7630276377952756
21
1.3244575196850394
0
LINE
8
BLACK
6
CONTINUOUS
10
0.7630276377952756
20
1.3244575196850394
11
0.7610591338582677
21
1.3230273228346456
0
LINE
8
BLACK
6
CONTINUOUS
10
0.7610591338582677
20
1.3230273228346456
11
0.758625905511811
21
1.3230273228346456
0
LINE
8
BLACK
6
CONTINUOUS
10
0.758625905511811
20
1.3230273228346456
11
0.7566574015748031
21
1.3244575196850394
0
LINE
8
BLACK
6
CONTINUOUS
10
0.7566574015748031
20
1.3244575196850394
11
0.7559055118110236
21
1.326771653543307
0
LINE
8
BLACK
6
CONTINUOUS
10
0.7559055118110236
20
1.326771653543307
11
0.7559055118110236
21
1.3385826771653544
0
LINE
8
BLACK
6
CONTINUOUS
10
0.7559055118110236
20
1.3385826771653544
11
0.7319394094488189
21
1.3385826771653544
0
LINE
8
BLACK
6
CONTINUOUS
10
0.7319394094488189
20
1.3385826771653544
11
0.7347716535433071
21
1.332508937007874
0
LINE
8
BLACK
6
CONTINUOUS
10
0.7347716535433071
20
1.332508937007874
11
0.7399224409448819
21
1.3251528740157481
0
LINE
8
BLACK
6
CONTINUOUS
10
0.7399224409448819
20
1.3251528740157481
11
0.7462723228346456
21
1.3188029921259843
0
LINE
8
BLACK
6
CONTINUOUS
10
0.7462723228346456
20
1.3188029921259843
11
0.7536283858267716
21
1.3136522047244095
0
LINE
8
BLACK
6
CONTINUOUS
10
0.7536283858267716
20
1.3136522047244095
11
0.761767125984252
21
1.3098570472440945
0
LINE
8
BLACK
6
CONTINUOUS
10
0.761767125984252
20
1.3098570472440945
11
0.7704412204724409
21
1.3075328346456692
0
LINE
8
BLACK
6
CONTINUOUS
10
0.7704412204724409
20
1.3075328346456692
11
0.7793871653543307
21
1.3067501574803149
0
LINE
8
BLACK
6
CONTINUOUS
10
0.7793871653543307
20
1.3067501574803149
11
0.7883331102362204
21
1.3075328346456692
0
LINE
8
BLACK
6
CONTINUOUS
10
0.7883331102362204
20
1.3075328346456692
11
0.7970072047244094
21
1.3098570472440945
0
LINE
8
BLACK
6
CONTINUOUS
10
0.7970072047244094
20
1.3098570472440945
11
0.8051459448818897
21
1.3136522047244095
0
LINE
8
BLACK
6
CONTINUOUS
10
0.8051459448818897
20
1.3136522047244095
11
0.8125020078740157
21
1.3188029921259843
0
LINE
8
BLACK
6
CONTINUOUS
10
0.8125020078740157
20
1.3188029921259843
11
0.8188518897637795
21
1.3251528740157481
0
LINE
8
BLACK
6
CONTINUOUS
10
0.8188518897637795
20
1.3251528740157481
11
0.822742125984252
21
1.3307086614173229
0
LINE
8
BLACK
6
CONTINUOUS
10
0.822742125984252
20
1.3307086614173229
11
0.7795275590551181
21
1.3307086614173229
0
LINE
8
BLACK
6
CONTINUOUS
10
0.7795275590551181
20
1.3307086614173229
11
0.7795275590551181
21
1.3228346456692912
0
LINE
8
BLACK
6
CONTINUOUS
10
0.7795275590551181
20
1.3228346456692912
11
0.7787756692913386
21
1.3205205118110237
0
LINE
8
BLACK
6
CONTINUOUS
10
0.7787756692913386
20
1.3205205118110237
11
0.7768071653543307
21
1.3190903149606299
0
LINE
8
BLACK
6
CONTINUOUS
10
0.7768071653543307
20
1.3190903149606299
11
0.774373937007874
21
1.3190903149606299
0
LINE
8
BLACK
6
CONTINUOUS
10
0.774373937007874
20
1.3190903149606299
11
0.7724054330708662
21
1.3205205118110237
0
LINE
8
BLACK
6
CONTINUOUS
10
0.7724054330708662
20
1.3205205118110237
11
0.7716535433070866
21
1.3228346456692912
0
LINE
8
BLACK
6
CONTINUOUS
10
0.7716535433070866
20
1.3228346456692912
11
0.7716535433070866
21
1.3385826771653544
0
LINE
8
BLACK
6
CONTINUOUS
10
0.7716535433070866
20
1.3385826771653544
11
0.7724054330708662
21
1.3408968110236221
0
LINE
8
BLACK
6
CONTINUOUS
10
0.7724054330708662
20
1.3408968110236221
11
0.774373937007874
21
1.3423270078740157
0
LINE
8
BLACK
6
CONTINUOUS
10
0.774373937007874
20
1.3423270078740157
11
0.7768071653543307
21
1.3423270078740157
0
LINE
8
BLACK
6
CONTINUOUS
10
0.7768071653543307
20
1.3423270078740157
11
0.7787756692913386
21
1.3408968110236221
0
LINE
8
BLACK
6
CONTINUOUS
10
0.7787756692913386
20
1.3408968110236221
11
0.7795275590551181
21
1.3385826771653544
0
LINE
8
BLACK
6
CONTINUOUS
10
0.7795275590551181
20
1.3385826771653544
11
0.8268349212598425
21
1.3385826771653544
0
LINE
8
BLACK
6
CONTINUOUS
10
0.8268349212598425
20
1.3385826771653544
11
0.8277978346456693
21
1.3406476771653544
0
LINE
8
BLACK
6
CONTINUOUS
10
0.8277978346456693
20
1.3406476771653544
11
0.8301220472440944
21
1.3493217716535433
0
LINE
8
BLACK
6
CONTINUOUS
10
0.8301220472440944
20
1.3493217716535433
11
0.8309047244094488
21
1.3582677165354331
0
LINE
8
BLACK
6
CONTINUOUS
10
0.8309047244094488
20
1.3582677165354331
11
0.8301220472440944
21
1.3672136614173227
0
LINE
8
BLACK
6
CONTINUOUS
10
0.8301220472440944
20
1.3672136614173227
11
0.8277978346456693
21
1.3758877559055118
0
LINE
8
BLACK
6
CONTINUOUS
10
0.8277978346456693
20
1.3758877559055118
11
0.8249990551181102
21
1.3818897637795275
0
LINE
8
BLACK
6
CONTINUOUS
10
0.8249990551181102
20
1.3818897637795275
11
0.7795275590551181
21
1.3818897637795275
0
LINE
8
BLACK
6
CONTINUOUS
10
0.7795275590551181
20
1.3818897637795275
11
0.7787756692913386
21
1.3795756299212598
0
LINE
8
BLACK
6
CONTINUOUS
10
0.7787756692913386
20
1.3795756299212598
11
0.7768071653543307
21
1.378145433070866
0
LINE
8
BLACK
6
CONTINUOUS
10
0.7768071653543307
20
1.378145433070866
11
0.774373937007874
21
1.378145433070866
0
LINE
8
BLACK
6
CONTINUOUS
10
0.774373937007874
20
1.378145433070866
11
0.7724054330708662
21
1.3795756299212598
0
LINE
8
BLACK
6
CONTINUOUS
10
0.7724054330708662
20
1.3795756299212598
11
0.7716535433070866
21
1.3818897637795275
0
LINE
8
BLACK
6
CONTINUOUS
10
0.7716535433070866
20
1.3818897637795275
11
0.7716535433070866
21
1.3976377952755905
0
LINE
8
BLACK
6
CONTINUOUS
10
0.7716535433070866
20
1.3976377952755905
11
0.7724054330708662
21
1.3999519291338582
0
LINE
8
BLACK
6
CONTINUOUS
10
0.7724054330708662
20
1.3999519291338582
11
0.774373937007874
21
1.401382125984252
0
LINE
8
BLACK
6
CONTINUOUS
10
0.774373937007874
20
1.401382125984252
11
0.7768071653543307
21
1.401382125984252
0
LINE
8
BLACK
6
CONTINUOUS
10
0.7768071653543307
20
1.401382125984252
11
0.7787756692913386
21
1.3999519291338582
0
LINE
8
BLACK
6
CONTINUOUS
10
0.7787756692913386
20
1.3999519291338582
11
0.7795275590551181
21
1.3976377952755905
0
LINE
8
BLACK
6
CONTINUOUS
10
0.7795275590551181
20
1.3976377952755905
11
0.7795275590551181
21
1.389763779527559
0
LINE
8
BLACK
6
CONTINUOUS
10
0.7795275590551181
20
1.389763779527559
11
0.8199853937007874
21
1.389763779527559
0
LINE
8
BLACK
6
CONTINUOUS
10
0.8199853937007874
20
1.389763779527559
11
0.8188518897637795
21
1.3913825590551181
0
LINE
8
BLACK
6
CONTINUOUS
10
0.8188518897637795
20
1.3913825590551181
11
0.8125020078740157
21
1.3977324409448819
0
LINE
8
BLACK
6
CONTINUOUS
10
0.8125020078740157
20
1.3977324409448819
11
0.8051459448818897
21
1.4028832283464567
0
LINE
8
BLACK
6
CONTINUOUS
10
0.8051459448818897
20
1.4028832283464567
11
0.7970072047244094
21
1.4066783858267715
0
LINE
8
BLACK
6
CONTINUOUS
10
0.7970072047244094
20
1.4066783858267715
11
0.7883331102362204
21
1.4090025984251968
0
LINE
8
BLACK
6
CONTINUOUS
10
0.7883331102362204
20
1.4090025984251968
11
0.7793871653543307
21
1.4097852755905511
0
LINE
8
BLACK
6
CONTINUOUS
10
0.7793871653543307
20
1.4097852755905511
11
0.7704412204724409
21
1.4090025984251968
0
LINE
8
BLACK
6
CONTINUOUS
10
0.7704412204724409
20
1.4090025984251968
11
0.761767125984252
21
1.4066783858267715
0
LINE
8
BLACK
6
CONTINUOUS
10
0.761767125984252
20
1.4066783858267715
11
0.7536283858267716
21
1.4028832283464567
0
LINE
8
BLACK
6
CONTINUOUS
10
0.7536283858267716
20
1.4028832283464567
11
0.7462723228346456
21
1.3977324409448819
0
LINE
8
BLACK
6
CONTINUOUS
10
0.7462723228346456
20
1.3977324409448819
11
0.7399224409448819
21
1.3913825590551181
0
LINE
8
BLACK
6
CONTINUOUS
10
0.7399224409448819
20
1.3913825590551181
11
0.7347716535433071
21
1.384026496062992
0
LINE
8
BLACK
6
CONTINUOUS
10
0.7347716535433071
20
1.384026496062992
11
0.7309764960629921
21
1.3758877559055118
0
LINE
8
BLACK
6
CONTINUOUS
10
0.7309764960629921
20
1.3758877559055118
11
0.7286522834645669
21
1.3672136614173227
0
LINE
8
BLACK
6
CONTINUOUS
10
0.7286522834645669
20
1.3672136614173227
11
0.7278696062992126
21
1.3582677165354331
0
LINE
8
BLACK
6
CONTINUOUS
10
0.7278696062992126
20
1.3582677165354331
11
0.7286522834645669
21
1.3493217716535433
0
LINE
8
BLACK
6
CONTINUOUS
10
0.6126131102362204
20
1.3800143307086614
11
0.612696062992126
21
1.3800143307086614
0
LINE
8
BLACK
6
CONTINUOUS
10
0.612696062992126
20
1.3800143307086614
11
0.6136194488188976
21
1.3793434645669291
0
LINE
8
BLACK
6
CONTINUOUS
10
0.6136194488188976
20
1.3793434645669291
11
0.6145687007874016
21
1.3787106299212597
0
LINE
8
BLACK
6
CONTINUOUS
10
0.6145687007874016
20
1.3787106299212597
11
0.6145974409448819
21
1.3786329133858268
0
LINE
8
BLACK
6
CONTINUOUS
10
0.6145974409448819
20
1.3786329133858268
11
0.6146645669291338
21
1.3785841338582676
0
LINE
8
BLACK
6
CONTINUOUS
10
0.6146645669291338
20
1.3785841338582676
11
0.615017125984252
21
1.3774989763779528
0
LINE
8
BLACK
6
CONTINUOUS
10
0.615017125984252
20
1.3774989763779528
11
0.6154132677165354
21
1.3764287007874016
0
LINE
8
BLACK
6
CONTINUOUS
10
0.6154132677165354
20
1.3764287007874016
11
0.6153908267716536
21
1.3763488582677166
0
LINE
8
BLACK
6
CONTINUOUS
10
0.6153908267716536
20
1.3763488582677166
11
0.6154164566929133
21
1.3762699999999999
0
LINE
8
BLACK
6
CONTINUOUS
10
0.6154164566929133
20
1.3762699999999999
11
0.6154164566929133
21
1.3329629133858267
0
LINE
8
BLACK
6
CONTINUOUS
10
0.6154164566929133
20
1.3329629133858267
11
0.6249777559055117
21
1.3329629133858267
0
LINE
8
BLACK
6
CONTINUOUS
10
0.6249777559055117
20
1.3329629133858267
11
0.6272918897637795
21
1.3322110236220472
0
LINE
8
BLACK
6
CONTINUOUS
10
0.6272918897637795
20
1.3322110236220472
11
0.6287220866141732
21
1.3302425196850394
0
LINE
8
BLACK
6
CONTINUOUS
10
0.6287220866141732
20
1.3302425196850394
11
0.6287220866141732
21
1.3278092913385826
0
LINE
8
BLACK
6
CONTINUOUS
10
0.6287220866141732
20
1.3278092913385826
11
0.6272918897637795
21
1.3258407874015747
0
LINE
8
BLACK
6
CONTINUOUS
10
0.6272918897637795
20
1.3258407874015747
11
0.6249777559055117
21
1.3250888976377952
0
LINE
8
BLACK
6
CONTINUOUS
10
0.6249777559055117
20
1.3250888976377952
11
0.5979811417322834
21
1.3250888976377952
0
LINE
8
BLACK
6
CONTINUOUS
10
0.5979811417322834
20
1.3250888976377952
11
0.5956670078740157
21
1.3258407874015747
0
LINE
8
BLACK
6
CONTINUOUS
10
0.5956670078740157
20
1.3258407874015747
11
0.594236811023622
21
1.3278092913385826
0
LINE
8
BLACK
6
CONTINUOUS
10
0.594236811023622
20
1.3278092913385826
11
0.594236811023622
21
1.3302425196850394
0
LINE
8
BLACK
6
CONTINUOUS
10
0.594236811023622
20
1.3302425196850394
11
0.5956670078740157
21
1.3322110236220472
0
LINE
8
BLACK
6
CONTINUOUS
10
0.5956670078740157
20
1.3322110236220472
11
0.5979811417322834
21
1.3329629133858267
0
LINE
8
BLACK
6
CONTINUOUS
10
0.5979811417322834
20
1.3329629133858267
11
0.6075424409448819
21
1.3329629133858267
0
LINE
8
BLACK
6
CONTINUOUS
10
0.6075424409448819
20
1.3329629133858267
11
0.6075424409448819
21
1.3645155118110235
0
LINE
8
BLACK
6
CONTINUOUS
10
0.6075424409448819
20
1.3645155118110235
11
0.6052644881889764
21
1.3622375196850394
0
LINE
8
BLACK
6
CONTINUOUS
10
0.6052644881889764
20
1.3622375196850394
11
0.6046959842519685
21
1.361947874015748
0
LINE
8
BLACK
6
CONTINUOUS
10
0.6046959842519685
20
1.361947874015748
11
0.6042412992125984
21
1.3614999999999999
0
LINE
8
BLACK
6
CONTINUOUS
10
0.6042412992125984
20
1.3614999999999999
11
0.599741811023622
21
1.3592502755905511
0
LINE
8
BLACK
6
CONTINUOUS
10
0.599741811023622
20
1.3592502755905511
11
0.597335748031496
21
1.358887874015748
0
LINE
8
BLACK
6
CONTINUOUS
10
0.597335748031496
20
1.358887874015748
11
0.5951761811023621
21
1.3600089763779528
0
LINE
8
BLACK
6
CONTINUOUS
10
0.5951761811023621
20
1.3600089763779528
11
0.5940880314960629
21
1.36218531496063
0
LINE
8
BLACK
6
CONTINUOUS
10
0.5940880314960629
20
1.36218531496063
11
0.5944868897637795
21
1.364585590551181
0
LINE
8
BLACK
6
CONTINUOUS
10
0.5944868897637795
20
1.364585590551181
11
0.5962204724409449
21
1.3662930314960631
0
LINE
8
BLACK
6
CONTINUOUS
10
0.5962204724409449
20
1.3662930314960631
11
0.6001484645669292
21
1.3682570472440945
0
LINE
8
BLACK
6
CONTINUOUS
10
0.6001484645669292
20
1.3682570472440945
11
0.6039203937007874
21
1.3720290157480315
0
LINE
8
BLACK
6
CONTINUOUS
10
0.6039203937007874
20
1.3720290157480315
11
0.6082036614173228
21
1.3784538582677166
0
LINE
8
BLACK
6
CONTINUOUS
10
0.6082036614173228
20
1.3784538582677166
11
0.6082686614173228
21
1.3785052755905511
0
LINE
8
BLACK
6
CONTINUOUS
10
0.6082686614173228
20
1.3785052755905511
11
0.6082943307086615
21
1.3785841338582676
0
LINE
8
BLACK
6
CONTINUOUS
10
0.6082943307086615
20
1.3785841338582676
11
0.6092178346456693
21
1.3792551181102362
0
LINE
8
BLACK
6
CONTINUOUS
10
0.6092178346456693
20
1.3792551181102362
11
0.6101129133858267
21
1.3799622440944881
0
LINE
8
BLACK
6
CONTINUOUS
10
0.6101129133858267
20
1.3799622440944881
11
0.6101957086614173
21
1.3799655905511812
0
LINE
8
BLACK
6
CONTINUOUS
10
0.6101957086614173
20
1.3799655905511812
11
0.6102628346456693
21
1.3800143307086614
0
LINE
8
BLACK
6
CONTINUOUS
10
0.6102628346456693
20
1.3800143307086614
11
0.6114041732283464
21
1.3800143307086614
0
LINE
8
BLACK
6
CONTINUOUS
10
0.6114041732283464
20
1.3800143307086614
11
0.6125441338582677
21
1.3800603149606299
0
LINE
8
BLACK
6
CONTINUOUS
10
0.6125441338582677
20
1.3800603149606299
11
0.6126131102362204
21
1.3800143307086614
0
LINE
8
BLACK
6
CONTINUOUS
10
0.9447385039370079
20
1.3799265748031495
11
0.9456361023622047
21
1.379791377952756
0
LINE
8
BLACK
6
CONTINUOUS
10
0.9456361023622047
20
1.379791377952756
11
0.9501355118110236
21
1.3775416141732284
0
LINE
8
BLACK
6
CONTINUOUS
10
0.9501355118110236
20
1.3775416141732284
11
0.9505900787401574
21
1.3770938976377953
0
LINE
8
BLACK
6
CONTINUOUS
10
0.9505900787401574
20
1.3770938976377953
11
0.9511587007874015
21
1.3768041732283465
0
LINE
8
BLACK
6
CONTINUOUS
10
0.9511587007874015
20
1.3768041732283465
11
0.9556581496062992
21
1.3723047244094488
0
LINE
8
BLACK
6
CONTINUOUS
10
0.9556581496062992
20
1.3723047244094488
11
0.9561358267716535
21
1.3713672834645669
0
LINE
8
BLACK
6
CONTINUOUS
10
0.9561358267716535
20
1.3713672834645669
11
0.9566937007874016
21
1.3704757086614172
0
LINE
8
BLACK
6
CONTINUOUS
10
0.9566937007874016
20
1.3704757086614172
11
0.9589434251968504
21
1.3614768110236219
0
LINE
8
BLACK
6
CONTINUOUS
10
0.9589434251968504
20
1.3614768110236219
11
0.9589095275590551
21
1.360988031496063
0
LINE
8
BLACK
6
CONTINUOUS
10
0.9589095275590551
20
1.360988031496063
11
0.9590609842519685
21
1.3605219685039369
0
LINE
8
BLACK
6
CONTINUOUS
10
0.9590609842519685
20
1.3605219685039369
11
0.9590609842519685
21
1.344773937007874
0
LINE
8
BLACK
6
CONTINUOUS
10
0.9590609842519685
20
1.344773937007874
11
0.9589095275590551
21
1.3443079133858267
0
LINE
8
BLACK
6
CONTINUOUS
10
0.9589095275590551
20
1.3443079133858267
11
0.9589434251968504
21
1.3438190944881889
0
LINE
8
BLACK
6
CONTINUOUS
10
0.9589434251968504
20
1.3438190944881889
11
0.9566937007874016
21
1.3348201574803149
0
LINE
8
BLACK
6
CONTINUOUS
10
0.9566937007874016
20
1.3348201574803149
11
0.9561358267716535
21
1.3339286220472442
0
LINE
8
BLACK
6
CONTINUOUS
10
0.9561358267716535
20
1.3339286220472442
11
0.9556581496062992
21
1.3329911417322835
0
LINE
8
BLACK
6
CONTINUOUS
10
0.9556581496062992
20
1.3329911417322835
11
0.9511587007874015
21
1.3284916929133859
0
LINE
8
BLACK
6
CONTINUOUS
10
0.9511587007874015
20
1.3284916929133859
11
0.9505900787401574
21
1.3282020078740158
0
LINE
8
BLACK
6
CONTINUOUS
10
0.9505900787401574
20
1.3282020078740158
11
0.9501354724409449
21
1.3277542125984252
0
LINE
8
BLACK
6
CONTINUOUS
10
0.9501354724409449
20
1.3277542125984252
11
0.945636062992126
21
1.3255045275590551
0
LINE
8
BLACK
6
CONTINUOUS
10
0.945636062992126
20
1.3255045275590551
11
0.9447385039370079
21
1.3253693700787401
0
LINE
8
BLACK
6
CONTINUOUS
10
0.9447385039370079
20
1.3253693700787401
11
0.9438753937007874
21
1.3250888976377952
0
LINE
8
BLACK
6
CONTINUOUS
10
0.9438753937007874
20
1.3250888976377952
11
0.9348764960629921
21
1.3250888976377952
0
LINE
8
BLACK
6
CONTINUOUS
10
0.9348764960629921
20
1.3250888976377952
11
0.9340133464566929
21
1.3253693700787401
0
LINE
8
BLACK
6
CONTINUOUS
10
0.9340133464566929
20
1.3253693700787401
11
0.9331158267716535
21
1.3255045275590551
0
LINE
8
BLACK
6
CONTINUOUS
10
0.9331158267716535
20
1.3255045275590551
11
0.9286164173228346
21
1.3277542125984252
0
LINE
8
BLACK
6
CONTINUOUS
10
0.9286164173228346
20
1.3277542125984252
11
0.9281618110236221
21
1.328201968503937
0
LINE
8
BLACK
6
CONTINUOUS
10
0.9281618110236221
20
1.328201968503937
11
0.9275931889763779
21
1.3284916929133859
0
LINE
8
BLACK
6
CONTINUOUS
10
0.9275931889763779
20
1.3284916929133859
11
0.9230937401574802
21
1.3329911417322835
0
LINE
8
BLACK
6
CONTINUOUS
10
0.9230937401574802
20
1.3329911417322835
11
0.9226161417322835
21
1.3339285039370079
0
LINE
8
BLACK
6
CONTINUOUS
10
0.9226161417322835
20
1.3339285039370079
11
0.9220581889763779
21
1.3348201574803149
0
LINE
8
BLACK
6
CONTINUOUS
10
0.9220581889763779
20
1.3348201574803149
11
0.9198084645669291
21
1.3438190551181102
0
LINE
8
BLACK
6
CONTINUOUS
10
0.9198084645669291
20
1.3438190551181102
11
0.9198423228346456
21
1.3443079133858267
0
LINE
8
BLACK
6
CONTINUOUS
10
0.9198423228346456
20
1.3443079133858267
11
0.919690905511811
21
1.344773937007874
0
LINE
8
BLACK
6
CONTINUOUS
10
0.919690905511811
20
1.344773937007874
11
0.919690905511811
21
1.3605219685039369
0
LINE
8
BLACK
6
CONTINUOUS
10
0.919690905511811
20
1.3605219685039369
11
0.9198423228346456
21
1.360988031496063
0
LINE
8
BLACK
6
CONTINUOUS
10
0.9198423228346456
20
1.360988031496063
11
0.9198084645669291
21
1.3614768503937007
0
LINE
8
BLACK
6
CONTINUOUS
10
0.9198084645669291
20
1.3614768503937007
11
0.9220581889763779
21
1.3704757086614172
0
LINE
8
BLACK
6
CONTINUOUS
10
0.9220581889763779
20
1.3704757086614172
11
0.9226161417322835
21
1.3713674015748032
0
LINE
8
BLACK
6
CONTINUOUS
10
0.9226161417322835
20
1.3713674015748032
11
0.9230937401574802
21
1.3723047244094488
0
LINE
8
BLACK
6
CONTINUOUS
10
0.9230937401574802
20
1.3723047244094488
11
0.9275931889763779
21
1.3768041732283465
0
LINE
8
BLACK
6
CONTINUOUS
10
0.9275931889763779
20
1.3768041732283465
11
0.9281617322834645
21
1.3770938976377953
0
LINE
8
BLACK
6
CONTINUOUS
10
0.9281617322834645
20
1.3770938976377953
11
0.9286163779527559
21
1.3775416535433072
0
LINE
8
BLACK
6
CONTINUOUS
10
0.9286163779527559
20
1.3775416535433072
11
0.9331158267716535
21
1.379791377952756
0
LINE
8
BLACK
6
CONTINUOUS
10
0.9331158267716535
20
1.379791377952756
11
0.9340133464566929
21
1.3799265748031495
0
LINE
8
BLACK
6
CONTINUOUS
10
0.9340133464566929
20
1.3799265748031495
11
0.9348764960629921
21
1.3802070078740156
0
LINE
8
BLACK
6
CONTINUOUS
10
0.9348764960629921
20
1.3802070078740156
11
0.9438753937007874
21
1.3802070078740156
0
LINE
8
BLACK
6
CONTINUOUS
10
0.9438753937007874
20
1.3802070078740156
11
0.9447385039370079
21
1.3799265748031495
0
LINE
8
BLACK
6
CONTINUOUS
10
0.9327092125984252
20
1.3707846456692914
11
0.9294325590551181
21
1.3675079921259843
0
LINE
8
BLACK
6
CONTINUOUS
10
0.9294325590551181
20
1.3675079921259843
11
0.9275649212598425
21
1.3600373228346456
0
LINE
8
BLACK
6
CONTINUOUS
10
0.9275649212598425
20
1.3600373228346456
11
0.9275649212598425
21
1.3452585826771652
0
LINE
8
BLACK
6
CONTINUOUS
10
0.9275649212598425
20
1.3452585826771652
11
0.9294325590551181
21
1.3377879133858268
0
LINE
8
BLACK
6
CONTINUOUS
10
0.9294325590551181
20
1.3377879133858268
11
0.9327092125984252
21
1.3345112598425197
0
LINE
8
BLACK
6
CONTINUOUS
10
0.9327092125984252
20
1.3345112598425197
11
0.935805905511811
21
1.3329629133858267
0
LINE
8
BLACK
6
CONTINUOUS
10
0.935805905511811
20
1.3329629133858267
11
0.9429459842519685
21
1.3329629133858267
0
LINE
8
BLACK
6
CONTINUOUS
10
0.9429459842519685
20
1.3329629133858267
11
0.9460426377952755
21
1.3345112598425197
0
LINE
8
BLACK
6
CONTINUOUS
10
0.9460426377952755
20
1.3345112598425197
11
0.9493192913385826
21
1.3377878740157481
0
LINE
8
BLACK
6
CONTINUOUS
10
0.9493192913385826
20
1.3377878740157481
11
0.951186968503937
21
1.3452585826771652
0
LINE
8
BLACK
6
CONTINUOUS
10
0.951186968503937
20
1.3452585826771652
11
0.951186968503937
21
1.3600373228346456
0
LINE
8
BLACK
6
CONTINUOUS
10
0.951186968503937
20
1.3600373228346456
11
0.9493192913385826
21
1.3675079921259843
0
LINE
8
BLACK
6
CONTINUOUS
10
0.9493192913385826
20
1.3675079921259843
11
0.9460426377952755
21
1.3707846456692914
0
LINE
8
BLACK
6
CONTINUOUS
10
0.9460426377952755
20
1.3707846456692914
11
0.9429459448818898
21
1.3723329921259841
0
LINE
8
BLACK
6
CONTINUOUS
10
0.9429459448818898
20
1.3723329921259841
11
0.935805905511811
21
1.3723329921259841
0
LINE
8
BLACK
6
CONTINUOUS
10
0.935805905511811
20
1.3723329921259841
11
0.9327092125984252
21
1.3707846456692914
0
LINE
8
BLACK
6
CONTINUOUS
10
0.9785565748031496
20
1.3785841338582676
11
0.9793084645669291
21
1.3762699999999999
0
LINE
8
BLACK
6
CONTINUOUS
10
0.9793084645669291
20
1.3762699999999999
11
0.9793084645669291
21
1.3389541732283465
0
LINE
8
BLACK
6
CONTINUOUS
10
0.9793084645669291
20
1.3389541732283465
11
0.980856811023622
21
1.3358574803149605
0
LINE
8
BLACK
6
CONTINUOUS
10
0.980856811023622
20
1.3358574803149605
11
0.9822029921259843
21
1.3345112598425197
0
LINE
8
BLACK
6
CONTINUOUS
10
0.9822029921259843
20
1.3345112598425197
11
0.9852997244094488
21
1.3329629133858267
0
LINE
8
BLACK
6
CONTINUOUS
10
0.9852997244094488
20
1.3329629133858267
11
0.9924398031496062
21
1.3329629133858267
0
LINE
8
BLACK
6
CONTINUOUS
10
0.9924398031496062
20
1.3329629133858267
11
0.9955364566929134
21
1.3345112598425197
0
LINE
8
BLACK
6
CONTINUOUS
10
0.9955364566929134
20
1.3345112598425197
11
0.9968826771653543
21
1.3358574409448818
0
LINE
8
BLACK
6
CONTINUOUS
10
0.9968826771653543
20
1.3358574409448818
11
0.9984310629921259
21
1.3389542125984251
0
LINE
8
BLACK
6
CONTINUOUS
10
0.9984310629921259
20
1.3389542125984251
11
0.9984310629921259
21
1.3762699999999999
0
LINE
8
BLACK
6
CONTINUOUS
10
0.9984310629921259
20
1.3762699999999999
11
0.9991829527559055
21
1.3785841338582676
0
LINE
8
BLACK
6
CONTINUOUS
10
0.9991829527559055
20
1.3785841338582676
11
1.0011514566929134
21
1.3800143307086614
0
LINE
8
BLACK
6
CONTINUOUS
10
1.0011514566929134
20
1.3800143307086614
11
1.0035846850393702
21
1.3800143307086614
0
LINE
8
BLACK
6
CONTINUOUS
10
1.0035846850393702
20
1.3800143307086614
11
1.005553188976378
21
1.3785841338582676
0
LINE
8
BLACK
6
CONTINUOUS
10
1.005553188976378
20
1.3785841338582676
11
1.0063050787401575
21
1.3762699999999999
0
LINE
8
BLACK
6
CONTINUOUS
10
1.0063050787401575
20
1.3762699999999999
11
1.0063050787401575
21
1.3380247637795275
0
LINE
8
BLACK
6
CONTINUOUS
10
1.0063050787401575
20
1.3380247637795275
11
1.0060246062992126
21
1.3371616535433071
0
LINE
8
BLACK
6
CONTINUOUS
10
1.0060246062992126
20
1.3371616535433071
11
1.0058894488188976
21
1.3362640944881889
0
LINE
8
BLACK
6
CONTINUOUS
10
1.0058894488188976
20
1.3362640944881889
11
1.0036397244094488
21
1.3317646456692913
0
LINE
8
BLACK
6
CONTINUOUS
10
1.0036397244094488
20
1.3317646456692913
11
1.0031918897637795
21
1.33131
0
LINE
8
BLACK
6
CONTINUOUS
10
1.0031918897637795
20
1.33131
11
1.0029022047244094
21
1.3307414173228347
0
LINE
8
BLACK
6
CONTINUOUS
10
1.0029022047244094
20
1.3307414173228347
11
1.0006525196850393
21
1.3284916929133859
0
LINE
8
BLACK
6
CONTINUOUS
10
1.0006525196850393
20
1.3284916929133859
11
1.0000838976377953
21
1.3282020078740158
0
LINE
8
BLACK
6
CONTINUOUS
10
1.0000838976377953
20
1.3282020078740158
11
0.9996292913385827
21
1.3277542125984252
0
LINE
8
BLACK
6
CONTINUOUS
10
0.9996292913385827
20
1.3277542125984252
11
0.9951298818897638
21
1.3255045275590551
0
LINE
8
BLACK
6
CONTINUOUS
10
0.9951298818897638
20
1.3255045275590551
11
0.9942323228346457
21
1.3253693700787401
0
LINE
8
BLACK
6
CONTINUOUS
10
0.9942323228346457
20
1.3253693700787401
11
0.9933692125984251
21
1.3250888976377952
0
LINE
8
BLACK
6
CONTINUOUS
10
0.9933692125984251
20
1.3250888976377952
11
0.9843703149606299
21
1.3250888976377952
0
LINE
8
BLACK
6
CONTINUOUS
10
0.9843703149606299
20
1.3250888976377952
11
0.9835071653543307
21
1.3253693700787401
0
LINE
8
BLACK
6
CONTINUOUS
10
0.9835071653543307
20
1.3253693700787401
11
0.9826096456692913
21
1.3255045275590551
0
LINE
8
BLACK
6
CONTINUOUS
10
0.9826096456692913
20
1.3255045275590551
11
0.9781102362204724
21
1.3277542125984252
0
LINE
8
BLACK
6
CONTINUOUS
10
0.9781102362204724
20
1.3277542125984252
11
0.9776555511811024
21
1.3282020472440945
0
LINE
8
BLACK
6
CONTINUOUS
10
0.9776555511811024
20
1.3282020472440945
11
0.9770870078740157
21
1.3284917322834646
0
LINE
8
BLACK
6
CONTINUOUS
10
0.9770870078740157
20
1.3284917322834646
11
0.9748372834645669
21
1.3307414173228347
0
LINE
8
BLACK
6
CONTINUOUS
10
0.9748372834645669
20
1.3307414173228347
11
0.9745475984251968
21
1.33131
0
LINE
8
BLACK
6
CONTINUOUS
10
0.9745475984251968
20
1.33131
11
0.9740998031496063
21
1.3317646062992126
0
LINE
8
BLACK
6
CONTINUOUS
10
0.9740998031496063
20
1.3317646062992126
11
0.9718500787401575
21
1.3362640944881889
0
LINE
8
BLACK
6
CONTINUOUS
10
0.9718500787401575
20
1.3362640944881889
11
0.9717148818897637
21
1.3371616535433071
0
LINE
8
BLACK
6
CONTINUOUS
10
0.9717148818897637
20
1.3371616535433071
11
0.9714344488188976
21
1.3380247637795275
0
LINE
8
BLACK
6
CONTINUOUS
10
0.9714344488188976
20
1.3380247637795275
11
0.9714344488188976
21
1.3762699999999999
0
LINE
8
BLACK
6
CONTINUOUS
10
0.9714344488188976
20
1.3762699999999999
11
0.9721863385826771
21
1.3785841338582676
0
LINE
8
BLACK
6
CONTINUOUS
10
0.9721863385826771
20
1.3785841338582676
11
0.974154842519685
21
1.3800143307086614
0
LINE
8
BLACK
6
CONTINUOUS
10
0.974154842519685
20
1.3800143307086614
11
0.9765880708661417
21
1.3800143307086614
0
LINE
8
BLACK
6
CONTINUOUS
10
0.9765880708661417
20
1.3800143307086614
11
0.9785565748031496
21
1.3785841338582676
0
LINE
8
BLACK
6
CONTINUOUS
10
1.073243031496063
20
1.3800143307086614
11
1.0733259842519685
21
1.3800143307086614
0
LINE
8
BLACK
6
CONTINUOUS
10
1.0733259842519685
20
1.3800143307086614
11
1.0742493700787401
21
1.3793434645669291
0
LINE
8
BLACK
6
CONTINUOUS
10
1.0742493700787401
20
1.3793434645669291
11
1.075198622047244
21
1.3787106299212597
0
LINE
8
BLACK
6
CONTINUOUS
10
1.075198622047244
20
1.3787106299212597
11
1.0752273622047244
21
1.3786329133858268
0
LINE
8
BLACK
6
CONTINUOUS
10
1.0752273622047244
20
1.3786329133858268
11
1.0752944881889763
21
1.3785841338582676
0
LINE
8
BLACK
6
CONTINUOUS
10
1.0752944881889763
20
1.3785841338582676
11
1.0756470472440944
21
1.3774989763779528
0
LINE
8
BLACK
6
CONTINUOUS
10
1.0756470472440944
20
1.3774989763779528
11
1.076043188976378
21
1.3764287007874016
0
LINE
8
BLACK
6
CONTINUOUS
10
1.076043188976378
20
1.3764287007874016
11
1.0760207480314961
21
1.3763488582677166
0
LINE
8
BLACK
6
CONTINUOUS
10
1.0760207480314961
20
1.3763488582677166
11
1.0760463779527558
21
1.3762699999999999
0
LINE
8
BLACK
6
CONTINUOUS
10
1.0760463779527558
20
1.3762699999999999
11
1.0760463779527558
21
1.3329629133858267
0
LINE
8
BLACK
6
CONTINUOUS
10
1.0760463779527558
20
1.3329629133858267
11
1.0856076771653542
21
1.3329629133858267
0
LINE
8
BLACK
6
CONTINUOUS
10
1.0856076771653542
20
1.3329629133858267
11
1.087921811023622
21
1.3322110236220472
0
LINE
8
BLACK
6
CONTINUOUS
10
1.087921811023622
20
1.3322110236220472
11
1.0893520078740158
21
1.3302425196850394
0
LINE
8
BLACK
6
CONTINUOUS
10
1.0893520078740158
20
1.3302425196850394
11
1.0893520078740158
21
1.3278092913385826
0
LINE
8
BLACK
6
CONTINUOUS
10
1.0893520078740158
20
1.3278092913385826
11
1.087921811023622
21
1.3258407874015747
0
LINE
8
BLACK
6
CONTINUOUS
10
1.087921811023622
20
1.3258407874015747
11
1.0856076771653542
21
1.3250888976377952
0
LINE
8
BLACK
6
CONTINUOUS
10
1.0856076771653542
20
1.3250888976377952
11
1.0586110629921259
21
1.3250888976377952
0
LINE
8
BLACK
6
CONTINUOUS
10
1.0586110629921259
20
1.3250888976377952
11
1.0562969291338582
21
1.3258407874015747
0
LINE
8
BLACK
6
CONTINUOUS
10
1.0562969291338582
20
1.3258407874015747
11
1.0548667322834646
21
1.3278092913385826
0
LINE
8
BLACK
6
CONTINUOUS
10
1.0548667322834646
20
1.3278092913385826
11
1.0548667322834646
21
1.3302425196850394
0
LINE
8
BLACK
6
CONTINUOUS
10
1.0548667322834646
20
1.3302425196850394
11
1.0562969291338582
21
1.3322110236220472
0
LINE
8
BLACK
6
CONTINUOUS
10
1.0562969291338582
20
1.3322110236220472
11
1.0586110629921259
21
1.3329629133858267
0
LINE
8
BLACK
6
CONTINUOUS
10
1.0586110629921259
20
1.3329629133858267
11
1.0681723622047243
21
1.3329629133858267
0
LINE
8
BLACK
6
CONTINUOUS
10
1.0681723622047243
20
1.3329629133858267
11
1.0681723622047243
21
1.3645155118110235
0
LINE
8
BLACK
6
CONTINUOUS
10
1.0681723622047243
20
1.3645155118110235
11
1.065894409448819
21
1.3622375196850394
0
LINE
8
BLACK
6
CONTINUOUS
10
1.065894409448819
20
1.3622375196850394
11
1.0653259055118109
21
1.361947874015748
0
LINE
8
BLACK
6
CONTINUOUS
10
1.0653259055118109
20
1.361947874015748
11
1.0648712204724409
21
1.3614999999999999
0
LINE
8
BLACK
6
CONTINUOUS
10
1.0648712204724409
20
1.3614999999999999
11
1.0603717322834645
21
1.3592502755905511
0
LINE
8
BLACK
6
CONTINUOUS
10
1.0603717322834645
20
1.3592502755905511
11
1.0579656692913386
21
1.358887874015748
0
LINE
8
BLACK
6
CONTINUOUS
10
1.0579656692913386
20
1.358887874015748
11
1.0558061023622047
21
1.3600089763779528
0
LINE
8
BLACK
6
CONTINUOUS
10
1.0558061023622047
20
1.3600089763779528
11
1.0547179527559054
21
1.36218531496063
0
LINE
8
BLACK
6
CONTINUOUS
10
1.0547179527559054
20
1.36218531496063
11
1.055116811023622
21
1.364585590551181
0
LINE
8
BLACK
6
CONTINUOUS
10
1.055116811023622
20
1.364585590551181
11
1.0568503937007874
21
1.3662930314960631
0
LINE
8
BLACK
6
CONTINUOUS
10
1.0568503937007874
20
1.3662930314960631
11
1.0607783858267716
21
1.3682570472440945
0
LINE
8
BLACK
6
CONTINUOUS
10
1.0607783858267716
20
1.3682570472440945
11
1.0645503149606299
21
1.3720290157480315
0
LINE
8
BLACK
6
CONTINUOUS
10
1.0645503149606299
20
1.3720290157480315
11
1.0688335826771653
21
1.3784538582677166
0
LINE
8
BLACK
6
CONTINUOUS
10
1.0688335826771653
20
1.3784538582677166
11
1.0688985826771653
21
1.3785052755905511
0
LINE
8
BLACK
6
CONTINUOUS
10
1.0688985826771653
20
1.3785052755905511
11
1.0689242519685038
21
1.3785841338582676
0
LINE
8
BLACK
6
CONTINUOUS
10
1.0689242519685038
20
1.3785841338582676
11
1.0698477559055117
21
1.3792551181102362
0
LINE
8
BLACK
6
CONTINUOUS
10
1.0698477559055117
20
1.3792551181102362
11
1.0707428346456693
21
1.3799622440944881
0
LINE
8
BLACK
6
CONTINUOUS
10
1.0707428346456693
20
1.3799622440944881
11
1.0708256299212597
21
1.3799655905511812
0
LINE
8
BLACK
6
CONTINUOUS
10
1.0708256299212597
20
1.3799655905511812
11
1.0708927559055117
21
1.3800143307086614
0
LINE
8
BLACK
6
CONTINUOUS
10
1.0708927559055117
20
1.3800143307086614
11
1.072034094488189
21
1.3800143307086614
0
LINE
8
BLACK
6
CONTINUOUS
10
1.072034094488189
20
1.3800143307086614
11
1.0731740551181101
21
1.3800603149606299
0
LINE
8
BLACK
6
CONTINUOUS
10
1.0731740551181101
20
1.3800603149606299
11
1.073243031496063
21
1.3800143307086614
0
LINE
8
BLACK
6
CONTINUOUS
10
0.5509417322834645
20
1.3800143307086614
11
0.5519536614173228
21
1.3800143307086614
0
LINE
8
BLACK
6
CONTINUOUS
10
0.5519536614173228
20
1.3800143307086614
11
0.5521334251968504
21
1.3798837401574804
0
LINE
8
BLACK
6
CONTINUOUS
10
0.5521334251968504
20
1.3798837401574804
11
0.5523543700787401
21
1.3798594881889763
0
LINE
8
BLACK
6
CONTINUOUS
10
0.5523543700787401
20
1.3798594881889763
11
0.5531033070866141
21
1.379179094488189
0
LINE
8
BLACK
6
CONTINUOUS
10
0.5531033070866141
20
1.379179094488189
11
0.5539221653543307
21
1.3785841338582676
0
LINE
8
BLACK
6
CONTINUOUS
10
0.5539221653543307
20
1.3785841338582676
11
0.5539908267716536
21
1.3783727559055117
0
LINE
8
BLACK
6
CONTINUOUS
10
0.5539908267716536
20
1.3783727559055117
11
0.5541553149606299
21
1.3782233070866141
0
LINE
8
BLACK
6
CONTINUOUS
10
0.5541553149606299
20
1.3782233070866141
11
0.5737966535433071
21
1.3438509842519686
0
LINE
8
BLACK
6
CONTINUOUS
10
0.5737966535433071
20
1.3438509842519686
11
0.5737966535433071
21
1.3762699999999999
0
LINE
8
BLACK
6
CONTINUOUS
10
0.5737966535433071
20
1.3762699999999999
11
0.5745485433070866
21
1.3785841338582676
0
LINE
8
BLACK
6
CONTINUOUS
10
0.5745485433070866
20
1.3785841338582676
11
0.5765170472440945
21
1.3800143307086614
0
LINE
8
BLACK
6
CONTINUOUS
10
0.5765170472440945
20
1.3800143307086614
11
0.5789502755905511
21
1.3800143307086614
0
LINE
8
BLACK
6
CONTINUOUS
10
0.5789502755905511
20
1.3800143307086614
11
0.580918779527559
21
1.3785841338582676
0
LINE
8
BLACK
6
CONTINUOUS
10
0.580918779527559
20
1.3785841338582676
11
0.5816706692913386
21
1.3762699999999999
0
LINE
8
BLACK
6
CONTINUOUS
10
0.5816706692913386
20
1.3762699999999999
11
0.5816706692913386
21
1.329025905511811
0
LINE
8
BLACK
6
CONTINUOUS
10
0.5816706692913386
20
1.329025905511811
11
0.581601968503937
21
1.3288145669291338
0
LINE
8
BLACK
6
CONTINUOUS
10
0.581601968503937
20
1.3288145669291338
11
0.5816472440944882
21
1.3285969291338582
0
LINE
8
BLACK
6
CONTINUOUS
10
0.5816472440944882
20
1.3285969291338582
11
0.5812314960629921
21
1.3276742519685039
0
LINE
8
BLACK
6
CONTINUOUS
10
0.5812314960629921
20
1.3276742519685039
11
0.580918779527559
21
1.3267117716535433
0
LINE
8
BLACK
6
CONTINUOUS
10
0.580918779527559
20
1.3267117716535433
11
0.580738937007874
21
1.3265811417322835
0
LINE
8
BLACK
6
CONTINUOUS
10
0.580738937007874
20
1.3265811417322835
11
0.5806476771653544
21
1.3263785433070865
0
LINE
8
BLACK
6
CONTINUOUS
10
0.5806476771653544
20
1.3263785433070865
11
0.5797691338582677
21
1.3258765354330708
0
LINE
8
BLACK
6
CONTINUOUS
10
0.5797691338582677
20
1.3258765354330708
11
0.5789502755905511
21
1.3252815748031497
0
LINE
8
BLACK
6
CONTINUOUS
10
0.5789502755905511
20
1.3252815748031497
11
0.578728031496063
21
1.3252815748031497
0
LINE
8
BLACK
6
CONTINUOUS
10
0.578728031496063
20
1.3252815748031497
11
0.5785350393700788
21
1.3251712992125984
0
LINE
8
BLACK
6
CONTINUOUS
10
0.5785350393700788
20
1.3251712992125984
11
0.5775289763779528
21
1.3252815748031497
0
LINE
8
BLACK
6
CONTINUOUS
10
0.5775289763779528
20
1.3252815748031497
11
0.5765170472440945
21
1.3252815748031497
0
LINE
8
BLACK
6
CONTINUOUS
10
0.5765170472440945
20
1.3252815748031497
11
0.5763372440944882
21
1.3254122047244095
0
LINE
8
BLACK
6
CONTINUOUS
10
0.5763372440944882
20
1.3254122047244095
11
0.5761163385826772
21
1.3254364173228346
0
LINE
8
BLACK
6
CONTINUOUS
10
0.5761163385826772
20
1.3254364173228346
11
0.5753673622047244
21
1.3261168503937009
0
LINE
8
BLACK
6
CONTINUOUS
10
0.5753673622047244
20
1.3261168503937009
11
0.5745485433070866
21
1.3267117716535433
0
LINE
8
BLACK
6
CONTINUOUS
10
0.5745485433070866
20
1.3267117716535433
11
0.574479842519685
21
1.326923188976378
0
LINE
8
BLACK
6
CONTINUOUS
10
0.574479842519685
20
1.326923188976378
11
0.5743153937007874
21
1.3270725984251968
0
LINE
8
BLACK
6
CONTINUOUS
10
0.5743153937007874
20
1.3270725984251968
11
0.5546740551181102
21
1.3614449606299213
0
LINE
8
BLACK
6
CONTINUOUS
10
0.5546740551181102
20
1.3614449606299213
11
0.5546740551181102
21
1.329025905511811
0
LINE
8
BLACK
6
CONTINUOUS
10
0.5546740551181102
20
1.329025905511811
11
0.5539221653543307
21
1.3267117716535433
0
LINE
8
BLACK
6
CONTINUOUS
10
0.5539221653543307
20
1.3267117716535433
11
0.5519536614173228
21
1.3252815748031497
0
LINE
8
BLACK
6
CONTINUOUS
10
0.5519536614173228
20
1.3252815748031497
11
0.5495204330708662
21
1.3252815748031497
0
LINE
8
BLACK
6
CONTINUOUS
10
0.5495204330708662
20
1.3252815748031497
11
0.5475519291338583
21
1.3267117716535433
0
LINE
8
BLACK
6
CONTINUOUS
10
0.5475519291338583
20
1.3267117716535433
11
0.5468000393700787
21
1.329025905511811
0
LINE
8
BLACK
6
CONTINUOUS
10
0.5468000393700787
20
1.329025905511811
11
0.5468000393700787
21
1.3762699999999999
0
LINE
8
BLACK
6
CONTINUOUS
10
0.5468000393700787
20
1.3762699999999999
11
0.5468687007874016
21
1.3764813779527558
0
LINE
8
BLACK
6
CONTINUOUS
10
0.5468687007874016
20
1.3764813779527558
11
0.5468234645669291
21
1.3766989763779527
0
LINE
8
BLACK
6
CONTINUOUS
10
0.5468234645669291
20
1.3766989763779527
11
0.5472391732283465
21
1.3776216929133858
0
LINE
8
BLACK
6
CONTINUOUS
10
0.5472391732283465
20
1.3776216929133858
11
0.5475519291338583
21
1.3785841338582676
0
LINE
8
BLACK
6
CONTINUOUS
10
0.5475519291338583
20
1.3785841338582676
11
0.5477317322834645
21
1.3787148031496064
0
LINE
8
BLACK
6
CONTINUOUS
10
0.5477317322834645
20
1.3787148031496064
11
0.5478230314960629
21
1.3789173622047244
0
LINE
8
BLACK
6
CONTINUOUS
10
0.5478230314960629
20
1.3789173622047244
11
0.5487015354330709
21
1.3794194094488188
0
LINE
8
BLACK
6
CONTINUOUS
10
0.5487015354330709
20
1.3794194094488188
11
0.5495204330708662
21
1.3800143307086614
0
LINE
8
BLACK
6
CONTINUOUS
10
0.5495204330708662
20
1.3800143307086614
11
0.5497426771653543
21
1.3800143307086614
0
LINE
8
BLACK
6
CONTINUOUS
10
0.5497426771653543
20
1.3800143307086614
11
0.5499356692913385
21
1.3801246062992125
0
LINE
8
BLACK
6
CONTINUOUS
10
0.5499356692913385
20
1.3801246062992125
11
0.5509417322834645
21
1.3800143307086614
0
LINE
8
BLACK
6
CONTINUOUS
10
0.5314249606299213
20
1.3785841338582676
11
0.5321768503937008
21
1.3762699999999999
0
LINE
8
BLACK
6
CONTINUOUS
10
0.5321768503937008
20
1.3762699999999999
11
0.5321768503937008
21
1.329025905511811
0
LINE
8
BLACK
6
CONTINUOUS
10
0.5321768503937008
20
1.329025905511811
11
0.5314249606299213
21
1.3267117716535433
0
LINE
8
BLACK
6
CONTINUOUS
10
0.5314249606299213
20
1.3267117716535433
11
0.5294564566929134
21
1.3252815748031497
0
LINE
8
BLACK
6
CONTINUOUS
10
0.5294564566929134
20
1.3252815748031497
11
0.5270232283464567
21
1.3252815748031497
0
LINE
8
BLACK
6
CONTINUOUS
10
0.5270232283464567
20
1.3252815748031497
11
0.5250547244094488
21
1.3267117716535433
0
LINE
8
BLACK
6
CONTINUOUS
10
0.5250547244094488
20
1.3267117716535433
11
0.5243028346456693
21
1.329025905511811
0
LINE
8
BLACK
6
CONTINUOUS
10
0.5243028346456693
20
1.329025905511811
11
0.5243028346456693
21
1.3762699999999999
0
LINE
8
BLACK
6
CONTINUOUS
10
0.5243028346456693
20
1.3762699999999999
11
0.5250547244094488
21
1.3785841338582676
0
LINE
8
BLACK
6
CONTINUOUS
10
0.5250547244094488
20
1.3785841338582676
11
0.5270232283464567
21
1.3800143307086614
0
LINE
8
BLACK
6
CONTINUOUS
10
0.5270232283464567
20
1.3800143307086614
11
0.5294564566929134
21
1.3800143307086614
0
LINE
8
BLACK
6
CONTINUOUS
10
0.5294564566929134
20
1.3800143307086614
11
0.5314249606299213
21
1.3785841338582676
0
LINE
8
BLACK
6
CONTINUOUS
10
1.0474268897637795
20
1.3794551181102361
11
1.0488570866141731
21
1.3774866141732283
0
LINE
8
BLACK
6
CONTINUOUS
10
1.0488570866141731
20
1.3774866141732283
11
1.0488570866141731
21
1.3750533858267717
0
LINE
8
BLACK
6
CONTINUOUS
10
1.0488570866141731
20
1.3750533858267717
11
1.0474268897637795
21
1.3730848818897639
0
LINE
8
BLACK
6
CONTINUOUS
10
1.0474268897637795
20
1.3730848818897639
11
1.0451127559055118
21
1.3723329921259841
0
LINE
8
BLACK
6
CONTINUOUS
10
1.0451127559055118
20
1.3723329921259841
11
1.0355514173228346
21
1.3723329921259841
0
LINE
8
BLACK
6
CONTINUOUS
10
1.0355514173228346
20
1.3723329921259841
11
1.0355514173228346
21
1.329025905511811
0
LINE
8
BLACK
6
CONTINUOUS
10
1.0355514173228346
20
1.329025905511811
11
1.0347995275590551
21
1.3267117716535433
0
LINE
8
BLACK
6
CONTINUOUS
10
1.0347995275590551
20
1.3267117716535433
11
1.0328310236220473
21
1.3252815748031497
0
LINE
8
BLACK
6
CONTINUOUS
10
1.0328310236220473
20
1.3252815748031497
11
1.0303977952755905
21
1.3252815748031497
0
LINE
8
BLACK
6
CONTINUOUS
10
1.0303977952755905
20
1.3252815748031497
11
1.0284292913385826
21
1.3267117716535433
0
LINE
8
BLACK
6
CONTINUOUS
10
1.0284292913385826
20
1.3267117716535433
11
1.0276774015748031
21
1.329025905511811
0
LINE
8
BLACK
6
CONTINUOUS
10
1.0276774015748031
20
1.329025905511811
11
1.0276774015748031
21
1.3723329921259841
0
LINE
8
BLACK
6
CONTINUOUS
10
1.0276774015748031
20
1.3723329921259841
11
1.0181161023622047
21
1.3723329921259841
0
LINE
8
BLACK
6
CONTINUOUS
10
1.0181161023622047
20
1.3723329921259841
11
1.015801968503937
21
1.3730848818897639
0
LINE
8
BLACK
6
CONTINUOUS
10
1.015801968503937
20
1.3730848818897639
11
1.0143717716535432
21
1.3750533858267717
0
LINE
8
BLACK
6
CONTINUOUS
10
1.0143717716535432
20
1.3750533858267717
11
1.0143717716535432
21
1.3774866141732283
0
LINE
8
BLACK
6
CONTINUOUS
10
1.0143717716535432
20
1.3774866141732283
11
1.015801968503937
21
1.3794551181102361
0
LINE
8
BLACK
6
CONTINUOUS
10
1.015801968503937
20
1.3794551181102361
11
1.0181161023622047
21
1.3802070078740156
0
LINE
8
BLACK
6
CONTINUOUS
10
1.0181161023622047
20
1.3802070078740156
11
1.0451127559055118
21
1.3802070078740156
0
LINE
8
BLACK
6
CONTINUOUS
10
1.0451127559055118
20
1.3802070078740156
11
1.0474268897637795
21
1.3794551181102361
0
LINE
8
BLACK
6
CONTINUOUS
10
0.72232
20
1.5284867322834645
11
0.7232175590551181
21
1.5283515354330708
0
LINE
8
BLACK
6
CONTINUOUS
10
0.7232175590551181
20
1.5283515354330708
11
0.7299667322834645
21
1.5249769685039369
0
LINE
8
BLACK
6
CONTINUOUS
10
0.7299667322834645
20
1.5249769685039369
11
0.7304213779527559
21
1.5245291732283464
0
LINE
8
BLACK
6
CONTINUOUS
10
0.7304213779527559
20
1.5245291732283464
11
0.7309899606299213
21
1.5242394488188975
0
LINE
8
BLACK
6
CONTINUOUS
10
0.7309899606299213
20
1.5242394488188975
11
0.737739094488189
21
1.5174902755905511
0
LINE
8
BLACK
6
CONTINUOUS
10
0.737739094488189
20
1.5174902755905511
11
0.7382166929133858
21
1.5165529527559054
0
LINE
8
BLACK
6
CONTINUOUS
10
0.7382166929133858
20
1.5165529527559054
11
0.7387746456692913
21
1.5156612992125984
0
LINE
8
BLACK
6
CONTINUOUS
10
0.7387746456692913
20
1.5156612992125984
11
0.7421492519685039
21
1.5021629921259843
0
LINE
8
BLACK
6
CONTINUOUS
10
0.7421492519685039
20
1.5021629921259843
11
0.7421153543307086
21
1.5016741732283465
0
LINE
8
BLACK
6
CONTINUOUS
10
0.7421153543307086
20
1.5016741732283465
11
0.742266811023622
21
1.5012081102362205
0
LINE
8
BLACK
6
CONTINUOUS
10
0.742266811023622
20
1.5012081102362205
11
0.742266811023622
21
1.477586062992126
0
LINE
8
BLACK
6
CONTINUOUS
10
0.742266811023622
20
1.477586062992126
11
0.7421153543307086
21
1.4771200393700787
0
LINE
8
BLACK
6
CONTINUOUS
10
0.7421153543307086
20
1.4771200393700787
11
0.7421492519685039
21
1.4766311811023622
0
LINE
8
BLACK
6
CONTINUOUS
10
0.7421492519685039
20
1.4766311811023622
11
0.7387746456692913
21
1.4631328740157481
0
LINE
8
BLACK
6
CONTINUOUS
10
0.7387746456692913
20
1.4631328740157481
11
0.7382166929133858
21
1.4622412598425196
0
LINE
8
BLACK
6
CONTINUOUS
10
0.7382166929133858
20
1.4622412598425196
11
0.737739094488189
21
1.4613038976377952
0
LINE
8
BLACK
6
CONTINUOUS
10
0.737739094488189
20
1.4613038976377952
11
0.7309899606299213
21
1.4545547244094488
0
LINE
8
BLACK
6
CONTINUOUS
10
0.7309899606299213
20
1.4545547244094488
11
0.7304213779527559
21
1.4542650393700787
0
LINE
8
BLACK
6
CONTINUOUS
10
0.7304213779527559
20
1.4542650393700787
11
0.7299667322834645
21
1.4538172047244093
0
LINE
8
BLACK
6
CONTINUOUS
10
0.7299667322834645
20
1.4538172047244093
11
0.7232175590551181
21
1.4504426377952755
0
LINE
8
BLACK
6
CONTINUOUS
10
0.7232175590551181
20
1.4504426377952755
11
0.72232
21
1.4503074803149607
0
LINE
8
BLACK
6
CONTINUOUS
10
0.72232
20
1.4503074803149607
11
0.7214568897637795
21
1.4500270078740156
0
LINE
8
BLACK
6
CONTINUOUS
10
0.7214568897637795
20
1.4500270078740156
11
0.7079585826771654
21
1.4500270078740156
0
LINE
8
BLACK
6
CONTINUOUS
10
0.7079585826771654
20
1.4500270078740156
11
0.7070954330708661
21
1.4503074803149607
0
LINE
8
BLACK
6
CONTINUOUS
10
0.7070954330708661
20
1.4503074803149607
11
0.706197874015748
21
1.4504426377952755
0
LINE
8
BLACK
6
CONTINUOUS
10
0.706197874015748
20
1.4504426377952755
11
0.699448779527559
21
1.4538172047244093
0
LINE
8
BLACK
6
CONTINUOUS
10
0.699448779527559
20
1.4538172047244093
11
0.6989941338582677
21
1.4542649999999999
0
LINE
8
BLACK
6
CONTINUOUS
10
0.6989941338582677
20
1.4542649999999999
11
0.6984255511811024
21
1.45455468503937
0
LINE
8
BLACK
6
CONTINUOUS
10
0.6984255511811024
20
1.45455468503937
11
0.6916763779527559
21
1.4613038582677165
0
LINE
8
BLACK
6
CONTINUOUS
10
0.6916763779527559
20
1.4613038582677165
11
0.691198779527559
21
1.4622412204724409
0
LINE
8
BLACK
6
CONTINUOUS
10
0.691198779527559
20
1.4622412204724409
11
0.6906408267716535
21
1.4631328740157481
0
LINE
8
BLACK
6
CONTINUOUS
10
0.6906408267716535
20
1.4631328740157481
11
0.6872662598425197
21
1.476631220472441
0
LINE
8
BLACK
6
CONTINUOUS
10
0.6872662598425197
20
1.476631220472441
11
0.6873001181102362
21
1.4771200393700787
0
LINE
8
BLACK
6
CONTINUOUS
10
0.6873001181102362
20
1.4771200393700787
11
0.6871487007874015
21
1.477586062992126
0
LINE
8
BLACK
6
CONTINUOUS
10
0.6871487007874015
20
1.477586062992126
11
0.6871487007874015
21
1.5012081102362205
0
LINE
8
BLACK
6
CONTINUOUS
10
0.6871487007874015
20
1.5012081102362205
11
0.6873001181102362
21
1.5016741732283465
0
LINE
8
BLACK
6
CONTINUOUS
10
0.6873001181102362
20
1.5016741732283465
11
0.6872662598425197
21
1.5021629527559055
0
LINE
8
BLACK
6
CONTINUOUS
10
0.6872662598425197
20
1.5021629527559055
11
0.6906408267716535
21
1.5156612992125984
0
LINE
8
BLACK
6
CONTINUOUS
10
0.6906408267716535
20
1.5156612992125984
11
0.691198779527559
21
1.5165529921259842
0
LINE
8
BLACK
6
CONTINUOUS
10
0.691198779527559
20
1.5165529921259842
11
0.6916763779527559
21
1.5174903149606298
0
LINE
8
BLACK
6
CONTINUOUS
10
0.6916763779527559
20
1.5174903149606298
11
0.6984255511811024
21
1.5242394881889763
0
LINE
8
BLACK
6
CONTINUOUS
10
0.6984255511811024
20
1.5242394881889763
11
0.6989941338582677
21
1.5245292125984251
0
LINE
8
BLACK
6
CONTINUOUS
10
0.6989941338582677
20
1.5245292125984251
11
0.699448779527559
21
1.5249769685039369
0
LINE
8
BLACK
6
CONTINUOUS
10
0.699448779527559
20
1.5249769685039369
11
0.706197874015748
21
1.5283515354330708
0
LINE
8
BLACK
6
CONTINUOUS
10
0.706197874015748
20
1.5283515354330708
11
0.7070954330708661
21
1.5284867322834645
0
LINE
8
BLACK
6
CONTINUOUS
10
0.7070954330708661
20
1.5284867322834645
11
0.7079585826771654
21
1.5287671653543307
0
LINE
8
BLACK
6
CONTINUOUS
10
0.7079585826771654
20
1.5287671653543307
11
0.7214568897637795
21
1.5287671653543307
0
LINE
8
BLACK
6
CONTINUOUS
10
0.7214568897637795
20
1.5287671653543307
11
0.72232
21
1.5284867322834645
0
LINE
8
BLACK
6
CONTINUOUS
10
0.7035416141732284
20
1.5182199606299212
11
0.6980151968503937
21
1.5126935826771652
0
LINE
8
BLACK
6
CONTINUOUS
10
0.6980151968503937
20
1.5126935826771652
11
0.695022716535433
21
1.5007235433070867
0
LINE
8
BLACK
6
CONTINUOUS
10
0.695022716535433
20
1.5007235433070867
11
0.695022716535433
21
1.4780706692913386
0
LINE
8
BLACK
6
CONTINUOUS
10
0.695022716535433
20
1.4780706692913386
11
0.6980151968503937
21
1.4661006299212598
0
LINE
8
BLACK
6
CONTINUOUS
10
0.6980151968503937
20
1.4661006299212598
11
0.7035416141732284
21
1.4605742125984251
0
LINE
8
BLACK
6
CONTINUOUS
10
0.7035416141732284
20
1.4605742125984251
11
0.7088879921259842
21
1.4579010236220473
0
LINE
8
BLACK
6
CONTINUOUS
10
0.7088879921259842
20
1.4579010236220473
11
0.7205274803149606
21
1.4579010236220473
0
LINE
8
BLACK
6
CONTINUOUS
10
0.7205274803149606
20
1.4579010236220473
11
0.7258739370078739
21
1.4605742519685039
0
LINE
8
BLACK
6
CONTINUOUS
10
0.7258739370078739
20
1.4605742519685039
11
0.7314002362204725
21
1.466100590551181
0
LINE
8
BLACK
6
CONTINUOUS
10
0.7314002362204725
20
1.466100590551181
11
0.7343927952755905
21
1.4780707480314961
0
LINE
8
BLACK
6
CONTINUOUS
10
0.7343927952755905
20
1.4780707480314961
11
0.7343927952755905
21
1.5007234645669292
0
LINE
8
BLACK
6
CONTINUOUS
10
0.7343927952755905
20
1.5007234645669292
11
0.7314002362204725
21
1.512693622047244
0
LINE
8
BLACK
6
CONTINUOUS
10
0.7314002362204725
20
1.512693622047244
11
0.7258739370078739
21
1.5182199606299212
0
LINE
8
BLACK
6
CONTINUOUS
10
0.7258739370078739
20
1.5182199606299212
11
0.7205274803149606
21
1.5208931496062992
0
LINE
8
BLACK
6
CONTINUOUS
10
0.7205274803149606
20
1.5208931496062992
11
0.7088879921259842
21
1.5208931496062992
0
LINE
8
BLACK
6
CONTINUOUS
10
0.7088879921259842
20
1.5208931496062992
11
0.7035416141732284
21
1.5182199606299212
0
LINE
8
BLACK
6
CONTINUOUS
10
0.8857507874015748
20
1.5280152755905512
11
0.8871809842519685
21
1.5260467716535433
0
LINE
8
BLACK
6
CONTINUOUS
10
0.8871809842519685
20
1.5260467716535433
11
0.8871809842519685
21
1.5236135433070865
0
LINE
8
BLACK
6
CONTINUOUS
10
0.8871809842519685
20
1.5236135433070865
11
0.8857507874015748
21
1.5216450393700787
0
LINE
8
BLACK
6
CONTINUOUS
10
0.8857507874015748
20
1.5216450393700787
11
0.883436653543307
21
1.5208931496062992
0
LINE
8
BLACK
6
CONTINUOUS
10
0.883436653543307
20
1.5208931496062992
11
0.853627874015748
21
1.5208931496062992
0
LINE
8
BLACK
6
CONTINUOUS
10
0.853627874015748
20
1.5208931496062992
11
0.853627874015748
21
1.4950213779527559
0
LINE
8
BLACK
6
CONTINUOUS
10
0.853627874015748
20
1.4950213779527559
11
0.8733129133858267
21
1.4950213779527559
0
LINE
8
BLACK
6
CONTINUOUS
10
0.8733129133858267
20
1.4950213779527559
11
0.8756270472440945
21
1.4942694881889764
0
LINE
8
BLACK
6
CONTINUOUS
10
0.8756270472440945
20
1.4942694881889764
11
0.8770572440944882
21
1.4923009842519686
0
LINE
8
BLACK
6
CONTINUOUS
10
0.8770572440944882
20
1.4923009842519686
11
0.8770572440944882
21
1.4898677559055118
0
LINE
8
BLACK
6
CONTINUOUS
10
0.8770572440944882
20
1.4898677559055118
11
0.8756270472440945
21
1.4878992519685039
0
LINE
8
BLACK
6
CONTINUOUS
10
0.8756270472440945
20
1.4878992519685039
11
0.8733129133858267
21
1.4871473622047244
0
LINE
8
BLACK
6
CONTINUOUS
10
0.8733129133858267
20
1.4871473622047244
11
0.853627874015748
21
1.4871473622047244
0
LINE
8
BLACK
6
CONTINUOUS
10
0.853627874015748
20
1.4871473622047244
11
0.853627874015748
21
1.4579010236220473
0
LINE
8
BLACK
6
CONTINUOUS
10
0.853627874015748
20
1.4579010236220473
11
0.883436653543307
21
1.4579010236220473
0
LINE
8
BLACK
6
CONTINUOUS
10
0.883436653543307
20
1.4579010236220473
11
0.8857507874015748
21
1.4571491338582676
0
LINE
8
BLACK
6
CONTINUOUS
10
0.8857507874015748
20
1.4571491338582676
11
0.8871809842519685
21
1.4551806299212597
0
LINE
8
BLACK
6
CONTINUOUS
10
0.8871809842519685
20
1.4551806299212597
11
0.8871809842519685
21
1.4527474015748032
0
LINE
8
BLACK
6
CONTINUOUS
10
0.8871809842519685
20
1.4527474015748032
11
0.8857507874015748
21
1.4507788976377953
0
LINE
8
BLACK
6
CONTINUOUS
10
0.8857507874015748
20
1.4507788976377953
11
0.883436653543307
21
1.4500270078740156
0
LINE
8
BLACK
6
CONTINUOUS
10
0.883436653543307
20
1.4500270078740156
11
0.8496908661417323
21
1.4500270078740156
0
LINE
8
BLACK
6
CONTINUOUS
10
0.8496908661417323
20
1.4500270078740156
11
0.8490978346456692
21
1.45021968503937
0
LINE
8
BLACK
6
CONTINUOUS
10
0.8490978346456692
20
1.45021968503937
11
0.8484742519685039
21
1.45021968503937
0
LINE
8
BLACK
6
CONTINUOUS
10
0.8484742519685039
20
1.45021968503937
11
0.8479697637795275
21
1.4505862204724409
0
LINE
8
BLACK
6
CONTINUOUS
10
0.8479697637795275
20
1.4505862204724409
11
0.8473767322834646
21
1.4507788976377953
0
LINE
8
BLACK
6
CONTINUOUS
10
0.8473767322834646
20
1.4507788976377953
11
0.8470101968503937
21
1.4512833858267715
0
LINE
8
BLACK
6
CONTINUOUS
10
0.8470101968503937
20
1.4512833858267715
11
0.846505748031496
21
1.4516498818897638
0
LINE
8
BLACK
6
CONTINUOUS
10
0.846505748031496
20
1.4516498818897638
11
0.846313031496063
21
1.4522429527559055
0
LINE
8
BLACK
6
CONTINUOUS
10
0.846313031496063
20
1.4522429527559055
11
0.8459465354330709
21
1.4527474015748032
0
LINE
8
BLACK
6
CONTINUOUS
10
0.8459465354330709
20
1.4527474015748032
11
0.8459465354330709
21
1.4533710236220472
0
LINE
8
BLACK
6
CONTINUOUS
10
0.8459465354330709
20
1.4533710236220472
11
0.8457538582677165
21
1.4539640157480314
0
LINE
8
BLACK
6
CONTINUOUS
10
0.8457538582677165
20
1.4539640157480314
11
0.8457538582677165
21
1.5248301574803149
0
LINE
8
BLACK
6
CONTINUOUS
10
0.8457538582677165
20
1.5248301574803149
11
0.8459465354330709
21
1.5254231889763779
0
LINE
8
BLACK
6
CONTINUOUS
10
0.8459465354330709
20
1.5254231889763779
11
0.8459465354330709
21
1.5260467716535433
0
LINE
8
BLACK
6
CONTINUOUS
10
0.8459465354330709
20
1.5260467716535433
11
0.846313031496063
21
1.5265512598425197
0
LINE
8
BLACK
6
CONTINUOUS
10
0.846313031496063
20
1.5265512598425197
11
0.846505748031496
21
1.5271442913385826
0
LINE
8
BLACK
6
CONTINUOUS
10
0.846505748031496
20
1.5271442913385826
11
0.8470101968503937
21
1.5275108267716535
0
LINE
8
BLACK
6
CONTINUOUS
10
0.8470101968503937
20
1.5275108267716535
11
0.8473767322834646
21
1.5280152755905512
0
LINE
8
BLACK
6
CONTINUOUS
10
0.8473767322834646
20
1.5280152755905512
11
0.8479697637795275
21
1.5282079921259841
0
LINE
8
BLACK
6
CONTINUOUS
10
0.8479697637795275
20
1.5282079921259841
11
0.8484742519685039
21
1.5285744881889762
0
LINE
8
BLACK
6
CONTINUOUS
10
0.8484742519685039
20
1.5285744881889762
11
0.8490978346456692
21
1.5285744881889762
0
LINE
8
BLACK
6
CONTINUOUS
10
0.8490978346456692
20
1.5285744881889762
11
0.8496908661417323
21
1.5287671653543307
0
LINE
8
BLACK
6
CONTINUOUS
10
0.8496908661417323
20
1.5287671653543307
11
0.883436653543307
21
1.5287671653543307
0
LINE
8
BLACK
6
CONTINUOUS
10
0.883436653543307
20
1.5287671653543307
11
0.8857507874015748
21
1.5280152755905512
0
LINE
8
BLACK
6
CONTINUOUS
10
0.8247450393700787
20
1.5281908661417323
11
0.8263287401574803
21
1.5263436220472442
0
LINE
8
BLACK
6
CONTINUOUS
10
0.8263287401574803
20
1.5263436220472442
11
0.8265242125984251
21
1.5239182677165355
0
LINE
8
BLACK
6
CONTINUOUS
10
0.8265242125984251
20
1.5239182677165355
11
0.8096512992125984
21
1.4530521259842519
0
LINE
8
BLACK
6
CONTINUOUS
10
0.8096512992125984
20
1.4530521259842519
11
0.80950968503937
21
1.4528201181102363
0
LINE
8
BLACK
6
CONTINUOUS
10
0.80950968503937
20
1.4528201181102363
11
0.809495157480315
21
1.4525487007874016
0
LINE
8
BLACK
6
CONTINUOUS
10
0.809495157480315
20
1.4525487007874016
11
0.8088867716535433
21
1.4517992519685039
0
LINE
8
BLACK
6
CONTINUOUS
10
0.8088867716535433
20
1.4517992519685039
11
0.8083838582677165
21
1.4509750787401574
0
LINE
8
BLACK
6
CONTINUOUS
10
0.8083838582677165
20
1.4509750787401574
11
0.8081329133858267
21
1.4508705905511812
0
LINE
8
BLACK
6
CONTINUOUS
10
0.8081329133858267
20
1.4508705905511812
11
0.8079616535433071
21
1.4506596062992125
0
LINE
8
BLACK
6
CONTINUOUS
10
0.8079616535433071
20
1.4506596062992125
11
0.8070288582677165
21
1.4504108661417323
0
LINE
8
BLACK
6
CONTINUOUS
10
0.8070288582677165
20
1.4504108661417323
11
0.8061375984251968
21
1.4500397244094487
0
LINE
8
BLACK
6
CONTINUOUS
10
0.8061375984251968
20
1.4500397244094487
11
0.8058731889763779
21
1.4501026771653542
0
LINE
8
BLACK
6
CONTINUOUS
10
0.8058731889763779
20
1.4501026771653542
11
0.8056105905511811
21
1.4500326377952755
0
LINE
8
BLACK
6
CONTINUOUS
10
0.8056105905511811
20
1.4500326377952755
11
0.8047096062992126
21
1.4503797244094487
0
LINE
8
BLACK
6
CONTINUOUS
10
0.8047096062992126
20
1.4503797244094487
11
0.8037705511811023
21
1.4506033070866142
0
LINE
8
BLACK
6
CONTINUOUS
10
0.8037705511811023
20
1.4506033070866142
11
0.8035936614173228
21
1.4508096456692914
0
LINE
8
BLACK
6
CONTINUOUS
10
0.8035936614173228
20
1.4508096456692914
11
0.8033400393700787
21
1.4509073228346456
0
LINE
8
BLACK
6
CONTINUOUS
10
0.8033400393700787
20
1.4509073228346456
11
0.802815157480315
21
1.4517176771653544
0
LINE
8
BLACK
6
CONTINUOUS
10
0.802815157480315
20
1.4517176771653544
11
0.8021868503937007
21
1.4524505511811023
0
LINE
8
BLACK
6
CONTINUOUS
10
0.8021868503937007
20
1.4524505511811023
11
0.802165
21
1.4527214960629922
0
LINE
8
BLACK
6
CONTINUOUS
10
0.802165
20
1.4527214960629922
11
0.8020172440944882
21
1.4529496062992127
0
LINE
8
BLACK
6
CONTINUOUS
10
0.8020172440944882
20
1.4529496062992127
11
0.7923229921259842
21
1.4893030708661417
0
LINE
8
BLACK
6
CONTINUOUS
10
0.7923229921259842
20
1.4893030708661417
11
0.782628779527559
21
1.4529496062992127
0
LINE
8
BLACK
6
CONTINUOUS
10
0.782628779527559
20
1.4529496062992127
11
0.7824810236220472
21
1.4527215354330709
0
LINE
8
BLACK
6
CONTINUOUS
10
0.7824810236220472
20
1.4527215354330709
11
0.7824592125984252
21
1.4524505511811023
0
LINE
8
BLACK
6
CONTINUOUS
10
0.7824592125984252
20
1.4524505511811023
11
0.7818307874015747
21
1.4517175984251969
0
LINE
8
BLACK
6
CONTINUOUS
10
0.7818307874015747
20
1.4517175984251969
11
0.7813060236220473
21
1.4509073228346456
0
LINE
8
BLACK
6
CONTINUOUS
10
0.7813060236220473
20
1.4509073228346456
11
0.7810523622047244
21
1.4508096456692914
0
LINE
8
BLACK
6
CONTINUOUS
10
0.7810523622047244
20
1.4508096456692914
11
0.7808755118110237
21
1.4506033070866142
0
LINE
8
BLACK
6
CONTINUOUS
10
0.7808755118110237
20
1.4506033070866142
11
0.7799364173228346
21
1.4503797244094487
0
LINE
8
BLACK
6
CONTINUOUS
10
0.7799364173228346
20
1.4503797244094487
11
0.7790354724409448
21
1.4500326377952755
0
LINE
8
BLACK
6
CONTINUOUS
10
0.7790354724409448
20
1.4500326377952755
11
0.7787728346456693
21
1.4501026771653542
0
LINE
8
BLACK
6
CONTINUOUS
10
0.7787728346456693
20
1.4501026771653542
11
0.7785084645669291
21
1.4500397244094487
0
LINE
8
BLACK
6
CONTINUOUS
10
0.7785084645669291
20
1.4500397244094487
11
0.7776171653543307
21
1.4504108661417323
0
LINE
8
BLACK
6
CONTINUOUS
10
0.7776171653543307
20
1.4504108661417323
11
0.7766844094488189
21
1.4506596062992125
0
LINE
8
BLACK
6
CONTINUOUS
10
0.7766844094488189
20
1.4506596062992125
11
0.7765131102362205
21
1.4508705905511812
0
LINE
8
BLACK
6
CONTINUOUS
10
0.7765131102362205
20
1.4508705905511812
11
0.7762622047244094
21
1.4509750787401574
0
LINE
8
BLACK
6
CONTINUOUS
10
0.7762622047244094
20
1.4509750787401574
11
0.7757592519685039
21
1.4517992519685039
0
LINE
8
BLACK
6
CONTINUOUS
10
0.7757592519685039
20
1.4517992519685039
11
0.775150905511811
21
1.4525487007874016
0
LINE
8
BLACK
6
CONTINUOUS
10
0.775150905511811
20
1.4525487007874016
11
0.7751363385826772
21
1.4528201181102363
0
LINE
8
BLACK
6
CONTINUOUS
10
0.7751363385826772
20
1.4528201181102363
11
0.7749947637795276
21
1.4530521259842519
0
LINE
8
BLACK
6
CONTINUOUS
10
0.7749947637795276
20
1.4530521259842519
11
0.7581218503937007
21
1.5239182677165355
0
LINE
8
BLACK
6
CONTINUOUS
10
0.7581218503937007
20
1.5239182677165355
11
0.7583173228346457
21
1.5263436220472442
0
LINE
8
BLACK
6
CONTINUOUS
10
0.7583173228346457
20
1.5263436220472442
11
0.7599010236220473
21
1.5281908661417323
0
LINE
8
BLACK
6
CONTINUOUS
10
0.7599010236220473
20
1.5281908661417323
11
0.7622680708661417
21
1.5287544488188975
0
LINE
8
BLACK
6
CONTINUOUS
10
0.7622680708661417
20
1.5287544488188975
11
0.7645143307086614
21
1.5278190944881889
0
LINE
8
BLACK
6
CONTINUOUS
10
0.7645143307086614
20
1.5278190944881889
11
0.7657817716535433
21
1.5257420472440943
0
LINE
8
BLACK
6
CONTINUOUS
10
0.7657817716535433
20
1.5257420472440943
11
0.7790408267716535
21
1.470054094488189
0
LINE
8
BLACK
6
CONTINUOUS
10
0.7790408267716535
20
1.470054094488189
11
0.788518937007874
21
1.5055970866141732
0
LINE
8
BLACK
6
CONTINUOUS
10
0.788518937007874
20
1.5055970866141732
11
0.7886375196850394
21
1.5057802362204724
0
LINE
8
BLACK
6
CONTINUOUS
10
0.7886375196850394
20
1.5057802362204724
11
0.7886492125984251
21
1.5059979921259843
0
LINE
8
BLACK
6
CONTINUOUS
10
0.7886492125984251
20
1.5059979921259843
11
0.7892894094488189
21
1.5067866929133857
0
LINE
8
BLACK
6
CONTINUOUS
10
0.7892894094488189
20
1.5067866929133857
11
0.7898417322834645
21
1.50763937007874
0
LINE
8
BLACK
6
CONTINUOUS
10
0.7898417322834645
20
1.50763937007874
11
0.7900452755905512
21
1.5077177952755905
0
LINE
8
BLACK
6
CONTINUOUS
10
0.7900452755905512
20
1.5077177952755905
11
0.790182716535433
21
1.5078870866141731
0
LINE
8
BLACK
6
CONTINUOUS
10
0.790182716535433
20
1.5078870866141731
11
0.7911641732283464
21
1.5081488582677165
0
LINE
8
BLACK
6
CONTINUOUS
10
0.7911641732283464
20
1.5081488582677165
11
0.7921122834645669
21
1.5085140551181102
0
LINE
8
BLACK
6
CONTINUOUS
10
0.7921122834645669
20
1.5085140551181102
11
0.792323031496063
21
1.5084578740157479
0
LINE
8
BLACK
6
CONTINUOUS
10
0.792323031496063
20
1.5084578740157479
11
0.792533779527559
21
1.5085140551181102
0
LINE
8
BLACK
6
CONTINUOUS
10
0.792533779527559
20
1.5085140551181102
11
0.7934818503937008
21
1.5081488582677165
0
LINE
8
BLACK
6
CONTINUOUS
10
0.7934818503937008
20
1.5081488582677165
11
0.7944633464566929
21
1.5078870866141731
0
LINE
8
BLACK
6
CONTINUOUS
10
0.7944633464566929
20
1.5078870866141731
11
0.7946007480314961
21
1.5077177952755905
0
LINE
8
BLACK
6
CONTINUOUS
10
0.7946007480314961
20
1.5077177952755905
11
0.7948043307086614
21
1.50763937007874
0
LINE
8
BLACK
6
CONTINUOUS
10
0.7948043307086614
20
1.50763937007874
11
0.7953565354330708
21
1.5067867716535432
0
LINE
8
BLACK
6
CONTINUOUS
10
0.7953565354330708
20
1.5067867716535432
11
0.7959968503937007
21
1.5059979921259843
0
LINE
8
BLACK
6
CONTINUOUS
10
0.7959968503937007
20
1.5059979921259843
11
0.7960085039370078
21
1.5057801574803149
0
LINE
8
BLACK
6
CONTINUOUS
10
0.7960085039370078
20
1.5057801574803149
11
0.7961270866141732
21
1.5055970866141732
0
LINE
8
BLACK
6
CONTINUOUS
10
0.7961270866141732
20
1.5055970866141732
11
0.8056051968503937
21
1.4700540551181103
0
LINE
8
BLACK
6
CONTINUOUS
10
0.8056051968503937
20
1.4700540551181103
11
0.8188642913385826
21
1.5257420472440943
0
LINE
8
BLACK
6
CONTINUOUS
10
0.8188642913385826
20
1.5257420472440943
11
0.8201317322834646
21
1.5278190944881889
0
LINE
8
BLACK
6
CONTINUOUS
10
0.8201317322834646
20
1.5278190944881889
11
0.8223779921259843
21
1.5287544488188975
0
LINE
8
BLACK
6
CONTINUOUS
10
0.8223779921259843
20
1.5287544488188975
11
0.8247450393700787
21
1.5281908661417323
0
LINE
8
BLACK
6
CONTINUOUS
10
0.9416675590551181
20
1.5284867322834645
11
0.9425651181102362
21
1.5283515354330708
0
LINE
8
BLACK
6
CONTINUOUS
10
0.9425651181102362
20
1.5283515354330708
11
0.9493142913385827
21
1.5249769685039369
0
LINE
8
BLACK
6
CONTINUOUS
10
0.9493142913385827
20
1.5249769685039369
11
0.9497688976377953
21
1.5245292125984251
0
LINE
8
BLACK
6
CONTINUOUS
10
0.9497688976377953
20
1.5245292125984251
11
0.9503375196850393
21
1.5242394881889763
0
LINE
8
BLACK
6
CONTINUOUS
10
0.9503375196850393
20
1.5242394881889763
11
0.9537120866141732
21
1.5208649212598424
0
LINE
8
BLACK
6
CONTINUOUS
10
0.9537120866141732
20
1.5208649212598424
11
0.9540017716535433
21
1.5202963385826771
0
LINE
8
BLACK
6
CONTINUOUS
10
0.9540017716535433
20
1.5202963385826771
11
0.9544495669291339
21
1.5198416929133858
0
LINE
8
BLACK
6
CONTINUOUS
10
0.9544495669291339
20
1.5198416929133858
11
0.9578241338582677
21
1.5130925196850393
0
LINE
8
BLACK
6
CONTINUOUS
10
0.9578241338582677
20
1.5130925196850393
11
0.9579592913385827
21
1.512195
0
LINE
8
BLACK
6
CONTINUOUS
10
0.9579592913385827
20
1.512195
11
0.9582397637795276
21
1.5113318503937008
0
LINE
8
BLACK
6
CONTINUOUS
10
0.9582397637795276
20
1.5113318503937008
11
0.9582397637795276
21
1.5012081102362205
0
LINE
8
BLACK
6
CONTINUOUS
10
0.9582397637795276
20
1.5012081102362205
11
0.9579592913385827
21
1.500345
0
LINE
8
BLACK
6
CONTINUOUS
10
0.9579592913385827
20
1.500345
11
0.9578241338582677
21
1.4994474015748032
0
LINE
8
BLACK
6
CONTINUOUS
10
0.9578241338582677
20
1.4994474015748032
11
0.9544495669291339
21
1.4926983070866142
0
LINE
8
BLACK
6
CONTINUOUS
10
0.9544495669291339
20
1.4926983070866142
11
0.9540017716535433
21
1.4922437007874017
0
LINE
8
BLACK
6
CONTINUOUS
10
0.9540017716535433
20
1.4922437007874017
11
0.9537120866141732
21
1.4916751181102361
0
LINE
8
BLACK
6
CONTINUOUS
10
0.9537120866141732
20
1.4916751181102361
11
0.9503375196850393
21
1.4883005118110235
0
LINE
8
BLACK
6
CONTINUOUS
10
0.9503375196850393
20
1.4883005118110235
11
0.949768937007874
21
1.4880108267716534
0
LINE
8
BLACK
6
CONTINUOUS
10
0.949768937007874
20
1.4880108267716534
11
0.9493142913385827
21
1.4875629921259843
0
LINE
8
BLACK
6
CONTINUOUS
10
0.9493142913385827
20
1.4875629921259843
11
0.9425651181102362
21
1.4841884251968505
0
LINE
8
BLACK
6
CONTINUOUS
10
0.9425651181102362
20
1.4841884251968505
11
0.9416675590551181
21
1.4840532677165355
0
LINE
8
BLACK
6
CONTINUOUS
10
0.9416675590551181
20
1.4840532677165355
11
0.9408044488188976
21
1.4837727952755906
0
LINE
8
BLACK
6
CONTINUOUS
10
0.9408044488188976
20
1.4837727952755906
11
0.9382423228346457
21
1.4837727952755906
0
LINE
8
BLACK
6
CONTINUOUS
10
0.9382423228346457
20
1.4837727952755906
11
0.9575280708661417
21
1.4562217322834645
0
LINE
8
BLACK
6
CONTINUOUS
10
0.9575280708661417
20
1.4562217322834645
11
0.9582391732283464
21
1.4538947637795274
0
LINE
8
BLACK
6
CONTINUOUS
10
0.9582391732283464
20
1.4538947637795274
11
0.957446653543307
21
1.4515942519685039
0
LINE
8
BLACK
6
CONTINUOUS
10
0.957446653543307
20
1.4515942519685039
11
0.9554533070866141
21
1.4501988582677166
0
LINE
8
BLACK
6
CONTINUOUS
10
0.9554533070866141
20
1.4501988582677166
11
0.9530204724409449
21
1.4502416535433071
0
LINE
8
BLACK
6
CONTINUOUS
10
0.9530204724409449
20
1.4502416535433071
11
0.9510774409448819
21
1.4517062992125984
0
LINE
8
BLACK
6
CONTINUOUS
10
0.9510774409448819
20
1.4517062992125984
11
0.928630905511811
21
1.4837727952755906
0
LINE
8
BLACK
6
CONTINUOUS
10
0.928630905511811
20
1.4837727952755906
11
0.917744842519685
21
1.4837727952755906
0
LINE
8
BLACK
6
CONTINUOUS
10
0.917744842519685
20
1.4837727952755906
11
0.917744842519685
21
1.4539640157480314
0
LINE
8
BLACK
6
CONTINUOUS
10
0.917744842519685
20
1.4539640157480314
11
0.9169929527559055
21
1.4516498818897638
0
LINE
8
BLACK
6
CONTINUOUS
10
0.9169929527559055
20
1.4516498818897638
11
0.9150244488188977
21
1.45021968503937
0
LINE
8
BLACK
6
CONTINUOUS
10
0.9150244488188977
20
1.45021968503937
11
0.9125912204724409
21
1.45021968503937
0
LINE
8
BLACK
6
CONTINUOUS
10
0.9125912204724409
20
1.45021968503937
11
0.910622716535433
21
1.4516498818897638
0
LINE
8
BLACK
6
CONTINUOUS
10
0.910622716535433
20
1.4516498818897638
11
0.9098708267716535
21
1.4539640157480314
0
LINE
8
BLACK
6
CONTINUOUS
10
0.9098708267716535
20
1.4539640157480314
11
0.9098708267716535
21
1.5248301574803149
0
LINE
8
BLACK
6
CONTINUOUS
10
0.9098708267716535
20
1.5248301574803149
11
0.9100635039370079
21
1.5254231889763779
0
LINE
8
BLACK
6
CONTINUOUS
10
0.9100635039370079
20
1.5254231889763779
11
0.9100635039370079
21
1.5260467716535433
0
LINE
8
BLACK
6
CONTINUOUS
10
0.9100635039370079
20
1.5260467716535433
11
0.91043
21
1.5265512598425197
0
LINE
8
BLACK
6
CONTINUOUS
10
0.91043
20
1.5265512598425197
11
0.910622716535433
21
1.5271442913385826
0
LINE
8
BLACK
6
CONTINUOUS
10
0.910622716535433
20
1.5271442913385826
11
0.9111271653543307
21
1.5275108267716535
0
LINE
8
BLACK
6
CONTINUOUS
10
0.9111271653543307
20
1.5275108267716535
11
0.9114937007874016
21
1.5280152755905512
0
LINE
8
BLACK
6
CONTINUOUS
10
0.9114937007874016
20
1.5280152755905512
11
0.9120867322834646
21
1.5282079921259841
0
LINE
8
BLACK
6
CONTINUOUS
10
0.9120867322834646
20
1.5282079921259841
11
0.9125912204724409
21
1.5285744881889762
0
LINE
8
BLACK
6
CONTINUOUS
10
0.9125912204724409
20
1.5285744881889762
11
0.9132148031496062
21
1.5285744881889762
0
LINE
8
BLACK
6
CONTINUOUS
10
0.9132148031496062
20
1.5285744881889762
11
0.9138078346456693
21
1.5287671653543307
0
LINE
8
BLACK
6
CONTINUOUS
10
0.9138078346456693
20
1.5287671653543307
11
0.9408044488188976
21
1.5287671653543307
0
LINE
8
BLACK
6
CONTINUOUS
10
0.9408044488188976
20
1.5287671653543307
11
0.9416675590551181
21
1.5284867322834645
0
LINE
8
BLACK
6
CONTINUOUS
10
0.917744842519685
20
1.4916468110236221
11
0.9398750393700788
21
1.4916468110236221
0
LINE
8
BLACK
6
CONTINUOUS
10
0.9398750393700788
20
1.4916468110236221
11
0.9452214960629921
21
1.4943200393700786
0
LINE
8
BLACK
6
CONTINUOUS
10
0.9452214960629921
20
1.4943200393700786
11
0.9476925196850393
21
1.4967911417322834
0
LINE
8
BLACK
6
CONTINUOUS
10
0.9476925196850393
20
1.4967911417322834
11
0.9503657480314961
21
1.5021375196850393
0
LINE
8
BLACK
6
CONTINUOUS
10
0.9503657480314961
20
1.5021375196850393
11
0.9503657480314961
21
1.5104024803149605
0
LINE
8
BLACK
6
CONTINUOUS
10
0.9503657480314961
20
1.5104024803149605
11
0.9476925196850393
21
1.5157488976377953
0
LINE
8
BLACK
6
CONTINUOUS
10
0.9476925196850393
20
1.5157488976377953
11
0.9452214566929134
21
1.5182199606299212
0
LINE
8
BLACK
6
CONTINUOUS
10
0.9452214566929134
20
1.5182199606299212
11
0.9398750393700788
21
1.5208931496062992
0
LINE
8
BLACK
6
CONTINUOUS
10
0.9398750393700788
20
1.5208931496062992
11
0.917744842519685
21
1.5208931496062992
0
LINE
8
BLACK
6
CONTINUOUS
10
0.917744842519685
20
1.5208931496062992
11
0.917744842519685
21
1.4916468110236221
0
LINE
8
BLACK
6
CONTINUOUS
10
0.6514538582677165
20
1.5284867322834645
11
0.6523514173228346
21
1.5283515354330708
0
LINE
8
BLACK
6
CONTINUOUS
10
0.6523514173228346
20
1.5283515354330708
11
0.6591005905511811
21
1.5249769685039369
0
LINE
8
BLACK
6
CONTINUOUS
10
0.6591005905511811
20
1.5249769685039369
11
0.6595551968503937
21
1.5245292125984251
0
LINE
8
BLACK
6
CONTINUOUS
10
0.6595551968503937
20
1.5245292125984251
11
0.6601238188976378
21
1.5242394881889763
0
LINE
8
BLACK
6
CONTINUOUS
10
0.6601238188976378
20
1.5242394881889763
11
0.6634983858267717
21
1.5208649212598424
0
LINE
8
BLACK
6
CONTINUOUS
10
0.6634983858267717
20
1.5208649212598424
11
0.6637880708661417
21
1.5202963385826771
0
LINE
8
BLACK
6
CONTINUOUS
10
0.6637880708661417
20
1.5202963385826771
11
0.6642358661417322
21
1.5198416929133858
0
LINE
8
BLACK
6
CONTINUOUS
10
0.6642358661417322
20
1.5198416929133858
11
0.6676104330708661
21
1.5130925196850393
0
LINE
8
BLACK
6
CONTINUOUS
10
0.6676104330708661
20
1.5130925196850393
11
0.6677455905511811
21
1.512195
0
LINE
8
BLACK
6
CONTINUOUS
10
0.6677455905511811
20
1.512195
11
0.668026062992126
21
1.5113318503937008
0
LINE
8
BLACK
6
CONTINUOUS
10
0.668026062992126
20
1.5113318503937008
11
0.668026062992126
21
1.5012081102362205
0
LINE
8
BLACK
6
CONTINUOUS
10
0.668026062992126
20
1.5012081102362205
11
0.6677455905511811
21
1.500345
0
LINE
8
BLACK
6
CONTINUOUS
10
0.6677455905511811
20
1.500345
11
0.6676104330708661
21
1.4994474015748032
0
LINE
8
BLACK
6
CONTINUOUS
10
0.6676104330708661
20
1.4994474015748032
11
0.6642358661417322
21
1.4926983070866142
0
LINE
8
BLACK
6
CONTINUOUS
10
0.6642358661417322
20
1.4926983070866142
11
0.6637880708661417
21
1.4922437007874017
0
LINE
8
BLACK
6
CONTINUOUS
10
0.6637880708661417
20
1.4922437007874017
11
0.6634983858267717
21
1.4916751181102361
0
LINE
8
BLACK
6
CONTINUOUS
10
0.6634983858267717
20
1.4916751181102361
11
0.6601238188976378
21
1.4883005118110235
0
LINE
8
BLACK
6
CONTINUOUS
10
0.6601238188976378
20
1.4883005118110235
11
0.6595552362204724
21
1.4880108267716534
0
LINE
8
BLACK
6
CONTINUOUS
10
0.6595552362204724
20
1.4880108267716534
11
0.6591005905511811
21
1.4875629921259843
0
LINE
8
BLACK
6
CONTINUOUS
10
0.6591005905511811
20
1.4875629921259843
11
0.6523514173228346
21
1.4841884251968505
0
LINE
8
BLACK
6
CONTINUOUS
10
0.6523514173228346
20
1.4841884251968505
11
0.6514538582677165
21
1.4840532677165355
0
LINE
8
BLACK
6
CONTINUOUS
10
0.6514538582677165
20
1.4840532677165355
11
0.6505907480314961
21
1.4837727952755906
0
LINE
8
BLACK
6
CONTINUOUS
10
0.6505907480314961
20
1.4837727952755906
11
0.6275311417322834
21
1.4837727952755906
0
LINE
8
BLACK
6
CONTINUOUS
10
0.6275311417322834
20
1.4837727952755906
11
0.6275311417322834
21
1.4539640157480314
0
LINE
8
BLACK
6
CONTINUOUS
10
0.6275311417322834
20
1.4539640157480314
11
0.6267792519685039
21
1.4516498818897638
0
LINE
8
BLACK
6
CONTINUOUS
10
0.6267792519685039
20
1.4516498818897638
11
0.6248107480314961
21
1.45021968503937
0
LINE
8
BLACK
6
CONTINUOUS
10
0.6248107480314961
20
1.45021968503937
11
0.6223775196850394
21
1.45021968503937
0
LINE
8
BLACK
6
CONTINUOUS
10
0.6223775196850394
20
1.45021968503937
11
0.6204090157480315
21
1.4516498818897638
0
LINE
8
BLACK
6
CONTINUOUS
10
0.6204090157480315
20
1.4516498818897638
11
0.6196571259842519
21
1.4539640157480314
0
LINE
8
BLACK
6
CONTINUOUS
10
0.6196571259842519
20
1.4539640157480314
11
0.6196571259842519
21
1.5248301574803149
0
LINE
8
BLACK
6
CONTINUOUS
10
0.6196571259842519
20
1.5248301574803149
11
0.6198498031496062
21
1.5254231889763779
0
LINE
8
BLACK
6
CONTINUOUS
10
0.6198498031496062
20
1.5254231889763779
11
0.6198498031496062
21
1.5260467716535433
0
LINE
8
BLACK
6
CONTINUOUS
10
0.6198498031496062
20
1.5260467716535433
11
0.6202162992125985
21
1.5265512598425197
0
LINE
8
BLACK
6
CONTINUOUS
10
0.6202162992125985
20
1.5265512598425197
11
0.6204090157480315
21
1.5271442913385826
0
LINE
8
BLACK
6
CONTINUOUS
10
0.6204090157480315
20
1.5271442913385826
11
0.6209134645669291
21
1.5275108267716535
0
LINE
8
BLACK
6
CONTINUOUS
10
0.6209134645669291
20
1.5275108267716535
11
0.6212799999999999
21
1.5280152755905512
0
LINE
8
BLACK
6
CONTINUOUS
10
0.6212799999999999
20
1.5280152755905512
11
0.621873031496063
21
1.5282079921259841
0
LINE
8
BLACK
6
CONTINUOUS
10
0.621873031496063
20
1.5282079921259841
11
0.6223775196850394
21
1.5285744881889762
0
LINE
8
BLACK
6
CONTINUOUS
10
0.6223775196850394
20
1.5285744881889762
11
0.6230011023622047
21
1.5285744881889762
0
LINE
8
BLACK
6
CONTINUOUS
10
0.6230011023622047
20
1.5285744881889762
11
0.6235941338582677
21
1.5287671653543307
0
LINE
8
BLACK
6
CONTINUOUS
10
0.6235941338582677
20
1.5287671653543307
11
0.6505907480314961
21
1.5287671653543307
0
LINE
8
BLACK
6
CONTINUOUS
10
0.6505907480314961
20
1.5287671653543307
11
0.6514538582677165
21
1.5284867322834645
0
LINE
8
BLACK
6
CONTINUOUS
10
0.6275311417322834
20
1.4916468110236221
11
0.6496613385826772
21
1.4916468110236221
0
LINE
8
BLACK
6
CONTINUOUS
10
0.6496613385826772
20
1.4916468110236221
11
0.6550077952755905
21
1.4943200393700786
0
LINE
8
BLACK
6
CONTINUOUS
10
0.6550077952755905
20
1.4943200393700786
11
0.6574788188976378
21
1.4967911417322834
0
LINE
8
BLACK
6
CONTINUOUS
10
0.6574788188976378
20
1.4967911417322834
11
0.6601520472440945
21
1.5021375196850393
0
LINE
8
BLACK
6
CONTINUOUS
10
0.6601520472440945
20
1.5021375196850393
11
0.6601520472440945
21
1.5104024803149605
0
LINE
8
BLACK
6
CONTINUOUS
10
0.6601520472440945
20
1.5104024803149605
11
0.6574788188976378
21
1.5157488976377953
0
LINE
8
BLACK
6
CONTINUOUS
10
0.6574788188976378
20
1.5157488976377953
11
0.6550077559055117
21
1.5182199606299212
0
LINE
8
BLACK
6
CONTINUOUS
10
0.6550077559055117
20
1.5182199606299212
11
0.6496613385826772
21
1.5208931496062992
0
LINE
8
BLACK
6
CONTINUOUS
10
0.6496613385826772
20
1.5208931496062992
11
0.6275311417322834
21
1.5208931496062992
0
LINE
8
BLACK
6
CONTINUOUS
10
0.6275311417322834
20
1.5208931496062992
11
0.6275311417322834
21
1.4916468110236221
0
LINE
8
BLACK
6
CONTINUOUS
10
0.6654331102362204
20
1.5656692913385826
11
0.6054331102362205
21
1.5656692913385826
0
LINE
8
BLACK
6
CONTINUOUS
10
0.6054331102362205
20
1.5656692913385826
11
0.6054331102362205
21
1.6256692913385826
0
LINE
8
BLACK
6
CONTINUOUS
10
0.6054331102362205
20
1.6256692913385826
11
0.6654331102362204
21
1.6256692913385826
0
LINE
8
BLACK
6
CONTINUOUS
10
0.6654331102362204
20
1.6256692913385826
11
0.6654331102362204
21
1.5656692913385826
0
LINE
8
BLACK
6
CONTINUOUS
10
0.7654331102362204
20
1.5656692913385826
11
0.7054331102362205
21
1.5656692913385826
0
LINE
8
BLACK
6
CONTINUOUS
10
0.7054331102362205
20
1.5656692913385826
11
0.7054331102362205
21
1.6256692913385826
0
LINE
8
BLACK
6
CONTINUOUS
10
0.7054331102362205
20
1.6256692913385826
11
0.7654331102362204
21
1.6256692913385826
0
LINE
8
BLACK
6
CONTINUOUS
10
0.7654331102362204
20
1.6256692913385826
11
0.7654331102362204
21
1.5656692913385826
0
LINE
8
BLACK
6
CONTINUOUS
10
0.8654331102362205
20
1.5656692913385826
11
0.8054331102362204
21
1.5656692913385826
0
LINE
8
BLACK
6
CONTINUOUS
10
0.8054331102362204
20
1.5656692913385826
11
0.8054331102362204
21
1.6256692913385826
0
LINE
8
BLACK
6
CONTINUOUS
10
0.8054331102362204
20
1.6256692913385826
11
0.8654331102362205
21
1.6256692913385826
0
LINE
8
BLACK
6
CONTINUOUS
10
0.8654331102362205
20
1.6256692913385826
11
0.8654331102362205
21
1.5656692913385826
0
LINE
8
BLACK
6
CONTINUOUS
10
0.9654331102362205
20
1.5656692913385826
11
0.9054331102362204
21
1.5656692913385826
0
LINE
8
BLACK
6
CONTINUOUS
10
0.9054331102362204
20
1.5656692913385826
11
0.9054331102362204
21
1.6256692913385826
0
LINE
8
BLACK
6
CONTINUOUS
10
0.9054331102362204
20
1.6256692913385826
11
0.9654331102362205
21
1.6256692913385826
0
LINE
8
BLACK
6
CONTINUOUS
10
0.9654331102362205
20
1.6256692913385826
11
0.9654331102362205
21
1.5656692913385826
0
LINE
8
BLACK
6
CONTINUOUS
10
0.6654331102362204
20
1.6656692913385827
11
0.6054331102362205
21
1.6656692913385827
0
LINE
8
BLACK
6
CONTINUOUS
10
0.6054331102362205
20
1.6656692913385827
11
0.6054331102362205
21
1.7256692913385827
0
LINE
8
BLACK
6
CONTINUOUS
10
0.6054331102362205
20
1.7256692913385827
11
0.6654331102362204
21
1.7256692913385827
0
LINE
8
BLACK
6
CONTINUOUS
10
0.6654331102362204
20
1.7256692913385827
11
0.6654331102362204
21
1.6656692913385827
0
LINE
8
BLACK
6
CONTINUOUS
10
0.7654331102362204
20
1.6656692913385827
11
0.7054331102362205
21
1.6656692913385827
0
LINE
8
BLACK
6
CONTINUOUS
10
0.7054331102362205
20
1.6656692913385827
11
0.7054331102362205
21
1.7256692913385827
0
LINE
8
BLACK
6
CONTINUOUS
10
0.7054331102362205
20
1.7256692913385827
11
0.7654331102362204
21
1.7256692913385827
0
LINE
8
BLACK
6
CONTINUOUS
10
0.7654331102362204
20
1.7256692913385827
11
0.7654331102362204
21
1.6656692913385827
0
LINE
8
BLACK
6
CONTINUOUS
10
0.8654331102362205
20
1.6656692913385827
11
0.8054331102362204
21
1.6656692913385827
0
LINE
8
BLACK
6
CONTINUOUS
10
0.8054331102362204
20
1.6656692913385827
11
0.8054331102362204
21
1.7256692913385827
0
LINE
8
BLACK
6
CONTINUOUS
10
0.8054331102362204
20
1.7256692913385827
11
0.8654331102362205
21
1.7256692913385827
0
LINE
8
BLACK
6
CONTINUOUS
10
0.8654331102362205
20
1.7256692913385827
11
0.8654331102362205
21
1.6656692913385827
0
LINE
8
BLACK
6
CONTINUOUS
10
0.9654331102362205
20
1.6656692913385827
11
0.9054331102362204
21
1.6656692913385827
0
LINE
8
BLACK
6
CONTINUOUS
10
0.9054331102362204
20
1.6656692913385827
11
0.9054331102362204
21
1.7256692913385827
0
LINE
8
BLACK
6
CONTINUOUS
10
0.9054331102362204
20
1.7256692913385827
11
0.9654331102362205
21
1.7256692913385827
0
LINE
8
BLACK
6
CONTINUOUS
10
0.9654331102362205
20
1.7256692913385827
11
0.9654331102362205
21
1.6656692913385827
0
LINE
8
BLACK
6
CONTINUOUS
10
0.9858166141732283
20
1.7485544488188975
11
0.9859458661417323
21
1.7485772047244095
0
LINE
8
BLACK
6
CONTINUOUS
10
0.9859458661417323
20
1.7485772047244095
11
0.9860594488188976
21
1.7485116141732282
0
LINE
8
BLACK
6
CONTINUOUS
10
0.9860594488188976
20
1.7485116141732282
11
0.9864430314960629
21
1.7484439763779527
0
LINE
8
BLACK
6
CONTINUOUS
10
0.9864430314960629
20
1.7484439763779527
11
0.9870307086614173
21
1.7479508661417322
0
LINE
8
BLACK
6
CONTINUOUS
10
0.9870307086614173
20
1.7479508661417322
11
0.9876950393700787
21
1.7475672834645668
0
LINE
8
BLACK
6
CONTINUOUS
10
0.9876950393700787
20
1.7475672834645668
11
0.9877861417322834
21
1.7473169685039369
0
LINE
8
BLACK
6
CONTINUOUS
10
0.9877861417322834
20
1.7473169685039369
11
0.9879902755905512
21
1.7471456692913385
0
LINE
8
BLACK
6
CONTINUOUS
10
0.9879902755905512
20
1.7471456692913385
11
0.9881235039370079
21
1.7463901181102361
0
LINE
8
BLACK
6
CONTINUOUS
10
0.9881235039370079
20
1.7463901181102361
11
0.9883858661417323
21
1.7456692913385827
0
LINE
8
BLACK
6
CONTINUOUS
10
0.9883858661417323
20
1.7456692913385827
11
0.9883858661417323
21
1.5456692913385826
0
LINE
8
BLACK
6
CONTINUOUS
10
0.9883858661417323
20
1.5456692913385826
11
0.9883182283464567
21
1.5452857874015749
0
LINE
8
BLACK
6
CONTINUOUS
10
0.9883182283464567
20
1.5452857874015749
11
0.9883410236220472
21
1.5451565354330707
0
LINE
8
BLACK
6
CONTINUOUS
10
0.9883410236220472
20
1.5451565354330707
11
0.9882753937007874
21
1.5450429527559055
0
LINE
8
BLACK
6
CONTINUOUS
10
0.9882753937007874
20
1.5450429527559055
11
0.9882077952755906
21
1.5446593700787401
0
LINE
8
BLACK
6
CONTINUOUS
10
0.9882077952755906
20
1.5446593700787401
11
0.9877146456692913
21
1.5440716929133858
0
LINE
8
BLACK
6
CONTINUOUS
10
0.9877146456692913
20
1.5440716929133858
11
0.9873311023622047
21
1.5434073622047244
0
LINE
8
BLACK
6
CONTINUOUS
10
0.9873311023622047
20
1.5434073622047244
11
0.987080748031496
21
1.5433162598425196
0
LINE
8
BLACK
6
CONTINUOUS
10
0.987080748031496
20
1.5433162598425196
11
0.9869094881889764
21
1.543112125984252
0
LINE
8
BLACK
6
CONTINUOUS
10
0.9869094881889764
20
1.543112125984252
11
0.9861538976377953
21
1.5429788976377952
0
LINE
8
BLACK
6
CONTINUOUS
10
0.9861538976377953
20
1.5429788976377952
11
0.9854331102362205
21
1.5427165354330707
0
LINE
8
BLACK
6
CONTINUOUS
10
0.9854331102362205
20
1.5427165354330707
11
0.5854331102362205
21
1.5427165354330707
0
LINE
8
BLACK
6
CONTINUOUS
10
0.5854331102362205
20
1.5427165354330707
11
0.5850495669291338
21
1.5427841732283465
0
LINE
8
BLACK
6
CONTINUOUS
10
0.5850495669291338
20
1.5427841732283465
11
0.5849203543307087
21
1.5427613779527558
0
LINE
8
BLACK
6
CONTINUOUS
10
0.5849203543307087
20
1.5427613779527558
11
0.5848067322834646
21
1.5428270078740156
0
LINE
8
BLACK
6
CONTINUOUS
10
0.5848067322834646
20
1.5428270078740156
11
0.5844231889763779
21
1.5428946062992126
0
LINE
8
BLACK
6
CONTINUOUS
10
0.5844231889763779
20
1.5428946062992126
11
0.5838354724409449
21
1.5433877559055118
0
LINE
8
BLACK
6
CONTINUOUS
10
0.5838354724409449
20
1.5433877559055118
11
0.5831711811023622
21
1.5437712992125985
0
LINE
8
BLACK
6
CONTINUOUS
10
0.5831711811023622
20
1.5437712992125985
11
0.5830800393700787
21
1.5440216535433071
0
LINE
8
BLACK
6
CONTINUOUS
10
0.5830800393700787
20
1.5440216535433071
11
0.5828759448818898
21
1.5441929133858268
0
LINE
8
BLACK
6
CONTINUOUS
10
0.5828759448818898
20
1.5441929133858268
11
0.5827426771653543
21
1.5449485039370079
0
LINE
8
BLACK
6
CONTINUOUS
10
0.5827426771653543
20
1.5449485039370079
11
0.5824803543307087
21
1.5456692913385826
0
LINE
8
BLACK
6
CONTINUOUS
10
0.5824803543307087
20
1.5456692913385826
11
0.5824803543307087
21
1.7456692913385827
0
LINE
8
BLACK
6
CONTINUOUS
10
0.5824803543307087
20
1.7456692913385827
11
0.5825479527559055
21
1.7460528346456692
0
LINE
8
BLACK
6
CONTINUOUS
10
0.5825479527559055
20
1.7460528346456692
11
0.5825251968503937
21
1.7461820472440945
0
LINE
8
BLACK
6
CONTINUOUS
10
0.5825251968503937
20
1.7461820472440945
11
0.5825907874015748
21
1.7462956692913385
0
LINE
8
BLACK
6
CONTINUOUS
10
0.5825907874015748
20
1.7462956692913385
11
0.5826584251968504
21
1.7466792125984252
0
LINE
8
BLACK
6
CONTINUOUS
10
0.5826584251968504
20
1.7466792125984252
11
0.5831515354330709
21
1.7472669291338583
0
LINE
8
BLACK
6
CONTINUOUS
10
0.5831515354330709
20
1.7472669291338583
11
0.5835351181102362
21
1.7479312204724409
0
LINE
8
BLACK
6
CONTINUOUS
10
0.5835351181102362
20
1.7479312204724409
11
0.5837854330708662
21
1.7480223622047244
0
LINE
8
BLACK
6
CONTINUOUS
10
0.5837854330708662
20
1.7480223622047244
11
0.5839567322834646
21
1.7482264566929133
0
LINE
8
BLACK
6
CONTINUOUS
10
0.5839567322834646
20
1.7482264566929133
11
0.5847122834645669
21
1.7483597244094489
0
LINE
8
BLACK
6
CONTINUOUS
10
0.5847122834645669
20
1.7483597244094489
11
0.5854331102362205
21
1.7486220472440945
0
LINE
8
BLACK
6
CONTINUOUS
10
0.5854331102362205
20
1.7486220472440945
11
0.9854331102362205
21
1.7486220472440945
0
LINE
8
BLACK
6
CONTINUOUS
10
0.9854331102362205
20
1.7486220472440945
11
0.9858166141732283
21
1.7485544488188975
0
LINE
8
BLACK
6
CONTINUOUS
10
0.5883858661417323
20
1.7427165354330709
11
0.5883858661417323
21
1.5486220472440944
0
LINE
8
BLACK
6
CONTINUOUS
10
0.5883858661417323
20
1.5486220472440944
11
0.9824803543307087
21
1.5486220472440944
0
LINE
8
BLACK
6
CONTINUOUS
10
0.9824803543307087
20
1.5486220472440944
11
0.9824803543307087
21
1.7427165354330709
0
LINE
8
BLACK
6
CONTINUOUS
10
0.9824803543307087
20
1.7427165354330709
11
0.5883858661417323
21
1.7427165354330709
0
CIRCLE
8
BLACK
10
0.6486220472440944
20
0.8700787401574803
40
0.0068897637795276
0
CIRCLE
8
BLACK
10
0.6486220472440944
20
0.7700787401574803
40
0.0068897637795276
0
CIRCLE
8
BLACK
10
0.6486220472440944
20
0.6700787401574803
40
0.0068897637795276
0
CIRCLE
8
BLACK
10
0.6486220472440944
20
0.5700787401574803
40
0.0068897637795276
0
CIRCLE
8
BLACK
10
0.6486220472440944
20
0.4700787401574803
40
0.0068897637795276
0
CIRCLE
8
BLACK
10
0.9486220472440945
20
0.4700787401574803
40
0.0068897637795276
0
CIRCLE
8
BLACK
10
0.9486220472440945
20
0.5700787401574803
40
0.0068897637795276
0
CIRCLE
8
BLACK
10
0.9486220472440945
20
0.6700787401574803
40
0.0068897637795276
0
CIRCLE
8
BLACK
10
0.9486220472440945
20
0.7700787401574803
40
0.0068897637795276
0
CIRCLE
8
BLACK
10
0.9486220472440945
20
0.8700787401574803
40
0.0068897637795276
0
CIRCLE
8
BLACK
10
1.2000000393700787
20
1.5999999999999999
40
0.0068897637795276
0
CIRCLE
8
BLACK
10
1.2000000393700787
20
0.4
40
0.0068897637795276
0
CIRCLE
8
BLACK
10
0.455511811023622
20
0.6165354330708661
40
0.0068897637795276
0
CIRCLE
8
BLACK
10
0.3555118110236221
20
0.6165354330708661
40
0.0068897637795276
0
CIRCLE
8
BLACK
10
0.455511811023622
20
0.7165354330708661
40
0.0068897637795276
0
CIRCLE
8
BLACK
10
0.3555118110236221
20
0.7165354330708661
40
0.0068897637795276
0
CIRCLE
8
BLACK
10
0.455511811023622
20
0.8165354330708661
40
0.0068897637795276
0
CIRCLE
8
BLACK
10
0.3555118110236221
20
0.8165354330708661
40
0.0068897637795276
0
CIRCLE
8
BLACK
10
0.455511811023622
20
0.9165354330708662
40
0.0068897637795276
0
CIRCLE
8
BLACK
10
0.3555118110236221
20
0.9165354330708662
40
0.0068897637795276
0
CIRCLE
8
BLACK
10
0.455511811023622
20
1.016535433070866
40
0.0068897637795276
0
CIRCLE
8
BLACK
10
0.3555118110236221
20
1.016535433070866
40
0.0068897637795276
0
CIRCLE
8
BLACK
10
0.455511811023622
20
1.1165354330708661
40
0.0068897637795276
0
CIRCLE
8
BLACK
10
0.3555118110236221
20
1.1165354330708661
40
0.0068897637795276
0
CIRCLE
8
BLACK
10
0.4000000393700787
20
1.5999999999999999
40
0.0068897637795276
0
CIRCLE
8
BLACK
10
0.6354331102362205
20
1.5956692913385826
40
0.0068897637795276
0
CIRCLE
8
BLACK
10
0.6354331102362205
20
1.6956692913385827
40
0.0068897637795276
0
CIRCLE
8
BLACK
10
0.7354331102362205
20
1.5956692913385826
40
0.0068897637795276
0
CIRCLE
8
BLACK
10
0.7354331102362205
20
1.6956692913385827
40
0.0068897637795276
0
CIRCLE
8
BLACK
10
0.8354331102362205
20
1.5956692913385826
40
0.0068897637795276
0
CIRCLE
8
BLACK
10
0.8354331102362205
20
1.6956692913385827
40
0.0068897637795276
0
CIRCLE
8
BLACK
10
0.9354331102362204
20
1.5956692913385826
40
0.0068897637795276
0
CIRCLE
8
BLACK
10
0.9354331102362204
20
1.6956692913385827
40
0.0068897637795276
0
CIRCLE
8
BLACK
10
1.148031496062992
20
1.348031496062992
40
0.0068897637795276
0
CIRCLE
8
BLACK
10
1.2480314960629921
20
1.348031496062992
40
0.0068897637795276
0
CIRCLE
8
BLACK
10
1.148031496062992
20
1.2480314960629921
40
0.0068897637795276
0
CIRCLE
8
BLACK
10
1.2480314960629921
20
1.2480314960629921
40
0.0068897637795276
0
CIRCLE
8
BLACK
10
1.1547244094488189
20
1.1165354330708661
40
0.0068897637795276
0
CIRCLE
8
BLACK
10
1.2547244094488188
20
1.1165354330708661
40
0.0068897637795276
0
CIRCLE
8
BLACK
10
1.1547244094488189
20
1.016535433070866
40
0.0068897637795276
0
CIRCLE
8
BLACK
10
1.2547244094488188
20
1.016535433070866
40
0.0068897637795276
0
CIRCLE
8
BLACK
10
1.1547244094488189
20
0.9165354330708662
40
0.0068897637795276
0
CIRCLE
8
BLACK
10
1.2547244094488188
20
0.9165354330708662
40
0.0068897637795276
0
CIRCLE
8
BLACK
10
1.1547244094488189
20
0.8165354330708661
40
0.0068897637795276
0
CIRCLE
8
BLACK
10
1.2547244094488188
20
0.8165354330708661
40
0.0068897637795276
0
CIRCLE
8
BLACK
10
1.1547244094488189
20
0.7165354330708661
40
0.0068897637795276
0
CIRCLE
8
BLACK
10
1.2547244094488188
20
0.7165354330708661
40
0.0068897637795276
0
CIRCLE
8
BLACK
10
1.1547244094488189
20
0.6165354330708661
40
0.0068897637795276
0
CIRCLE
8
BLACK
10
1.2547244094488188
20
0.6165354330708661
40
0.0068897637795276
0
CIRCLE
8
BLACK
10
0.4543307086614173
20
1.2519685039370079
40
0.0068897637795276
0
CIRCLE
8
BLACK
10
0.3543307086614173
20
1.2519685039370079
40
0.0068897637795276
0
CIRCLE
8
BLACK
10
0.4543307086614173
20
1.3519685039370077
40
0.0068897637795276
0
CIRCLE
8
BLACK
10
0.3543307086614173
20
1.3519685039370077
40
0.0068897637795276
0
CIRCLE
8
BLACK
10
0.4000000393700787
20
0.4
40
0.0068897637795276
  0
ENDSEC
  0
EOF
