  0
SECTION
  2
HEADER
  9
$ANGBASE
  50
0.0
  9
$ANGDIR
  70
1
  9
$MEASUREMENT
  70
0
  0
ENDSEC
  0
SECTION
  2
TABLES
  0
TABLE
  2
LTYPE
  70
4
  0
LTYPE
  5
40F
  2
CONTINUOUS
  70
0
  3
Solid line
  72
65
  73
0
  40
0.0
  0
LTYPE
  5
410
  2
DASHDOT
 70
0
  3
Dash Dot ____ _ ____ _
 72
65
 73
4
 40
2.0
 49
1.25
 49
-0.25
 49
0.25
 49
-0.25
  0
LTYPE
  5
411
  2
DASHED
 70
0
  3
Dashed __ __ __ __ __
 72
65
 73
2
 40
0.75
 49
0.5
 49
-0.25
  0
LTYPE
  5
43B
  2
DOTTED
 70
0
  3
Dotted .  .  .  .
 72
65
 73
2
 40
0.2
 49
0.0
 49
-0.2
  0
ENDTAB
  0
TABLE
  2
STYLE
  70
4
  0
STYLE
  2
KICAD
  70
0
  40
0
  41
1
  42
1
  50
0
  71
0
  3
isocp.shx
  0
STYLE
  2
KICADB
  70
0
  40
0
  41
1
  42
1
  50
0
  71
0
  3
isocp.shx
  0
STYLE
  2
KICADI
  70
0
  40
0
  41
1
  42
1
  50
15
  71
0
  3
isocp.shx
  0
STYLE
  2
KICADBI
  70
0
  40
0
  41
1
  42
1
  50
15
  71
0
  3
isocp.shx
  0
ENDTAB
  0
TABLE
  2
LAYER
  70
1
  0
LAYER
  2
BLACK
  70
0
  62
7
  6
CONTINUOUS
  0
ENDTAB
  0
ENDSEC
  0
SECTION
  2
ENTITIES
0
LINE
8
BLACK
6
CONTINUOUS
10
0.9699136220472441
20
0.9610003937007874
11
0.970083031496063
21
0.9610112992125984
0
LINE
8
BLACK
6
CONTINUOUS
10
0.970083031496063
20
0.9610112992125984
11
0.970773622047244
21
0.9605038582677166
0
LINE
8
BLACK
6
CONTINUOUS
10
0.970773622047244
20
0.9605038582677166
11
0.9715157480314961
21
0.9600753543307087
0
LINE
8
BLACK
6
CONTINUOUS
10
0.9715157480314961
20
0.9600753543307087
11
0.9715737795275591
21
0.9599158661417323
0
LINE
8
BLACK
6
CONTINUOUS
10
0.9715737795275591
20
0.9599158661417323
11
0.9717106692913385
21
0.9598152755905511
0
LINE
8
BLACK
6
CONTINUOUS
10
0.9717106692913385
20
0.9598152755905511
11
0.9745481496062992
21
0.9555590551181102
0
LINE
8
BLACK
6
CONTINUOUS
10
0.9745481496062992
20
0.9555590551181102
11
0.9770021653543307
21
0.9531050787401575
0
LINE
8
BLACK
6
CONTINUOUS
10
0.9770021653543307
20
0.9531050787401575
11
0.9795732283464567
21
0.9518195275590551
0
LINE
8
BLACK
6
CONTINUOUS
10
0.9795732283464567
20
0.9518195275590551
11
0.9803968897637795
21
0.9512086220472441
0
LINE
8
BLACK
6
CONTINUOUS
10
0.9803968897637795
20
0.9512086220472441
11
0.981200157480315
21
0.9493554330708661
0
LINE
8
BLACK
6
CONTINUOUS
10
0.981200157480315
20
0.9493554330708661
11
0.9806243307086614
21
0.9474194488188976
0
LINE
8
BLACK
6
CONTINUOUS
10
0.9806243307086614
20
0.9474194488188976
11
0.978938779527559
21
0.9463065748031496
0
LINE
8
BLACK
6
CONTINUOUS
10
0.978938779527559
20
0.9463065748031496
11
0.9769322047244094
21
0.9465374803149607
0
LINE
8
BLACK
6
CONTINUOUS
10
0.9769322047244094
20
0.9465374803149607
11
0.9739325590551181
21
0.9480372834645669
0
LINE
8
BLACK
6
CONTINUOUS
10
0.9739325590551181
20
0.9480372834645669
11
0.9732235039370078
21
0.9485631889763779
0
LINE
8
BLACK
6
CONTINUOUS
10
0.9732235039370078
20
0.9485631889763779
11
0.973165157480315
21
0.9485903937007873
0
LINE
8
BLACK
6
CONTINUOUS
10
0.973165157480315
20
0.9485903937007873
11
0.9722065748031495
21
0.9495490157480315
0
LINE
8
BLACK
6
CONTINUOUS
10
0.9722065748031495
20
0.9495490157480315
11
0.9722065748031495
21
0.9296340551181103
0
LINE
8
BLACK
6
CONTINUOUS
10
0.9722065748031495
20
0.9296340551181103
11
0.978252716535433
21
0.9296340551181103
0
LINE
8
BLACK
6
CONTINUOUS
10
0.978252716535433
20
0.9296340551181103
11
0.9792626377952756
21
0.9294559842519685
0
LINE
8
BLACK
6
CONTINUOUS
10
0.9792626377952756
20
0.9294559842519685
11
0.9808098818897638
21
0.9281576771653544
0
LINE
8
BLACK
6
CONTINUOUS
10
0.9808098818897638
20
0.9281576771653544
11
0.9811606299212599
21
0.9261685433070866
0
LINE
8
BLACK
6
CONTINUOUS
10
0.9811606299212599
20
0.9261685433070866
11
0.9801507086614173
21
0.9244193700787401
0
LINE
8
BLACK
6
CONTINUOUS
10
0.9801507086614173
20
0.9244193700787401
11
0.978252716535433
21
0.9237285433070866
0
LINE
8
BLACK
6
CONTINUOUS
10
0.978252716535433
20
0.9237285433070866
11
0.9602549606299212
21
0.9237285433070866
0
LINE
8
BLACK
6
CONTINUOUS
10
0.9602549606299212
20
0.9237285433070866
11
0.9592450393700788
21
0.9239066141732283
0
LINE
8
BLACK
6
CONTINUOUS
10
0.9592450393700788
20
0.9239066141732283
11
0.9576977952755905
21
0.9252049212598425
0
LINE
8
BLACK
6
CONTINUOUS
10
0.9576977952755905
20
0.9252049212598425
11
0.9573470472440945
21
0.9271940551181103
0
LINE
8
BLACK
6
CONTINUOUS
10
0.9573470472440945
20
0.9271940551181103
11
0.958356968503937
21
0.9289432283464567
0
LINE
8
BLACK
6
CONTINUOUS
10
0.958356968503937
20
0.9289432283464567
11
0.9602549606299212
21
0.9296340551181103
0
LINE
8
BLACK
6
CONTINUOUS
10
0.9602549606299212
20
0.9296340551181103
11
0.9663010629921259
21
0.9296340551181103
0
LINE
8
BLACK
6
CONTINUOUS
10
0.9663010629921259
20
0.9296340551181103
11
0.9663010629921259
21
0.9581773622047244
0
LINE
8
BLACK
6
CONTINUOUS
10
0.9663010629921259
20
0.9581773622047244
11
0.9664791338582677
21
0.9591872834645669
0
LINE
8
BLACK
6
CONTINUOUS
10
0.9664791338582677
20
0.9591872834645669
11
0.9665882677165354
21
0.9593173622047244
0
LINE
8
BLACK
6
CONTINUOUS
10
0.9665882677165354
20
0.9593173622047244
11
0.9666069291338583
21
0.9594861023622047
0
LINE
8
BLACK
6
CONTINUOUS
10
0.9666069291338583
20
0.9594861023622047
11
0.9672266141732283
21
0.9600781496062992
0
LINE
8
BLACK
6
CONTINUOUS
10
0.9672266141732283
20
0.9600781496062992
11
0.9677774409448818
21
0.9607345275590551
0
LINE
8
BLACK
6
CONTINUOUS
10
0.9677774409448818
20
0.9607345275590551
11
0.9679446062992125
21
0.9607640157480315
0
LINE
8
BLACK
6
CONTINUOUS
10
0.9679446062992125
20
0.9607640157480315
11
0.9680674015748031
21
0.9608812992125983
0
LINE
8
BLACK
6
CONTINUOUS
10
0.9680674015748031
20
0.9608812992125983
11
0.9689225984251968
21
0.9609364566929134
0
LINE
8
BLACK
6
CONTINUOUS
10
0.9689225984251968
20
0.9609364566929134
11
0.9697665748031495
21
0.9610852755905511
0
LINE
8
BLACK
6
CONTINUOUS
10
0.9697665748031495
20
0.9610852755905511
11
0.9699136220472441
21
0.9610003937007874
0
LINE
8
BLACK
6
CONTINUOUS
10
1.0032596456692913
20
0.9609520472440944
11
1.0033948818897638
21
0.9608385826771654
0
LINE
8
BLACK
6
CONTINUOUS
10
1.0033948818897638
20
0.9608385826771654
11
1.0035702362204724
21
0.9608183858267716
0
LINE
8
BLACK
6
CONTINUOUS
10
1.0035702362204724
20
0.9608183858267716
11
1.006569842519685
21
0.9593185826771653
0
LINE
8
BLACK
6
CONTINUOUS
10
1.006569842519685
20
0.9593185826771653
11
1.0072788976377953
21
0.9587926771653543
0
LINE
8
BLACK
6
CONTINUOUS
10
1.0072788976377953
20
0.9587926771653543
11
1.0073372440944881
21
0.9587654724409449
0
LINE
8
BLACK
6
CONTINUOUS
10
1.0073372440944881
20
0.9587654724409449
11
1.0088370472440944
21
0.9572656692913386
0
LINE
8
BLACK
6
CONTINUOUS
10
1.0088370472440944
20
0.9572656692913386
11
1.0093433070866142
21
0.9565425984251968
0
LINE
8
BLACK
6
CONTINUOUS
10
1.0093433070866142
20
0.9565425984251968
11
1.009390157480315
21
0.9564982677165355
0
LINE
8
BLACK
6
CONTINUOUS
10
1.009390157480315
20
0.9564982677165355
11
1.0108900000000001
21
0.9534986614173229
0
LINE
8
BLACK
6
CONTINUOUS
10
1.0108900000000001
20
0.9534986614173229
11
1.0111823622047245
21
0.9525157086614173
0
LINE
8
BLACK
6
CONTINUOUS
10
1.0111823622047245
20
0.9525157086614173
11
1.0111413385826771
21
0.9523440157480315
0
LINE
8
BLACK
6
CONTINUOUS
10
1.0111413385826771
20
0.9523440157480315
11
1.0112017322834645
21
0.9521781102362205
0
LINE
8
BLACK
6
CONTINUOUS
10
1.0112017322834645
20
0.9521781102362205
11
1.0112017322834645
21
0.9491785039370079
0
LINE
8
BLACK
6
CONTINUOUS
10
1.0112017322834645
20
0.9491785039370079
11
1.0110236614173229
21
0.9481685826771653
0
LINE
8
BLACK
6
CONTINUOUS
10
1.0110236614173229
20
0.9481685826771653
11
1.010910157480315
21
0.9480333464566929
0
LINE
8
BLACK
6
CONTINUOUS
10
1.010910157480315
20
0.9480333464566929
11
1.0108900000000001
21
0.9478579527559055
0
LINE
8
BLACK
6
CONTINUOUS
10
1.0108900000000001
20
0.9478579527559055
11
1.009390157480315
21
0.9448583464566929
0
LINE
8
BLACK
6
CONTINUOUS
10
1.009390157480315
20
0.9448583464566929
11
1.0088642913385826
21
0.9441494488188976
0
LINE
8
BLACK
6
CONTINUOUS
10
1.0088642913385826
20
0.9441494488188976
11
1.0088370472440944
21
0.9440909448818897
0
LINE
8
BLACK
6
CONTINUOUS
10
1.0088370472440944
20
0.9440909448818897
11
1.0073372440944881
21
0.9425911417322834
0
LINE
8
BLACK
6
CONTINUOUS
10
1.0073372440944881
20
0.9425911417322834
11
1.0066141338582677
21
0.9420848818897638
0
LINE
8
BLACK
6
CONTINUOUS
10
1.0066141338582677
20
0.9420848818897638
11
1.006569842519685
21
0.942038031496063
0
LINE
8
BLACK
6
CONTINUOUS
10
1.006569842519685
20
0.942038031496063
11
1.0035702362204724
21
0.9405382283464566
0
LINE
8
BLACK
6
CONTINUOUS
10
1.0035702362204724
20
0.9405382283464566
11
1.0030817716535432
21
0.9403929527559055
0
LINE
8
BLACK
6
CONTINUOUS
10
1.0030817716535432
20
0.9403929527559055
11
1.0029658661417322
21
0.9403146456692913
0
LINE
8
BLACK
6
CONTINUOUS
10
1.0029658661417322
20
0.9403146456692913
11
0.9972810236220472
21
0.9388934645669291
0
LINE
8
BLACK
6
CONTINUOUS
10
0.9972810236220472
20
0.9388934645669291
11
0.9949999212598425
21
0.9377529133858268
0
LINE
8
BLACK
6
CONTINUOUS
10
0.9949999212598425
20
0.9377529133858268
11
0.9941777559055118
21
0.9369307086614173
0
LINE
8
BLACK
6
CONTINUOUS
10
0.9941777559055118
20
0.9369307086614173
11
0.9932039763779528
21
0.9349831496062992
0
LINE
8
BLACK
6
CONTINUOUS
10
0.9932039763779528
20
0.9349831496062992
11
0.9932039763779528
21
0.9333775984251969
0
LINE
8
BLACK
6
CONTINUOUS
10
0.9932039763779528
20
0.9333775984251969
11
0.9941777559055118
21
0.9314300393700787
0
LINE
8
BLACK
6
CONTINUOUS
10
0.9941777559055118
20
0.9314300393700787
11
0.9949999212598425
21
0.9306078346456693
0
LINE
8
BLACK
6
CONTINUOUS
10
0.9949999212598425
20
0.9306078346456693
11
0.9969475196850394
21
0.9296340551181103
0
LINE
8
BLACK
6
CONTINUOUS
10
0.9969475196850394
20
0.9296340551181103
11
1.0032703937007874
21
0.9296340551181103
0
LINE
8
BLACK
6
CONTINUOUS
10
1.0032703937007874
20
0.9296340551181103
11
1.0073152362204725
21
0.9309823228346457
0
LINE
8
BLACK
6
CONTINUOUS
10
1.0073152362204725
20
0.9309823228346457
11
1.0083296456692914
21
0.9311327559055118
0
LINE
8
BLACK
6
CONTINUOUS
10
1.0083296456692914
20
0.9311327559055118
11
1.0102080708661416
21
0.9303903543307086
0
LINE
8
BLACK
6
CONTINUOUS
10
1.0102080708661416
20
0.9303903543307086
11
1.0111698031496064
21
0.9286142125984251
0
LINE
8
BLACK
6
CONTINUOUS
10
1.0111698031496064
20
0.9286142125984251
11
1.0107648425196851
21
0.9266354330708662
0
LINE
8
BLACK
6
CONTINUOUS
10
1.0107648425196851
20
0.9266354330708662
11
1.009182716535433
21
0.9253798818897637
0
LINE
8
BLACK
6
CONTINUOUS
10
1.009182716535433
20
0.9253798818897637
11
1.0046832677165354
21
0.9238800787401574
0
LINE
8
BLACK
6
CONTINUOUS
10
1.0046832677165354
20
0.9238800787401574
11
1.0038100787401574
21
0.9237506299212598
0
LINE
8
BLACK
6
CONTINUOUS
10
1.0038100787401574
20
0.9237506299212598
11
1.0037495275590551
21
0.9237285433070866
0
LINE
8
BLACK
6
CONTINUOUS
10
1.0037495275590551
20
0.9237285433070866
11
0.9962504724409449
21
0.9237285433070866
0
LINE
8
BLACK
6
CONTINUOUS
10
0.9962504724409449
20
0.9237285433070866
11
0.9952405511811023
21
0.9239066141732283
0
LINE
8
BLACK
6
CONTINUOUS
10
0.9952405511811023
20
0.9239066141732283
11
0.9951052755905512
21
0.9240201181102362
0
LINE
8
BLACK
6
CONTINUOUS
10
0.9951052755905512
20
0.9240201181102362
11
0.9949299606299212
21
0.9240402755905511
0
LINE
8
BLACK
6
CONTINUOUS
10
0.9949299606299212
20
0.9240402755905511
11
0.9919303149606299
21
0.9255400787401574
0
LINE
8
BLACK
6
CONTINUOUS
10
0.9919303149606299
20
0.9255400787401574
11
0.9912211811023622
21
0.926066062992126
0
LINE
8
BLACK
6
CONTINUOUS
10
0.9912211811023622
20
0.926066062992126
11
0.991162874015748
21
0.9260932283464567
0
LINE
8
BLACK
6
CONTINUOUS
10
0.991162874015748
20
0.9260932283464567
11
0.9896630708661417
21
0.9275930708661417
0
LINE
8
BLACK
6
CONTINUOUS
10
0.9896630708661417
20
0.9275930708661417
11
0.9891567716535433
21
0.9283161417322835
0
LINE
8
BLACK
6
CONTINUOUS
10
0.9891567716535433
20
0.9283161417322835
11
0.9891099999999999
21
0.9283604330708661
0
LINE
8
BLACK
6
CONTINUOUS
10
0.9891099999999999
20
0.9283604330708661
11
0.9876101968503936
21
0.9313600393700787
0
LINE
8
BLACK
6
CONTINUOUS
10
0.9876101968503936
20
0.9313600393700787
11
0.9873178346456692
21
0.9323429921259843
0
LINE
8
BLACK
6
CONTINUOUS
10
0.9873178346456692
20
0.9323429921259843
11
0.9873588188976378
21
0.9325146850393701
0
LINE
8
BLACK
6
CONTINUOUS
10
0.9873588188976378
20
0.9325146850393701
11
0.9872984645669292
21
0.9326805511811024
0
LINE
8
BLACK
6
CONTINUOUS
10
0.9872984645669292
20
0.9326805511811024
11
0.9872984645669292
21
0.9356801968503937
0
LINE
8
BLACK
6
CONTINUOUS
10
0.9872984645669292
20
0.9356801968503937
11
0.9874765354330708
21
0.9366901181102362
0
LINE
8
BLACK
6
CONTINUOUS
10
0.9874765354330708
20
0.9366901181102362
11
0.98759
21
0.9368253937007874
0
LINE
8
BLACK
6
CONTINUOUS
10
0.98759
20
0.9368253937007874
11
0.9876101968503936
21
0.9370007086614173
0
LINE
8
BLACK
6
CONTINUOUS
10
0.9876101968503936
20
0.9370007086614173
11
0.9891099999999999
21
0.9400003149606299
0
LINE
8
BLACK
6
CONTINUOUS
10
0.9891099999999999
20
0.9400003149606299
11
0.989635905511811
21
0.9407094094488189
0
LINE
8
BLACK
6
CONTINUOUS
10
0.989635905511811
20
0.9407094094488189
11
0.9896631102362204
21
0.940767716535433
0
LINE
8
BLACK
6
CONTINUOUS
10
0.9896631102362204
20
0.940767716535433
11
0.9911629133858267
21
0.9422675196850393
0
LINE
8
BLACK
6
CONTINUOUS
10
0.9911629133858267
20
0.9422675196850393
11
0.9918859842519685
21
0.9427738188976378
0
LINE
8
BLACK
6
CONTINUOUS
10
0.9918859842519685
20
0.9427738188976378
11
0.9919303149606299
21
0.9428206299212598
0
LINE
8
BLACK
6
CONTINUOUS
10
0.9919303149606299
20
0.9428206299212598
11
0.9949299212598425
21
0.9443204724409449
0
LINE
8
BLACK
6
CONTINUOUS
10
0.9949299212598425
20
0.9443204724409449
11
0.9954184251968504
21
0.9444657874015748
0
LINE
8
BLACK
6
CONTINUOUS
10
0.9954184251968504
20
0.9444657874015748
11
0.9955343307086614
21
0.9445440551181102
0
LINE
8
BLACK
6
CONTINUOUS
10
0.9955343307086614
20
0.9445440551181102
11
1.0012191732283464
21
0.9459652755905512
0
LINE
8
BLACK
6
CONTINUOUS
10
1.0012191732283464
20
0.9459652755905512
11
1.0035002362204724
21
0.9471057874015748
0
LINE
8
BLACK
6
CONTINUOUS
10
1.0035002362204724
20
0.9471057874015748
11
1.0043224015748031
21
0.9479279921259842
0
LINE
8
BLACK
6
CONTINUOUS
10
1.0043224015748031
20
0.9479279921259842
11
1.0052962204724409
21
0.9498755905511811
0
LINE
8
BLACK
6
CONTINUOUS
10
1.0052962204724409
20
0.9498755905511811
11
1.0052962204724409
21
0.951481062992126
0
LINE
8
BLACK
6
CONTINUOUS
10
1.0052962204724409
20
0.951481062992126
11
1.0043224015748031
21
0.9534286614173229
0
LINE
8
BLACK
6
CONTINUOUS
10
1.0043224015748031
20
0.9534286614173229
11
1.0035002362204724
21
0.9542508267716535
0
LINE
8
BLACK
6
CONTINUOUS
10
1.0035002362204724
20
0.9542508267716535
11
1.0015526771653542
21
0.9552246062992126
0
LINE
8
BLACK
6
CONTINUOUS
10
1.0015526771653542
20
0.9552246062992126
11
0.9952297637795275
21
0.9552246062992126
0
LINE
8
BLACK
6
CONTINUOUS
10
0.9952297637795275
20
0.9552246062992126
11
0.9911849606299212
21
0.9538763385826772
0
LINE
8
BLACK
6
CONTINUOUS
10
0.9911849606299212
20
0.9538763385826772
11
0.9901705511811023
21
0.953725905511811
0
LINE
8
BLACK
6
CONTINUOUS
10
0.9901705511811023
20
0.953725905511811
11
0.9882921653543307
21
0.9544683070866141
0
LINE
8
BLACK
6
CONTINUOUS
10
0.9882921653543307
20
0.9544683070866141
11
0.9873303937007873
21
0.9562444488188976
0
LINE
8
BLACK
6
CONTINUOUS
10
0.9873303937007873
20
0.9562444488188976
11
0.9877353543307087
21
0.9582232283464567
0
LINE
8
BLACK
6
CONTINUOUS
10
0.9877353543307087
20
0.9582232283464567
11
0.9893174803149606
21
0.959478779527559
0
LINE
8
BLACK
6
CONTINUOUS
10
0.9893174803149606
20
0.959478779527559
11
0.9938168897637795
21
0.9609785826771653
0
LINE
8
BLACK
6
CONTINUOUS
10
0.9938168897637795
20
0.9609785826771653
11
0.9946900393700787
21
0.9611080708661417
0
LINE
8
BLACK
6
CONTINUOUS
10
0.9946900393700787
20
0.9611080708661417
11
0.9947506299212598
21
0.9611301181102362
0
LINE
8
BLACK
6
CONTINUOUS
10
0.9947506299212598
20
0.9611301181102362
11
1.0022497244094488
21
0.9611301181102362
0
LINE
8
BLACK
6
CONTINUOUS
10
1.0022497244094488
20
0.9611301181102362
11
1.0032596456692913
21
0.9609520472440944
0
LINE
8
BLACK
6
CONTINUOUS
10
1.0332559055118109
20
0.9609520472440944
11
1.0333911417322834
21
0.9608385826771654
0
LINE
8
BLACK
6
CONTINUOUS
10
1.0333911417322834
20
0.9608385826771654
11
1.033566496062992
21
0.9608183858267716
0
LINE
8
BLACK
6
CONTINUOUS
10
1.033566496062992
20
0.9608183858267716
11
1.0365661023622048
21
0.9593185826771653
0
LINE
8
BLACK
6
CONTINUOUS
10
1.0365661023622048
20
0.9593185826771653
11
1.037275157480315
21
0.9587926771653543
0
LINE
8
BLACK
6
CONTINUOUS
10
1.037275157480315
20
0.9587926771653543
11
1.037333503937008
21
0.9587654724409449
0
LINE
8
BLACK
6
CONTINUOUS
10
1.037333503937008
20
0.9587654724409449
11
1.0388333070866143
21
0.9572656692913386
0
LINE
8
BLACK
6
CONTINUOUS
10
1.0388333070866143
20
0.9572656692913386
11
1.0393395669291339
21
0.9565425984251968
0
LINE
8
BLACK
6
CONTINUOUS
10
1.0393395669291339
20
0.9565425984251968
11
1.0393864173228347
21
0.9564982677165355
0
LINE
8
BLACK
6
CONTINUOUS
10
1.0393864173228347
20
0.9564982677165355
11
1.0408862598425197
21
0.9534986614173229
0
LINE
8
BLACK
6
CONTINUOUS
10
1.0408862598425197
20
0.9534986614173229
11
1.0411786220472441
21
0.9525157086614173
0
LINE
8
BLACK
6
CONTINUOUS
10
1.0411786220472441
20
0.9525157086614173
11
1.0411375984251969
21
0.9523440157480315
0
LINE
8
BLACK
6
CONTINUOUS
10
1.0411375984251969
20
0.9523440157480315
11
1.0411979921259842
21
0.9521781102362205
0
LINE
8
BLACK
6
CONTINUOUS
10
1.0411979921259842
20
0.9521781102362205
11
1.0411979921259842
21
0.9491785039370079
0
LINE
8
BLACK
6
CONTINUOUS
10
1.0411979921259842
20
0.9491785039370079
11
1.0410199212598426
21
0.9481685826771653
0
LINE
8
BLACK
6
CONTINUOUS
10
1.0410199212598426
20
0.9481685826771653
11
1.0409064173228346
21
0.9480333464566929
0
LINE
8
BLACK
6
CONTINUOUS
10
1.0409064173228346
20
0.9480333464566929
11
1.0408862598425197
21
0.9478579527559055
0
LINE
8
BLACK
6
CONTINUOUS
10
1.0408862598425197
20
0.9478579527559055
11
1.0393864173228347
21
0.9448583464566929
0
LINE
8
BLACK
6
CONTINUOUS
10
1.0393864173228347
20
0.9448583464566929
11
1.0388605511811024
21
0.9441494488188976
0
LINE
8
BLACK
6
CONTINUOUS
10
1.0388605511811024
20
0.9441494488188976
11
1.0388333070866143
21
0.9440909448818897
0
LINE
8
BLACK
6
CONTINUOUS
10
1.0388333070866143
20
0.9440909448818897
11
1.037333503937008
21
0.9425911417322834
0
LINE
8
BLACK
6
CONTINUOUS
10
1.037333503937008
20
0.9425911417322834
11
1.0366103937007873
21
0.9420848818897638
0
LINE
8
BLACK
6
CONTINUOUS
10
1.0366103937007873
20
0.9420848818897638
11
1.0365661023622048
21
0.942038031496063
0
LINE
8
BLACK
6
CONTINUOUS
10
1.0365661023622048
20
0.942038031496063
11
1.033566496062992
21
0.9405382283464566
0
LINE
8
BLACK
6
CONTINUOUS
10
1.033566496062992
20
0.9405382283464566
11
1.033078031496063
21
0.9403929527559055
0
LINE
8
BLACK
6
CONTINUOUS
10
1.033078031496063
20
0.9403929527559055
11
1.0329621259842519
21
0.9403146456692913
0
LINE
8
BLACK
6
CONTINUOUS
10
1.0329621259842519
20
0.9403146456692913
11
1.0272772834645669
21
0.9388934645669291
0
LINE
8
BLACK
6
CONTINUOUS
10
1.0272772834645669
20
0.9388934645669291
11
1.0249961811023622
21
0.9377529133858268
0
LINE
8
BLACK
6
CONTINUOUS
10
1.0249961811023622
20
0.9377529133858268
11
1.0241740157480315
21
0.9369307086614173
0
LINE
8
BLACK
6
CONTINUOUS
10
1.0241740157480315
20
0.9369307086614173
11
1.0232002362204724
21
0.9349831496062992
0
LINE
8
BLACK
6
CONTINUOUS
10
1.0232002362204724
20
0.9349831496062992
11
1.0232002362204724
21
0.9333775984251969
0
LINE
8
BLACK
6
CONTINUOUS
10
1.0232002362204724
20
0.9333775984251969
11
1.0241740157480315
21
0.9314300393700787
0
LINE
8
BLACK
6
CONTINUOUS
10
1.0241740157480315
20
0.9314300393700787
11
1.0249961811023622
21
0.9306078346456693
0
LINE
8
BLACK
6
CONTINUOUS
10
1.0249961811023622
20
0.9306078346456693
11
1.0269437795275591
21
0.9296340551181103
0
LINE
8
BLACK
6
CONTINUOUS
10
1.0269437795275591
20
0.9296340551181103
11
1.033266653543307
21
0.9296340551181103
0
LINE
8
BLACK
6
CONTINUOUS
10
1.033266653543307
20
0.9296340551181103
11
1.0373114960629921
21
0.9309823228346457
0
LINE
8
BLACK
6
CONTINUOUS
10
1.0373114960629921
20
0.9309823228346457
11
1.038325905511811
21
0.9311327559055118
0
LINE
8
BLACK
6
CONTINUOUS
10
1.038325905511811
20
0.9311327559055118
11
1.0402043307086615
21
0.9303903543307086
0
LINE
8
BLACK
6
CONTINUOUS
10
1.0402043307086615
20
0.9303903543307086
11
1.041166062992126
21
0.9286142125984251
0
LINE
8
BLACK
6
CONTINUOUS
10
1.041166062992126
20
0.9286142125984251
11
1.0407611023622048
21
0.9266354330708662
0
LINE
8
BLACK
6
CONTINUOUS
10
1.0407611023622048
20
0.9266354330708662
11
1.0391789763779526
21
0.9253798818897637
0
LINE
8
BLACK
6
CONTINUOUS
10
1.0391789763779526
20
0.9253798818897637
11
1.034679527559055
21
0.9238800787401574
0
LINE
8
BLACK
6
CONTINUOUS
10
1.034679527559055
20
0.9238800787401574
11
1.0338063385826772
21
0.9237506299212598
0
LINE
8
BLACK
6
CONTINUOUS
10
1.0338063385826772
20
0.9237506299212598
11
1.0337457874015747
21
0.9237285433070866
0
LINE
8
BLACK
6
CONTINUOUS
10
1.0337457874015747
20
0.9237285433070866
11
1.0262467322834645
21
0.9237285433070866
0
LINE
8
BLACK
6
CONTINUOUS
10
1.0262467322834645
20
0.9237285433070866
11
1.0252368110236221
21
0.9239066141732283
0
LINE
8
BLACK
6
CONTINUOUS
10
1.0252368110236221
20
0.9239066141732283
11
1.0251015354330708
21
0.9240201181102362
0
LINE
8
BLACK
6
CONTINUOUS
10
1.0251015354330708
20
0.9240201181102362
11
1.024926220472441
21
0.9240402755905511
0
LINE
8
BLACK
6
CONTINUOUS
10
1.024926220472441
20
0.9240402755905511
11
1.0219265748031496
21
0.9255400787401574
0
LINE
8
BLACK
6
CONTINUOUS
10
1.0219265748031496
20
0.9255400787401574
11
1.0212174409448818
21
0.926066062992126
0
LINE
8
BLACK
6
CONTINUOUS
10
1.0212174409448818
20
0.926066062992126
11
1.0211591338582677
21
0.9260932283464567
0
LINE
8
BLACK
6
CONTINUOUS
10
1.0211591338582677
20
0.9260932283464567
11
1.0196593307086614
21
0.9275930708661417
0
LINE
8
BLACK
6
CONTINUOUS
10
1.0196593307086614
20
0.9275930708661417
11
1.0191530314960631
21
0.9283161417322835
0
LINE
8
BLACK
6
CONTINUOUS
10
1.0191530314960631
20
0.9283161417322835
11
1.0191062598425196
21
0.9283604330708661
0
LINE
8
BLACK
6
CONTINUOUS
10
1.0191062598425196
20
0.9283604330708661
11
1.0176064566929133
21
0.9313600393700787
0
LINE
8
BLACK
6
CONTINUOUS
10
1.0176064566929133
20
0.9313600393700787
11
1.0173140944881889
21
0.9323429921259843
0
LINE
8
BLACK
6
CONTINUOUS
10
1.0173140944881889
20
0.9323429921259843
11
1.0173550787401575
21
0.9325146850393701
0
LINE
8
BLACK
6
CONTINUOUS
10
1.0173550787401575
20
0.9325146850393701
11
1.0172947244094488
21
0.9326805511811024
0
LINE
8
BLACK
6
CONTINUOUS
10
1.0172947244094488
20
0.9326805511811024
11
1.0172947244094488
21
0.9356801968503937
0
LINE
8
BLACK
6
CONTINUOUS
10
1.0172947244094488
20
0.9356801968503937
11
1.0174727952755904
21
0.9366901181102362
0
LINE
8
BLACK
6
CONTINUOUS
10
1.0174727952755904
20
0.9366901181102362
11
1.0175862598425196
21
0.9368253937007874
0
LINE
8
BLACK
6
CONTINUOUS
10
1.0175862598425196
20
0.9368253937007874
11
1.0176064566929133
21
0.9370007086614173
0
LINE
8
BLACK
6
CONTINUOUS
10
1.0176064566929133
20
0.9370007086614173
11
1.0191062598425196
21
0.9400003149606299
0
LINE
8
BLACK
6
CONTINUOUS
10
1.0191062598425196
20
0.9400003149606299
11
1.0196321653543308
21
0.9407094094488189
0
LINE
8
BLACK
6
CONTINUOUS
10
1.0196321653543308
20
0.9407094094488189
11
1.0196593700787402
21
0.940767716535433
0
LINE
8
BLACK
6
CONTINUOUS
10
1.0196593700787402
20
0.940767716535433
11
1.0211591732283465
21
0.9422675196850393
0
LINE
8
BLACK
6
CONTINUOUS
10
1.0211591732283465
20
0.9422675196850393
11
1.0218822440944881
21
0.9427738188976378
0
LINE
8
BLACK
6
CONTINUOUS
10
1.0218822440944881
20
0.9427738188976378
11
1.0219265748031496
21
0.9428206299212598
0
LINE
8
BLACK
6
CONTINUOUS
10
1.0219265748031496
20
0.9428206299212598
11
1.0249261811023622
21
0.9443204724409449
0
LINE
8
BLACK
6
CONTINUOUS
10
1.0249261811023622
20
0.9443204724409449
11
1.0254146850393702
21
0.9444657874015748
0
LINE
8
BLACK
6
CONTINUOUS
10
1.0254146850393702
20
0.9444657874015748
11
1.0255305905511811
21
0.9445440551181102
0
LINE
8
BLACK
6
CONTINUOUS
10
1.0255305905511811
20
0.9445440551181102
11
1.031215433070866
21
0.9459652755905512
0
LINE
8
BLACK
6
CONTINUOUS
10
1.031215433070866
20
0.9459652755905512
11
1.0334964960629922
21
0.9471057874015748
0
LINE
8
BLACK
6
CONTINUOUS
10
1.0334964960629922
20
0.9471057874015748
11
1.0343186614173228
21
0.9479279921259842
0
LINE
8
BLACK
6
CONTINUOUS
10
1.0343186614173228
20
0.9479279921259842
11
1.0352924803149606
21
0.9498755905511811
0
LINE
8
BLACK
6
CONTINUOUS
10
1.0352924803149606
20
0.9498755905511811
11
1.0352924803149606
21
0.951481062992126
0
LINE
8
BLACK
6
CONTINUOUS
10
1.0352924803149606
20
0.951481062992126
11
1.0343186614173228
21
0.9534286614173229
0
LINE
8
BLACK
6
CONTINUOUS
10
1.0343186614173228
20
0.9534286614173229
11
1.0334964960629922
21
0.9542508267716535
0
LINE
8
BLACK
6
CONTINUOUS
10
1.0334964960629922
20
0.9542508267716535
11
1.0315489370078741
21
0.9552246062992126
0
LINE
8
BLACK
6
CONTINUOUS
10
1.0315489370078741
20
0.9552246062992126
11
1.0252260236220472
21
0.9552246062992126
0
LINE
8
BLACK
6
CONTINUOUS
10
1.0252260236220472
20
0.9552246062992126
11
1.0211812204724409
21
0.9538763385826772
0
LINE
8
BLACK
6
CONTINUOUS
10
1.0211812204724409
20
0.9538763385826772
11
1.0201668110236219
21
0.953725905511811
0
LINE
8
BLACK
6
CONTINUOUS
10
1.0201668110236219
20
0.953725905511811
11
1.0182884251968505
21
0.9544683070866141
0
LINE
8
BLACK
6
CONTINUOUS
10
1.0182884251968505
20
0.9544683070866141
11
1.017326653543307
21
0.9562444488188976
0
LINE
8
BLACK
6
CONTINUOUS
10
1.017326653543307
20
0.9562444488188976
11
1.0177316141732282
21
0.9582232283464567
0
LINE
8
BLACK
6
CONTINUOUS
10
1.0177316141732282
20
0.9582232283464567
11
1.0193137401574803
21
0.959478779527559
0
LINE
8
BLACK
6
CONTINUOUS
10
1.0193137401574803
20
0.959478779527559
11
1.0238131496062992
21
0.9609785826771653
0
LINE
8
BLACK
6
CONTINUOUS
10
1.0238131496062992
20
0.9609785826771653
11
1.0246862992125985
21
0.9611080708661417
0
LINE
8
BLACK
6
CONTINUOUS
10
1.0246862992125985
20
0.9611080708661417
11
1.0247468897637795
21
0.9611301181102362
0
LINE
8
BLACK
6
CONTINUOUS
10
1.0247468897637795
20
0.9611301181102362
11
1.0322459842519685
21
0.9611301181102362
0
LINE
8
BLACK
6
CONTINUOUS
10
1.0322459842519685
20
0.9611301181102362
11
1.0332559055118109
21
0.9609520472440944
0
LINE
8
BLACK
6
CONTINUOUS
10
0.942303031496063
20
0.9621930314960629
11
0.9435585826771653
21
0.9606109055118111
0
LINE
8
BLACK
6
CONTINUOUS
10
0.9435585826771653
20
0.9606109055118111
11
0.9510576771653543
21
0.9381137401574803
0
LINE
8
BLACK
6
CONTINUOUS
10
0.9510576771653543
20
0.9381137401574803
11
0.9512081102362204
21
0.9370993700787401
0
LINE
8
BLACK
6
CONTINUOUS
10
0.9512081102362204
20
0.9370993700787401
11
0.9511251574803149
21
0.9368895275590551
0
LINE
8
BLACK
6
CONTINUOUS
10
0.9511251574803149
20
0.9368895275590551
11
0.9511643700787401
21
0.9366672440944882
0
LINE
8
BLACK
6
CONTINUOUS
10
0.9511643700787401
20
0.9366672440944882
11
0.9507616141732284
21
0.9359697637795276
0
LINE
8
BLACK
6
CONTINUOUS
10
0.9507616141732284
20
0.9359697637795276
11
0.9504657086614173
21
0.9352209448818898
0
LINE
8
BLACK
6
CONTINUOUS
10
0.9504657086614173
20
0.9352209448818898
11
0.9502672440944882
21
0.9351135039370079
0
LINE
8
BLACK
6
CONTINUOUS
10
0.9502672440944882
20
0.9351135039370079
11
0.9501544488188977
21
0.9349180708661418
0
LINE
8
BLACK
6
CONTINUOUS
10
0.9501544488188977
20
0.9349180708661418
11
0.949397716535433
21
0.9346426771653543
0
LINE
8
BLACK
6
CONTINUOUS
10
0.949397716535433
20
0.9346426771653543
11
0.9486895669291339
21
0.9342591732283464
0
LINE
8
BLACK
6
CONTINUOUS
10
0.9486895669291339
20
0.9342591732283464
11
0.9484684645669291
21
0.9343044488188976
0
LINE
8
BLACK
6
CONTINUOUS
10
0.9484684645669291
20
0.9343044488188976
11
0.9482564566929134
21
0.9342272440944882
0
LINE
8
BLACK
6
CONTINUOUS
10
0.9482564566929134
20
0.9342272440944882
11
0.936211062992126
21
0.9342272440944882
0
LINE
8
BLACK
6
CONTINUOUS
10
0.936211062992126
20
0.9342272440944882
11
0.936211062992126
21
0.9266812992125985
0
LINE
8
BLACK
6
CONTINUOUS
10
0.936211062992126
20
0.9266812992125985
11
0.9360329921259842
21
0.9256713779527559
0
LINE
8
BLACK
6
CONTINUOUS
10
0.9360329921259842
20
0.9256713779527559
11
0.9347346850393701
21
0.9241241338582677
0
LINE
8
BLACK
6
CONTINUOUS
10
0.9347346850393701
20
0.9241241338582677
11
0.9327455511811024
21
0.9237733858267716
0
LINE
8
BLACK
6
CONTINUOUS
10
0.9327455511811024
20
0.9237733858267716
11
0.9309963779527559
21
0.9247833070866142
0
LINE
8
BLACK
6
CONTINUOUS
10
0.9309963779527559
20
0.9247833070866142
11
0.9303055511811024
21
0.9266812992125985
0
LINE
8
BLACK
6
CONTINUOUS
10
0.9303055511811024
20
0.9266812992125985
11
0.9303055511811024
21
0.9342272440944882
0
LINE
8
BLACK
6
CONTINUOUS
10
0.9303055511811024
20
0.9342272440944882
11
0.9287588582677165
21
0.9342272440944882
0
LINE
8
BLACK
6
CONTINUOUS
10
0.9287588582677165
20
0.9342272440944882
11
0.927748937007874
21
0.93440531496063
0
LINE
8
BLACK
6
CONTINUOUS
10
0.927748937007874
20
0.93440531496063
11
0.9262016929133858
21
0.9357036220472441
0
LINE
8
BLACK
6
CONTINUOUS
10
0.9262016929133858
20
0.9357036220472441
11
0.9258509448818898
21
0.9376927559055118
0
LINE
8
BLACK
6
CONTINUOUS
10
0.9258509448818898
20
0.9376927559055118
11
0.9268608661417322
21
0.9394419291338583
0
LINE
8
BLACK
6
CONTINUOUS
10
0.9268608661417322
20
0.9394419291338583
11
0.9287588582677165
21
0.9401327559055118
0
LINE
8
BLACK
6
CONTINUOUS
10
0.9287588582677165
20
0.9401327559055118
11
0.9303055511811024
21
0.9401327559055118
0
LINE
8
BLACK
6
CONTINUOUS
10
0.9303055511811024
20
0.9401327559055118
11
0.9303055511811024
21
0.9476787007874016
0
LINE
8
BLACK
6
CONTINUOUS
10
0.9303055511811024
20
0.9476787007874016
11
0.9304836220472441
21
0.948688622047244
0
LINE
8
BLACK
6
CONTINUOUS
10
0.9304836220472441
20
0.948688622047244
11
0.9317819291338583
21
0.9502358661417323
0
LINE
8
BLACK
6
CONTINUOUS
10
0.9317819291338583
20
0.9502358661417323
11
0.933771062992126
21
0.9505866141732283
0
LINE
8
BLACK
6
CONTINUOUS
10
0.933771062992126
20
0.9505866141732283
11
0.9355202362204724
21
0.9495766929133858
0
LINE
8
BLACK
6
CONTINUOUS
10
0.9355202362204724
20
0.9495766929133858
11
0.936211062992126
21
0.9476787007874016
0
LINE
8
BLACK
6
CONTINUOUS
10
0.936211062992126
20
0.9476787007874016
11
0.936211062992126
21
0.9401327559055118
0
LINE
8
BLACK
6
CONTINUOUS
10
0.936211062992126
20
0.9401327559055118
11
0.9441597244094488
21
0.9401327559055118
0
LINE
8
BLACK
6
CONTINUOUS
10
0.9441597244094488
20
0.9401327559055118
11
0.9379561417322835
21
0.9587434251968504
0
LINE
8
BLACK
6
CONTINUOUS
10
0.9379561417322835
20
0.9587434251968504
11
0.9378057086614173
21
0.9597578346456692
0
LINE
8
BLACK
6
CONTINUOUS
10
0.9378057086614173
20
0.9597578346456692
11
0.9385481102362204
21
0.9616362204724409
0
LINE
8
BLACK
6
CONTINUOUS
10
0.9385481102362204
20
0.9616362204724409
11
0.9403242519685039
21
0.9625979921259842
0
LINE
8
BLACK
6
CONTINUOUS
10
0.9403242519685039
20
0.9625979921259842
11
0.942303031496063
21
0.9621930314960629
0
LINE
8
BLACK
6
CONTINUOUS
10
0.6629896456692913
20
0.9648890551181102
11
0.6631248818897638
21
0.9647755905511811
0
LINE
8
BLACK
6
CONTINUOUS
10
0.6631248818897638
20
0.9647755905511811
11
0.6633002362204724
21
0.9647553937007873
0
LINE
8
BLACK
6
CONTINUOUS
10
0.6633002362204724
20
0.9647553937007873
11
0.666299842519685
21
0.963255590551181
0
LINE
8
BLACK
6
CONTINUOUS
10
0.666299842519685
20
0.963255590551181
11
0.6670088188976377
21
0.9627297637795276
0
LINE
8
BLACK
6
CONTINUOUS
10
0.6670088188976377
20
0.9627297637795276
11
0.6670672047244094
21
0.9627025196850394
0
LINE
8
BLACK
6
CONTINUOUS
10
0.6670672047244094
20
0.9627025196850394
11
0.6685670472440944
21
0.9612027165354331
0
LINE
8
BLACK
6
CONTINUOUS
10
0.6685670472440944
20
0.9612027165354331
11
0.6691552755905512
21
0.9603626771653543
0
LINE
8
BLACK
6
CONTINUOUS
10
0.6691552755905512
20
0.9603626771653543
11
0.6693313385826771
21
0.9583505905511811
0
LINE
8
BLACK
6
CONTINUOUS
10
0.6693313385826771
20
0.9583505905511811
11
0.6681728346456692
21
0.9566960236220472
0
LINE
8
BLACK
6
CONTINUOUS
10
0.6681728346456692
20
0.9566960236220472
11
0.6662218503937007
21
0.9561732677165354
0
LINE
8
BLACK
6
CONTINUOUS
10
0.6662218503937007
20
0.9561732677165354
11
0.6643912992125984
21
0.957026811023622
0
LINE
8
BLACK
6
CONTINUOUS
10
0.6643912992125984
20
0.957026811023622
11
0.6632302362204724
21
0.9581878346456693
0
LINE
8
BLACK
6
CONTINUOUS
10
0.6632302362204724
20
0.9581878346456693
11
0.6612826771653543
21
0.9591616141732283
0
LINE
8
BLACK
6
CONTINUOUS
10
0.6612826771653543
20
0.9591616141732283
11
0.6551777165354331
21
0.9591616141732283
0
LINE
8
BLACK
6
CONTINUOUS
10
0.6551777165354331
20
0.9591616141732283
11
0.6532300787401575
21
0.9581878346456693
0
LINE
8
BLACK
6
CONTINUOUS
10
0.6532300787401575
20
0.9581878346456693
11
0.6524079527559055
21
0.9573657086614173
0
LINE
8
BLACK
6
CONTINUOUS
10
0.6524079527559055
20
0.9573657086614173
11
0.6514341732283464
21
0.9554181102362205
0
LINE
8
BLACK
6
CONTINUOUS
10
0.6514341732283464
20
0.9554181102362205
11
0.6514341732283464
21
0.9535946456692913
0
LINE
8
BLACK
6
CONTINUOUS
10
0.6514341732283464
20
0.9535946456692913
11
0.6525620078740157
21
0.9502111023622047
0
LINE
8
BLACK
6
CONTINUOUS
10
0.6525620078740157
20
0.9502111023622047
11
0.6700668897637795
21
0.9327062204724409
0
LINE
8
BLACK
6
CONTINUOUS
10
0.6700668897637795
20
0.9327062204724409
11
0.6704366535433071
21
0.9321781889763779
0
LINE
8
BLACK
6
CONTINUOUS
10
0.6704366535433071
20
0.9321781889763779
11
0.6705361417322835
21
0.9320946850393701
0
LINE
8
BLACK
6
CONTINUOUS
10
0.6705361417322835
20
0.9320946850393701
11
0.6705499212598425
21
0.9320163779527559
0
LINE
8
BLACK
6
CONTINUOUS
10
0.6705499212598425
20
0.9320163779527559
11
0.6706551181102363
21
0.9318661811023622
0
LINE
8
BLACK
6
CONTINUOUS
10
0.6706551181102363
20
0.9318661811023622
11
0.6707325590551181
21
0.9309806299212599
0
LINE
8
BLACK
6
CONTINUOUS
10
0.6707325590551181
20
0.9309806299212599
11
0.6708868897637795
21
0.9301055511811024
0
LINE
8
BLACK
6
CONTINUOUS
10
0.6708868897637795
20
0.9301055511811024
11
0.6708193700787402
21
0.9299886220472441
0
LINE
8
BLACK
6
CONTINUOUS
10
0.6708193700787402
20
0.9299886220472441
11
0.6708311417322834
21
0.9298540551181103
0
LINE
8
BLACK
6
CONTINUOUS
10
0.6708311417322834
20
0.9298540551181103
11
0.6703212598425197
21
0.929125905511811
0
LINE
8
BLACK
6
CONTINUOUS
10
0.6703212598425197
20
0.929125905511811
11
0.669876968503937
21
0.9283563779527558
0
LINE
8
BLACK
6
CONTINUOUS
10
0.669876968503937
20
0.9283563779527558
11
0.6697500787401575
21
0.9283102362204724
0
LINE
8
BLACK
6
CONTINUOUS
10
0.6697500787401575
20
0.9283102362204724
11
0.6696725984251969
21
0.9281995275590551
0
LINE
8
BLACK
6
CONTINUOUS
10
0.6696725984251969
20
0.9281995275590551
11
0.6688140157480315
21
0.9279695275590552
0
LINE
8
BLACK
6
CONTINUOUS
10
0.6688140157480315
20
0.9279695275590552
11
0.6679789763779528
21
0.9276655511811024
0
LINE
8
BLACK
6
CONTINUOUS
10
0.6679789763779528
20
0.9276655511811024
11
0.6484814173228346
21
0.9276655511811024
0
LINE
8
BLACK
6
CONTINUOUS
10
0.6484814173228346
20
0.9276655511811024
11
0.6474714960629921
21
0.927843622047244
0
LINE
8
BLACK
6
CONTINUOUS
10
0.6474714960629921
20
0.927843622047244
11
0.6459242519685039
21
0.9291419291338583
0
LINE
8
BLACK
6
CONTINUOUS
10
0.6459242519685039
20
0.9291419291338583
11
0.6455735039370079
21
0.931131062992126
0
LINE
8
BLACK
6
CONTINUOUS
10
0.6455735039370079
20
0.931131062992126
11
0.6465834251968504
21
0.9328802362204724
0
LINE
8
BLACK
6
CONTINUOUS
10
0.6465834251968504
20
0.9328802362204724
11
0.6484814173228346
21
0.933571062992126
0
LINE
8
BLACK
6
CONTINUOUS
10
0.6484814173228346
20
0.933571062992126
11
0.6608503937007874
21
0.933571062992126
0
LINE
8
BLACK
6
CONTINUOUS
10
0.6608503937007874
20
0.933571062992126
11
0.6478933070866142
21
0.9465281496062992
0
LINE
8
BLACK
6
CONTINUOUS
10
0.6478933070866142
20
0.9465281496062992
11
0.6473051181102362
21
0.947368188976378
0
LINE
8
BLACK
6
CONTINUOUS
10
0.6473051181102362
20
0.947368188976378
11
0.6472897244094488
21
0.9475440551181102
0
LINE
8
BLACK
6
CONTINUOUS
10
0.6472897244094488
20
0.9475440551181102
11
0.64718
21
0.9476823228346456
0
LINE
8
BLACK
6
CONTINUOUS
10
0.64718
20
0.9476823228346456
11
0.6456801968503937
21
0.9521817716535433
0
LINE
8
BLACK
6
CONTINUOUS
10
0.6456801968503937
20
0.9521817716535433
11
0.6455507086614173
21
0.9530549606299212
0
LINE
8
BLACK
6
CONTINUOUS
10
0.6455507086614173
20
0.9530549606299212
11
0.6455286614173228
21
0.9531155118110236
0
LINE
8
BLACK
6
CONTINUOUS
10
0.6455286614173228
20
0.9531155118110236
11
0.6455286614173228
21
0.9561151181102362
0
LINE
8
BLACK
6
CONTINUOUS
10
0.6455286614173228
20
0.9561151181102362
11
0.6457067322834645
21
0.9571250393700788
0
LINE
8
BLACK
6
CONTINUOUS
10
0.6457067322834645
20
0.9571250393700788
11
0.6458201968503937
21
0.9572603149606299
0
LINE
8
BLACK
6
CONTINUOUS
10
0.6458201968503937
20
0.9572603149606299
11
0.6458403937007874
21
0.9574356299212599
0
LINE
8
BLACK
6
CONTINUOUS
10
0.6458403937007874
20
0.9574356299212599
11
0.6473401968503937
21
0.9604352755905512
0
LINE
8
BLACK
6
CONTINUOUS
10
0.6473401968503937
20
0.9604352755905512
11
0.6478661023622047
21
0.9611443700787401
0
LINE
8
BLACK
6
CONTINUOUS
10
0.6478661023622047
20
0.9611443700787401
11
0.6478933070866142
21
0.9612026771653543
0
LINE
8
BLACK
6
CONTINUOUS
10
0.6478933070866142
20
0.9612026771653543
11
0.6493931102362205
21
0.9627024803149606
0
LINE
8
BLACK
6
CONTINUOUS
10
0.6493931102362205
20
0.9627024803149606
11
0.6501161811023622
21
0.963208779527559
0
LINE
8
BLACK
6
CONTINUOUS
10
0.6501161811023622
20
0.963208779527559
11
0.6501605118110236
21
0.963255590551181
0
LINE
8
BLACK
6
CONTINUOUS
10
0.6501605118110236
20
0.963255590551181
11
0.653160157480315
21
0.9647553937007873
0
LINE
8
BLACK
6
CONTINUOUS
10
0.653160157480315
20
0.9647553937007873
11
0.6541431102362204
21
0.9650477952755905
0
LINE
8
BLACK
6
CONTINUOUS
10
0.6541431102362204
20
0.9650477952755905
11
0.6543148031496063
21
0.9650067716535433
0
LINE
8
BLACK
6
CONTINUOUS
10
0.6543148031496063
20
0.9650067716535433
11
0.6544806692913385
21
0.9650671259842519
0
LINE
8
BLACK
6
CONTINUOUS
10
0.6544806692913385
20
0.9650671259842519
11
0.6619797244094489
21
0.9650671259842519
0
LINE
8
BLACK
6
CONTINUOUS
10
0.6619797244094489
20
0.9650671259842519
11
0.6629896456692913
21
0.9648890551181102
0
LINE
8
BLACK
6
CONTINUOUS
10
0.6968588976377953
20
0.964999527559055
11
0.6969881496062992
21
0.9650222834645669
0
LINE
8
BLACK
6
CONTINUOUS
10
0.6969881496062992
20
0.9650222834645669
11
0.6971017322834645
21
0.9649566929133858
0
LINE
8
BLACK
6
CONTINUOUS
10
0.6971017322834645
20
0.9649566929133858
11
0.6974853149606299
21
0.9648890551181102
0
LINE
8
BLACK
6
CONTINUOUS
10
0.6974853149606299
20
0.9648890551181102
11
0.6980729921259843
21
0.9643959448818897
0
LINE
8
BLACK
6
CONTINUOUS
10
0.6980729921259843
20
0.9643959448818897
11
0.6987373228346456
21
0.9640123622047244
0
LINE
8
BLACK
6
CONTINUOUS
10
0.6987373228346456
20
0.9640123622047244
11
0.6988284251968504
21
0.9637620472440944
0
LINE
8
BLACK
6
CONTINUOUS
10
0.6988284251968504
20
0.9637620472440944
11
0.6990325590551181
21
0.963590748031496
0
LINE
8
BLACK
6
CONTINUOUS
10
0.6990325590551181
20
0.963590748031496
11
0.6991657874015748
21
0.9628351968503936
0
LINE
8
BLACK
6
CONTINUOUS
10
0.6991657874015748
20
0.9628351968503936
11
0.6994281496062992
21
0.9621143700787401
0
LINE
8
BLACK
6
CONTINUOUS
10
0.6994281496062992
20
0.9621143700787401
11
0.6994281496062992
21
0.9306183070866142
0
LINE
8
BLACK
6
CONTINUOUS
10
0.6994281496062992
20
0.9306183070866142
11
0.6993605118110237
21
0.9302348031496063
0
LINE
8
BLACK
6
CONTINUOUS
10
0.6993605118110237
20
0.9302348031496063
11
0.6993833070866141
21
0.9301055511811024
0
LINE
8
BLACK
6
CONTINUOUS
10
0.6993833070866141
20
0.9301055511811024
11
0.6993176771653543
21
0.9299919685039369
0
LINE
8
BLACK
6
CONTINUOUS
10
0.6993176771653543
20
0.9299919685039369
11
0.6992500787401574
21
0.9296083858267716
0
LINE
8
BLACK
6
CONTINUOUS
10
0.6992500787401574
20
0.9296083858267716
11
0.6987569291338582
21
0.9290207086614173
0
LINE
8
BLACK
6
CONTINUOUS
10
0.6987569291338582
20
0.9290207086614173
11
0.6983733858267717
21
0.9283563779527558
0
LINE
8
BLACK
6
CONTINUOUS
10
0.6983733858267717
20
0.9283563779527558
11
0.698123031496063
21
0.9282652755905512
0
LINE
8
BLACK
6
CONTINUOUS
10
0.698123031496063
20
0.9282652755905512
11
0.6979517716535433
21
0.9280611417322835
0
LINE
8
BLACK
6
CONTINUOUS
10
0.6979517716535433
20
0.9280611417322835
11
0.6971961811023621
21
0.9279279133858267
0
LINE
8
BLACK
6
CONTINUOUS
10
0.6971961811023621
20
0.9279279133858267
11
0.6964753937007874
21
0.9276655511811024
0
LINE
8
BLACK
6
CONTINUOUS
10
0.6964753937007874
20
0.9276655511811024
11
0.6889763385826772
21
0.9276655511811024
0
LINE
8
BLACK
6
CONTINUOUS
10
0.6889763385826772
20
0.9276655511811024
11
0.6881069291338583
21
0.9278188582677165
0
LINE
8
BLACK
6
CONTINUOUS
10
0.6881069291338583
20
0.9278188582677165
11
0.6880425984251969
21
0.9278170866141732
0
LINE
8
BLACK
6
CONTINUOUS
10
0.6880425984251969
20
0.9278170866141732
11
0.6835431496062992
21
0.9293168897637795
0
LINE
8
BLACK
6
CONTINUOUS
10
0.6835431496062992
20
0.9293168897637795
11
0.6826413779527559
21
0.9298051574803149
0
LINE
8
BLACK
6
CONTINUOUS
10
0.6826413779527559
20
0.9298051574803149
11
0.682548937007874
21
0.9299556299212598
0
LINE
8
BLACK
6
CONTINUOUS
10
0.682548937007874
20
0.9299556299212598
11
0.6823889763779527
21
0.9300301968503937
0
LINE
8
BLACK
6
CONTINUOUS
10
0.6823889763779527
20
0.9300301968503937
11
0.6793893700787401
21
0.933029842519685
0
LINE
8
BLACK
6
CONTINUOUS
10
0.6793893700787401
20
0.933029842519685
11
0.6788829527559055
21
0.9337530314960629
0
LINE
8
BLACK
6
CONTINUOUS
10
0.6788829527559055
20
0.9337530314960629
11
0.6788362598425197
21
0.9337972440944882
0
LINE
8
BLACK
6
CONTINUOUS
10
0.6788362598425197
20
0.9337972440944882
11
0.6773364566929134
21
0.9367968503937008
0
LINE
8
BLACK
6
CONTINUOUS
10
0.6773364566929134
20
0.9367968503937008
11
0.6771911811023622
21
0.9372852362204724
0
LINE
8
BLACK
6
CONTINUOUS
10
0.6771911811023622
20
0.9372852362204724
11
0.677112874015748
21
0.9374011811023621
0
LINE
8
BLACK
6
CONTINUOUS
10
0.677112874015748
20
0.9374011811023621
11
0.675613031496063
21
0.9434004330708661
0
LINE
8
BLACK
6
CONTINUOUS
10
0.675613031496063
20
0.9434004330708661
11
0.6755715354330708
21
0.9439883858267716
0
LINE
8
BLACK
6
CONTINUOUS
10
0.6755715354330708
20
0.9439883858267716
11
0.6755248818897638
21
0.9441166141732283
0
LINE
8
BLACK
6
CONTINUOUS
10
0.6755248818897638
20
0.9441166141732283
11
0.6755248818897638
21
0.948616062992126
0
LINE
8
BLACK
6
CONTINUOUS
10
0.6755248818897638
20
0.948616062992126
11
0.6756272047244094
21
0.9491964960629921
0
LINE
8
BLACK
6
CONTINUOUS
10
0.6756272047244094
20
0.9491964960629921
11
0.675613031496063
21
0.9493322440944881
0
LINE
8
BLACK
6
CONTINUOUS
10
0.675613031496063
20
0.9493322440944881
11
0.677112874015748
21
0.9553314960629921
0
LINE
8
BLACK
6
CONTINUOUS
10
0.677112874015748
20
0.9553314960629921
11
0.6773204724409448
21
0.9557970078740158
0
LINE
8
BLACK
6
CONTINUOUS
10
0.6773204724409448
20
0.9557970078740158
11
0.6773364566929134
21
0.9559358267716536
0
LINE
8
BLACK
6
CONTINUOUS
10
0.6773364566929134
20
0.9559358267716536
11
0.6788362598425197
21
0.9589354724409449
0
LINE
8
BLACK
6
CONTINUOUS
10
0.6788362598425197
20
0.9589354724409449
11
0.6793621653543307
21
0.9596445669291338
0
LINE
8
BLACK
6
CONTINUOUS
10
0.6793621653543307
20
0.9596445669291338
11
0.6793893700787401
21
0.9597028740157481
0
LINE
8
BLACK
6
CONTINUOUS
10
0.6793893700787401
20
0.9597028740157481
11
0.6823889763779527
21
0.9627024803149606
0
LINE
8
BLACK
6
CONTINUOUS
10
0.6823889763779527
20
0.9627024803149606
11
0.6832290157480315
21
0.9632907086614173
0
LINE
8
BLACK
6
CONTINUOUS
10
0.6832290157480315
20
0.9632907086614173
11
0.6834049212598425
21
0.9633061023622047
0
LINE
8
BLACK
6
CONTINUOUS
10
0.6834049212598425
20
0.9633061023622047
11
0.6835431496062992
21
0.9634157874015747
0
LINE
8
BLACK
6
CONTINUOUS
10
0.6835431496062992
20
0.9634157874015747
11
0.6880425984251969
21
0.964915590551181
0
LINE
8
BLACK
6
CONTINUOUS
10
0.6880425984251969
20
0.964915590551181
11
0.688915748031496
21
0.9650450787401574
0
LINE
8
BLACK
6
CONTINUOUS
10
0.688915748031496
20
0.9650450787401574
11
0.6889763385826772
21
0.9650671259842519
0
LINE
8
BLACK
6
CONTINUOUS
10
0.6889763385826772
20
0.9650671259842519
11
0.6964753937007874
21
0.9650671259842519
0
LINE
8
BLACK
6
CONTINUOUS
10
0.6964753937007874
20
0.9650671259842519
11
0.6968588976377953
21
0.964999527559055
0
LINE
8
BLACK
6
CONTINUOUS
10
0.6860718897637795
20
0.9580337795275591
11
0.6839040157480315
21
0.9558659055118111
0
LINE
8
BLACK
6
CONTINUOUS
10
0.6839040157480315
20
0.9558659055118111
11
0.6827634645669292
21
0.9535848031496063
0
LINE
8
BLACK
6
CONTINUOUS
10
0.6827634645669292
20
0.9535848031496063
11
0.6814303937007874
21
0.9482524803149606
0
LINE
8
BLACK
6
CONTINUOUS
10
0.6814303937007874
20
0.9482524803149606
11
0.6814303937007874
21
0.9444802362204724
0
LINE
8
BLACK
6
CONTINUOUS
10
0.6814303937007874
20
0.9444802362204724
11
0.6827634645669292
21
0.9391479527559055
0
LINE
8
BLACK
6
CONTINUOUS
10
0.6827634645669292
20
0.9391479527559055
11
0.6839040157480315
21
0.9368668503937008
0
LINE
8
BLACK
6
CONTINUOUS
10
0.6839040157480315
20
0.9368668503937008
11
0.6860719291338583
21
0.9346988976377952
0
LINE
8
BLACK
6
CONTINUOUS
10
0.6860719291338583
20
0.9346988976377952
11
0.6894554724409448
21
0.933571062992126
0
LINE
8
BLACK
6
CONTINUOUS
10
0.6894554724409448
20
0.933571062992126
11
0.6935226377952756
21
0.933571062992126
0
LINE
8
BLACK
6
CONTINUOUS
10
0.6935226377952756
20
0.933571062992126
11
0.6935226377952756
21
0.9591616141732283
0
LINE
8
BLACK
6
CONTINUOUS
10
0.6935226377952756
20
0.9591616141732283
11
0.6894554724409448
21
0.9591616141732283
0
LINE
8
BLACK
6
CONTINUOUS
10
0.6894554724409448
20
0.9591616141732283
11
0.6860718897637795
21
0.9580337795275591
0
LINE
8
BLACK
6
CONTINUOUS
10
0.6490517716535433
20
1.0762391732283465
11
0.6496283464566929
21
1.0748472440944881
0
LINE
8
BLACK
6
CONTINUOUS
10
0.6496283464566929
20
1.0748472440944881
11
0.6496283464566929
21
1.0469783070866141
0
LINE
8
BLACK
6
CONTINUOUS
10
0.6496283464566929
20
1.0469783070866141
11
0.6918856299212598
21
1.0744968110236219
0
LINE
8
BLACK
6
CONTINUOUS
10
0.6918856299212598
20
1.0744968110236219
11
0.6924393700787401
21
1.0746001968503938
0
LINE
8
BLACK
6
CONTINUOUS
10
0.6924393700787401
20
1.0746001968503938
11
0.692959842519685
21
1.0748157480314959
0
LINE
8
BLACK
6
CONTINUOUS
10
0.692959842519685
20
1.0748157480314959
11
0.693156968503937
21
1.0747340944881889
0
LINE
8
BLACK
6
CONTINUOUS
10
0.693156968503937
20
1.0747340944881889
11
0.6933666535433071
21
1.0747732283464566
0
LINE
8
BLACK
6
CONTINUOUS
10
0.6933666535433071
20
1.0747732283464566
11
0.6938312598425197
21
1.0744548031496062
0
LINE
8
BLACK
6
CONTINUOUS
10
0.6938312598425197
20
1.0744548031496062
11
0.6943517716535433
21
1.0742391732283465
0
LINE
8
BLACK
6
CONTINUOUS
10
0.6943517716535433
20
1.0742391732283465
11
0.6944333858267716
21
1.0740420866141731
0
LINE
8
BLACK
6
CONTINUOUS
10
0.6944333858267716
20
1.0740420866141731
11
0.6946094094488189
21
1.0739214566929134
0
LINE
8
BLACK
6
CONTINUOUS
10
0.6946094094488189
20
1.0739214566929134
11
0.6947127559055118
21
1.0733677165354329
0
LINE
8
BLACK
6
CONTINUOUS
10
0.6947127559055118
20
1.0733677165354329
11
0.6949283464566929
21
1.0728472440944881
0
LINE
8
BLACK
6
CONTINUOUS
10
0.6949283464566929
20
1.0728472440944881
11
0.6949283464566929
21
1.0453157480314961
0
LINE
8
BLACK
6
CONTINUOUS
10
0.6949283464566929
20
1.0453157480314961
11
0.732259842519685
21
1.0453157480314961
0
LINE
8
BLACK
6
CONTINUOUS
10
0.732259842519685
20
1.0453157480314961
11
0.7336517716535433
21
1.0447391732283464
0
LINE
8
BLACK
6
CONTINUOUS
10
0.7336517716535433
20
1.0447391732283464
11
0.7342283464566929
21
1.0433472440944882
0
LINE
8
BLACK
6
CONTINUOUS
10
0.7342283464566929
20
1.0433472440944882
11
0.7336517716535433
21
1.04195531496063
0
LINE
8
BLACK
6
CONTINUOUS
10
0.7336517716535433
20
1.04195531496063
11
0.732259842519685
21
1.0413787401574803
0
LINE
8
BLACK
6
CONTINUOUS
10
0.732259842519685
20
1.0413787401574803
11
0.6949283464566929
21
1.0413787401574803
0
LINE
8
BLACK
6
CONTINUOUS
10
0.6949283464566929
20
1.0413787401574803
11
0.6949283464566929
21
1.0118472440944881
0
LINE
8
BLACK
6
CONTINUOUS
10
0.6949283464566929
20
1.0118472440944881
11
0.6947020866141732
21
1.0113011417322835
0
LINE
8
BLACK
6
CONTINUOUS
10
0.6947020866141732
20
1.0113011417322835
11
0.6945760236220472
21
1.0107234251968504
0
LINE
8
BLACK
6
CONTINUOUS
10
0.6945760236220472
20
1.0107234251968504
11
0.6944218503937007
21
1.0106245275590551
0
LINE
8
BLACK
6
CONTINUOUS
10
0.6944218503937007
20
1.0106245275590551
11
0.6943517716535433
21
1.0104553149606299
0
LINE
8
BLACK
6
CONTINUOUS
10
0.6943517716535433
20
1.0104553149606299
11
0.6938056299212598
21
1.0102291338582676
0
LINE
8
BLACK
6
CONTINUOUS
10
0.6938056299212598
20
1.0102291338582676
11
0.6933079921259843
21
1.0099097637795276
0
LINE
8
BLACK
6
CONTINUOUS
10
0.6933079921259843
20
1.0099097637795276
11
0.6931290157480314
21
1.0099488582677165
0
LINE
8
BLACK
6
CONTINUOUS
10
0.6931290157480314
20
1.0099488582677165
11
0.692959842519685
21
1.0098787401574802
0
LINE
8
BLACK
6
CONTINUOUS
10
0.692959842519685
20
1.0098787401574802
11
0.6924136614173229
21
1.010105
0
LINE
8
BLACK
6
CONTINUOUS
10
0.6924136614173229
20
1.010105
11
0.6918360236220472
21
1.0102310629921261
0
LINE
8
BLACK
6
CONTINUOUS
10
0.6918360236220472
20
1.0102310629921261
11
0.6496283464566929
21
1.0395807874015748
0
LINE
8
BLACK
6
CONTINUOUS
10
0.6496283464566929
20
1.0395807874015748
11
0.6496283464566929
21
1.0118472440944881
0
LINE
8
BLACK
6
CONTINUOUS
10
0.6496283464566929
20
1.0118472440944881
11
0.6490517716535433
21
1.0104553149606299
0
LINE
8
BLACK
6
CONTINUOUS
10
0.6490517716535433
20
1.0104553149606299
11
0.647659842519685
21
1.0098787401574802
0
LINE
8
BLACK
6
CONTINUOUS
10
0.647659842519685
20
1.0098787401574802
11
0.6462679133858268
21
1.0104553149606299
0
LINE
8
BLACK
6
CONTINUOUS
10
0.6462679133858268
20
1.0104553149606299
11
0.6456913385826771
21
1.0118472440944881
0
LINE
8
BLACK
6
CONTINUOUS
10
0.6456913385826771
20
1.0118472440944881
11
0.6456913385826771
21
1.0413787401574803
0
LINE
8
BLACK
6
CONTINUOUS
10
0.6456913385826771
20
1.0413787401574803
11
0.612159842519685
21
1.0413787401574803
0
LINE
8
BLACK
6
CONTINUOUS
10
0.612159842519685
20
1.0413787401574803
11
0.6107679133858268
21
1.04195531496063
0
LINE
8
BLACK
6
CONTINUOUS
10
0.6107679133858268
20
1.04195531496063
11
0.6101913385826772
21
1.0433472440944882
0
LINE
8
BLACK
6
CONTINUOUS
10
0.6101913385826772
20
1.0433472440944882
11
0.6107679133858268
21
1.0447391732283464
0
LINE
8
BLACK
6
CONTINUOUS
10
0.6107679133858268
20
1.0447391732283464
11
0.612159842519685
21
1.0453157480314961
0
LINE
8
BLACK
6
CONTINUOUS
10
0.612159842519685
20
1.0453157480314961
11
0.6456913385826771
21
1.0453157480314961
0
LINE
8
BLACK
6
CONTINUOUS
10
0.6456913385826771
20
1.0453157480314961
11
0.6456913385826771
21
1.0748472440944881
0
LINE
8
BLACK
6
CONTINUOUS
10
0.6456913385826771
20
1.0748472440944881
11
0.6462679133858268
21
1.0762391732283465
0
LINE
8
BLACK
6
CONTINUOUS
10
0.6462679133858268
20
1.0762391732283465
11
0.647659842519685
21
1.0768157480314959
0
LINE
8
BLACK
6
CONTINUOUS
10
0.647659842519685
20
1.0768157480314959
11
0.6490517716535433
21
1.0762391732283465
0
LINE
8
BLACK
6
CONTINUOUS
10
0.6511848818897638
20
1.0432937007874015
11
0.6909913385826771
21
1.015613779527559
0
LINE
8
BLACK
6
CONTINUOUS
10
0.6909913385826771
20
1.015613779527559
11
0.6909913385826771
21
1.0692162204724409
0
LINE
8
BLACK
6
CONTINUOUS
10
0.6909913385826771
20
1.0692162204724409
11
0.6511848818897638
21
1.0432937007874015
0
LINE
8
BLACK
6
CONTINUOUS
10
0.7637795275590551
20
1.1043307086614174
11
0.7651714566929134
21
1.1037541338582677
0
LINE
8
BLACK
6
CONTINUOUS
10
0.7651714566929134
20
1.1037541338582677
11
0.765748031496063
21
1.1023622047244095
0
LINE
8
BLACK
6
CONTINUOUS
10
0.765748031496063
20
1.1023622047244095
11
0.765748031496063
21
0.984251968503937
0
LINE
8
BLACK
6
CONTINUOUS
10
0.765748031496063
20
0.984251968503937
11
0.7651714566929134
21
0.9828600393700787
0
LINE
8
BLACK
6
CONTINUOUS
10
0.7651714566929134
20
0.9828600393700787
11
0.7637795275590551
21
0.9822834645669292
0
LINE
8
BLACK
6
CONTINUOUS
10
0.7637795275590551
20
0.9822834645669292
11
0.5826771653543307
21
0.9822834645669292
0
LINE
8
BLACK
6
CONTINUOUS
10
0.5826771653543307
20
0.9822834645669292
11
0.5812852362204725
21
0.9828600393700787
0
LINE
8
BLACK
6
CONTINUOUS
10
0.5812852362204725
20
0.9828600393700787
11
0.5807086614173228
21
0.984251968503937
0
LINE
8
BLACK
6
CONTINUOUS
10
0.5807086614173228
20
0.984251968503937
11
0.5807086614173228
21
1.1023622047244095
0
LINE
8
BLACK
6
CONTINUOUS
10
0.5807086614173228
20
1.1023622047244095
11
0.5812852362204725
21
1.1037541338582677
0
LINE
8
BLACK
6
CONTINUOUS
10
0.5812852362204725
20
1.1037541338582677
11
0.5826771653543307
21
1.1043307086614174
0
LINE
8
BLACK
6
CONTINUOUS
10
0.5826771653543307
20
1.1043307086614174
11
0.7637795275590551
21
1.1043307086614174
0
LINE
8
BLACK
6
CONTINUOUS
10
0.5846456692913385
20
1.1003937007874016
11
0.5846456692913385
21
0.9862204724409449
0
LINE
8
BLACK
6
CONTINUOUS
10
0.5846456692913385
20
0.9862204724409449
11
0.7618110236220472
21
0.9862204724409449
0
LINE
8
BLACK
6
CONTINUOUS
10
0.7618110236220472
20
0.9862204724409449
11
0.7618110236220472
21
1.1003937007874016
0
LINE
8
BLACK
6
CONTINUOUS
10
0.7618110236220472
20
1.1003937007874016
11
0.5846456692913385
21
1.1003937007874016
0
LINE
8
BLACK
6
CONTINUOUS
10
0.9797163385826771
20
1.0761588582677164
11
0.9802929133858268
21
1.0747669291338582
0
LINE
8
BLACK
6
CONTINUOUS
10
0.9802929133858268
20
1.0747669291338582
11
0.9802929133858268
21
1.0452354330708662
0
LINE
8
BLACK
6
CONTINUOUS
10
0.9802929133858268
20
1.0452354330708662
11
1.0138244094488189
21
1.0452354330708662
0
LINE
8
BLACK
6
CONTINUOUS
10
1.0138244094488189
20
1.0452354330708662
11
1.0152163385826771
21
1.0446588582677165
0
LINE
8
BLACK
6
CONTINUOUS
10
1.0152163385826771
20
1.0446588582677165
11
1.0157929133858268
21
1.0432669291338583
0
LINE
8
BLACK
6
CONTINUOUS
10
1.0157929133858268
20
1.0432669291338583
11
1.0152163385826771
21
1.0418749999999999
0
LINE
8
BLACK
6
CONTINUOUS
10
1.0152163385826771
20
1.0418749999999999
11
1.0138244094488189
21
1.0412984251968505
0
LINE
8
BLACK
6
CONTINUOUS
10
1.0138244094488189
20
1.0412984251968505
11
0.9802929133858268
21
1.0412984251968505
0
LINE
8
BLACK
6
CONTINUOUS
10
0.9802929133858268
20
1.0412984251968505
11
0.9802929133858268
21
1.0117669291338582
0
LINE
8
BLACK
6
CONTINUOUS
10
0.9802929133858268
20
1.0117669291338582
11
0.9797163385826771
21
1.010375
0
LINE
8
BLACK
6
CONTINUOUS
10
0.9797163385826771
20
1.010375
11
0.9783244094488188
21
1.0097984251968504
0
LINE
8
BLACK
6
CONTINUOUS
10
0.9783244094488188
20
1.0097984251968504
11
0.9769324803149606
21
1.010375
0
LINE
8
BLACK
6
CONTINUOUS
10
0.9769324803149606
20
1.010375
11
0.976355905511811
21
1.0117669291338582
0
LINE
8
BLACK
6
CONTINUOUS
10
0.976355905511811
20
1.0117669291338582
11
0.976355905511811
21
1.039635905511811
0
LINE
8
BLACK
6
CONTINUOUS
10
0.976355905511811
20
1.039635905511811
11
0.934098622047244
21
1.0121173622047244
0
LINE
8
BLACK
6
CONTINUOUS
10
0.934098622047244
20
1.0121173622047244
11
0.9335448425196851
21
1.0120140157480315
0
LINE
8
BLACK
6
CONTINUOUS
10
0.9335448425196851
20
1.0120140157480315
11
0.9330244094488189
21
1.0117984251968504
0
LINE
8
BLACK
6
CONTINUOUS
10
0.9330244094488189
20
1.0117984251968504
11
0.9328272440944881
21
1.0118801181102361
0
LINE
8
BLACK
6
CONTINUOUS
10
0.9328272440944881
20
1.0118801181102361
11
0.9326175984251969
21
1.0118409448818897
0
LINE
8
BLACK
6
CONTINUOUS
10
0.9326175984251969
20
1.0118409448818897
11
0.9321529527559055
21
1.0121594094488189
0
LINE
8
BLACK
6
CONTINUOUS
10
0.9321529527559055
20
1.0121594094488189
11
0.9316324803149606
21
1.012375
0
LINE
8
BLACK
6
CONTINUOUS
10
0.9316324803149606
20
1.012375
11
0.9315508267716536
21
1.0125721259842519
0
LINE
8
BLACK
6
CONTINUOUS
10
0.9315508267716536
20
1.0125721259842519
11
0.9313748425196851
21
1.0126927165354331
0
LINE
8
BLACK
6
CONTINUOUS
10
0.9313748425196851
20
1.0126927165354331
11
0.9312714566929133
21
1.0132464960629921
0
LINE
8
BLACK
6
CONTINUOUS
10
0.9312714566929133
20
1.0132464960629921
11
0.9310559055118111
21
1.0137669291338582
0
LINE
8
BLACK
6
CONTINUOUS
10
0.9310559055118111
20
1.0137669291338582
11
0.9310559055118111
21
1.0412984251968505
0
LINE
8
BLACK
6
CONTINUOUS
10
0.9310559055118111
20
1.0412984251968505
11
0.8937244094488189
21
1.0412984251968505
0
LINE
8
BLACK
6
CONTINUOUS
10
0.8937244094488189
20
1.0412984251968505
11
0.8923324803149606
21
1.0418749999999999
0
LINE
8
BLACK
6
CONTINUOUS
10
0.8923324803149606
20
1.0418749999999999
11
0.8917559055118111
21
1.0432669291338583
0
LINE
8
BLACK
6
CONTINUOUS
10
0.8917559055118111
20
1.0432669291338583
11
0.8923324803149606
21
1.0446588582677165
0
LINE
8
BLACK
6
CONTINUOUS
10
0.8923324803149606
20
1.0446588582677165
11
0.8937244094488189
21
1.0452354330708662
0
LINE
8
BLACK
6
CONTINUOUS
10
0.8937244094488189
20
1.0452354330708662
11
0.9310559055118111
21
1.0452354330708662
0
LINE
8
BLACK
6
CONTINUOUS
10
0.9310559055118111
20
1.0452354330708662
11
0.9310559055118111
21
1.0747669291338582
0
LINE
8
BLACK
6
CONTINUOUS
10
0.9310559055118111
20
1.0747669291338582
11
0.9312821653543307
21
1.0753131889763778
0
LINE
8
BLACK
6
CONTINUOUS
10
0.9312821653543307
20
1.0753131889763778
11
0.9314082283464566
21
1.0758907480314961
0
LINE
8
BLACK
6
CONTINUOUS
10
0.9314082283464566
20
1.0758907480314961
11
0.9315623622047244
21
1.07598968503937
0
LINE
8
BLACK
6
CONTINUOUS
10
0.9315623622047244
20
1.07598968503937
11
0.9316324803149606
21
1.0761588582677164
0
LINE
8
BLACK
6
CONTINUOUS
10
0.9316324803149606
20
1.0761588582677164
11
0.9321787007874015
21
1.0763851574803149
0
LINE
8
BLACK
6
CONTINUOUS
10
0.9321787007874015
20
1.0763851574803149
11
0.9326762598425197
21
1.0767043700787402
0
LINE
8
BLACK
6
CONTINUOUS
10
0.9326762598425197
20
1.0767043700787402
11
0.9328551574803149
21
1.0766653543307085
0
LINE
8
BLACK
6
CONTINUOUS
10
0.9328551574803149
20
1.0766653543307085
11
0.9330244094488189
21
1.0767354330708661
0
LINE
8
BLACK
6
CONTINUOUS
10
0.9330244094488189
20
1.0767354330708661
11
0.9335706299212598
21
1.0765091732283465
0
LINE
8
BLACK
6
CONTINUOUS
10
0.9335706299212598
20
1.0765091732283465
11
0.9341482283464567
21
1.0763831102362205
0
LINE
8
BLACK
6
CONTINUOUS
10
0.9341482283464567
20
1.0763831102362205
11
0.976355905511811
21
1.047033464566929
0
LINE
8
BLACK
6
CONTINUOUS
10
0.976355905511811
20
1.047033464566929
11
0.976355905511811
21
1.0747669291338582
0
LINE
8
BLACK
6
CONTINUOUS
10
0.976355905511811
20
1.0747669291338582
11
0.9769324803149606
21
1.0761588582677164
0
LINE
8
BLACK
6
CONTINUOUS
10
0.9769324803149606
20
1.0761588582677164
11
0.9783244094488188
21
1.0767354330708661
0
LINE
8
BLACK
6
CONTINUOUS
10
0.9783244094488188
20
1.0767354330708661
11
0.9797163385826771
21
1.0761588582677164
0
LINE
8
BLACK
6
CONTINUOUS
10
0.9349929133858268
20
1.0173979921259841
11
0.9747993307086614
21
1.0433205118110236
0
LINE
8
BLACK
6
CONTINUOUS
10
0.9747993307086614
20
1.0433205118110236
11
0.9349929133858268
21
1.0710004724409448
0
LINE
8
BLACK
6
CONTINUOUS
10
0.9349929133858268
20
1.0710004724409448
11
0.9349929133858268
21
1.0173979921259841
0
LINE
8
BLACK
6
CONTINUOUS
10
1.0433070866141732
20
1.1043307086614174
11
1.0446990157480314
21
1.1037541338582677
0
LINE
8
BLACK
6
CONTINUOUS
10
1.0446990157480314
20
1.1037541338582677
11
1.045275590551181
21
1.1023622047244095
0
LINE
8
BLACK
6
CONTINUOUS
10
1.045275590551181
20
1.1023622047244095
11
1.045275590551181
21
0.984251968503937
0
LINE
8
BLACK
6
CONTINUOUS
10
1.045275590551181
20
0.984251968503937
11
1.0446990157480314
21
0.9828600393700787
0
LINE
8
BLACK
6
CONTINUOUS
10
1.0446990157480314
20
0.9828600393700787
11
1.0433070866141732
21
0.9822834645669292
0
LINE
8
BLACK
6
CONTINUOUS
10
1.0433070866141732
20
0.9822834645669292
11
0.8622047244094488
21
0.9822834645669292
0
LINE
8
BLACK
6
CONTINUOUS
10
0.8622047244094488
20
0.9822834645669292
11
0.8608127952755905
21
0.9828600393700787
0
LINE
8
BLACK
6
CONTINUOUS
10
0.8608127952755905
20
0.9828600393700787
11
0.860236220472441
21
0.984251968503937
0
LINE
8
BLACK
6
CONTINUOUS
10
0.860236220472441
20
0.984251968503937
11
0.860236220472441
21
1.1023622047244095
0
LINE
8
BLACK
6
CONTINUOUS
10
0.860236220472441
20
1.1023622047244095
11
0.8608127952755905
21
1.1037541338582677
0
LINE
8
BLACK
6
CONTINUOUS
10
0.8608127952755905
20
1.1037541338582677
11
0.8622047244094488
21
1.1043307086614174
0
LINE
8
BLACK
6
CONTINUOUS
10
0.8622047244094488
20
1.1043307086614174
11
1.0433070866141732
21
1.1043307086614174
0
LINE
8
BLACK
6
CONTINUOUS
10
0.8641732283464567
20
1.1003937007874016
11
0.8641732283464567
21
0.9862204724409449
0
LINE
8
BLACK
6
CONTINUOUS
10
0.8641732283464567
20
0.9862204724409449
11
1.0413385826771653
21
0.9862204724409449
0
LINE
8
BLACK
6
CONTINUOUS
10
1.0413385826771653
20
0.9862204724409449
11
1.0413385826771653
21
1.1003937007874016
0
LINE
8
BLACK
6
CONTINUOUS
10
1.0413385826771653
20
1.1003937007874016
11
0.8641732283464567
21
1.1003937007874016
0
LINE
8
BLACK
6
CONTINUOUS
10
0.6150501968503936
20
1.1791955905511811
11
0.6151859842519685
21
1.1792097637795276
0
LINE
8
BLACK
6
CONTINUOUS
10
0.6151859842519685
20
1.1792097637795276
11
0.6211852362204724
21
1.1777099212598425
0
LINE
8
BLACK
6
CONTINUOUS
10
0.6211852362204724
20
1.1777099212598425
11
0.6216507086614174
21
1.1775023228346457
0
LINE
8
BLACK
6
CONTINUOUS
10
0.6216507086614174
20
1.1775023228346457
11
0.6217895669291339
21
1.177486338582677
0
LINE
8
BLACK
6
CONTINUOUS
10
0.6217895669291339
20
1.177486338582677
11
0.6247891732283465
21
1.1759865354330707
0
LINE
8
BLACK
6
CONTINUOUS
10
0.6247891732283465
20
1.1759865354330707
11
0.6254981496062992
21
1.1754607086614173
0
LINE
8
BLACK
6
CONTINUOUS
10
0.6254981496062992
20
1.1754607086614173
11
0.6255565354330709
21
1.1754334645669291
0
LINE
8
BLACK
6
CONTINUOUS
10
0.6255565354330709
20
1.1754334645669291
11
0.6270563779527559
21
1.1739336614173228
0
LINE
8
BLACK
6
CONTINUOUS
10
0.6270563779527559
20
1.1739336614173228
11
0.6275627559055118
21
1.1732105118110236
0
LINE
8
BLACK
6
CONTINUOUS
10
0.6275627559055118
20
1.1732105118110236
11
0.6276095275590551
21
1.1731662204724409
0
LINE
8
BLACK
6
CONTINUOUS
10
0.6276095275590551
20
1.1731662204724409
11
0.6291093307086614
21
1.1701665748031496
0
LINE
8
BLACK
6
CONTINUOUS
10
0.6291093307086614
20
1.1701665748031496
11
0.6294017322834645
21
1.169183622047244
0
LINE
8
BLACK
6
CONTINUOUS
10
0.6294017322834645
20
1.169183622047244
11
0.6293606692913386
21
1.1690119291338583
0
LINE
8
BLACK
6
CONTINUOUS
10
0.6293606692913386
20
1.1690119291338583
11
0.629421062992126
21
1.168846062992126
0
LINE
8
BLACK
6
CONTINUOUS
10
0.629421062992126
20
1.168846062992126
11
0.629421062992126
21
1.1672977559055118
0
LINE
8
BLACK
6
CONTINUOUS
10
0.629421062992126
20
1.1672977559055118
11
0.6312794094488189
21
1.1669174409448819
0
LINE
8
BLACK
6
CONTINUOUS
10
0.6312794094488189
20
1.1669174409448819
11
0.6325349606299212
21
1.1653353149606298
0
LINE
8
BLACK
6
CONTINUOUS
10
0.6325349606299212
20
1.1653353149606298
11
0.6400340551181102
21
1.1428381496062991
0
LINE
8
BLACK
6
CONTINUOUS
10
0.6400340551181102
20
1.1428381496062991
11
0.6401844881889763
21
1.141823779527559
0
LINE
8
BLACK
6
CONTINUOUS
10
0.6401844881889763
20
1.141823779527559
11
0.6401015354330708
21
1.1416139370078739
0
LINE
8
BLACK
6
CONTINUOUS
10
0.6401015354330708
20
1.1416139370078739
11
0.640140748031496
21
1.1413916535433071
0
LINE
8
BLACK
6
CONTINUOUS
10
0.640140748031496
20
1.1413916535433071
11
0.6397379921259843
21
1.1406941732283464
0
LINE
8
BLACK
6
CONTINUOUS
10
0.6397379921259843
20
1.1406941732283464
11
0.6394420866141732
21
1.1399453543307085
0
LINE
8
BLACK
6
CONTINUOUS
10
0.6394420866141732
20
1.1399453543307085
11
0.6392436220472441
21
1.1398379133858267
0
LINE
8
BLACK
6
CONTINUOUS
10
0.6392436220472441
20
1.1398379133858267
11
0.6391308267716536
21
1.1396424803149605
0
LINE
8
BLACK
6
CONTINUOUS
10
0.6391308267716536
20
1.1396424803149605
11
0.6383740944881889
21
1.1393670866141732
0
LINE
8
BLACK
6
CONTINUOUS
10
0.6383740944881889
20
1.1393670866141732
11
0.6376659448818898
21
1.1389835826771653
0
LINE
8
BLACK
6
CONTINUOUS
10
0.6376659448818898
20
1.1389835826771653
11
0.637444842519685
21
1.1390288582677166
0
LINE
8
BLACK
6
CONTINUOUS
10
0.637444842519685
20
1.1390288582677166
11
0.6372328346456693
21
1.1389516535433071
0
LINE
8
BLACK
6
CONTINUOUS
10
0.6372328346456693
20
1.1389516535433071
11
0.6251874409448819
21
1.1389516535433071
0
LINE
8
BLACK
6
CONTINUOUS
10
0.6251874409448819
20
1.1389516535433071
11
0.6251874409448819
21
1.1314057086614173
0
LINE
8
BLACK
6
CONTINUOUS
10
0.6251874409448819
20
1.1314057086614173
11
0.6251790157480315
21
1.1313581102362205
0
LINE
8
BLACK
6
CONTINUOUS
10
0.6251790157480315
20
1.1313581102362205
11
0.6281615748031496
21
1.1292703149606298
0
LINE
8
BLACK
6
CONTINUOUS
10
0.6281615748031496
20
1.1292703149606298
11
0.6288868503937007
21
1.1285452755905512
0
LINE
8
BLACK
6
CONTINUOUS
10
0.6288868503937007
20
1.1285452755905512
11
0.629409842519685
21
1.1265943700787402
0
LINE
8
BLACK
6
CONTINUOUS
10
0.629409842519685
20
1.1265943700787402
11
0.6285564960629921
21
1.1247636614173229
0
LINE
8
BLACK
6
CONTINUOUS
10
0.6285564960629921
20
1.1247636614173229
11
0.626726062992126
21
1.123909842519685
0
LINE
8
BLACK
6
CONTINUOUS
10
0.626726062992126
20
1.123909842519685
11
0.624775
21
1.1244323228346456
0
LINE
8
BLACK
6
CONTINUOUS
10
0.624775
20
1.1244323228346456
11
0.6142251574803149
21
1.1318172047244095
0
LINE
8
BLACK
6
CONTINUOUS
10
0.6142251574803149
20
1.1318172047244095
11
0.6141313385826771
21
1.1317053937007873
0
LINE
8
BLACK
6
CONTINUOUS
10
0.6141313385826771
20
1.1317053937007873
11
0.6141111811023622
21
1.1315300393700787
0
LINE
8
BLACK
6
CONTINUOUS
10
0.6141111811023622
20
1.1315300393700787
11
0.6126113779527559
21
1.1285304330708661
0
LINE
8
BLACK
6
CONTINUOUS
10
0.6126113779527559
20
1.1285304330708661
11
0.6120854724409449
21
1.1278213779527559
0
LINE
8
BLACK
6
CONTINUOUS
10
0.6120854724409449
20
1.1278213779527559
11
0.6120582677165354
21
1.1277630314960629
0
LINE
8
BLACK
6
CONTINUOUS
10
0.6120582677165354
20
1.1277630314960629
11
0.6105584645669291
21
1.1262632283464566
0
LINE
8
BLACK
6
CONTINUOUS
10
0.6105584645669291
20
1.1262632283464566
11
0.6098353543307087
21
1.125756968503937
0
LINE
8
BLACK
6
CONTINUOUS
10
0.6098353543307087
20
1.125756968503937
11
0.6097910629921259
21
1.1257101181102362
0
LINE
8
BLACK
6
CONTINUOUS
10
0.6097910629921259
20
1.1257101181102362
11
0.6067914173228346
21
1.1242102755905512
0
LINE
8
BLACK
6
CONTINUOUS
10
0.6067914173228346
20
1.1242102755905512
11
0.6058085039370079
21
1.1239179133858268
0
LINE
8
BLACK
6
CONTINUOUS
10
0.6058085039370079
20
1.1239179133858268
11
0.6056367716535433
21
1.123958937007874
0
LINE
8
BLACK
6
CONTINUOUS
10
0.6056367716535433
20
1.123958937007874
11
0.605470905511811
21
1.1238985433070865
0
LINE
8
BLACK
6
CONTINUOUS
10
0.605470905511811
20
1.1238985433070865
11
0.6009714960629922
21
1.1238985433070865
0
LINE
8
BLACK
6
CONTINUOUS
10
0.6009714960629922
20
1.1238985433070865
11
0.5999615748031496
21
1.1240766141732284
0
LINE
8
BLACK
6
CONTINUOUS
10
0.5999615748031496
20
1.1240766141732284
11
0.5998262992125984
21
1.1241901181102363
0
LINE
8
BLACK
6
CONTINUOUS
10
0.5998262992125984
20
1.1241901181102363
11
0.5996509448818897
21
1.1242102755905512
0
LINE
8
BLACK
6
CONTINUOUS
10
0.5996509448818897
20
1.1242102755905512
11
0.5966513385826772
21
1.1257101181102362
0
LINE
8
BLACK
6
CONTINUOUS
10
0.5966513385826772
20
1.1257101181102362
11
0.5959424015748032
21
1.1262359842519685
0
LINE
8
BLACK
6
CONTINUOUS
10
0.5959424015748032
20
1.1262359842519685
11
0.595883937007874
21
1.1262632283464566
0
LINE
8
BLACK
6
CONTINUOUS
10
0.595883937007874
20
1.1262632283464566
11
0.5943841338582677
21
1.1277630314960629
0
LINE
8
BLACK
6
CONTINUOUS
10
0.5943841338582677
20
1.1277630314960629
11
0.5938778346456692
21
1.1284861417322833
0
LINE
8
BLACK
6
CONTINUOUS
10
0.5938778346456692
20
1.1284861417322833
11
0.5938310236220472
21
1.1285304330708661
0
LINE
8
BLACK
6
CONTINUOUS
10
0.5938310236220472
20
1.1285304330708661
11
0.5923312204724409
21
1.1315300393700787
0
LINE
8
BLACK
6
CONTINUOUS
10
0.5923312204724409
20
1.1315300393700787
11
0.5920388582677165
21
1.1325129921259842
0
LINE
8
BLACK
6
CONTINUOUS
10
0.5920388582677165
20
1.1325129921259842
11
0.592079842519685
21
1.1326846850393701
0
LINE
8
BLACK
6
CONTINUOUS
10
0.592079842519685
20
1.1326846850393701
11
0.5920194881889763
21
1.1328505511811022
0
LINE
8
BLACK
6
CONTINUOUS
10
0.5920194881889763
20
1.1328505511811022
11
0.5920194881889763
21
1.1448490551181103
0
LINE
8
BLACK
6
CONTINUOUS
10
0.5920194881889763
20
1.1448490551181103
11
0.5920870866141732
21
1.1452325984251968
0
LINE
8
BLACK
6
CONTINUOUS
10
0.5920870866141732
20
1.1452325984251968
11
0.5920643307086614
21
1.1453618110236221
0
LINE
8
BLACK
6
CONTINUOUS
10
0.5920643307086614
20
1.1453618110236221
11
0.5921299212598425
21
1.1454754330708661
0
LINE
8
BLACK
6
CONTINUOUS
10
0.5921299212598425
20
1.1454754330708661
11
0.5921975590551181
21
1.1458589763779528
0
LINE
8
BLACK
6
CONTINUOUS
10
0.5921975590551181
20
1.1458589763779528
11
0.5926906692913386
21
1.1464466929133859
0
LINE
8
BLACK
6
CONTINUOUS
10
0.5926906692913386
20
1.1464466929133859
11
0.5930742519685039
21
1.1471109842519684
0
LINE
8
BLACK
6
CONTINUOUS
10
0.5930742519685039
20
1.1471109842519684
11
0.5933245669291338
21
1.147202125984252
0
LINE
8
BLACK
6
CONTINUOUS
10
0.5933245669291338
20
1.147202125984252
11
0.5934958661417322
21
1.1474062204724409
0
LINE
8
BLACK
6
CONTINUOUS
10
0.5934958661417322
20
1.1474062204724409
11
0.5942514173228346
21
1.1475394881889764
0
LINE
8
BLACK
6
CONTINUOUS
10
0.5942514173228346
20
1.1475394881889764
11
0.5949722440944881
21
1.1478018110236221
0
LINE
8
BLACK
6
CONTINUOUS
10
0.5949722440944881
20
1.1478018110236221
11
0.6192819291338583
21
1.1478018110236221
0
LINE
8
BLACK
6
CONTINUOUS
10
0.6192819291338583
20
1.1478018110236221
11
0.6192819291338583
21
1.1524031102362204
0
LINE
8
BLACK
6
CONTINUOUS
10
0.6192819291338583
20
1.1524031102362204
11
0.61946
21
1.1534130314960629
0
LINE
8
BLACK
6
CONTINUOUS
10
0.61946
20
1.1534130314960629
11
0.6207583070866142
21
1.1549602755905513
0
LINE
8
BLACK
6
CONTINUOUS
10
0.6207583070866142
20
1.1549602755905513
11
0.6227474409448819
21
1.1553110236220472
0
LINE
8
BLACK
6
CONTINUOUS
10
0.6227474409448819
20
1.1553110236220472
11
0.6244966141732283
21
1.1543011023622047
0
LINE
8
BLACK
6
CONTINUOUS
10
0.6244966141732283
20
1.1543011023622047
11
0.6251874409448819
21
1.1524031102362204
0
LINE
8
BLACK
6
CONTINUOUS
10
0.6251874409448819
20
1.1524031102362204
11
0.6251874409448819
21
1.1478018110236221
0
LINE
8
BLACK
6
CONTINUOUS
10
0.6251874409448819
20
1.1478018110236221
11
0.6264683070866142
21
1.1478018110236221
0
LINE
8
BLACK
6
CONTINUOUS
10
0.6264683070866142
20
1.1478018110236221
11
0.6274782283464567
21
1.1476237401574803
0
LINE
8
BLACK
6
CONTINUOUS
10
0.6274782283464567
20
1.1476237401574803
11
0.6290254724409449
21
1.1463254330708661
0
LINE
8
BLACK
6
CONTINUOUS
10
0.6290254724409449
20
1.1463254330708661
11
0.6292843700787402
21
1.1448571653543307
0
LINE
8
BLACK
6
CONTINUOUS
10
0.6292843700787402
20
1.1448571653543307
11
0.6331361023622047
21
1.1448571653543307
0
LINE
8
BLACK
6
CONTINUOUS
10
0.6331361023622047
20
1.1448571653543307
11
0.627588937007874
21
1.1614985826771653
0
LINE
8
BLACK
6
CONTINUOUS
10
0.627588937007874
20
1.1614985826771653
11
0.6270835433070866
21
1.1608172047244094
0
LINE
8
BLACK
6
CONTINUOUS
10
0.6270835433070866
20
1.1608172047244094
11
0.6270563779527559
21
1.1607588582677164
0
LINE
8
BLACK
6
CONTINUOUS
10
0.6270563779527559
20
1.1607588582677164
11
0.6255565354330709
21
1.1592590551181101
0
LINE
8
BLACK
6
CONTINUOUS
10
0.6255565354330709
20
1.1592590551181101
11
0.6248334645669291
21
1.1587527952755905
0
LINE
8
BLACK
6
CONTINUOUS
10
0.6248334645669291
20
1.1587527952755905
11
0.6247891732283465
21
1.1587059842519685
0
LINE
8
BLACK
6
CONTINUOUS
10
0.6247891732283465
20
1.1587059842519685
11
0.6217895669291339
21
1.1572061811023622
0
LINE
8
BLACK
6
CONTINUOUS
10
0.6217895669291339
20
1.1572061811023622
11
0.6213011023622047
21
1.1570609055118111
0
LINE
8
BLACK
6
CONTINUOUS
10
0.6213011023622047
20
1.1570609055118111
11
0.6211851968503936
21
1.1569825984251969
0
LINE
8
BLACK
6
CONTINUOUS
10
0.6211851968503936
20
1.1569825984251969
11
0.6151859448818897
21
1.1554827952755906
0
LINE
8
BLACK
6
CONTINUOUS
10
0.6151859448818897
20
1.1554827952755906
11
0.614598031496063
21
1.1554413385826772
0
LINE
8
BLACK
6
CONTINUOUS
10
0.614598031496063
20
1.1554413385826772
11
0.6144698031496063
21
1.1553946456692914
0
LINE
8
BLACK
6
CONTINUOUS
10
0.6144698031496063
20
1.1553946456692914
11
0.6069707480314961
21
1.1553946456692914
0
LINE
8
BLACK
6
CONTINUOUS
10
0.6069707480314961
20
1.1553946456692914
11
0.6063903543307086
21
1.1554970078740157
0
LINE
8
BLACK
6
CONTINUOUS
10
0.6063903543307086
20
1.1554970078740157
11
0.6062546062992126
21
1.1554827952755906
0
LINE
8
BLACK
6
CONTINUOUS
10
0.6062546062992126
20
1.1554827952755906
11
0.6002553543307086
21
1.1569825984251969
0
LINE
8
BLACK
6
CONTINUOUS
10
0.6002553543307086
20
1.1569825984251969
11
0.5997898818897638
21
1.1571901968503937
0
LINE
8
BLACK
6
CONTINUOUS
10
0.5997898818897638
20
1.1571901968503937
11
0.5996509842519685
21
1.1572061811023622
0
LINE
8
BLACK
6
CONTINUOUS
10
0.5996509842519685
20
1.1572061811023622
11
0.5966513385826772
21
1.1587059842519685
0
LINE
8
BLACK
6
CONTINUOUS
10
0.5966513385826772
20
1.1587059842519685
11
0.5959422440944881
21
1.1592318897637794
0
LINE
8
BLACK
6
CONTINUOUS
10
0.5959422440944881
20
1.1592318897637794
11
0.595883937007874
21
1.1592590944881889
0
LINE
8
BLACK
6
CONTINUOUS
10
0.595883937007874
20
1.1592590944881889
11
0.5943841338582677
21
1.1607588976377952
0
LINE
8
BLACK
6
CONTINUOUS
10
0.5943841338582677
20
1.1607588976377952
11
0.5938778346456692
21
1.1614820078740158
0
LINE
8
BLACK
6
CONTINUOUS
10
0.5938778346456692
20
1.1614820078740158
11
0.5938310236220472
21
1.1615262992125983
0
LINE
8
BLACK
6
CONTINUOUS
10
0.5938310236220472
20
1.1615262992125983
11
0.5923312204724409
21
1.1645259448818897
0
LINE
8
BLACK
6
CONTINUOUS
10
0.5923312204724409
20
1.1645259448818897
11
0.5920388188976378
21
1.1655088976377952
0
LINE
8
BLACK
6
CONTINUOUS
10
0.5920388188976378
20
1.1655088976377952
11
0.592079842519685
21
1.1656806299212599
0
LINE
8
BLACK
6
CONTINUOUS
10
0.592079842519685
20
1.1656806299212599
11
0.5920194881889763
21
1.1658464566929134
0
LINE
8
BLACK
6
CONTINUOUS
10
0.5920194881889763
20
1.1658464566929134
11
0.5920194881889763
21
1.168846062992126
0
LINE
8
BLACK
6
CONTINUOUS
10
0.5920194881889763
20
1.168846062992126
11
0.5921975590551181
21
1.1698559842519685
0
LINE
8
BLACK
6
CONTINUOUS
10
0.5921975590551181
20
1.1698559842519685
11
0.5923110236220472
21
1.1699912598425197
0
LINE
8
BLACK
6
CONTINUOUS
10
0.5923110236220472
20
1.1699912598425197
11
0.5923312204724409
21
1.1701665748031496
0
LINE
8
BLACK
6
CONTINUOUS
10
0.5923312204724409
20
1.1701665748031496
11
0.5938310236220472
21
1.1731662204724409
0
LINE
8
BLACK
6
CONTINUOUS
10
0.5938310236220472
20
1.1731662204724409
11
0.5943569291338583
21
1.1738753149606298
0
LINE
8
BLACK
6
CONTINUOUS
10
0.5943569291338583
20
1.1738753149606298
11
0.5943841338582677
21
1.1739336220472441
0
LINE
8
BLACK
6
CONTINUOUS
10
0.5943841338582677
20
1.1739336220472441
11
0.595883937007874
21
1.1754334251968503
0
LINE
8
BLACK
6
CONTINUOUS
10
0.595883937007874
20
1.1754334251968503
11
0.5966070078740158
21
1.1759397244094487
0
LINE
8
BLACK
6
CONTINUOUS
10
0.5966070078740158
20
1.1759397244094487
11
0.5966513385826772
21
1.1759865354330707
0
LINE
8
BLACK
6
CONTINUOUS
10
0.5966513385826772
20
1.1759865354330707
11
0.5996509842519685
21
1.177486338582677
0
LINE
8
BLACK
6
CONTINUOUS
10
0.5996509842519685
20
1.177486338582677
11
0.6001394094488189
21
1.1776316535433071
0
LINE
8
BLACK
6
CONTINUOUS
10
0.6001394094488189
20
1.1776316535433071
11
0.6002553149606299
21
1.1777099212598425
0
LINE
8
BLACK
6
CONTINUOUS
10
0.6002553149606299
20
1.1777099212598425
11
0.6062546062992126
21
1.1792097637795276
0
LINE
8
BLACK
6
CONTINUOUS
10
0.6062546062992126
20
1.1792097637795276
11
0.6068424803149606
21
1.1792512598425196
0
LINE
8
BLACK
6
CONTINUOUS
10
0.6068424803149606
20
1.1792512598425196
11
0.6069707480314961
21
1.1792979133858268
0
LINE
8
BLACK
6
CONTINUOUS
10
0.6069707480314961
20
1.1792979133858268
11
0.6144698031496063
21
1.1792979133858268
0
LINE
8
BLACK
6
CONTINUOUS
10
0.6144698031496063
20
1.1792979133858268
11
0.6150501968503936
21
1.1791955905511811
0
LINE
8
BLACK
6
CONTINUOUS
10
0.597925
20
1.1335475984251968
11
0.598898779527559
21
1.1316000393700787
0
LINE
8
BLACK
6
CONTINUOUS
10
0.598898779527559
20
1.1316000393700787
11
0.5997209448818898
21
1.1307778740157479
0
LINE
8
BLACK
6
CONTINUOUS
10
0.5997209448818898
20
1.1307778740157479
11
0.6016685433070866
21
1.1298040551181101
0
LINE
8
BLACK
6
CONTINUOUS
10
0.6016685433070866
20
1.1298040551181101
11
0.6047738582677166
21
1.1298040551181101
0
LINE
8
BLACK
6
CONTINUOUS
10
0.6047738582677166
20
1.1298040551181101
11
0.6067214566929133
21
1.1307779133858267
0
LINE
8
BLACK
6
CONTINUOUS
10
0.6067214566929133
20
1.1307779133858267
11
0.6075436220472441
21
1.1316000393700787
0
LINE
8
BLACK
6
CONTINUOUS
10
0.6075436220472441
20
1.1316000393700787
11
0.6085174015748032
21
1.1335475984251968
0
LINE
8
BLACK
6
CONTINUOUS
10
0.6085174015748032
20
1.1335475984251968
11
0.6085174015748032
21
1.1418962992125985
0
LINE
8
BLACK
6
CONTINUOUS
10
0.6085174015748032
20
1.1418962992125985
11
0.597925
21
1.1418962992125985
0
LINE
8
BLACK
6
CONTINUOUS
10
0.597925
20
1.1418962992125985
11
0.597925
21
1.1335475984251968
0
LINE
8
BLACK
6
CONTINUOUS
10
0.6144229133858268
20
1.1418962992125985
11
0.6144229133858268
21
1.1388874015748032
0
LINE
8
BLACK
6
CONTINUOUS
10
0.6144229133858268
20
1.1388874015748032
11
0.6192819291338583
21
1.1354861023622047
0
LINE
8
BLACK
6
CONTINUOUS
10
0.6192819291338583
20
1.1354861023622047
11
0.6192819291338583
21
1.1389516535433071
0
LINE
8
BLACK
6
CONTINUOUS
10
0.6192819291338583
20
1.1389516535433071
11
0.6177352362204724
21
1.1389516535433071
0
LINE
8
BLACK
6
CONTINUOUS
10
0.6177352362204724
20
1.1389516535433071
11
0.6167253149606299
21
1.1391297244094487
0
LINE
8
BLACK
6
CONTINUOUS
10
0.6167253149606299
20
1.1391297244094487
11
0.6151780708661417
21
1.1404280314960629
0
LINE
8
BLACK
6
CONTINUOUS
10
0.6151780708661417
20
1.1404280314960629
11
0.6149191732283464
21
1.1418962992125985
0
LINE
8
BLACK
6
CONTINUOUS
10
0.6149191732283464
20
1.1418962992125985
11
0.6144229133858268
21
1.1418962992125985
0
LINE
8
BLACK
6
CONTINUOUS
10
0.6020019685039369
20
1.1720593307086613
11
0.599720905511811
21
1.1709187795275591
0
LINE
8
BLACK
6
CONTINUOUS
10
0.599720905511811
20
1.1709187795275591
11
0.598898779527559
21
1.1700966535433071
0
LINE
8
BLACK
6
CONTINUOUS
10
0.598898779527559
20
1.1700966535433071
11
0.597925
21
1.1681490551181102
0
LINE
8
BLACK
6
CONTINUOUS
10
0.597925
20
1.1681490551181102
11
0.597925
21
1.1665435039370078
0
LINE
8
BLACK
6
CONTINUOUS
10
0.597925
20
1.1665435039370078
11
0.598898779527559
21
1.1645959055118109
0
LINE
8
BLACK
6
CONTINUOUS
10
0.598898779527559
20
1.1645959055118109
11
0.599720905511811
21
1.1637737795275591
0
LINE
8
BLACK
6
CONTINUOUS
10
0.599720905511811
20
1.1637737795275591
11
0.6020020078740157
21
1.1626332283464567
0
LINE
8
BLACK
6
CONTINUOUS
10
0.6020020078740157
20
1.1626332283464567
11
0.6073342913385826
21
1.161300157480315
0
LINE
8
BLACK
6
CONTINUOUS
10
0.6073342913385826
20
1.161300157480315
11
0.6141062598425197
21
1.161300157480315
0
LINE
8
BLACK
6
CONTINUOUS
10
0.6141062598425197
20
1.161300157480315
11
0.6194385039370078
21
1.1626332283464567
0
LINE
8
BLACK
6
CONTINUOUS
10
0.6194385039370078
20
1.1626332283464567
11
0.6217195669291339
21
1.1637737795275591
0
LINE
8
BLACK
6
CONTINUOUS
10
0.6217195669291339
20
1.1637737795275591
11
0.6225417716535433
21
1.1645959448818897
0
LINE
8
BLACK
6
CONTINUOUS
10
0.6225417716535433
20
1.1645959448818897
11
0.6235155511811024
21
1.1665435039370078
0
LINE
8
BLACK
6
CONTINUOUS
10
0.6235155511811024
20
1.1665435039370078
11
0.6235155511811024
21
1.1681490551181102
0
LINE
8
BLACK
6
CONTINUOUS
10
0.6235155511811024
20
1.1681490551181102
11
0.6225417716535433
21
1.1700966141732283
0
LINE
8
BLACK
6
CONTINUOUS
10
0.6225417716535433
20
1.1700966141732283
11
0.6217195669291339
21
1.1709187795275591
0
LINE
8
BLACK
6
CONTINUOUS
10
0.6217195669291339
20
1.1709187795275591
11
0.6194384645669291
21
1.1720593307086613
0
LINE
8
BLACK
6
CONTINUOUS
10
0.6194384645669291
20
1.1720593307086613
11
0.6141062204724409
21
1.1733924015748032
0
LINE
8
BLACK
6
CONTINUOUS
10
0.6141062204724409
20
1.1733924015748032
11
0.6073343307086614
21
1.1733924015748032
0
LINE
8
BLACK
6
CONTINUOUS
10
0.6073343307086614
20
1.1733924015748032
11
0.6020019685039369
21
1.1720593307086613
0
LINE
8
BLACK
6
CONTINUOUS
10
0.9763864566929134
20
1.1618499212598425
11
0.9765157086614173
21
1.1618726771653543
0
LINE
8
BLACK
6
CONTINUOUS
10
0.9765157086614173
20
1.1618726771653543
11
0.9766292913385827
21
1.1618070866141732
0
LINE
8
BLACK
6
CONTINUOUS
10
0.9766292913385827
20
1.1618070866141732
11
0.977012874015748
21
1.1617394488188977
0
LINE
8
BLACK
6
CONTINUOUS
10
0.977012874015748
20
1.1617394488188977
11
0.9776005511811023
21
1.1612463385826772
0
LINE
8
BLACK
6
CONTINUOUS
10
0.9776005511811023
20
1.1612463385826772
11
0.9782648818897638
21
1.1608627559055118
0
LINE
8
BLACK
6
CONTINUOUS
10
0.9782648818897638
20
1.1608627559055118
11
0.9783559842519685
21
1.1606124409448819
0
LINE
8
BLACK
6
CONTINUOUS
10
0.9783559842519685
20
1.1606124409448819
11
0.9785601181102362
21
1.1604411417322835
0
LINE
8
BLACK
6
CONTINUOUS
10
0.9785601181102362
20
1.1604411417322835
11
0.9786933464566929
21
1.1596855905511811
0
LINE
8
BLACK
6
CONTINUOUS
10
0.9786933464566929
20
1.1596855905511811
11
0.9789557086614173
21
1.1589647637795275
0
LINE
8
BLACK
6
CONTINUOUS
10
0.9789557086614173
20
1.1589647637795275
11
0.9789557086614173
21
1.1274687007874016
0
LINE
8
BLACK
6
CONTINUOUS
10
0.9789557086614173
20
1.1274687007874016
11
0.9788880708661417
21
1.1270851968503937
0
LINE
8
BLACK
6
CONTINUOUS
10
0.9788880708661417
20
1.1270851968503937
11
0.9789108661417323
21
1.1269559448818898
0
LINE
8
BLACK
6
CONTINUOUS
10
0.9789108661417323
20
1.1269559448818898
11
0.9788452362204724
21
1.1268423622047243
0
LINE
8
BLACK
6
CONTINUOUS
10
0.9788452362204724
20
1.1268423622047243
11
0.9787776377952756
21
1.1264587795275591
0
LINE
8
BLACK
6
CONTINUOUS
10
0.9787776377952756
20
1.1264587795275591
11
0.9782844881889764
21
1.1258711023622048
0
LINE
8
BLACK
6
CONTINUOUS
10
0.9782844881889764
20
1.1258711023622048
11
0.9779009448818897
21
1.1252067716535432
0
LINE
8
BLACK
6
CONTINUOUS
10
0.9779009448818897
20
1.1252067716535432
11
0.9776505905511811
21
1.1251156692913387
0
LINE
8
BLACK
6
CONTINUOUS
10
0.9776505905511811
20
1.1251156692913387
11
0.9774793307086614
21
1.1249115354330708
0
LINE
8
BLACK
6
CONTINUOUS
10
0.9774793307086614
20
1.1249115354330708
11
0.9767237401574803
21
1.1247783070866142
0
LINE
8
BLACK
6
CONTINUOUS
10
0.9767237401574803
20
1.1247783070866142
11
0.9760029527559055
21
1.1245159448818898
0
LINE
8
BLACK
6
CONTINUOUS
10
0.9760029527559055
20
1.1245159448818898
11
0.9685038976377952
21
1.1245159448818898
0
LINE
8
BLACK
6
CONTINUOUS
10
0.9685038976377952
20
1.1245159448818898
11
0.9676344881889763
21
1.124669251968504
0
LINE
8
BLACK
6
CONTINUOUS
10
0.9676344881889763
20
1.124669251968504
11
0.9675701574803149
21
1.1246674803149606
0
LINE
8
BLACK
6
CONTINUOUS
10
0.9675701574803149
20
1.1246674803149606
11
0.9630707086614173
21
1.1261672834645668
0
LINE
8
BLACK
6
CONTINUOUS
10
0.9630707086614173
20
1.1261672834645668
11
0.962168937007874
21
1.1266555511811023
0
LINE
8
BLACK
6
CONTINUOUS
10
0.962168937007874
20
1.1266555511811023
11
0.9620764960629921
21
1.1268060236220472
0
LINE
8
BLACK
6
CONTINUOUS
10
0.9620764960629921
20
1.1268060236220472
11
0.9619165354330709
21
1.1268805905511812
0
LINE
8
BLACK
6
CONTINUOUS
10
0.9619165354330709
20
1.1268805905511812
11
0.9589169291338583
21
1.1298802362204725
0
LINE
8
BLACK
6
CONTINUOUS
10
0.9589169291338583
20
1.1298802362204725
11
0.9584105118110235
21
1.1306034251968504
0
LINE
8
BLACK
6
CONTINUOUS
10
0.9584105118110235
20
1.1306034251968504
11
0.9583638188976378
21
1.1306476377952757
0
LINE
8
BLACK
6
CONTINUOUS
10
0.9583638188976378
20
1.1306476377952757
11
0.9568640157480315
21
1.1336472440944882
0
LINE
8
BLACK
6
CONTINUOUS
10
0.9568640157480315
20
1.1336472440944882
11
0.9567187401574803
21
1.1341356299212597
0
LINE
8
BLACK
6
CONTINUOUS
10
0.9567187401574803
20
1.1341356299212597
11
0.9566404330708661
21
1.1342515748031496
0
LINE
8
BLACK
6
CONTINUOUS
10
0.9566404330708661
20
1.1342515748031496
11
0.9551405905511811
21
1.1402508267716536
0
LINE
8
BLACK
6
CONTINUOUS
10
0.9551405905511811
20
1.1402508267716536
11
0.955099094488189
21
1.140838779527559
0
LINE
8
BLACK
6
CONTINUOUS
10
0.955099094488189
20
1.140838779527559
11
0.9550524409448818
21
1.1409670078740157
0
LINE
8
BLACK
6
CONTINUOUS
10
0.9550524409448818
20
1.1409670078740157
11
0.9550524409448818
21
1.1454664566929134
0
LINE
8
BLACK
6
CONTINUOUS
10
0.9550524409448818
20
1.1454664566929134
11
0.9551547637795276
21
1.1460468897637794
0
LINE
8
BLACK
6
CONTINUOUS
10
0.9551547637795276
20
1.1460468897637794
11
0.9551405905511811
21
1.1461826377952755
0
LINE
8
BLACK
6
CONTINUOUS
10
0.9551405905511811
20
1.1461826377952755
11
0.9566404330708661
21
1.1521818897637794
0
LINE
8
BLACK
6
CONTINUOUS
10
0.9566404330708661
20
1.1521818897637794
11
0.956848031496063
21
1.1526474015748032
0
LINE
8
BLACK
6
CONTINUOUS
10
0.956848031496063
20
1.1526474015748032
11
0.9568640157480315
21
1.1527862204724408
0
LINE
8
BLACK
6
CONTINUOUS
10
0.9568640157480315
20
1.1527862204724408
11
0.9583638188976378
21
1.1557858661417322
0
LINE
8
BLACK
6
CONTINUOUS
10
0.9583638188976378
20
1.1557858661417322
11
0.9588897244094488
21
1.1564949606299213
0
LINE
8
BLACK
6
CONTINUOUS
10
0.9588897244094488
20
1.1564949606299213
11
0.9589169291338583
21
1.1565532677165353
0
LINE
8
BLACK
6
CONTINUOUS
10
0.9589169291338583
20
1.1565532677165353
11
0.9619165354330709
21
1.1595528740157479
0
LINE
8
BLACK
6
CONTINUOUS
10
0.9619165354330709
20
1.1595528740157479
11
0.9627565748031496
21
1.1601411023622048
0
LINE
8
BLACK
6
CONTINUOUS
10
0.9627565748031496
20
1.1601411023622048
11
0.9629324803149606
21
1.1601564960629922
0
LINE
8
BLACK
6
CONTINUOUS
10
0.9629324803149606
20
1.1601564960629922
11
0.9630707086614173
21
1.1602661811023622
0
LINE
8
BLACK
6
CONTINUOUS
10
0.9630707086614173
20
1.1602661811023622
11
0.9675701574803149
21
1.1617659842519685
0
LINE
8
BLACK
6
CONTINUOUS
10
0.9675701574803149
20
1.1617659842519685
11
0.9684433070866142
21
1.1618954724409449
0
LINE
8
BLACK
6
CONTINUOUS
10
0.9684433070866142
20
1.1618954724409449
11
0.9685038976377952
21
1.1619175196850393
0
LINE
8
BLACK
6
CONTINUOUS
10
0.9685038976377952
20
1.1619175196850393
11
0.9760029527559055
21
1.1619175196850393
0
LINE
8
BLACK
6
CONTINUOUS
10
0.9760029527559055
20
1.1619175196850393
11
0.9763864566929134
21
1.1618499212598425
0
LINE
8
BLACK
6
CONTINUOUS
10
0.9655994488188976
20
1.1548841732283464
11
0.9634315748031496
21
1.1527162992125983
0
LINE
8
BLACK
6
CONTINUOUS
10
0.9634315748031496
20
1.1527162992125983
11
0.9622910236220472
21
1.1504351968503936
0
LINE
8
BLACK
6
CONTINUOUS
10
0.9622910236220472
20
1.1504351968503936
11
0.9609579527559055
21
1.1451028740157481
0
LINE
8
BLACK
6
CONTINUOUS
10
0.9609579527559055
20
1.1451028740157481
11
0.9609579527559055
21
1.1413306299212598
0
LINE
8
BLACK
6
CONTINUOUS
10
0.9609579527559055
20
1.1413306299212598
11
0.9622910236220472
21
1.135998346456693
0
LINE
8
BLACK
6
CONTINUOUS
10
0.9622910236220472
20
1.135998346456693
11
0.9634315748031496
21
1.1337172440944883
0
LINE
8
BLACK
6
CONTINUOUS
10
0.9634315748031496
20
1.1337172440944883
11
0.9655994881889763
21
1.1315492913385827
0
LINE
8
BLACK
6
CONTINUOUS
10
0.9655994881889763
20
1.1315492913385827
11
0.968983031496063
21
1.1304214566929134
0
LINE
8
BLACK
6
CONTINUOUS
10
0.968983031496063
20
1.1304214566929134
11
0.9730501968503937
21
1.1304214566929134
0
LINE
8
BLACK
6
CONTINUOUS
10
0.9730501968503937
20
1.1304214566929134
11
0.9730501968503937
21
1.1560120078740157
0
LINE
8
BLACK
6
CONTINUOUS
10
0.9730501968503937
20
1.1560120078740157
11
0.968983031496063
21
1.1560120078740157
0
LINE
8
BLACK
6
CONTINUOUS
10
0.968983031496063
20
1.1560120078740157
11
0.9655994488188976
21
1.1548841732283464
0
LINE
8
BLACK
6
CONTINUOUS
10
0.9400533070866142
20
1.1629804330708662
11
0.9413088582677165
21
1.1613983070866141
0
LINE
8
BLACK
6
CONTINUOUS
10
0.9413088582677165
20
1.1613983070866141
11
0.9488079527559055
21
1.1389011417322834
0
LINE
8
BLACK
6
CONTINUOUS
10
0.9488079527559055
20
1.1389011417322834
11
0.9489583858267716
21
1.1378867716535432
0
LINE
8
BLACK
6
CONTINUOUS
10
0.9489583858267716
20
1.1378867716535432
11
0.9488754330708661
21
1.1376769291338582
0
LINE
8
BLACK
6
CONTINUOUS
10
0.9488754330708661
20
1.1376769291338582
11
0.9489146456692913
21
1.1374546456692913
0
LINE
8
BLACK
6
CONTINUOUS
10
0.9489146456692913
20
1.1374546456692913
11
0.9485118897637795
21
1.1367571653543307
0
LINE
8
BLACK
6
CONTINUOUS
10
0.9485118897637795
20
1.1367571653543307
11
0.9482159842519685
21
1.1360083464566928
0
LINE
8
BLACK
6
CONTINUOUS
10
0.9482159842519685
20
1.1360083464566928
11
0.9480175196850393
21
1.135900905511811
0
LINE
8
BLACK
6
CONTINUOUS
10
0.9480175196850393
20
1.135900905511811
11
0.9479047244094488
21
1.1357054724409448
0
LINE
8
BLACK
6
CONTINUOUS
10
0.9479047244094488
20
1.1357054724409448
11
0.9471479921259842
21
1.1354300787401574
0
LINE
8
BLACK
6
CONTINUOUS
10
0.9471479921259842
20
1.1354300787401574
11
0.946439842519685
21
1.1350465748031495
0
LINE
8
BLACK
6
CONTINUOUS
10
0.946439842519685
20
1.1350465748031495
11
0.9462187401574803
21
1.1350918503937009
0
LINE
8
BLACK
6
CONTINUOUS
10
0.9462187401574803
20
1.1350918503937009
11
0.9460067322834645
21
1.1350146456692913
0
LINE
8
BLACK
6
CONTINUOUS
10
0.9460067322834645
20
1.1350146456692913
11
0.9339613385826772
21
1.1350146456692913
0
LINE
8
BLACK
6
CONTINUOUS
10
0.9339613385826772
20
1.1350146456692913
11
0.9339613385826772
21
1.1274687007874016
0
LINE
8
BLACK
6
CONTINUOUS
10
0.9339613385826772
20
1.1274687007874016
11
0.9337832677165354
21
1.1264587795275591
0
LINE
8
BLACK
6
CONTINUOUS
10
0.9337832677165354
20
1.1264587795275591
11
0.9324849606299213
21
1.1249115354330708
0
LINE
8
BLACK
6
CONTINUOUS
10
0.9324849606299213
20
1.1249115354330708
11
0.9304958267716535
21
1.1245607874015748
0
LINE
8
BLACK
6
CONTINUOUS
10
0.9304958267716535
20
1.1245607874015748
11
0.9287466535433071
21
1.1255707086614173
0
LINE
8
BLACK
6
CONTINUOUS
10
0.9287466535433071
20
1.1255707086614173
11
0.9280558267716535
21
1.1274687007874016
0
LINE
8
BLACK
6
CONTINUOUS
10
0.9280558267716535
20
1.1274687007874016
11
0.9280558267716535
21
1.1350146456692913
0
LINE
8
BLACK
6
CONTINUOUS
10
0.9280558267716535
20
1.1350146456692913
11
0.9265091338582677
21
1.1350146456692913
0
LINE
8
BLACK
6
CONTINUOUS
10
0.9265091338582677
20
1.1350146456692913
11
0.9254992125984252
21
1.135192716535433
0
LINE
8
BLACK
6
CONTINUOUS
10
0.9254992125984252
20
1.135192716535433
11
0.923951968503937
21
1.1364910236220471
0
LINE
8
BLACK
6
CONTINUOUS
10
0.923951968503937
20
1.1364910236220471
11
0.923601220472441
21
1.1384801574803149
0
LINE
8
BLACK
6
CONTINUOUS
10
0.923601220472441
20
1.1384801574803149
11
0.9246111417322834
21
1.1402293307086613
0
LINE
8
BLACK
6
CONTINUOUS
10
0.9246111417322834
20
1.1402293307086613
11
0.9265091338582677
21
1.1409201574803149
0
LINE
8
BLACK
6
CONTINUOUS
10
0.9265091338582677
20
1.1409201574803149
11
0.9280558267716535
21
1.1409201574803149
0
LINE
8
BLACK
6
CONTINUOUS
10
0.9280558267716535
20
1.1409201574803149
11
0.9280558267716535
21
1.1484661023622047
0
LINE
8
BLACK
6
CONTINUOUS
10
0.9280558267716535
20
1.1484661023622047
11
0.9282338976377953
21
1.1494760236220471
0
LINE
8
BLACK
6
CONTINUOUS
10
0.9282338976377953
20
1.1494760236220471
11
0.9295322047244094
21
1.1510232677165355
0
LINE
8
BLACK
6
CONTINUOUS
10
0.9295322047244094
20
1.1510232677165355
11
0.9315213385826772
21
1.1513740157480314
0
LINE
8
BLACK
6
CONTINUOUS
10
0.9315213385826772
20
1.1513740157480314
11
0.9332705118110236
21
1.150364094488189
0
LINE
8
BLACK
6
CONTINUOUS
10
0.9332705118110236
20
1.150364094488189
11
0.9339613385826772
21
1.1484661023622047
0
LINE
8
BLACK
6
CONTINUOUS
10
0.9339613385826772
20
1.1484661023622047
11
0.9339613385826772
21
1.1409201574803149
0
LINE
8
BLACK
6
CONTINUOUS
10
0.9339613385826772
20
1.1409201574803149
11
0.94191
21
1.1409201574803149
0
LINE
8
BLACK
6
CONTINUOUS
10
0.94191
20
1.1409201574803149
11
0.9357064173228347
21
1.1595308267716535
0
LINE
8
BLACK
6
CONTINUOUS
10
0.9357064173228347
20
1.1595308267716535
11
0.9355559842519685
21
1.1605452362204725
0
LINE
8
BLACK
6
CONTINUOUS
10
0.9355559842519685
20
1.1605452362204725
11
0.9362983858267716
21
1.1624236220472441
0
LINE
8
BLACK
6
CONTINUOUS
10
0.9362983858267716
20
1.1624236220472441
11
0.9380745275590551
21
1.1633853937007874
0
LINE
8
BLACK
6
CONTINUOUS
10
0.9380745275590551
20
1.1633853937007874
11
0.9400533070866142
21
1.1629804330708662
0
LINE
8
BLACK
6
CONTINUOUS
10
0.65889
20
1.1657248031496064
11
0.6590594094488189
21
1.1657357086614173
0
LINE
8
BLACK
6
CONTINUOUS
10
0.6590594094488189
20
1.1657357086614173
11
0.6597499999999999
21
1.1652282677165353
0
LINE
8
BLACK
6
CONTINUOUS
10
0.6597499999999999
20
1.1652282677165353
11
0.660492125984252
21
1.1647997637795275
0
LINE
8
BLACK
6
CONTINUOUS
10
0.660492125984252
20
1.1647997637795275
11
0.660550157480315
21
1.1646402755905512
0
LINE
8
BLACK
6
CONTINUOUS
10
0.660550157480315
20
1.1646402755905512
11
0.6606870472440944
21
1.1645396850393701
0
LINE
8
BLACK
6
CONTINUOUS
10
0.6606870472440944
20
1.1645396850393701
11
0.6635245275590551
21
1.1602834645669291
0
LINE
8
BLACK
6
CONTINUOUS
10
0.6635245275590551
20
1.1602834645669291
11
0.6659785433070866
21
1.1578294881889764
0
LINE
8
BLACK
6
CONTINUOUS
10
0.6659785433070866
20
1.1578294881889764
11
0.6685496062992126
21
1.1565439370078741
0
LINE
8
BLACK
6
CONTINUOUS
10
0.6685496062992126
20
1.1565439370078741
11
0.6693732677165354
21
1.155933031496063
0
LINE
8
BLACK
6
CONTINUOUS
10
0.6693732677165354
20
1.155933031496063
11
0.6701765354330709
21
1.154079842519685
0
LINE
8
BLACK
6
CONTINUOUS
10
0.6701765354330709
20
1.154079842519685
11
0.6696007086614173
21
1.1521438582677166
0
LINE
8
BLACK
6
CONTINUOUS
10
0.6696007086614173
20
1.1521438582677166
11
0.6679151574803149
21
1.1510309842519684
0
LINE
8
BLACK
6
CONTINUOUS
10
0.6679151574803149
20
1.1510309842519684
11
0.6659085826771654
21
1.1512618897637794
0
LINE
8
BLACK
6
CONTINUOUS
10
0.6659085826771654
20
1.1512618897637794
11
0.662908937007874
21
1.1527616929133857
0
LINE
8
BLACK
6
CONTINUOUS
10
0.662908937007874
20
1.1527616929133857
11
0.6621998818897638
21
1.1532875984251969
0
LINE
8
BLACK
6
CONTINUOUS
10
0.6621998818897638
20
1.1532875984251969
11
0.6621415354330709
21
1.1533148031496063
0
LINE
8
BLACK
6
CONTINUOUS
10
0.6621415354330709
20
1.1533148031496063
11
0.6611829527559056
21
1.1542734251968503
0
LINE
8
BLACK
6
CONTINUOUS
10
0.6611829527559056
20
1.1542734251968503
11
0.6611829527559056
21
1.1343584645669291
0
LINE
8
BLACK
6
CONTINUOUS
10
0.6611829527559056
20
1.1343584645669291
11
0.667229094488189
21
1.1343584645669291
0
LINE
8
BLACK
6
CONTINUOUS
10
0.667229094488189
20
1.1343584645669291
11
0.6682390157480315
21
1.1341803937007873
0
LINE
8
BLACK
6
CONTINUOUS
10
0.6682390157480315
20
1.1341803937007873
11
0.6697862598425197
21
1.1328820866141731
0
LINE
8
BLACK
6
CONTINUOUS
10
0.6697862598425197
20
1.1328820866141731
11
0.6701370078740158
21
1.1308929527559055
0
LINE
8
BLACK
6
CONTINUOUS
10
0.6701370078740158
20
1.1308929527559055
11
0.6691270866141732
21
1.129143779527559
0
LINE
8
BLACK
6
CONTINUOUS
10
0.6691270866141732
20
1.129143779527559
11
0.667229094488189
21
1.1284529527559055
0
LINE
8
BLACK
6
CONTINUOUS
10
0.667229094488189
20
1.1284529527559055
11
0.6492313385826771
21
1.1284529527559055
0
LINE
8
BLACK
6
CONTINUOUS
10
0.6492313385826771
20
1.1284529527559055
11
0.6482214173228347
21
1.1286310236220471
0
LINE
8
BLACK
6
CONTINUOUS
10
0.6482214173228347
20
1.1286310236220471
11
0.6466741732283464
21
1.1299293307086613
0
LINE
8
BLACK
6
CONTINUOUS
10
0.6466741732283464
20
1.1299293307086613
11
0.6463234251968504
21
1.1319184645669291
0
LINE
8
BLACK
6
CONTINUOUS
10
0.6463234251968504
20
1.1319184645669291
11
0.6473333464566929
21
1.1336676377952755
0
LINE
8
BLACK
6
CONTINUOUS
10
0.6473333464566929
20
1.1336676377952755
11
0.6492313385826771
21
1.1343584645669291
0
LINE
8
BLACK
6
CONTINUOUS
10
0.6492313385826771
20
1.1343584645669291
11
0.6552774409448818
21
1.1343584645669291
0
LINE
8
BLACK
6
CONTINUOUS
10
0.6552774409448818
20
1.1343584645669291
11
0.6552774409448818
21
1.1629017716535432
0
LINE
8
BLACK
6
CONTINUOUS
10
0.6552774409448818
20
1.1629017716535432
11
0.6554555118110236
21
1.1639116929133857
0
LINE
8
BLACK
6
CONTINUOUS
10
0.6554555118110236
20
1.1639116929133857
11
0.6555646456692913
21
1.1640417716535434
0
LINE
8
BLACK
6
CONTINUOUS
10
0.6555646456692913
20
1.1640417716535434
11
0.6555833070866142
21
1.1642105118110235
0
LINE
8
BLACK
6
CONTINUOUS
10
0.6555833070866142
20
1.1642105118110235
11
0.6562029921259842
21
1.1648025590551181
0
LINE
8
BLACK
6
CONTINUOUS
10
0.6562029921259842
20
1.1648025590551181
11
0.6567538188976377
21
1.1654589370078741
0
LINE
8
BLACK
6
CONTINUOUS
10
0.6567538188976377
20
1.1654589370078741
11
0.6569209842519685
21
1.1654884251968505
0
LINE
8
BLACK
6
CONTINUOUS
10
0.6569209842519685
20
1.1654884251968505
11
0.657043779527559
21
1.1656057086614173
0
LINE
8
BLACK
6
CONTINUOUS
10
0.657043779527559
20
1.1656057086614173
11
0.6578989763779527
21
1.1656608661417323
0
LINE
8
BLACK
6
CONTINUOUS
10
0.6578989763779527
20
1.1656608661417323
11
0.6587429527559054
21
1.16580968503937
0
LINE
8
BLACK
6
CONTINUOUS
10
0.6587429527559054
20
1.16580968503937
11
0.65889
21
1.1657248031496064
0
LINE
8
BLACK
6
CONTINUOUS
10
0.6922360236220473
20
1.1656764566929134
11
0.6923712598425197
21
1.1655629921259842
0
LINE
8
BLACK
6
CONTINUOUS
10
0.6923712598425197
20
1.1655629921259842
11
0.6925466141732284
21
1.1655427952755906
0
LINE
8
BLACK
6
CONTINUOUS
10
0.6925466141732284
20
1.1655427952755906
11
0.695546220472441
21
1.1640429921259843
0
LINE
8
BLACK
6
CONTINUOUS
10
0.695546220472441
20
1.1640429921259843
11
0.6962552755905511
21
1.1635170866141733
0
LINE
8
BLACK
6
CONTINUOUS
10
0.6962552755905511
20
1.1635170866141733
11
0.6963136220472441
21
1.1634898818897637
0
LINE
8
BLACK
6
CONTINUOUS
10
0.6963136220472441
20
1.1634898818897637
11
0.6978134251968504
21
1.1619900787401574
0
LINE
8
BLACK
6
CONTINUOUS
10
0.6978134251968504
20
1.1619900787401574
11
0.69831968503937
21
1.1612670078740157
0
LINE
8
BLACK
6
CONTINUOUS
10
0.69831968503937
20
1.1612670078740157
11
0.6983665354330708
21
1.1612226771653542
0
LINE
8
BLACK
6
CONTINUOUS
10
0.6983665354330708
20
1.1612226771653542
11
0.6998663779527559
21
1.1582230708661416
0
LINE
8
BLACK
6
CONTINUOUS
10
0.6998663779527559
20
1.1582230708661416
11
0.7001587401574803
21
1.1572401181102363
0
LINE
8
BLACK
6
CONTINUOUS
10
0.7001587401574803
20
1.1572401181102363
11
0.7001177165354331
21
1.1570684251968504
0
LINE
8
BLACK
6
CONTINUOUS
10
0.7001177165354331
20
1.1570684251968504
11
0.7001781102362205
21
1.1569025196850393
0
LINE
8
BLACK
6
CONTINUOUS
10
0.7001781102362205
20
1.1569025196850393
11
0.7001781102362205
21
1.1539029133858267
0
LINE
8
BLACK
6
CONTINUOUS
10
0.7001781102362205
20
1.1539029133858267
11
0.7000000393700787
21
1.1528929921259843
0
LINE
8
BLACK
6
CONTINUOUS
10
0.7000000393700787
20
1.1528929921259843
11
0.6998865354330709
21
1.1527577559055118
0
LINE
8
BLACK
6
CONTINUOUS
10
0.6998865354330709
20
1.1527577559055118
11
0.6998663779527559
21
1.1525823622047244
0
LINE
8
BLACK
6
CONTINUOUS
10
0.6998663779527559
20
1.1525823622047244
11
0.6983665354330708
21
1.1495827559055118
0
LINE
8
BLACK
6
CONTINUOUS
10
0.6983665354330708
20
1.1495827559055118
11
0.6978406692913386
21
1.1488738582677165
0
LINE
8
BLACK
6
CONTINUOUS
10
0.6978406692913386
20
1.1488738582677165
11
0.6978134251968504
21
1.1488153543307087
0
LINE
8
BLACK
6
CONTINUOUS
10
0.6978134251968504
20
1.1488153543307087
11
0.6963136220472441
21
1.1473155511811024
0
LINE
8
BLACK
6
CONTINUOUS
10
0.6963136220472441
20
1.1473155511811024
11
0.6955905118110236
21
1.1468092913385826
0
LINE
8
BLACK
6
CONTINUOUS
10
0.6955905118110236
20
1.1468092913385826
11
0.695546220472441
21
1.1467624409448818
0
LINE
8
BLACK
6
CONTINUOUS
10
0.695546220472441
20
1.1467624409448818
11
0.6925466141732284
21
1.1452626377952755
0
LINE
8
BLACK
6
CONTINUOUS
10
0.6925466141732284
20
1.1452626377952755
11
0.6920581496062992
21
1.1451173622047244
0
LINE
8
BLACK
6
CONTINUOUS
10
0.6920581496062992
20
1.1451173622047244
11
0.6919422440944881
21
1.1450390551181102
0
LINE
8
BLACK
6
CONTINUOUS
10
0.6919422440944881
20
1.1450390551181102
11
0.6862574015748031
21
1.1436178740157481
0
LINE
8
BLACK
6
CONTINUOUS
10
0.6862574015748031
20
1.1436178740157481
11
0.6839762992125984
21
1.1424773228346456
0
LINE
8
BLACK
6
CONTINUOUS
10
0.6839762992125984
20
1.1424773228346456
11
0.6831541338582677
21
1.1416551181102361
0
LINE
8
BLACK
6
CONTINUOUS
10
0.6831541338582677
20
1.1416551181102361
11
0.6821803543307087
21
1.139707559055118
0
LINE
8
BLACK
6
CONTINUOUS
10
0.6821803543307087
20
1.139707559055118
11
0.6821803543307087
21
1.1381020078740158
0
LINE
8
BLACK
6
CONTINUOUS
10
0.6821803543307087
20
1.1381020078740158
11
0.6831541338582677
21
1.1361544488188977
0
LINE
8
BLACK
6
CONTINUOUS
10
0.6831541338582677
20
1.1361544488188977
11
0.6839762992125984
21
1.1353322440944882
0
LINE
8
BLACK
6
CONTINUOUS
10
0.6839762992125984
20
1.1353322440944882
11
0.6859238976377953
21
1.1343584645669291
0
LINE
8
BLACK
6
CONTINUOUS
10
0.6859238976377953
20
1.1343584645669291
11
0.6922467716535433
21
1.1343584645669291
0
LINE
8
BLACK
6
CONTINUOUS
10
0.6922467716535433
20
1.1343584645669291
11
0.6962916141732284
21
1.1357067322834646
0
LINE
8
BLACK
6
CONTINUOUS
10
0.6962916141732284
20
1.1357067322834646
11
0.6973060236220472
21
1.1358571653543308
0
LINE
8
BLACK
6
CONTINUOUS
10
0.6973060236220472
20
1.1358571653543308
11
0.6991844488188976
21
1.1351147637795276
0
LINE
8
BLACK
6
CONTINUOUS
10
0.6991844488188976
20
1.1351147637795276
11
0.7001461811023622
21
1.1333386220472441
0
LINE
8
BLACK
6
CONTINUOUS
10
0.7001461811023622
20
1.1333386220472441
11
0.6997412204724409
21
1.1313598425196849
0
LINE
8
BLACK
6
CONTINUOUS
10
0.6997412204724409
20
1.1313598425196849
11
0.6981590944881889
21
1.1301042913385826
0
LINE
8
BLACK
6
CONTINUOUS
10
0.6981590944881889
20
1.1301042913385826
11
0.6936596456692913
21
1.1286044881889763
0
LINE
8
BLACK
6
CONTINUOUS
10
0.6936596456692913
20
1.1286044881889763
11
0.6927864566929134
21
1.1284750393700786
0
LINE
8
BLACK
6
CONTINUOUS
10
0.6927864566929134
20
1.1284750393700786
11
0.692725905511811
21
1.1284529527559055
0
LINE
8
BLACK
6
CONTINUOUS
10
0.692725905511811
20
1.1284529527559055
11
0.6852268503937008
21
1.1284529527559055
0
LINE
8
BLACK
6
CONTINUOUS
10
0.6852268503937008
20
1.1284529527559055
11
0.6842169291338582
21
1.1286310236220471
0
LINE
8
BLACK
6
CONTINUOUS
10
0.6842169291338582
20
1.1286310236220471
11
0.6840816535433071
21
1.1287445275590551
0
LINE
8
BLACK
6
CONTINUOUS
10
0.6840816535433071
20
1.1287445275590551
11
0.6839063385826771
21
1.12876468503937
0
LINE
8
BLACK
6
CONTINUOUS
10
0.6839063385826771
20
1.12876468503937
11
0.6809066929133858
21
1.1302644881889763
0
LINE
8
BLACK
6
CONTINUOUS
10
0.6809066929133858
20
1.1302644881889763
11
0.6801975590551181
21
1.1307904724409448
0
LINE
8
BLACK
6
CONTINUOUS
10
0.6801975590551181
20
1.1307904724409448
11
0.6801392519685039
21
1.1308176377952757
0
LINE
8
BLACK
6
CONTINUOUS
10
0.6801392519685039
20
1.1308176377952757
11
0.6786394488188976
21
1.1323174803149607
0
LINE
8
BLACK
6
CONTINUOUS
10
0.6786394488188976
20
1.1323174803149607
11
0.6781331496062992
21
1.1330405511811024
0
LINE
8
BLACK
6
CONTINUOUS
10
0.6781331496062992
20
1.1330405511811024
11
0.6780863779527558
21
1.1330848425196851
0
LINE
8
BLACK
6
CONTINUOUS
10
0.6780863779527558
20
1.1330848425196851
11
0.6765865748031495
21
1.1360844488188977
0
LINE
8
BLACK
6
CONTINUOUS
10
0.6765865748031495
20
1.1360844488188977
11
0.6762942125984251
21
1.137067401574803
0
LINE
8
BLACK
6
CONTINUOUS
10
0.6762942125984251
20
1.137067401574803
11
0.6763351968503937
21
1.1372390944881889
0
LINE
8
BLACK
6
CONTINUOUS
10
0.6763351968503937
20
1.1372390944881889
11
0.6762748425196851
21
1.1374049606299212
0
LINE
8
BLACK
6
CONTINUOUS
10
0.6762748425196851
20
1.1374049606299212
11
0.6762748425196851
21
1.1404046062992126
0
LINE
8
BLACK
6
CONTINUOUS
10
0.6762748425196851
20
1.1404046062992126
11
0.6764529133858268
21
1.141414527559055
0
LINE
8
BLACK
6
CONTINUOUS
10
0.6764529133858268
20
1.141414527559055
11
0.6765663779527559
21
1.1415498031496063
0
LINE
8
BLACK
6
CONTINUOUS
10
0.6765663779527559
20
1.1415498031496063
11
0.6765865748031495
21
1.1417251181102361
0
LINE
8
BLACK
6
CONTINUOUS
10
0.6765865748031495
20
1.1417251181102361
11
0.6780863779527558
21
1.1447247244094487
0
LINE
8
BLACK
6
CONTINUOUS
10
0.6780863779527558
20
1.1447247244094487
11
0.6786122834645669
21
1.1454338188976378
0
LINE
8
BLACK
6
CONTINUOUS
10
0.6786122834645669
20
1.1454338188976378
11
0.6786394881889763
21
1.1454921259842519
0
LINE
8
BLACK
6
CONTINUOUS
10
0.6786394881889763
20
1.1454921259842519
11
0.6801392913385826
21
1.1469919291338582
0
LINE
8
BLACK
6
CONTINUOUS
10
0.6801392913385826
20
1.1469919291338582
11
0.6808623622047244
21
1.1474982283464568
0
LINE
8
BLACK
6
CONTINUOUS
10
0.6808623622047244
20
1.1474982283464568
11
0.6809066929133858
21
1.1475450393700788
0
LINE
8
BLACK
6
CONTINUOUS
10
0.6809066929133858
20
1.1475450393700788
11
0.6839062992125984
21
1.1490448818897638
0
LINE
8
BLACK
6
CONTINUOUS
10
0.6839062992125984
20
1.1490448818897638
11
0.6843948031496063
21
1.1491901968503937
0
LINE
8
BLACK
6
CONTINUOUS
10
0.6843948031496063
20
1.1491901968503937
11
0.6845107086614173
21
1.1492684645669291
0
LINE
8
BLACK
6
CONTINUOUS
10
0.6845107086614173
20
1.1492684645669291
11
0.6901955511811023
21
1.15068968503937
0
LINE
8
BLACK
6
CONTINUOUS
10
0.6901955511811023
20
1.15068968503937
11
0.6924766141732284
21
1.1518301968503937
0
LINE
8
BLACK
6
CONTINUOUS
10
0.6924766141732284
20
1.1518301968503937
11
0.693298779527559
21
1.1526524015748032
0
LINE
8
BLACK
6
CONTINUOUS
10
0.693298779527559
20
1.1526524015748032
11
0.6942725984251968
21
1.1546000000000001
0
LINE
8
BLACK
6
CONTINUOUS
10
0.6942725984251968
20
1.1546000000000001
11
0.6942725984251968
21
1.156205472440945
0
LINE
8
BLACK
6
CONTINUOUS
10
0.6942725984251968
20
1.156205472440945
11
0.693298779527559
21
1.1581530708661416
0
LINE
8
BLACK
6
CONTINUOUS
10
0.693298779527559
20
1.1581530708661416
11
0.6924766141732284
21
1.1589752362204724
0
LINE
8
BLACK
6
CONTINUOUS
10
0.6924766141732284
20
1.1589752362204724
11
0.6905290551181102
21
1.1599490157480314
0
LINE
8
BLACK
6
CONTINUOUS
10
0.6905290551181102
20
1.1599490157480314
11
0.6842061417322834
21
1.1599490157480314
0
LINE
8
BLACK
6
CONTINUOUS
10
0.6842061417322834
20
1.1599490157480314
11
0.6801613385826771
21
1.1586007480314959
0
LINE
8
BLACK
6
CONTINUOUS
10
0.6801613385826771
20
1.1586007480314959
11
0.6791469291338582
21
1.15845031496063
0
LINE
8
BLACK
6
CONTINUOUS
10
0.6791469291338582
20
1.15845031496063
11
0.6772685433070866
21
1.159192716535433
0
LINE
8
BLACK
6
CONTINUOUS
10
0.6772685433070866
20
1.159192716535433
11
0.6763067716535432
21
1.1609688582677165
0
LINE
8
BLACK
6
CONTINUOUS
10
0.6763067716535432
20
1.1609688582677165
11
0.6767117322834646
21
1.1629476377952757
0
LINE
8
BLACK
6
CONTINUOUS
10
0.6767117322834646
20
1.1629476377952757
11
0.6782938582677165
21
1.164203188976378
0
LINE
8
BLACK
6
CONTINUOUS
10
0.6782938582677165
20
1.164203188976378
11
0.6827932677165354
21
1.1657029921259843
0
LINE
8
BLACK
6
CONTINUOUS
10
0.6827932677165354
20
1.1657029921259843
11
0.6836664173228346
21
1.1658324803149607
0
LINE
8
BLACK
6
CONTINUOUS
10
0.6836664173228346
20
1.1658324803149607
11
0.6837270078740157
21
1.1658545275590551
0
LINE
8
BLACK
6
CONTINUOUS
10
0.6837270078740157
20
1.1658545275590551
11
0.6912261023622047
21
1.1658545275590551
0
LINE
8
BLACK
6
CONTINUOUS
10
0.6912261023622047
20
1.1658545275590551
11
0.6922360236220473
21
1.1656764566929134
0
LINE
8
BLACK
6
CONTINUOUS
10
0.7222322834645669
20
1.1656764566929134
11
0.7223675196850393
21
1.1655629921259842
0
LINE
8
BLACK
6
CONTINUOUS
10
0.7223675196850393
20
1.1655629921259842
11
0.722542874015748
21
1.1655427952755906
0
LINE
8
BLACK
6
CONTINUOUS
10
0.722542874015748
20
1.1655427952755906
11
0.7255424803149606
21
1.1640429921259843
0
LINE
8
BLACK
6
CONTINUOUS
10
0.7255424803149606
20
1.1640429921259843
11
0.7262515354330709
21
1.1635170866141733
0
LINE
8
BLACK
6
CONTINUOUS
10
0.7262515354330709
20
1.1635170866141733
11
0.7263098818897638
21
1.1634898818897637
0
LINE
8
BLACK
6
CONTINUOUS
10
0.7263098818897638
20
1.1634898818897637
11
0.72780968503937
21
1.1619900787401574
0
LINE
8
BLACK
6
CONTINUOUS
10
0.72780968503937
20
1.1619900787401574
11
0.7283159448818898
21
1.1612670078740157
0
LINE
8
BLACK
6
CONTINUOUS
10
0.7283159448818898
20
1.1612670078740157
11
0.7283627952755906
21
1.1612226771653542
0
LINE
8
BLACK
6
CONTINUOUS
10
0.7283627952755906
20
1.1612226771653542
11
0.7298626377952756
21
1.1582230708661416
0
LINE
8
BLACK
6
CONTINUOUS
10
0.7298626377952756
20
1.1582230708661416
11
0.730155
21
1.1572401181102363
0
LINE
8
BLACK
6
CONTINUOUS
10
0.730155
20
1.1572401181102363
11
0.7301139763779527
21
1.1570684251968504
0
LINE
8
BLACK
6
CONTINUOUS
10
0.7301139763779527
20
1.1570684251968504
11
0.7301743700787401
21
1.1569025196850393
0
LINE
8
BLACK
6
CONTINUOUS
10
0.7301743700787401
20
1.1569025196850393
11
0.7301743700787401
21
1.1539029133858267
0
LINE
8
BLACK
6
CONTINUOUS
10
0.7301743700787401
20
1.1539029133858267
11
0.7299962992125985
21
1.1528929921259843
0
LINE
8
BLACK
6
CONTINUOUS
10
0.7299962992125985
20
1.1528929921259843
11
0.7298827952755905
21
1.1527577559055118
0
LINE
8
BLACK
6
CONTINUOUS
10
0.7298827952755905
20
1.1527577559055118
11
0.7298626377952756
21
1.1525823622047244
0
LINE
8
BLACK
6
CONTINUOUS
10
0.7298626377952756
20
1.1525823622047244
11
0.7283627952755906
21
1.1495827559055118
0
LINE
8
BLACK
6
CONTINUOUS
10
0.7283627952755906
20
1.1495827559055118
11
0.7278369291338582
21
1.1488738582677165
0
LINE
8
BLACK
6
CONTINUOUS
10
0.7278369291338582
20
1.1488738582677165
11
0.72780968503937
21
1.1488153543307087
0
LINE
8
BLACK
6
CONTINUOUS
10
0.72780968503937
20
1.1488153543307087
11
0.7263098818897638
21
1.1473155511811024
0
LINE
8
BLACK
6
CONTINUOUS
10
0.7263098818897638
20
1.1473155511811024
11
0.7255867716535432
21
1.1468092913385826
0
LINE
8
BLACK
6
CONTINUOUS
10
0.7255867716535432
20
1.1468092913385826
11
0.7255424803149606
21
1.1467624409448818
0
LINE
8
BLACK
6
CONTINUOUS
10
0.7255424803149606
20
1.1467624409448818
11
0.722542874015748
21
1.1452626377952755
0
LINE
8
BLACK
6
CONTINUOUS
10
0.722542874015748
20
1.1452626377952755
11
0.7220544094488189
21
1.1451173622047244
0
LINE
8
BLACK
6
CONTINUOUS
10
0.7220544094488189
20
1.1451173622047244
11
0.7219385039370079
21
1.1450390551181102
0
LINE
8
BLACK
6
CONTINUOUS
10
0.7219385039370079
20
1.1450390551181102
11
0.7162536614173228
21
1.1436178740157481
0
LINE
8
BLACK
6
CONTINUOUS
10
0.7162536614173228
20
1.1436178740157481
11
0.7139725590551181
21
1.1424773228346456
0
LINE
8
BLACK
6
CONTINUOUS
10
0.7139725590551181
20
1.1424773228346456
11
0.7131503937007874
21
1.1416551181102361
0
LINE
8
BLACK
6
CONTINUOUS
10
0.7131503937007874
20
1.1416551181102361
11
0.7121766141732283
21
1.139707559055118
0
LINE
8
BLACK
6
CONTINUOUS
10
0.7121766141732283
20
1.139707559055118
11
0.7121766141732283
21
1.1381020078740158
0
LINE
8
BLACK
6
CONTINUOUS
10
0.7121766141732283
20
1.1381020078740158
11
0.7131503937007874
21
1.1361544488188977
0
LINE
8
BLACK
6
CONTINUOUS
10
0.7131503937007874
20
1.1361544488188977
11
0.7139725590551181
21
1.1353322440944882
0
LINE
8
BLACK
6
CONTINUOUS
10
0.7139725590551181
20
1.1353322440944882
11
0.7159201574803149
21
1.1343584645669291
0
LINE
8
BLACK
6
CONTINUOUS
10
0.7159201574803149
20
1.1343584645669291
11
0.7222430314960629
21
1.1343584645669291
0
LINE
8
BLACK
6
CONTINUOUS
10
0.7222430314960629
20
1.1343584645669291
11
0.726287874015748
21
1.1357067322834646
0
LINE
8
BLACK
6
CONTINUOUS
10
0.726287874015748
20
1.1357067322834646
11
0.7273022834645669
21
1.1358571653543308
0
LINE
8
BLACK
6
CONTINUOUS
10
0.7273022834645669
20
1.1358571653543308
11
0.7291807086614173
21
1.1351147637795276
0
LINE
8
BLACK
6
CONTINUOUS
10
0.7291807086614173
20
1.1351147637795276
11
0.7301424409448819
21
1.1333386220472441
0
LINE
8
BLACK
6
CONTINUOUS
10
0.7301424409448819
20
1.1333386220472441
11
0.7297374803149607
21
1.1313598425196849
0
LINE
8
BLACK
6
CONTINUOUS
10
0.7297374803149607
20
1.1313598425196849
11
0.7281553543307087
21
1.1301042913385826
0
LINE
8
BLACK
6
CONTINUOUS
10
0.7281553543307087
20
1.1301042913385826
11
0.723655905511811
21
1.1286044881889763
0
LINE
8
BLACK
6
CONTINUOUS
10
0.723655905511811
20
1.1286044881889763
11
0.722782716535433
21
1.1284750393700786
0
LINE
8
BLACK
6
CONTINUOUS
10
0.722782716535433
20
1.1284750393700786
11
0.7227221653543306
21
1.1284529527559055
0
LINE
8
BLACK
6
CONTINUOUS
10
0.7227221653543306
20
1.1284529527559055
11
0.7152231102362204
21
1.1284529527559055
0
LINE
8
BLACK
6
CONTINUOUS
10
0.7152231102362204
20
1.1284529527559055
11
0.714213188976378
21
1.1286310236220471
0
LINE
8
BLACK
6
CONTINUOUS
10
0.714213188976378
20
1.1286310236220471
11
0.7140779133858267
21
1.1287445275590551
0
LINE
8
BLACK
6
CONTINUOUS
10
0.7140779133858267
20
1.1287445275590551
11
0.7139025984251969
21
1.12876468503937
0
LINE
8
BLACK
6
CONTINUOUS
10
0.7139025984251969
20
1.12876468503937
11
0.7109029527559055
21
1.1302644881889763
0
LINE
8
BLACK
6
CONTINUOUS
10
0.7109029527559055
20
1.1302644881889763
11
0.7101938188976378
21
1.1307904724409448
0
LINE
8
BLACK
6
CONTINUOUS
10
0.7101938188976378
20
1.1307904724409448
11
0.7101355118110236
21
1.1308176377952757
0
LINE
8
BLACK
6
CONTINUOUS
10
0.7101355118110236
20
1.1308176377952757
11
0.7086357086614173
21
1.1323174803149607
0
LINE
8
BLACK
6
CONTINUOUS
10
0.7086357086614173
20
1.1323174803149607
11
0.7081294094488189
21
1.1330405511811024
0
LINE
8
BLACK
6
CONTINUOUS
10
0.7081294094488189
20
1.1330405511811024
11
0.7080826377952756
21
1.1330848425196851
0
LINE
8
BLACK
6
CONTINUOUS
10
0.7080826377952756
20
1.1330848425196851
11
0.7065828346456693
21
1.1360844488188977
0
LINE
8
BLACK
6
CONTINUOUS
10
0.7065828346456693
20
1.1360844488188977
11
0.7062904724409449
21
1.137067401574803
0
LINE
8
BLACK
6
CONTINUOUS
10
0.7062904724409449
20
1.137067401574803
11
0.7063314566929134
21
1.1372390944881889
0
LINE
8
BLACK
6
CONTINUOUS
10
0.7063314566929134
20
1.1372390944881889
11
0.7062711023622047
21
1.1374049606299212
0
LINE
8
BLACK
6
CONTINUOUS
10
0.7062711023622047
20
1.1374049606299212
11
0.7062711023622047
21
1.1404046062992126
0
LINE
8
BLACK
6
CONTINUOUS
10
0.7062711023622047
20
1.1404046062992126
11
0.7064491732283464
21
1.141414527559055
0
LINE
8
BLACK
6
CONTINUOUS
10
0.7064491732283464
20
1.141414527559055
11
0.7065626377952756
21
1.1415498031496063
0
LINE
8
BLACK
6
CONTINUOUS
10
0.7065626377952756
20
1.1415498031496063
11
0.7065828346456693
21
1.1417251181102361
0
LINE
8
BLACK
6
CONTINUOUS
10
0.7065828346456693
20
1.1417251181102361
11
0.7080826377952756
21
1.1447247244094487
0
LINE
8
BLACK
6
CONTINUOUS
10
0.7080826377952756
20
1.1447247244094487
11
0.7086085433070866
21
1.1454338188976378
0
LINE
8
BLACK
6
CONTINUOUS
10
0.7086085433070866
20
1.1454338188976378
11
0.7086357480314961
21
1.1454921259842519
0
LINE
8
BLACK
6
CONTINUOUS
10
0.7086357480314961
20
1.1454921259842519
11
0.7101355511811024
21
1.1469919291338582
0
LINE
8
BLACK
6
CONTINUOUS
10
0.7101355511811024
20
1.1469919291338582
11
0.710858622047244
21
1.1474982283464568
0
LINE
8
BLACK
6
CONTINUOUS
10
0.710858622047244
20
1.1474982283464568
11
0.7109029527559055
21
1.1475450393700788
0
LINE
8
BLACK
6
CONTINUOUS
10
0.7109029527559055
20
1.1475450393700788
11
0.7139025590551181
21
1.1490448818897638
0
LINE
8
BLACK
6
CONTINUOUS
10
0.7139025590551181
20
1.1490448818897638
11
0.714391062992126
21
1.1491901968503937
0
LINE
8
BLACK
6
CONTINUOUS
10
0.714391062992126
20
1.1491901968503937
11
0.714506968503937
21
1.1492684645669291
0
LINE
8
BLACK
6
CONTINUOUS
10
0.714506968503937
20
1.1492684645669291
11
0.7201918110236221
21
1.15068968503937
0
LINE
8
BLACK
6
CONTINUOUS
10
0.7201918110236221
20
1.15068968503937
11
0.722472874015748
21
1.1518301968503937
0
LINE
8
BLACK
6
CONTINUOUS
10
0.722472874015748
20
1.1518301968503937
11
0.7232950393700788
21
1.1526524015748032
0
LINE
8
BLACK
6
CONTINUOUS
10
0.7232950393700788
20
1.1526524015748032
11
0.7242688582677165
21
1.1546000000000001
0
LINE
8
BLACK
6
CONTINUOUS
10
0.7242688582677165
20
1.1546000000000001
11
0.7242688582677165
21
1.156205472440945
0
LINE
8
BLACK
6
CONTINUOUS
10
0.7242688582677165
20
1.156205472440945
11
0.7232950393700788
21
1.1581530708661416
0
LINE
8
BLACK
6
CONTINUOUS
10
0.7232950393700788
20
1.1581530708661416
11
0.722472874015748
21
1.1589752362204724
0
LINE
8
BLACK
6
CONTINUOUS
10
0.722472874015748
20
1.1589752362204724
11
0.7205253149606299
21
1.1599490157480314
0
LINE
8
BLACK
6
CONTINUOUS
10
0.7205253149606299
20
1.1599490157480314
11
0.7142024015748031
21
1.1599490157480314
0
LINE
8
BLACK
6
CONTINUOUS
10
0.7142024015748031
20
1.1599490157480314
11
0.7101575984251969
21
1.1586007480314959
0
LINE
8
BLACK
6
CONTINUOUS
10
0.7101575984251969
20
1.1586007480314959
11
0.709143188976378
21
1.15845031496063
0
LINE
8
BLACK
6
CONTINUOUS
10
0.709143188976378
20
1.15845031496063
11
0.7072648031496063
21
1.159192716535433
0
LINE
8
BLACK
6
CONTINUOUS
10
0.7072648031496063
20
1.159192716535433
11
0.706303031496063
21
1.1609688582677165
0
LINE
8
BLACK
6
CONTINUOUS
10
0.706303031496063
20
1.1609688582677165
11
0.7067079921259842
21
1.1629476377952757
0
LINE
8
BLACK
6
CONTINUOUS
10
0.7067079921259842
20
1.1629476377952757
11
0.7082901181102362
21
1.164203188976378
0
LINE
8
BLACK
6
CONTINUOUS
10
0.7082901181102362
20
1.164203188976378
11
0.7127895275590551
21
1.1657029921259843
0
LINE
8
BLACK
6
CONTINUOUS
10
0.7127895275590551
20
1.1657029921259843
11
0.7136626771653544
21
1.1658324803149607
0
LINE
8
BLACK
6
CONTINUOUS
10
0.7136626771653544
20
1.1658324803149607
11
0.7137232677165354
21
1.1658545275590551
0
LINE
8
BLACK
6
CONTINUOUS
10
0.7137232677165354
20
1.1658545275590551
11
0.7212223622047244
21
1.1658545275590551
0
LINE
8
BLACK
6
CONTINUOUS
10
0.7212223622047244
20
1.1658545275590551
11
0.7222322834645669
21
1.1656764566929134
0
LINE
8
BLACK
6
CONTINUOUS
10
0.5627645275590551
20
1.1774587007874016
11
0.5632257874015748
21
1.176345157480315
0
LINE
8
BLACK
6
CONTINUOUS
10
0.5632257874015748
20
1.176345157480315
11
0.5632257874015748
21
1.1568475984251969
0
LINE
8
BLACK
6
CONTINUOUS
10
0.5632257874015748
20
1.1568475984251969
11
0.5627645275590551
21
1.1557340551181101
0
LINE
8
BLACK
6
CONTINUOUS
10
0.5627645275590551
20
1.1557340551181101
11
0.5616509842519685
21
1.1552727952755906
0
LINE
8
BLACK
6
CONTINUOUS
10
0.5616509842519685
20
1.1552727952755906
11
0.5605374409448819
21
1.1557340551181101
0
LINE
8
BLACK
6
CONTINUOUS
10
0.5605374409448819
20
1.1557340551181101
11
0.5600761811023622
21
1.1568475984251969
0
LINE
8
BLACK
6
CONTINUOUS
10
0.5600761811023622
20
1.1568475984251969
11
0.5600761811023622
21
1.1725432677165355
0
LINE
8
BLACK
6
CONTINUOUS
10
0.5600761811023622
20
1.1725432677165355
11
0.5447667716535433
21
1.1572338582677164
0
LINE
8
BLACK
6
CONTINUOUS
10
0.5447667716535433
20
1.1572338582677164
11
0.5444281102362205
21
1.1570935826771653
0
LINE
8
BLACK
6
CONTINUOUS
10
0.5444281102362205
20
1.1570935826771653
11
0.5441512204724409
21
1.1568534251968503
0
LINE
8
BLACK
6
CONTINUOUS
10
0.5441512204724409
20
1.1568534251968503
11
0.5396517716535433
21
1.155353622047244
0
LINE
8
BLACK
6
CONTINUOUS
10
0.5396517716535433
20
1.155353622047244
11
0.5393932283464566
21
1.1553720078740157
0
LINE
8
BLACK
6
CONTINUOUS
10
0.5393932283464566
20
1.1553720078740157
11
0.5391537795275591
21
1.1552727952755906
0
LINE
8
BLACK
6
CONTINUOUS
10
0.5391537795275591
20
1.1552727952755906
11
0.5361541732283465
21
1.1552727952755906
0
LINE
8
BLACK
6
CONTINUOUS
10
0.5361541732283465
20
1.1552727952755906
11
0.5358155118110236
21
1.1554131102362204
0
LINE
8
BLACK
6
CONTINUOUS
10
0.5358155118110236
20
1.1554131102362204
11
0.5354499212598425
21
1.1554390551181102
0
LINE
8
BLACK
6
CONTINUOUS
10
0.5354499212598425
20
1.1554390551181102
11
0.5324502755905511
21
1.1569388582677165
0
LINE
8
BLACK
6
CONTINUOUS
10
0.5324502755905511
20
1.1569388582677165
11
0.5322804330708661
21
1.15713468503937
0
LINE
8
BLACK
6
CONTINUOUS
10
0.5322804330708661
20
1.15713468503937
11
0.5320409448818898
21
1.1572338582677164
0
LINE
8
BLACK
6
CONTINUOUS
10
0.5320409448818898
20
1.1572338582677164
11
0.5305411811023621
21
1.1587336614173227
0
LINE
8
BLACK
6
CONTINUOUS
10
0.5305411811023621
20
1.1587336614173227
11
0.530441968503937
21
1.1589731496062992
0
LINE
8
BLACK
6
CONTINUOUS
10
0.530441968503937
20
1.1589731496062992
11
0.5302461811023622
21
1.1591429527559054
0
LINE
8
BLACK
6
CONTINUOUS
10
0.5302461811023622
20
1.1591429527559054
11
0.5287463779527559
21
1.1621425984251967
0
LINE
8
BLACK
6
CONTINUOUS
10
0.5287463779527559
20
1.1621425984251967
11
0.5287203937007874
21
1.1625082283464567
0
LINE
8
BLACK
6
CONTINUOUS
10
0.5287203937007874
20
1.1625082283464567
11
0.5285801181102362
21
1.1628468503937008
0
LINE
8
BLACK
6
CONTINUOUS
10
0.5285801181102362
20
1.1628468503937008
11
0.5285801181102362
21
1.1703459055118111
0
LINE
8
BLACK
6
CONTINUOUS
10
0.5285801181102362
20
1.1703459055118111
11
0.5287203937007874
21
1.1706845669291339
0
LINE
8
BLACK
6
CONTINUOUS
10
0.5287203937007874
20
1.1706845669291339
11
0.5287463779527559
21
1.1710501968503937
0
LINE
8
BLACK
6
CONTINUOUS
10
0.5287463779527559
20
1.1710501968503937
11
0.5302461811023622
21
1.1740498031496063
0
LINE
8
BLACK
6
CONTINUOUS
10
0.5302461811023622
20
1.1740498031496063
11
0.5304419291338582
21
1.1742196062992125
0
LINE
8
BLACK
6
CONTINUOUS
10
0.5304419291338582
20
1.1742196062992125
11
0.5305411417322835
21
1.1744590551181102
0
LINE
8
BLACK
6
CONTINUOUS
10
0.5305411417322835
20
1.1744590551181102
11
0.5320409448818898
21
1.1759588976377953
0
LINE
8
BLACK
6
CONTINUOUS
10
0.5320409448818898
20
1.1759588976377953
11
0.5331544881889764
21
1.1764201181102363
0
LINE
8
BLACK
6
CONTINUOUS
10
0.5331544881889764
20
1.1764201181102363
11
0.5342680708661417
21
1.175958937007874
0
LINE
8
BLACK
6
CONTINUOUS
10
0.5342680708661417
20
1.175958937007874
11
0.5347292913385827
21
1.1748453543307087
0
LINE
8
BLACK
6
CONTINUOUS
10
0.5347292913385827
20
1.1748453543307087
11
0.5342681102362205
21
1.1737318110236221
0
LINE
8
BLACK
6
CONTINUOUS
10
0.5342681102362205
20
1.1737318110236221
11
0.5329489763779528
21
1.1724126771653542
0
LINE
8
BLACK
6
CONTINUOUS
10
0.5329489763779528
20
1.1724126771653542
11
0.5317297244094488
21
1.1699741338582677
0
LINE
8
BLACK
6
CONTINUOUS
10
0.5317297244094488
20
1.1699741338582677
11
0.5317297244094488
21
1.1632185826771653
0
LINE
8
BLACK
6
CONTINUOUS
10
0.5317297244094488
20
1.1632185826771653
11
0.532948937007874
21
1.1607800787401574
0
LINE
8
BLACK
6
CONTINUOUS
10
0.532948937007874
20
1.1607800787401574
11
0.5340874015748032
21
1.1596416535433069
0
LINE
8
BLACK
6
CONTINUOUS
10
0.5340874015748032
20
1.1596416535433069
11
0.536525905511811
21
1.158422401574803
0
LINE
8
BLACK
6
CONTINUOUS
10
0.536525905511811
20
1.158422401574803
11
0.5388982677165354
21
1.158422401574803
0
LINE
8
BLACK
6
CONTINUOUS
10
0.5388982677165354
20
1.158422401574803
11
0.5428025590551181
21
1.1597238582677165
0
LINE
8
BLACK
6
CONTINUOUS
10
0.5428025590551181
20
1.1597238582677165
11
0.5605374409448819
21
1.1774587007874016
0
LINE
8
BLACK
6
CONTINUOUS
10
0.5605374409448819
20
1.1774587007874016
11
0.5616509842519685
21
1.1779199606299213
0
LINE
8
BLACK
6
CONTINUOUS
10
0.5616509842519685
20
1.1779199606299213
11
0.5627645275590551
21
1.1774587007874016
0
LINE
8
BLACK
6
CONTINUOUS
10
0.5627645275590551
20
1.2059551181102361
11
0.5632257874015748
21
1.2048415748031496
0
LINE
8
BLACK
6
CONTINUOUS
10
0.5632257874015748
20
1.2048415748031496
11
0.5627645275590551
21
1.203728031496063
0
LINE
8
BLACK
6
CONTINUOUS
10
0.5627645275590551
20
1.203728031496063
11
0.5616509842519685
21
1.2032667716535432
0
LINE
8
BLACK
6
CONTINUOUS
10
0.5616509842519685
20
1.2032667716535432
11
0.5482276377952756
21
1.2032667716535432
0
LINE
8
BLACK
6
CONTINUOUS
10
0.5482276377952756
20
1.2032667716535432
11
0.5482276377952756
21
1.1981624409448819
0
LINE
8
BLACK
6
CONTINUOUS
10
0.5482276377952756
20
1.1981624409448819
11
0.5625540551181102
21
1.1881339370078741
0
LINE
8
BLACK
6
CONTINUOUS
10
0.5625540551181102
20
1.1881339370078741
11
0.563201811023622
21
1.1871175196850394
0
LINE
8
BLACK
6
CONTINUOUS
10
0.563201811023622
20
1.1871175196850394
11
0.5629411023622047
21
1.1859407480314961
0
LINE
8
BLACK
6
CONTINUOUS
10
0.5629411023622047
20
1.1859407480314961
11
0.5619246456692913
21
1.1852929921259843
0
LINE
8
BLACK
6
CONTINUOUS
10
0.5619246456692913
20
1.1852929921259843
11
0.560747874015748
21
1.1855537007874015
0
LINE
8
BLACK
6
CONTINUOUS
10
0.560747874015748
20
1.1855537007874015
11
0.5482276377952756
21
1.1943179133858268
0
LINE
8
BLACK
6
CONTINUOUS
10
0.5482276377952756
20
1.1943179133858268
11
0.5482276377952756
21
1.1928430708661417
0
LINE
8
BLACK
6
CONTINUOUS
10
0.5482276377952756
20
1.1928430708661417
11
0.5480873228346457
21
1.1925044488188976
0
LINE
8
BLACK
6
CONTINUOUS
10
0.5480873228346457
20
1.1925044488188976
11
0.5480613779527559
21
1.1921387795275591
0
LINE
8
BLACK
6
CONTINUOUS
10
0.5480613779527559
20
1.1921387795275591
11
0.5465615748031496
21
1.1891391732283465
0
LINE
8
BLACK
6
CONTINUOUS
10
0.5465615748031496
20
1.1891391732283465
11
0.5463657480314961
21
1.18896937007874
0
LINE
8
BLACK
6
CONTINUOUS
10
0.5463657480314961
20
1.18896937007874
11
0.5462665748031496
21
1.1887298818897638
0
LINE
8
BLACK
6
CONTINUOUS
10
0.5462665748031496
20
1.1887298818897638
11
0.5447667716535433
21
1.1872301181102363
0
LINE
8
BLACK
6
CONTINUOUS
10
0.5447667716535433
20
1.1872301181102363
11
0.5445272834645669
21
1.1871309448818896
0
LINE
8
BLACK
6
CONTINUOUS
10
0.5445272834645669
20
1.1871309448818896
11
0.5443574803149606
21
1.1869351181102361
0
LINE
8
BLACK
6
CONTINUOUS
10
0.5443574803149606
20
1.1869351181102361
11
0.541357874015748
21
1.1854352755905511
0
LINE
8
BLACK
6
CONTINUOUS
10
0.541357874015748
20
1.1854352755905511
11
0.5409922047244095
21
1.1854093307086613
0
LINE
8
BLACK
6
CONTINUOUS
10
0.5409922047244095
20
1.1854093307086613
11
0.5406535826771653
21
1.1852690157480315
0
LINE
8
BLACK
6
CONTINUOUS
10
0.5406535826771653
20
1.1852690157480315
11
0.5361541732283465
21
1.1852690157480315
0
LINE
8
BLACK
6
CONTINUOUS
10
0.5361541732283465
20
1.1852690157480315
11
0.5358155118110236
21
1.1854093307086613
0
LINE
8
BLACK
6
CONTINUOUS
10
0.5358155118110236
20
1.1854093307086613
11
0.5354498818897637
21
1.1854352755905511
0
LINE
8
BLACK
6
CONTINUOUS
10
0.5354498818897637
20
1.1854352755905511
11
0.5324502362204724
21
1.1869351181102361
0
LINE
8
BLACK
6
CONTINUOUS
10
0.5324502362204724
20
1.1869351181102361
11
0.5322803937007874
21
1.1871309448818896
0
LINE
8
BLACK
6
CONTINUOUS
10
0.5322803937007874
20
1.1871309448818896
11
0.5320409448818898
21
1.1872301181102363
0
LINE
8
BLACK
6
CONTINUOUS
10
0.5320409448818898
20
1.1872301181102363
11
0.5305411811023621
21
1.1887299212598426
0
LINE
8
BLACK
6
CONTINUOUS
10
0.5305411811023621
20
1.1887299212598426
11
0.530441968503937
21
1.18896937007874
0
LINE
8
BLACK
6
CONTINUOUS
10
0.530441968503937
20
1.18896937007874
11
0.5302461811023622
21
1.1891391732283465
0
LINE
8
BLACK
6
CONTINUOUS
10
0.5302461811023622
20
1.1891391732283465
11
0.5287463779527559
21
1.1921387795275591
0
LINE
8
BLACK
6
CONTINUOUS
10
0.5287463779527559
20
1.1921387795275591
11
0.5287203937007874
21
1.1925044488188976
0
LINE
8
BLACK
6
CONTINUOUS
10
0.5287203937007874
20
1.1925044488188976
11
0.5285801181102362
21
1.1928430708661417
0
LINE
8
BLACK
6
CONTINUOUS
10
0.5285801181102362
20
1.1928430708661417
11
0.5285801181102362
21
1.2048415748031496
0
LINE
8
BLACK
6
CONTINUOUS
10
0.5285801181102362
20
1.2048415748031496
11
0.5290413779527559
21
1.2059551181102361
0
LINE
8
BLACK
6
CONTINUOUS
10
0.5290413779527559
20
1.2059551181102361
11
0.5301549212598425
21
1.2064163779527559
0
LINE
8
BLACK
6
CONTINUOUS
10
0.5301549212598425
20
1.2064163779527559
11
0.5616509842519685
21
1.2064163779527559
0
LINE
8
BLACK
6
CONTINUOUS
10
0.5616509842519685
20
1.2064163779527559
11
0.5627645275590551
21
1.2059551181102361
0
LINE
8
BLACK
6
CONTINUOUS
10
0.5317297244094488
20
1.1932148425196849
11
0.5329489763779528
21
1.1907762992125983
0
LINE
8
BLACK
6
CONTINUOUS
10
0.5329489763779528
20
1.1907762992125983
11
0.5340873622047244
21
1.1896379133858268
0
LINE
8
BLACK
6
CONTINUOUS
10
0.5340873622047244
20
1.1896379133858268
11
0.536525905511811
21
1.1884186220472441
0
LINE
8
BLACK
6
CONTINUOUS
10
0.536525905511811
20
1.1884186220472441
11
0.540281811023622
21
1.1884186220472441
0
LINE
8
BLACK
6
CONTINUOUS
10
0.540281811023622
20
1.1884186220472441
11
0.5427203937007874
21
1.1896379527559056
0
LINE
8
BLACK
6
CONTINUOUS
10
0.5427203937007874
20
1.1896379527559056
11
0.5438587401574803
21
1.1907763385826771
0
LINE
8
BLACK
6
CONTINUOUS
10
0.5438587401574803
20
1.1907763385826771
11
0.5450780314960629
21
1.1932148425196849
0
LINE
8
BLACK
6
CONTINUOUS
10
0.5450780314960629
20
1.1932148425196849
11
0.5450780314960629
21
1.2032667716535432
0
LINE
8
BLACK
6
CONTINUOUS
10
0.5450780314960629
20
1.2032667716535432
11
0.5317297244094488
21
1.2032667716535432
0
LINE
8
BLACK
6
CONTINUOUS
10
0.5317297244094488
20
1.2032667716535432
11
0.5317297244094488
21
1.1932148425196849
0
LINE
8
BLACK
6
CONTINUOUS
10
0.5718503937007874
20
1.2229330708661417
11
0.5732423228346456
21
1.222356496062992
0
LINE
8
BLACK
6
CONTINUOUS
10
0.5732423228346456
20
1.222356496062992
11
0.5738188976377953
21
1.2209645669291338
0
LINE
8
BLACK
6
CONTINUOUS
10
0.5738188976377953
20
1.2209645669291338
11
0.5738188976377953
21
1.142224409448819
0
LINE
8
BLACK
6
CONTINUOUS
10
0.5738188976377953
20
1.142224409448819
11
0.5732423228346456
21
1.1408324803149605
0
LINE
8
BLACK
6
CONTINUOUS
10
0.5732423228346456
20
1.1408324803149605
11
0.5718503937007874
21
1.1402559055118111
0
LINE
8
BLACK
6
CONTINUOUS
10
0.5718503937007874
20
1.1402559055118111
11
0.5226377952755905
21
1.1402559055118111
0
LINE
8
BLACK
6
CONTINUOUS
10
0.5226377952755905
20
1.1402559055118111
11
0.5212458661417323
21
1.1408324803149605
0
LINE
8
BLACK
6
CONTINUOUS
10
0.5212458661417323
20
1.1408324803149605
11
0.5206692913385826
21
1.142224409448819
0
LINE
8
BLACK
6
CONTINUOUS
10
0.5206692913385826
20
1.142224409448819
11
0.5206692913385826
21
1.2209645669291338
0
LINE
8
BLACK
6
CONTINUOUS
10
0.5206692913385826
20
1.2209645669291338
11
0.5212458661417323
21
1.222356496062992
0
LINE
8
BLACK
6
CONTINUOUS
10
0.5212458661417323
20
1.222356496062992
11
0.5226377952755905
21
1.2229330708661417
0
LINE
8
BLACK
6
CONTINUOUS
10
0.5226377952755905
20
1.2229330708661417
11
0.5718503937007874
21
1.2229330708661417
0
LINE
8
BLACK
6
CONTINUOUS
10
0.5246062992125984
20
1.2189960629921259
11
0.5246062992125984
21
1.1441929133858268
0
LINE
8
BLACK
6
CONTINUOUS
10
0.5246062992125984
20
1.1441929133858268
11
0.5698818897637795
21
1.1441929133858268
0
LINE
8
BLACK
6
CONTINUOUS
10
0.5698818897637795
20
1.1441929133858268
11
0.5698818897637795
21
1.2189960629921259
0
LINE
8
BLACK
6
CONTINUOUS
10
0.5698818897637795
20
1.2189960629921259
11
0.5246062992125984
21
1.2189960629921259
0
LINE
8
BLACK
6
CONTINUOUS
10
0.8691888976377953
20
1.2226487795275591
11
0.8694174409448818
21
1.2226325196850394
0
LINE
8
BLACK
6
CONTINUOUS
10
0.8694174409448818
20
1.2226325196850394
11
0.8724170472440945
21
1.2211327165354331
0
LINE
8
BLACK
6
CONTINUOUS
10
0.8724170472440945
20
1.2211327165354331
11
0.8725231889763779
21
1.2210103543307087
0
LINE
8
BLACK
6
CONTINUOUS
10
0.8725231889763779
20
1.2210103543307087
11
0.8726728346456692
21
1.2209483464566928
0
LINE
8
BLACK
6
CONTINUOUS
10
0.8726728346456692
20
1.2209483464566928
11
0.8741726771653543
21
1.2194485433070865
0
LINE
8
BLACK
6
CONTINUOUS
10
0.8741726771653543
20
1.2194485433070865
11
0.8744609842519685
21
1.218752559055118
0
LINE
8
BLACK
6
CONTINUOUS
10
0.8744609842519685
20
1.218752559055118
11
0.874172716535433
21
1.2180566141732283
0
LINE
8
BLACK
6
CONTINUOUS
10
0.874172716535433
20
1.2180566141732283
11
0.8734767322834646
21
1.2177683070866141
0
LINE
8
BLACK
6
CONTINUOUS
10
0.8734767322834646
20
1.2177683070866141
11
0.8727807480314961
21
1.2180565748031495
0
LINE
8
BLACK
6
CONTINUOUS
10
0.8727807480314961
20
1.2180565748031495
11
0.8713938976377953
21
1.2194434251968505
0
LINE
8
BLACK
6
CONTINUOUS
10
0.8713938976377953
20
1.2194434251968505
11
0.8687449212598425
21
1.2207679133858267
0
LINE
8
BLACK
6
CONTINUOUS
10
0.8687449212598425
20
1.2207679133858267
11
0.861710590551181
21
1.2207679133858267
0
LINE
8
BLACK
6
CONTINUOUS
10
0.861710590551181
20
1.2207679133858267
11
0.8590615748031496
21
1.2194434645669292
0
LINE
8
BLACK
6
CONTINUOUS
10
0.8590615748031496
20
1.2194434645669292
11
0.8577876771653543
21
1.2181695275590552
0
LINE
8
BLACK
6
CONTINUOUS
10
0.8577876771653543
20
1.2181695275590552
11
0.8564632283464567
21
1.215520590551181
0
LINE
8
BLACK
6
CONTINUOUS
10
0.8564632283464567
20
1.215520590551181
11
0.8564632283464567
21
1.212913031496063
0
LINE
8
BLACK
6
CONTINUOUS
10
0.8564632283464567
20
1.212913031496063
11
0.8578390157480315
21
1.2087855905511811
0
LINE
8
BLACK
6
CONTINUOUS
10
0.8578390157480315
20
1.2087855905511811
11
0.8756725196850393
21
1.1909520866141732
0
LINE
8
BLACK
6
CONTINUOUS
10
0.8756725196850393
20
1.1909520866141732
11
0.8759608267716535
21
1.1902561023622047
0
LINE
8
BLACK
6
CONTINUOUS
10
0.8759608267716535
20
1.1902561023622047
11
0.8756725196850393
21
1.1895601181102362
0
LINE
8
BLACK
6
CONTINUOUS
10
0.8756725196850393
20
1.1895601181102362
11
0.8749765354330709
21
1.189271811023622
0
LINE
8
BLACK
6
CONTINUOUS
10
0.8749765354330709
20
1.189271811023622
11
0.8749764566929134
21
1.1892718503937008
0
LINE
8
BLACK
6
CONTINUOUS
10
0.8749764566929134
20
1.1892718503937008
11
0.8554789763779528
21
1.1892718503937008
0
LINE
8
BLACK
6
CONTINUOUS
10
0.8554789763779528
20
1.1892718503937008
11
0.8547829921259842
21
1.1895601181102362
0
LINE
8
BLACK
6
CONTINUOUS
10
0.8547829921259842
20
1.1895601181102362
11
0.8544947244094488
21
1.1902561023622047
0
LINE
8
BLACK
6
CONTINUOUS
10
0.8544947244094488
20
1.1902561023622047
11
0.8547829921259842
21
1.1909520866141732
0
LINE
8
BLACK
6
CONTINUOUS
10
0.8547829921259842
20
1.1909520866141732
11
0.8554789763779528
21
1.1912403543307086
0
LINE
8
BLACK
6
CONTINUOUS
10
0.8554789763779528
20
1.1912403543307086
11
0.87260031496063
21
1.1912403543307086
0
LINE
8
BLACK
6
CONTINUOUS
10
0.87260031496063
20
1.1912403543307086
11
0.8562827952755905
21
1.207557874015748
0
LINE
8
BLACK
6
CONTINUOUS
10
0.8562827952755905
20
1.207557874015748
11
0.8561951181102362
21
1.2077695669291337
0
LINE
8
BLACK
6
CONTINUOUS
10
0.8561951181102362
20
1.2077695669291337
11
0.8560450393700787
21
1.2079425984251968
0
LINE
8
BLACK
6
CONTINUOUS
10
0.8560450393700787
20
1.2079425984251968
11
0.8545452362204724
21
1.2124420472440944
0
LINE
8
BLACK
6
CONTINUOUS
10
0.8545452362204724
20
1.2124420472440944
11
0.8545566929133858
21
1.2126036614173228
0
LINE
8
BLACK
6
CONTINUOUS
10
0.8545566929133858
20
1.2126036614173228
11
0.8544947244094488
21
1.2127533070866141
0
LINE
8
BLACK
6
CONTINUOUS
10
0.8544947244094488
20
1.2127533070866141
11
0.8544947244094488
21
1.2157529133858267
0
LINE
8
BLACK
6
CONTINUOUS
10
0.8544947244094488
20
1.2157529133858267
11
0.8545823622047244
21
1.2159645669291339
0
LINE
8
BLACK
6
CONTINUOUS
10
0.8545823622047244
20
1.2159645669291339
11
0.8545986220472441
21
1.2161930708661417
0
LINE
8
BLACK
6
CONTINUOUS
10
0.8545986220472441
20
1.2161930708661417
11
0.8560984251968504
21
1.219192716535433
0
LINE
8
BLACK
6
CONTINUOUS
10
0.8560984251968504
20
1.219192716535433
11
0.8562207874015748
21
1.2192988976377952
0
LINE
8
BLACK
6
CONTINUOUS
10
0.8562207874015748
20
1.2192988976377952
11
0.8562827952755905
21
1.2194485433070865
0
LINE
8
BLACK
6
CONTINUOUS
10
0.8562827952755905
20
1.2194485433070865
11
0.8577825984251969
21
1.2209483070866141
0
LINE
8
BLACK
6
CONTINUOUS
10
0.8577825984251969
20
1.2209483070866141
11
0.8579322440944882
21
1.2210103149606299
0
LINE
8
BLACK
6
CONTINUOUS
10
0.8579322440944882
20
1.2210103149606299
11
0.8580384251968504
21
1.2211327165354331
0
LINE
8
BLACK
6
CONTINUOUS
10
0.8580384251968504
20
1.2211327165354331
11
0.8610380708661417
21
1.2226325196850394
0
LINE
8
BLACK
6
CONTINUOUS
10
0.8610380708661417
20
1.2226325196850394
11
0.8612665748031496
21
1.2226487795275591
0
LINE
8
BLACK
6
CONTINUOUS
10
0.8612665748031496
20
1.2226487795275591
11
0.8614782283464567
21
1.2227364173228346
0
LINE
8
BLACK
6
CONTINUOUS
10
0.8614782283464567
20
1.2227364173228346
11
0.8689772834645669
21
1.2227364173228346
0
LINE
8
BLACK
6
CONTINUOUS
10
0.8689772834645669
20
1.2227364173228346
11
0.8691888976377953
21
1.2226487795275591
0
LINE
8
BLACK
6
CONTINUOUS
10
0.9020669291338582
20
1.2637795275590551
11
0.9034588582677165
21
1.2632029527559054
0
LINE
8
BLACK
6
CONTINUOUS
10
0.9034588582677165
20
1.2632029527559054
11
0.9040354330708661
21
1.2618110236220472
0
LINE
8
BLACK
6
CONTINUOUS
10
0.9040354330708661
20
1.2618110236220472
11
0.9040354330708661
21
1.2483986220472441
0
LINE
8
BLACK
6
CONTINUOUS
10
0.9040354330708661
20
1.2483986220472441
11
0.9066456692913386
21
1.2501387795275589
0
LINE
8
BLACK
6
CONTINUOUS
10
0.9066456692913386
20
1.2501387795275589
11
0.9090996456692914
21
1.2525927952755904
0
LINE
8
BLACK
6
CONTINUOUS
10
0.9090996456692914
20
1.2525927952755904
11
0.9103851968503937
21
1.2551638188976377
0
LINE
8
BLACK
6
CONTINUOUS
10
0.9103851968503937
20
1.2551638188976377
11
0.9109961023622047
21
1.2559874803149607
0
LINE
8
BLACK
6
CONTINUOUS
10
0.9109961023622047
20
1.2559874803149607
11
0.9128492913385826
21
1.2567907480314959
0
LINE
8
BLACK
6
CONTINUOUS
10
0.9128492913385826
20
1.2567907480314959
11
0.9147852755905511
21
1.2562149212598426
0
LINE
8
BLACK
6
CONTINUOUS
10
0.9147852755905511
20
1.2562149212598426
11
0.9158981496062992
21
1.2545293700787401
0
LINE
8
BLACK
6
CONTINUOUS
10
0.9158981496062992
20
1.2545293700787401
11
0.9156672440944882
21
1.2525227952755906
0
LINE
8
BLACK
6
CONTINUOUS
10
0.9156672440944882
20
1.2525227952755906
11
0.9141674409448819
21
1.2495231496062993
0
LINE
8
BLACK
6
CONTINUOUS
10
0.9141674409448819
20
1.2495231496062993
11
0.9136415354330708
21
1.2488141338582677
0
LINE
8
BLACK
6
CONTINUOUS
10
0.9136415354330708
20
1.2488141338582677
11
0.9136143307086614
21
1.2487557480314961
0
LINE
8
BLACK
6
CONTINUOUS
10
0.9136143307086614
20
1.2487557480314961
11
0.9126557480314961
21
1.2477971653543307
0
LINE
8
BLACK
6
CONTINUOUS
10
0.9126557480314961
20
1.2477971653543307
11
0.9325706692913386
21
1.2477971653543307
0
LINE
8
BLACK
6
CONTINUOUS
10
0.9325706692913386
20
1.2477971653543307
11
0.9325706692913386
21
1.2538433070866142
0
LINE
8
BLACK
6
CONTINUOUS
10
0.9325706692913386
20
1.2538433070866142
11
0.9327487401574803
21
1.2548532283464566
0
LINE
8
BLACK
6
CONTINUOUS
10
0.9327487401574803
20
1.2548532283464566
11
0.9340470472440945
21
1.2564004724409448
0
LINE
8
BLACK
6
CONTINUOUS
10
0.9340470472440945
20
1.2564004724409448
11
0.9360361811023622
21
1.2567512204724409
0
LINE
8
BLACK
6
CONTINUOUS
10
0.9360361811023622
20
1.2567512204724409
11
0.9377853543307086
21
1.2557412992125985
0
LINE
8
BLACK
6
CONTINUOUS
10
0.9377853543307086
20
1.2557412992125985
11
0.9384761811023622
21
1.2538433070866142
0
LINE
8
BLACK
6
CONTINUOUS
10
0.9384761811023622
20
1.2538433070866142
11
0.9384761811023622
21
1.2358455511811024
0
LINE
8
BLACK
6
CONTINUOUS
10
0.9384761811023622
20
1.2358455511811024
11
0.9382981102362205
21
1.2348356299212597
0
LINE
8
BLACK
6
CONTINUOUS
10
0.9382981102362205
20
1.2348356299212597
11
0.9369998031496063
21
1.2332883858267716
0
LINE
8
BLACK
6
CONTINUOUS
10
0.9369998031496063
20
1.2332883858267716
11
0.9350106692913386
21
1.2329376377952757
0
LINE
8
BLACK
6
CONTINUOUS
10
0.9350106692913386
20
1.2329376377952757
11
0.9332614960629921
21
1.2339475590551181
0
LINE
8
BLACK
6
CONTINUOUS
10
0.9332614960629921
20
1.2339475590551181
11
0.9325706692913386
21
1.2358455511811024
0
LINE
8
BLACK
6
CONTINUOUS
10
0.9325706692913386
20
1.2358455511811024
11
0.9325706692913386
21
1.2418916535433071
0
LINE
8
BLACK
6
CONTINUOUS
10
0.9325706692913386
20
1.2418916535433071
11
0.9040354330708661
21
1.2418916535433071
0
LINE
8
BLACK
6
CONTINUOUS
10
0.9040354330708661
20
1.2418916535433071
11
0.9040354330708661
21
1.2199630708661418
0
LINE
8
BLACK
6
CONTINUOUS
10
0.9040354330708661
20
1.2199630708661418
11
0.9240909842519685
21
1.2266482677165353
0
LINE
8
BLACK
6
CONTINUOUS
10
0.9240909842519685
20
1.2266482677165353
11
0.9251053543307086
21
1.2267987007874015
0
LINE
8
BLACK
6
CONTINUOUS
10
0.9251053543307086
20
1.2267987007874015
11
0.9253151968503937
21
1.2267157874015748
0
LINE
8
BLACK
6
CONTINUOUS
10
0.9253151968503937
20
1.2267157874015748
11
0.9255374803149606
21
1.2267549606299213
0
LINE
8
BLACK
6
CONTINUOUS
10
0.9255374803149606
20
1.2267549606299213
11
0.9262349606299213
21
1.2263522440944881
0
LINE
8
BLACK
6
CONTINUOUS
10
0.9262349606299213
20
1.2263522440944881
11
0.9269837795275591
21
1.2260562992125983
0
LINE
8
BLACK
6
CONTINUOUS
10
0.9269837795275591
20
1.2260562992125983
11
0.927091220472441
21
1.225857874015748
0
LINE
8
BLACK
6
CONTINUOUS
10
0.927091220472441
20
1.225857874015748
11
0.9272866535433071
21
1.2257450393700786
0
LINE
8
BLACK
6
CONTINUOUS
10
0.9272866535433071
20
1.2257450393700786
11
0.9275620472440944
21
1.2249883464566929
0
LINE
8
BLACK
6
CONTINUOUS
10
0.9275620472440944
20
1.2249883464566929
11
0.9279455511811023
21
1.2242801574803148
0
LINE
8
BLACK
6
CONTINUOUS
10
0.9279455511811023
20
1.2242801574803148
11
0.9279002755905511
21
1.2240590944881891
0
LINE
8
BLACK
6
CONTINUOUS
10
0.9279002755905511
20
1.2240590944881891
11
0.9279774803149606
21
1.2238470472440945
0
LINE
8
BLACK
6
CONTINUOUS
10
0.9279774803149606
20
1.2238470472440945
11
0.9279774803149606
21
1.2118016535433072
0
LINE
8
BLACK
6
CONTINUOUS
10
0.9279774803149606
20
1.2118016535433072
11
0.9355234251968504
21
1.2118016535433072
0
LINE
8
BLACK
6
CONTINUOUS
10
0.9355234251968504
20
1.2118016535433072
11
0.9365333464566928
21
1.2116235826771653
0
LINE
8
BLACK
6
CONTINUOUS
10
0.9365333464566928
20
1.2116235826771653
11
0.9380805905511811
21
1.2103252755905511
0
LINE
8
BLACK
6
CONTINUOUS
10
0.9380805905511811
20
1.2103252755905511
11
0.9384313385826771
21
1.2083361417322835
0
LINE
8
BLACK
6
CONTINUOUS
10
0.9384313385826771
20
1.2083361417322835
11
0.9374214173228346
21
1.206586968503937
0
LINE
8
BLACK
6
CONTINUOUS
10
0.9374214173228346
20
1.206586968503937
11
0.9355234251968504
21
1.2058961417322835
0
LINE
8
BLACK
6
CONTINUOUS
10
0.9355234251968504
20
1.2058961417322835
11
0.9279774803149606
21
1.2058961417322835
0
LINE
8
BLACK
6
CONTINUOUS
10
0.9279774803149606
20
1.2058961417322835
11
0.9279774803149606
21
1.2043494488188977
0
LINE
8
BLACK
6
CONTINUOUS
10
0.9279774803149606
20
1.2043494488188977
11
0.9277994094488189
21
1.203339527559055
0
LINE
8
BLACK
6
CONTINUOUS
10
0.9277994094488189
20
1.203339527559055
11
0.9265011023622047
21
1.2017922834645669
0
LINE
8
BLACK
6
CONTINUOUS
10
0.9265011023622047
20
1.2017922834645669
11
0.924511968503937
21
1.2014415354330708
0
LINE
8
BLACK
6
CONTINUOUS
10
0.924511968503937
20
1.2014415354330708
11
0.9227627952755906
21
1.2024514566929134
0
LINE
8
BLACK
6
CONTINUOUS
10
0.9227627952755906
20
1.2024514566929134
11
0.922071968503937
21
1.2043494488188977
0
LINE
8
BLACK
6
CONTINUOUS
10
0.922071968503937
20
1.2043494488188977
11
0.922071968503937
21
1.2058961417322835
0
LINE
8
BLACK
6
CONTINUOUS
10
0.922071968503937
20
1.2058961417322835
11
0.9145260236220473
21
1.2058961417322835
0
LINE
8
BLACK
6
CONTINUOUS
10
0.9145260236220473
20
1.2058961417322835
11
0.9135161023622047
21
1.2060742125984252
0
LINE
8
BLACK
6
CONTINUOUS
10
0.9135161023622047
20
1.2060742125984252
11
0.9119688582677166
21
1.2073725196850393
0
LINE
8
BLACK
6
CONTINUOUS
10
0.9119688582677166
20
1.2073725196850393
11
0.9116181102362204
21
1.2093616535433072
0
LINE
8
BLACK
6
CONTINUOUS
10
0.9116181102362204
20
1.2093616535433072
11
0.912628031496063
21
1.2111108267716535
0
LINE
8
BLACK
6
CONTINUOUS
10
0.912628031496063
20
1.2111108267716535
11
0.9145260236220473
21
1.2118016535433072
0
LINE
8
BLACK
6
CONTINUOUS
10
0.9145260236220473
20
1.2118016535433072
11
0.922071968503937
21
1.2118016535433072
0
LINE
8
BLACK
6
CONTINUOUS
10
0.922071968503937
20
1.2118016535433072
11
0.922071968503937
21
1.2197503543307087
0
LINE
8
BLACK
6
CONTINUOUS
10
0.922071968503937
20
1.2197503543307087
11
0.9040354330708661
21
1.2137381496062991
0
LINE
8
BLACK
6
CONTINUOUS
10
0.9040354330708661
20
1.2137381496062991
11
0.9040354330708661
21
1.1476377952755905
0
LINE
8
BLACK
6
CONTINUOUS
10
0.9040354330708661
20
1.1476377952755905
11
0.9034588582677165
21
1.1462458661417323
0
LINE
8
BLACK
6
CONTINUOUS
10
0.9034588582677165
20
1.1462458661417323
11
0.9020669291338582
21
1.1456692913385826
0
LINE
8
BLACK
6
CONTINUOUS
10
0.9020669291338582
20
1.1456692913385826
11
0.8636811023622047
21
1.1456692913385826
0
LINE
8
BLACK
6
CONTINUOUS
10
0.8636811023622047
20
1.1456692913385826
11
0.8626968110236221
21
1.1460770078740157
0
LINE
8
BLACK
6
CONTINUOUS
10
0.8626968110236221
20
1.1460770078740157
11
0.8622891338582677
21
1.1462458661417323
0
LINE
8
BLACK
6
CONTINUOUS
10
0.8622891338582677
20
1.1462458661417323
11
0.8494938976377953
21
1.1590411417322835
0
LINE
8
BLACK
6
CONTINUOUS
10
0.8494938976377953
20
1.1590411417322835
11
0.8489173228346456
21
1.1604330708661417
0
LINE
8
BLACK
6
CONTINUOUS
10
0.8489173228346456
20
1.1604330708661417
11
0.8489173228346456
21
1.2618110236220472
0
LINE
8
BLACK
6
CONTINUOUS
10
0.8489173228346456
20
1.2618110236220472
11
0.8494938976377953
21
1.2632029527559054
0
LINE
8
BLACK
6
CONTINUOUS
10
0.8494938976377953
20
1.2632029527559054
11
0.8508858267716535
21
1.2637795275590551
0
LINE
8
BLACK
6
CONTINUOUS
10
0.8508858267716535
20
1.2637795275590551
11
0.9020669291338582
21
1.2637795275590551
0
LINE
8
BLACK
6
CONTINUOUS
10
0.8528543307086613
20
1.2598425196850394
11
0.8528543307086613
21
1.1612484645669292
0
LINE
8
BLACK
6
CONTINUOUS
10
0.8528543307086613
20
1.1612484645669292
11
0.8644964960629921
21
1.1496062992125984
0
LINE
8
BLACK
6
CONTINUOUS
10
0.8644964960629921
20
1.1496062992125984
11
0.9000984251968503
21
1.1496062992125984
0
LINE
8
BLACK
6
CONTINUOUS
10
0.9000984251968503
20
1.1496062992125984
11
0.9000984251968503
21
1.2150068503937008
0
LINE
8
BLACK
6
CONTINUOUS
10
0.9000984251968503
20
1.2150068503937008
11
0.8996067322834645
21
1.2159148425196851
0
LINE
8
BLACK
6
CONTINUOUS
10
0.8996067322834645
20
1.2159148425196851
11
0.9000116929133858
21
1.2178936220472441
0
LINE
8
BLACK
6
CONTINUOUS
10
0.9000116929133858
20
1.2178936220472441
11
0.9000984251968503
21
1.2179624803149607
0
LINE
8
BLACK
6
CONTINUOUS
10
0.9000984251968503
20
1.2179624803149607
11
0.9000984251968503
21
1.2207679133858267
0
LINE
8
BLACK
6
CONTINUOUS
10
0.9000984251968503
20
1.2207679133858267
11
0.8924587401574803
21
1.2207679133858267
0
LINE
8
BLACK
6
CONTINUOUS
10
0.8924587401574803
20
1.2207679133858267
11
0.8924587401574803
21
1.1902561023622047
0
LINE
8
BLACK
6
CONTINUOUS
10
0.8924587401574803
20
1.1902561023622047
11
0.8921704724409448
21
1.1895601181102362
0
LINE
8
BLACK
6
CONTINUOUS
10
0.8921704724409448
20
1.1895601181102362
11
0.8914744881889763
21
1.1892718503937008
0
LINE
8
BLACK
6
CONTINUOUS
10
0.8914744881889763
20
1.1892718503937008
11
0.8907785039370079
21
1.1895601181102362
0
LINE
8
BLACK
6
CONTINUOUS
10
0.8907785039370079
20
1.1895601181102362
11
0.8904902362204724
21
1.1902561023622047
0
LINE
8
BLACK
6
CONTINUOUS
10
0.8904902362204724
20
1.1902561023622047
11
0.8904902362204724
21
1.2207679133858267
0
LINE
8
BLACK
6
CONTINUOUS
10
0.8904902362204724
20
1.2207679133858267
11
0.8824755905511811
21
1.2207679133858267
0
LINE
8
BLACK
6
CONTINUOUS
10
0.8824755905511811
20
1.2207679133858267
11
0.8817796062992126
21
1.2210561811023621
0
LINE
8
BLACK
6
CONTINUOUS
10
0.8817796062992126
20
1.2210561811023621
11
0.8814913385826771
21
1.2217521653543306
0
LINE
8
BLACK
6
CONTINUOUS
10
0.8814913385826771
20
1.2217521653543306
11
0.8817796062992126
21
1.2224481496062991
0
LINE
8
BLACK
6
CONTINUOUS
10
0.8817796062992126
20
1.2224481496062991
11
0.8824755905511811
21
1.2227364173228346
0
LINE
8
BLACK
6
CONTINUOUS
10
0.8824755905511811
20
1.2227364173228346
11
0.9000984251968503
21
1.2227364173228346
0
LINE
8
BLACK
6
CONTINUOUS
10
0.9000984251968503
20
1.2227364173228346
11
0.9000984251968503
21
1.2598425196850394
0
LINE
8
BLACK
6
CONTINUOUS
10
0.9000984251968503
20
1.2598425196850394
11
0.8528543307086613
21
1.2598425196850394
0
LINE
8
BLACK
6
CONTINUOUS
10
0.8400766535433071
20
1.1677540551181103
11
0.8416238976377952
21
1.1664557480314961
0
LINE
8
BLACK
6
CONTINUOUS
10
0.8416238976377952
20
1.1664557480314961
11
0.8419746456692914
21
1.1644666141732283
0
LINE
8
BLACK
6
CONTINUOUS
10
0.8419746456692914
20
1.1644666141732283
11
0.8409647244094488
21
1.1627174409448819
0
LINE
8
BLACK
6
CONTINUOUS
10
0.8409647244094488
20
1.1627174409448819
11
0.8390667322834645
21
1.1620266141732283
0
LINE
8
BLACK
6
CONTINUOUS
10
0.8390667322834645
20
1.1620266141732283
11
0.8319270078740157
21
1.1620266141732283
0
LINE
8
BLACK
6
CONTINUOUS
10
0.8319270078740157
20
1.1620266141732283
11
0.8408383858267716
21
1.1553430708661416
0
LINE
8
BLACK
6
CONTINUOUS
10
0.8408383858267716
20
1.1553430708661416
11
0.8415394881889764
21
1.1545946456692913
0
LINE
8
BLACK
6
CONTINUOUS
10
0.8415394881889764
20
1.1545946456692913
11
0.8419983070866142
21
1.1526276771653543
0
LINE
8
BLACK
6
CONTINUOUS
10
0.8419983070866142
20
1.1526276771653543
11
0.8410854330708661
21
1.1508259055118111
0
LINE
8
BLACK
6
CONTINUOUS
10
0.8410854330708661
20
1.1508259055118111
11
0.8392279527559054
21
1.1500325196850394
0
LINE
8
BLACK
6
CONTINUOUS
10
0.8392279527559054
20
1.1500325196850394
11
0.8372950787401574
21
1.1506186614173228
0
LINE
8
BLACK
6
CONTINUOUS
10
0.8372950787401574
20
1.1506186614173228
11
0.8273452755905512
21
1.1580810236220471
0
LINE
8
BLACK
6
CONTINUOUS
10
0.8273452755905512
20
1.1580810236220471
11
0.8201572440944882
21
1.1508929527559055
0
LINE
8
BLACK
6
CONTINUOUS
10
0.8201572440944882
20
1.1508929527559055
11
0.8193172047244094
21
1.1503047637795276
0
LINE
8
BLACK
6
CONTINUOUS
10
0.8193172047244094
20
1.1503047637795276
11
0.8173051181102362
21
1.1501287007874015
0
LINE
8
BLACK
6
CONTINUOUS
10
0.8173051181102362
20
1.1501287007874015
11
0.8156505511811023
21
1.1512872440944881
0
LINE
8
BLACK
6
CONTINUOUS
10
0.8156505511811023
20
1.1512872440944881
11
0.8151278346456693
21
1.1532381889763779
0
LINE
8
BLACK
6
CONTINUOUS
10
0.8151278346456693
20
1.1532381889763779
11
0.8159814173228346
21
1.1550687795275589
0
LINE
8
BLACK
6
CONTINUOUS
10
0.8159814173228346
20
1.1550687795275589
11
0.8229392519685039
21
1.1620266141732283
0
LINE
8
BLACK
6
CONTINUOUS
10
0.8229392519685039
20
1.1620266141732283
11
0.8075706692913386
21
1.1620266141732283
0
LINE
8
BLACK
6
CONTINUOUS
10
0.8075706692913386
20
1.1620266141732283
11
0.806560748031496
21
1.1622046850393701
0
LINE
8
BLACK
6
CONTINUOUS
10
0.806560748031496
20
1.1622046850393701
11
0.8050135039370079
21
1.1635029921259843
0
LINE
8
BLACK
6
CONTINUOUS
10
0.8050135039370079
20
1.1635029921259843
11
0.8046627559055118
21
1.1654921259842519
0
LINE
8
BLACK
6
CONTINUOUS
10
0.8046627559055118
20
1.1654921259842519
11
0.8056726771653543
21
1.1672412992125984
0
LINE
8
BLACK
6
CONTINUOUS
10
0.8056726771653543
20
1.1672412992125984
11
0.8075706692913386
21
1.1679321259842519
0
LINE
8
BLACK
6
CONTINUOUS
10
0.8075706692913386
20
1.1679321259842519
11
0.8390667322834645
21
1.1679321259842519
0
LINE
8
BLACK
6
CONTINUOUS
10
0.8390667322834645
20
1.1679321259842519
11
0.8400766535433071
21
1.1677540551181103
0
LINE
8
BLACK
6
CONTINUOUS
10
0.7640893307086614
20
1.1994098031496063
11
0.7644549606299212
21
1.1993838188976378
0
LINE
8
BLACK
6
CONTINUOUS
10
0.7644549606299212
20
1.1993838188976378
11
0.7646247637795276
21
1.199188031496063
0
LINE
8
BLACK
6
CONTINUOUS
10
0.7646247637795276
20
1.199188031496063
11
0.7648642519685039
21
1.1990888188976379
0
LINE
8
BLACK
6
CONTINUOUS
10
0.7648642519685039
20
1.1990888188976379
11
0.7650045275590551
21
1.1987501968503937
0
LINE
8
BLACK
6
CONTINUOUS
10
0.7650045275590551
20
1.1987501968503937
11
0.76524468503937
21
1.1984732677165355
0
LINE
8
BLACK
6
CONTINUOUS
10
0.76524468503937
20
1.1984732677165355
11
0.7652262992125984
21
1.1982148031496063
0
LINE
8
BLACK
6
CONTINUOUS
10
0.7652262992125984
20
1.1982148031496063
11
0.7653255118110236
21
1.1979752755905511
0
LINE
8
BLACK
6
CONTINUOUS
10
0.7653255118110236
20
1.1979752755905511
11
0.7653255118110236
21
1.1845519291338582
0
LINE
8
BLACK
6
CONTINUOUS
10
0.7653255118110236
20
1.1845519291338582
11
0.7742494094488189
21
1.1845519291338582
0
LINE
8
BLACK
6
CONTINUOUS
10
0.7742494094488189
20
1.1845519291338582
11
0.7753629527559055
21
1.1840906692913387
0
LINE
8
BLACK
6
CONTINUOUS
10
0.7753629527559055
20
1.1840906692913387
11
0.7758242125984252
21
1.1829771259842519
0
LINE
8
BLACK
6
CONTINUOUS
10
0.7758242125984252
20
1.1829771259842519
11
0.7753629527559055
21
1.1818635826771653
0
LINE
8
BLACK
6
CONTINUOUS
10
0.7753629527559055
20
1.1818635826771653
11
0.7742494094488189
21
1.1814023228346457
0
LINE
8
BLACK
6
CONTINUOUS
10
0.7742494094488189
20
1.1814023228346457
11
0.7653255118110236
21
1.1814023228346457
0
LINE
8
BLACK
6
CONTINUOUS
10
0.7653255118110236
20
1.1814023228346457
11
0.7653255118110236
21
1.1784776771653542
0
LINE
8
BLACK
6
CONTINUOUS
10
0.7653255118110236
20
1.1784776771653542
11
0.7648642519685039
21
1.1773641338582677
0
LINE
8
BLACK
6
CONTINUOUS
10
0.7648642519685039
20
1.1773641338582677
11
0.7637507086614173
21
1.1769028740157481
0
LINE
8
BLACK
6
CONTINUOUS
10
0.7637507086614173
20
1.1769028740157481
11
0.7626371653543307
21
1.1773641338582677
0
LINE
8
BLACK
6
CONTINUOUS
10
0.7626371653543307
20
1.1773641338582677
11
0.762175905511811
21
1.1784776771653542
0
LINE
8
BLACK
6
CONTINUOUS
10
0.762175905511811
20
1.1784776771653542
11
0.762175905511811
21
1.1814023228346457
0
LINE
8
BLACK
6
CONTINUOUS
10
0.762175905511811
20
1.1814023228346457
11
0.7532520078740157
21
1.1814023228346457
0
LINE
8
BLACK
6
CONTINUOUS
10
0.7532520078740157
20
1.1814023228346457
11
0.7521384645669291
21
1.1818635826771653
0
LINE
8
BLACK
6
CONTINUOUS
10
0.7521384645669291
20
1.1818635826771653
11
0.7516772047244095
21
1.1829771259842519
0
LINE
8
BLACK
6
CONTINUOUS
10
0.7516772047244095
20
1.1829771259842519
11
0.7521384645669291
21
1.1840906692913387
0
LINE
8
BLACK
6
CONTINUOUS
10
0.7521384645669291
20
1.1840906692913387
11
0.7532520078740157
21
1.1845519291338582
0
LINE
8
BLACK
6
CONTINUOUS
10
0.7532520078740157
20
1.1845519291338582
11
0.762175905511811
21
1.1845519291338582
0
LINE
8
BLACK
6
CONTINUOUS
10
0.762175905511811
20
1.1845519291338582
11
0.762175905511811
21
1.1957903937007874
0
LINE
8
BLACK
6
CONTINUOUS
10
0.762175905511811
20
1.1957903937007874
11
0.7417515354330708
21
1.1889822047244094
0
LINE
8
BLACK
6
CONTINUOUS
10
0.7417515354330708
20
1.1889822047244094
11
0.7405492913385826
21
1.1890676377952756
0
LINE
8
BLACK
6
CONTINUOUS
10
0.7405492913385826
20
1.1890676377952756
11
0.7397595669291338
21
1.1899781889763779
0
LINE
8
BLACK
6
CONTINUOUS
10
0.7397595669291338
20
1.1899781889763779
11
0.739845
21
1.1911804330708662
0
LINE
8
BLACK
6
CONTINUOUS
10
0.739845
20
1.1911804330708662
11
0.7407555511811024
21
1.191970157480315
0
LINE
8
BLACK
6
CONTINUOUS
10
0.7407555511811024
20
1.191970157480315
11
0.763252716535433
21
1.199469251968504
0
LINE
8
BLACK
6
CONTINUOUS
10
0.763252716535433
20
1.199469251968504
11
0.7635112204724409
21
1.199450905511811
0
LINE
8
BLACK
6
CONTINUOUS
10
0.7635112204724409
20
1.199450905511811
11
0.7637507086614173
21
1.1995500787401574
0
LINE
8
BLACK
6
CONTINUOUS
10
0.7637507086614173
20
1.1995500787401574
11
0.7640893307086614
21
1.1994098031496063
0
LINE
8
BLACK
6
CONTINUOUS
10
0.7753629527559055
20
1.2290850393700787
11
0.7758242125984252
21
1.2279714960629922
0
LINE
8
BLACK
6
CONTINUOUS
10
0.7758242125984252
20
1.2279714960629922
11
0.7753629527559055
21
1.2268579527559056
0
LINE
8
BLACK
6
CONTINUOUS
10
0.7753629527559055
20
1.2268579527559056
11
0.7742494094488189
21
1.2263966929133858
0
LINE
8
BLACK
6
CONTINUOUS
10
0.7742494094488189
20
1.2263966929133858
11
0.760826062992126
21
1.2263966929133858
0
LINE
8
BLACK
6
CONTINUOUS
10
0.760826062992126
20
1.2263966929133858
11
0.760826062992126
21
1.2212923622047245
0
LINE
8
BLACK
6
CONTINUOUS
10
0.760826062992126
20
1.2212923622047245
11
0.7751524803149606
21
1.2112638582677164
0
LINE
8
BLACK
6
CONTINUOUS
10
0.7751524803149606
20
1.2112638582677164
11
0.7758002362204725
21
1.2102474409448818
0
LINE
8
BLACK
6
CONTINUOUS
10
0.7758002362204725
20
1.2102474409448818
11
0.7755395275590551
21
1.2090706692913387
0
LINE
8
BLACK
6
CONTINUOUS
10
0.7755395275590551
20
1.2090706692913387
11
0.7745230708661417
21
1.2084229133858266
0
LINE
8
BLACK
6
CONTINUOUS
10
0.7745230708661417
20
1.2084229133858266
11
0.7733462992125985
21
1.2086836220472441
0
LINE
8
BLACK
6
CONTINUOUS
10
0.7733462992125985
20
1.2086836220472441
11
0.760826062992126
21
1.2174478346456692
0
LINE
8
BLACK
6
CONTINUOUS
10
0.760826062992126
20
1.2174478346456692
11
0.760826062992126
21
1.2159729921259843
0
LINE
8
BLACK
6
CONTINUOUS
10
0.760826062992126
20
1.2159729921259843
11
0.760685748031496
21
1.2156343700787402
0
LINE
8
BLACK
6
CONTINUOUS
10
0.760685748031496
20
1.2156343700787402
11
0.7606598031496062
21
1.2152687007874015
0
LINE
8
BLACK
6
CONTINUOUS
10
0.7606598031496062
20
1.2152687007874015
11
0.7591599999999999
21
1.2122690944881889
0
LINE
8
BLACK
6
CONTINUOUS
10
0.7591599999999999
20
1.2122690944881889
11
0.7589641732283464
21
1.2120992913385826
0
LINE
8
BLACK
6
CONTINUOUS
10
0.7589641732283464
20
1.2120992913385826
11
0.758865
21
1.2118598031496062
0
LINE
8
BLACK
6
CONTINUOUS
10
0.758865
20
1.2118598031496062
11
0.7573651968503937
21
1.2103600393700786
0
LINE
8
BLACK
6
CONTINUOUS
10
0.7573651968503937
20
1.2103600393700786
11
0.7571257086614173
21
1.2102608661417322
0
LINE
8
BLACK
6
CONTINUOUS
10
0.7571257086614173
20
1.2102608661417322
11
0.756955905511811
21
1.2100650393700787
0
LINE
8
BLACK
6
CONTINUOUS
10
0.756955905511811
20
1.2100650393700787
11
0.7539562992125984
21
1.2085651968503937
0
LINE
8
BLACK
6
CONTINUOUS
10
0.7539562992125984
20
1.2085651968503937
11
0.7535906299212598
21
1.2085392519685039
0
LINE
8
BLACK
6
CONTINUOUS
10
0.7535906299212598
20
1.2085392519685039
11
0.7532520078740157
21
1.208398937007874
0
LINE
8
BLACK
6
CONTINUOUS
10
0.7532520078740157
20
1.208398937007874
11
0.7487525984251968
21
1.208398937007874
0
LINE
8
BLACK
6
CONTINUOUS
10
0.7487525984251968
20
1.208398937007874
11
0.748413937007874
21
1.2085392519685039
0
LINE
8
BLACK
6
CONTINUOUS
10
0.748413937007874
20
1.2085392519685039
11
0.7480483070866142
21
1.2085651968503937
0
LINE
8
BLACK
6
CONTINUOUS
10
0.7480483070866142
20
1.2085651968503937
11
0.7450486614173228
21
1.2100650393700787
0
LINE
8
BLACK
6
CONTINUOUS
10
0.7450486614173228
20
1.2100650393700787
11
0.7448788188976377
21
1.2102608661417322
0
LINE
8
BLACK
6
CONTINUOUS
10
0.7448788188976377
20
1.2102608661417322
11
0.7446393700787401
21
1.2103600393700786
0
LINE
8
BLACK
6
CONTINUOUS
10
0.7446393700787401
20
1.2103600393700786
11
0.7431396062992126
21
1.2118598425196849
0
LINE
8
BLACK
6
CONTINUOUS
10
0.7431396062992126
20
1.2118598425196849
11
0.7430403937007873
21
1.2120992913385826
0
LINE
8
BLACK
6
CONTINUOUS
10
0.7430403937007873
20
1.2120992913385826
11
0.7428446062992126
21
1.2122690944881889
0
LINE
8
BLACK
6
CONTINUOUS
10
0.7428446062992126
20
1.2122690944881889
11
0.7413448031496063
21
1.2152687007874015
0
LINE
8
BLACK
6
CONTINUOUS
10
0.7413448031496063
20
1.2152687007874015
11
0.7413188188976377
21
1.2156343700787402
0
LINE
8
BLACK
6
CONTINUOUS
10
0.7413188188976377
20
1.2156343700787402
11
0.7411785433070865
21
1.2159729921259843
0
LINE
8
BLACK
6
CONTINUOUS
10
0.7411785433070865
20
1.2159729921259843
11
0.7411785433070865
21
1.2279714960629922
0
LINE
8
BLACK
6
CONTINUOUS
10
0.7411785433070865
20
1.2279714960629922
11
0.7416398031496063
21
1.2290850393700787
0
LINE
8
BLACK
6
CONTINUOUS
10
0.7416398031496063
20
1.2290850393700787
11
0.7427533464566929
21
1.2295462992125985
0
LINE
8
BLACK
6
CONTINUOUS
10
0.7427533464566929
20
1.2295462992125985
11
0.7742494094488189
21
1.2295462992125985
0
LINE
8
BLACK
6
CONTINUOUS
10
0.7742494094488189
20
1.2295462992125985
11
0.7753629527559055
21
1.2290850393700787
0
LINE
8
BLACK
6
CONTINUOUS
10
0.7443281496062992
20
1.2163447637795275
11
0.7455474015748031
21
1.2139062204724409
0
LINE
8
BLACK
6
CONTINUOUS
10
0.7455474015748031
20
1.2139062204724409
11
0.7466857874015748
21
1.2127678346456692
0
LINE
8
BLACK
6
CONTINUOUS
10
0.7466857874015748
20
1.2127678346456692
11
0.7491243307086614
21
1.2115485433070865
0
LINE
8
BLACK
6
CONTINUOUS
10
0.7491243307086614
20
1.2115485433070865
11
0.7528802362204724
21
1.2115485433070865
0
LINE
8
BLACK
6
CONTINUOUS
10
0.7528802362204724
20
1.2115485433070865
11
0.7553188188976377
21
1.2127678740157479
0
LINE
8
BLACK
6
CONTINUOUS
10
0.7553188188976377
20
1.2127678740157479
11
0.7564571653543307
21
1.2139062598425197
0
LINE
8
BLACK
6
CONTINUOUS
10
0.7564571653543307
20
1.2139062598425197
11
0.7576764566929134
21
1.2163447637795275
0
LINE
8
BLACK
6
CONTINUOUS
10
0.7576764566929134
20
1.2163447637795275
11
0.7576764566929134
21
1.2263966929133858
0
LINE
8
BLACK
6
CONTINUOUS
10
0.7576764566929134
20
1.2263966929133858
11
0.7443281496062992
21
1.2263966929133858
0
LINE
8
BLACK
6
CONTINUOUS
10
0.7443281496062992
20
1.2263966929133858
11
0.7443281496062992
21
1.2163447637795275
0
LINE
8
BLACK
6
CONTINUOUS
10
0.7844488188976377
20
1.2460629921259843
11
0.7858407480314961
21
1.2454864173228346
0
LINE
8
BLACK
6
CONTINUOUS
10
0.7858407480314961
20
1.2454864173228346
11
0.7864173228346456
21
1.2440944881889764
0
LINE
8
BLACK
6
CONTINUOUS
10
0.7864173228346456
20
1.2440944881889764
11
0.7864173228346456
21
1.1653543307086613
0
LINE
8
BLACK
6
CONTINUOUS
10
0.7864173228346456
20
1.1653543307086613
11
0.7858407480314961
21
1.1639624015748031
0
LINE
8
BLACK
6
CONTINUOUS
10
0.7858407480314961
20
1.1639624015748031
11
0.7844488188976377
21
1.1633858267716535
0
LINE
8
BLACK
6
CONTINUOUS
10
0.7844488188976377
20
1.1633858267716535
11
0.735236220472441
21
1.1633858267716535
0
LINE
8
BLACK
6
CONTINUOUS
10
0.735236220472441
20
1.1633858267716535
11
0.7338442913385826
21
1.1639624015748031
0
LINE
8
BLACK
6
CONTINUOUS
10
0.7338442913385826
20
1.1639624015748031
11
0.7332677165354331
21
1.1653543307086613
0
LINE
8
BLACK
6
CONTINUOUS
10
0.7332677165354331
20
1.1653543307086613
11
0.7332677165354331
21
1.2440944881889764
0
LINE
8
BLACK
6
CONTINUOUS
10
0.7332677165354331
20
1.2440944881889764
11
0.7338442913385826
21
1.2454864173228346
0
LINE
8
BLACK
6
CONTINUOUS
10
0.7338442913385826
20
1.2454864173228346
11
0.735236220472441
21
1.2460629921259843
0
LINE
8
BLACK
6
CONTINUOUS
10
0.735236220472441
20
1.2460629921259843
11
0.7844488188976377
21
1.2460629921259843
0
LINE
8
BLACK
6
CONTINUOUS
10
0.7372047244094488
20
1.2421259842519685
11
0.7372047244094488
21
1.1673228346456692
0
LINE
8
BLACK
6
CONTINUOUS
10
0.7372047244094488
20
1.1673228346456692
11
0.7824803149606299
21
1.1673228346456692
0
LINE
8
BLACK
6
CONTINUOUS
10
0.7824803149606299
20
1.1673228346456692
11
0.7824803149606299
21
1.2421259842519685
0
LINE
8
BLACK
6
CONTINUOUS
10
0.7824803149606299
20
1.2421259842519685
11
0.7372047244094488
21
1.2421259842519685
0
LINE
8
BLACK
6
CONTINUOUS
10
1.0249738188976378
20
1.3202659448818896
11
1.0255503937007875
21
1.3188740157480314
0
LINE
8
BLACK
6
CONTINUOUS
10
1.0255503937007875
20
1.3188740157480314
11
1.0255503937007875
21
1.2815425196850394
0
LINE
8
BLACK
6
CONTINUOUS
10
1.0255503937007875
20
1.2815425196850394
11
1.0550818897637795
21
1.2815425196850394
0
LINE
8
BLACK
6
CONTINUOUS
10
1.0550818897637795
20
1.2815425196850394
11
1.0556279921259841
21
1.2813162992125984
0
LINE
8
BLACK
6
CONTINUOUS
10
1.0556279921259841
20
1.2813162992125984
11
1.0562057086614174
21
1.2811901968503936
0
LINE
8
BLACK
6
CONTINUOUS
10
1.0562057086614174
20
1.2811901968503936
11
1.0563046062992125
21
1.281036062992126
0
LINE
8
BLACK
6
CONTINUOUS
10
1.0563046062992125
20
1.281036062992126
11
1.0564738188976377
21
1.2809659448818898
0
LINE
8
BLACK
6
CONTINUOUS
10
1.0564738188976377
20
1.2809659448818898
11
1.0567
21
1.2804198425196851
0
LINE
8
BLACK
6
CONTINUOUS
10
1.0567
20
1.2804198425196851
11
1.05701937007874
21
1.2799221653543307
0
LINE
8
BLACK
6
CONTINUOUS
10
1.05701937007874
20
1.2799221653543307
11
1.0569802755905511
21
1.2797432283464567
0
LINE
8
BLACK
6
CONTINUOUS
10
1.0569802755905511
20
1.2797432283464567
11
1.0570503937007873
21
1.2795740157480315
0
LINE
8
BLACK
6
CONTINUOUS
10
1.0570503937007873
20
1.2795740157480315
11
1.0568241338582678
21
1.2790278740157479
0
LINE
8
BLACK
6
CONTINUOUS
10
1.0568241338582678
20
1.2790278740157479
11
1.0566980708661418
21
1.2784501968503936
0
LINE
8
BLACK
6
CONTINUOUS
10
1.0566980708661418
20
1.2784501968503936
11
1.0273483464566928
21
1.2362425196850393
0
LINE
8
BLACK
6
CONTINUOUS
10
1.0273483464566928
20
1.2362425196850393
11
1.0550818897637795
21
1.2362425196850393
0
LINE
8
BLACK
6
CONTINUOUS
10
1.0550818897637795
20
1.2362425196850393
11
1.0564738188976377
21
1.2356659448818896
0
LINE
8
BLACK
6
CONTINUOUS
10
1.0564738188976377
20
1.2356659448818896
11
1.0570503937007873
21
1.2342740157480314
0
LINE
8
BLACK
6
CONTINUOUS
10
1.0570503937007873
20
1.2342740157480314
11
1.0564738188976377
21
1.2328820866141732
0
LINE
8
BLACK
6
CONTINUOUS
10
1.0564738188976377
20
1.2328820866141732
11
1.0550818897637795
21
1.2323055118110235
0
LINE
8
BLACK
6
CONTINUOUS
10
1.0550818897637795
20
1.2323055118110235
11
1.0255503937007875
21
1.2323055118110235
0
LINE
8
BLACK
6
CONTINUOUS
10
1.0255503937007875
20
1.2323055118110235
11
1.0255503937007875
21
1.1987740157480316
0
LINE
8
BLACK
6
CONTINUOUS
10
1.0255503937007875
20
1.1987740157480316
11
1.0249738188976378
21
1.1973820866141731
0
LINE
8
BLACK
6
CONTINUOUS
10
1.0249738188976378
20
1.1973820866141731
11
1.0235818897637794
21
1.1968055118110237
0
LINE
8
BLACK
6
CONTINUOUS
10
1.0235818897637794
20
1.1968055118110237
11
1.0221899606299212
21
1.1973820866141731
0
LINE
8
BLACK
6
CONTINUOUS
10
1.0221899606299212
20
1.1973820866141731
11
1.0216133858267715
21
1.1987740157480316
0
LINE
8
BLACK
6
CONTINUOUS
10
1.0216133858267715
20
1.1987740157480316
11
1.0216133858267715
21
1.2323055118110235
0
LINE
8
BLACK
6
CONTINUOUS
10
1.0216133858267715
20
1.2323055118110235
11
0.9920818897637795
21
1.2323055118110235
0
LINE
8
BLACK
6
CONTINUOUS
10
0.9920818897637795
20
1.2323055118110235
11
0.9906899606299212
21
1.2328820866141732
0
LINE
8
BLACK
6
CONTINUOUS
10
0.9906899606299212
20
1.2328820866141732
11
0.9901133858267717
21
1.2342740157480314
0
LINE
8
BLACK
6
CONTINUOUS
10
0.9901133858267717
20
1.2342740157480314
11
0.9906899606299212
21
1.2356659448818896
0
LINE
8
BLACK
6
CONTINUOUS
10
0.9906899606299212
20
1.2356659448818896
11
0.9920818897637795
21
1.2362425196850393
0
LINE
8
BLACK
6
CONTINUOUS
10
0.9920818897637795
20
1.2362425196850393
11
1.0199508661417322
21
1.2362425196850393
0
LINE
8
BLACK
6
CONTINUOUS
10
1.0199508661417322
20
1.2362425196850393
11
0.9924323228346457
21
1.2784998031496062
0
LINE
8
BLACK
6
CONTINUOUS
10
0.9924323228346457
20
1.2784998031496062
11
0.9923289370078739
21
1.2790535826771654
0
LINE
8
BLACK
6
CONTINUOUS
10
0.9923289370078739
20
1.2790535826771654
11
0.9921133858267717
21
1.2795740157480315
0
LINE
8
BLACK
6
CONTINUOUS
10
0.9921133858267717
20
1.2795740157480315
11
0.9921950393700787
21
1.2797711811023622
0
LINE
8
BLACK
6
CONTINUOUS
10
0.9921950393700787
20
1.2797711811023622
11
0.992155905511811
21
1.2799808267716535
0
LINE
8
BLACK
6
CONTINUOUS
10
0.992155905511811
20
1.2799808267716535
11
0.9924743307086614
21
1.2804454724409449
0
LINE
8
BLACK
6
CONTINUOUS
10
0.9924743307086614
20
1.2804454724409449
11
0.9926899606299212
21
1.2809659448818898
0
LINE
8
BLACK
6
CONTINUOUS
10
0.9926899606299212
20
1.2809659448818898
11
0.9928870472440945
21
1.2810475984251968
0
LINE
8
BLACK
6
CONTINUOUS
10
0.9928870472440945
20
1.2810475984251968
11
0.9930076771653543
21
1.2812235826771654
0
LINE
8
BLACK
6
CONTINUOUS
10
0.9930076771653543
20
1.2812235826771654
11
0.9935614173228347
21
1.281326968503937
0
LINE
8
BLACK
6
CONTINUOUS
10
0.9935614173228347
20
1.281326968503937
11
0.9940818897637795
21
1.2815425196850394
0
LINE
8
BLACK
6
CONTINUOUS
10
0.9940818897637795
20
1.2815425196850394
11
1.0216133858267715
21
1.2815425196850394
0
LINE
8
BLACK
6
CONTINUOUS
10
1.0216133858267715
20
1.2815425196850394
11
1.0216133858267715
21
1.3188740157480314
0
LINE
8
BLACK
6
CONTINUOUS
10
1.0216133858267715
20
1.3188740157480314
11
1.0221899606299212
21
1.3202659448818896
0
LINE
8
BLACK
6
CONTINUOUS
10
1.0221899606299212
20
1.3202659448818896
11
1.0235818897637794
21
1.3208425196850393
0
LINE
8
BLACK
6
CONTINUOUS
10
1.0235818897637794
20
1.3208425196850393
11
1.0249738188976378
21
1.3202659448818896
0
LINE
8
BLACK
6
CONTINUOUS
10
1.0235818897637794
20
1.2776055118110237
11
0.9977129133858268
21
1.2776055118110237
0
LINE
8
BLACK
6
CONTINUOUS
10
0.9977129133858268
20
1.2776055118110237
11
1.0236354330708661
21
1.2377990944881889
0
LINE
8
BLACK
6
CONTINUOUS
10
1.0236354330708661
20
1.2377990944881889
11
1.0513153937007873
21
1.2776055118110237
0
LINE
8
BLACK
6
CONTINUOUS
10
1.0513153937007873
20
1.2776055118110237
11
1.0235818897637794
21
1.2776055118110237
0
LINE
8
BLACK
6
CONTINUOUS
10
0.9979733858267716
20
1.3183430708661417
11
0.9986642125984252
21
1.3164450787401574
0
LINE
8
BLACK
6
CONTINUOUS
10
0.9986642125984252
20
1.3164450787401574
11
0.9986642125984252
21
1.2849490157480314
0
LINE
8
BLACK
6
CONTINUOUS
10
0.9986642125984252
20
1.2849490157480314
11
0.9984861417322834
21
1.283939094488189
0
LINE
8
BLACK
6
CONTINUOUS
10
0.9984861417322834
20
1.283939094488189
11
0.9971878346456693
21
1.2823918503937008
0
LINE
8
BLACK
6
CONTINUOUS
10
0.9971878346456693
20
1.2823918503937008
11
0.9951987007874016
21
1.2820411023622047
0
LINE
8
BLACK
6
CONTINUOUS
10
0.9951987007874016
20
1.2820411023622047
11
0.9934495275590551
21
1.2830510236220471
0
LINE
8
BLACK
6
CONTINUOUS
10
0.9934495275590551
20
1.2830510236220471
11
0.9927587007874016
21
1.2849490157480314
0
LINE
8
BLACK
6
CONTINUOUS
10
0.9927587007874016
20
1.2849490157480314
11
0.9927587007874016
21
1.3164450787401574
0
LINE
8
BLACK
6
CONTINUOUS
10
0.9927587007874016
20
1.3164450787401574
11
0.9929367716535433
21
1.317455
0
LINE
8
BLACK
6
CONTINUOUS
10
0.9929367716535433
20
1.317455
11
0.9942350787401575
21
1.3190022440944882
0
LINE
8
BLACK
6
CONTINUOUS
10
0.9942350787401575
20
1.3190022440944882
11
0.9962242125984252
21
1.3193529921259841
0
LINE
8
BLACK
6
CONTINUOUS
10
0.9962242125984252
20
1.3193529921259841
11
0.9979733858267716
21
1.3183430708661417
0
LINE
8
BLACK
6
CONTINUOUS
10
1.0826771653543308
20
1.3523622047244095
11
1.084069094488189
21
1.3517856299212598
0
LINE
8
BLACK
6
CONTINUOUS
10
1.084069094488189
20
1.3517856299212598
11
1.0846456692913387
21
1.3503937007874016
0
LINE
8
BLACK
6
CONTINUOUS
10
1.0846456692913387
20
1.3503937007874016
11
1.0846456692913387
21
1.1692913385826771
0
LINE
8
BLACK
6
CONTINUOUS
10
1.0846456692913387
20
1.1692913385826771
11
1.084069094488189
21
1.1678994094488189
0
LINE
8
BLACK
6
CONTINUOUS
10
1.084069094488189
20
1.1678994094488189
11
1.0826771653543308
21
1.1673228346456692
0
LINE
8
BLACK
6
CONTINUOUS
10
1.0826771653543308
20
1.1673228346456692
11
0.9645669291338582
21
1.1673228346456692
0
LINE
8
BLACK
6
CONTINUOUS
10
0.9645669291338582
20
1.1673228346456692
11
0.963175
21
1.1678994094488189
0
LINE
8
BLACK
6
CONTINUOUS
10
0.963175
20
1.1678994094488189
11
0.9625984251968503
21
1.1692913385826771
0
LINE
8
BLACK
6
CONTINUOUS
10
0.9625984251968503
20
1.1692913385826771
11
0.9625984251968503
21
1.2820449212598426
0
LINE
8
BLACK
6
CONTINUOUS
10
0.9625984251968503
20
1.2820449212598426
11
0.9624586614173228
21
1.2820074409448818
0
LINE
8
BLACK
6
CONTINUOUS
10
0.9624586614173228
20
1.2820074409448818
11
0.9606279527559055
21
1.2828607874015747
0
LINE
8
BLACK
6
CONTINUOUS
10
0.9606279527559055
20
1.2828607874015747
11
0.9597741338582677
21
1.2846912598425198
0
LINE
8
BLACK
6
CONTINUOUS
10
0.9597741338582677
20
1.2846912598425198
11
0.9602966141732283
21
1.2866423228346457
0
LINE
8
BLACK
6
CONTINUOUS
10
0.9602966141732283
20
1.2866423228346457
11
0.9625984251968503
21
1.2899306692913386
0
LINE
8
BLACK
6
CONTINUOUS
10
0.9625984251968503
20
1.2899306692913386
11
0.9625984251968503
21
1.3003879527559055
0
LINE
8
BLACK
6
CONTINUOUS
10
0.9625984251968503
20
1.3003879527559055
11
0.9621275196850394
21
1.3008588582677165
0
LINE
8
BLACK
6
CONTINUOUS
10
0.9621275196850394
20
1.3008588582677165
11
0.9616212204724409
21
1.3015819685039369
0
LINE
8
BLACK
6
CONTINUOUS
10
0.9616212204724409
20
1.3015819685039369
11
0.9615744094488189
21
1.3016262598425197
0
LINE
8
BLACK
6
CONTINUOUS
10
0.9615744094488189
20
1.3016262598425197
11
0.9600745669291338
21
1.304625905511811
0
LINE
8
BLACK
6
CONTINUOUS
10
0.9600745669291338
20
1.304625905511811
11
0.9597822047244094
21
1.3056088188976378
0
LINE
8
BLACK
6
CONTINUOUS
10
0.9597822047244094
20
1.3056088188976378
11
0.959823188976378
21
1.3057805511811023
0
LINE
8
BLACK
6
CONTINUOUS
10
0.959823188976378
20
1.3057805511811023
11
0.9597628346456692
21
1.3059464173228346
0
LINE
8
BLACK
6
CONTINUOUS
10
0.9597628346456692
20
1.3059464173228346
11
0.9597628346456692
21
1.3104458267716534
0
LINE
8
BLACK
6
CONTINUOUS
10
0.9597628346456692
20
1.3104458267716534
11
0.959940905511811
21
1.3114557480314961
0
LINE
8
BLACK
6
CONTINUOUS
10
0.959940905511811
20
1.3114557480314961
11
0.9600543700787402
21
1.3115910236220472
0
LINE
8
BLACK
6
CONTINUOUS
10
0.9600543700787402
20
1.3115910236220472
11
0.9600745669291338
21
1.3117663385826772
0
LINE
8
BLACK
6
CONTINUOUS
10
0.9600745669291338
20
1.3117663385826772
11
0.9615744094488189
21
1.3147659842519686
0
LINE
8
BLACK
6
CONTINUOUS
10
0.9615744094488189
20
1.3147659842519686
11
0.9621002362204725
21
1.3154749606299212
0
LINE
8
BLACK
6
CONTINUOUS
10
0.9621002362204725
20
1.3154749606299212
11
0.9621275196850394
21
1.3155333858267717
0
LINE
8
BLACK
6
CONTINUOUS
10
0.9621275196850394
20
1.3155333858267717
11
0.9625984251968503
21
1.3160042913385825
0
LINE
8
BLACK
6
CONTINUOUS
10
0.9625984251968503
20
1.3160042913385825
11
0.9625984251968503
21
1.3503937007874016
0
LINE
8
BLACK
6
CONTINUOUS
10
0.9625984251968503
20
1.3503937007874016
11
0.963175
21
1.3517856299212598
0
LINE
8
BLACK
6
CONTINUOUS
10
0.963175
20
1.3517856299212598
11
0.9645669291338582
21
1.3523622047244095
0
LINE
8
BLACK
6
CONTINUOUS
10
0.9645669291338582
20
1.3523622047244095
11
1.0826771653543308
21
1.3523622047244095
0
LINE
8
BLACK
6
CONTINUOUS
10
0.9665354330708661
20
1.3484251968503937
11
0.9665354330708661
21
1.3186566535433071
0
LINE
8
BLACK
6
CONTINUOUS
10
0.9665354330708661
20
1.3186566535433071
11
0.9673943307086614
21
1.3190861023622047
0
LINE
8
BLACK
6
CONTINUOUS
10
0.9673943307086614
20
1.3190861023622047
11
0.9683772834645669
21
1.3193784645669291
0
LINE
8
BLACK
6
CONTINUOUS
10
0.9683772834645669
20
1.3193784645669291
11
0.968548937007874
21
1.3193374803149607
0
LINE
8
BLACK
6
CONTINUOUS
10
0.968548937007874
20
1.3193374803149607
11
0.968714842519685
21
1.3193978346456692
0
LINE
8
BLACK
6
CONTINUOUS
10
0.968714842519685
20
1.3193978346456692
11
0.9807133464566928
21
1.3193978346456692
0
LINE
8
BLACK
6
CONTINUOUS
10
0.9807133464566928
20
1.3193978346456692
11
0.9810968503937008
21
1.3193302362204724
0
LINE
8
BLACK
6
CONTINUOUS
10
0.9810968503937008
20
1.3193302362204724
11
0.9812261023622048
21
1.3193529921259841
0
LINE
8
BLACK
6
CONTINUOUS
10
0.9812261023622048
20
1.3193529921259841
11
0.9813396850393701
21
1.3192874015748031
0
LINE
8
BLACK
6
CONTINUOUS
10
0.9813396850393701
20
1.3192874015748031
11
0.9817232677165354
21
1.3192197637795275
0
LINE
8
BLACK
6
CONTINUOUS
10
0.9817232677165354
20
1.3192197637795275
11
0.9823109448818897
21
1.3187266535433071
0
LINE
8
BLACK
6
CONTINUOUS
10
0.9823109448818897
20
1.3187266535433071
11
0.9829752755905512
21
1.3183430708661417
0
LINE
8
BLACK
6
CONTINUOUS
10
0.9829752755905512
20
1.3183430708661417
11
0.9830663779527559
21
1.3180927559055118
0
LINE
8
BLACK
6
CONTINUOUS
10
0.9830663779527559
20
1.3180927559055118
11
0.9832705118110237
21
1.3179214566929134
0
LINE
8
BLACK
6
CONTINUOUS
10
0.9832705118110237
20
1.3179214566929134
11
0.9834037401574803
21
1.317165905511811
0
LINE
8
BLACK
6
CONTINUOUS
10
0.9834037401574803
20
1.317165905511811
11
0.9836661023622048
21
1.3164450787401574
0
LINE
8
BLACK
6
CONTINUOUS
10
0.9836661023622048
20
1.3164450787401574
11
0.9836661023622048
21
1.2849490157480314
0
LINE
8
BLACK
6
CONTINUOUS
10
0.9836661023622048
20
1.2849490157480314
11
0.983488031496063
21
1.283939094488189
0
LINE
8
BLACK
6
CONTINUOUS
10
0.983488031496063
20
1.283939094488189
11
0.9821897244094488
21
1.2823918503937008
0
LINE
8
BLACK
6
CONTINUOUS
10
0.9821897244094488
20
1.2823918503937008
11
0.980200590551181
21
1.2820411023622047
0
LINE
8
BLACK
6
CONTINUOUS
10
0.980200590551181
20
1.2820411023622047
11
0.9784514173228346
21
1.2830510236220471
0
LINE
8
BLACK
6
CONTINUOUS
10
0.9784514173228346
20
1.2830510236220471
11
0.977760590551181
21
1.2849490157480314
0
LINE
8
BLACK
6
CONTINUOUS
10
0.977760590551181
20
1.2849490157480314
11
0.977760590551181
21
1.2969944094488188
0
LINE
8
BLACK
6
CONTINUOUS
10
0.977760590551181
20
1.2969944094488188
11
0.9747516535433071
21
1.2969944094488188
0
LINE
8
BLACK
6
CONTINUOUS
10
0.9747516535433071
20
1.2969944094488188
11
0.9665354330708661
21
1.285256968503937
0
LINE
8
BLACK
6
CONTINUOUS
10
0.9665354330708661
20
1.285256968503937
11
0.9665354330708661
21
1.171259842519685
0
LINE
8
BLACK
6
CONTINUOUS
10
0.9665354330708661
20
1.171259842519685
11
1.0807086614173229
21
1.171259842519685
0
LINE
8
BLACK
6
CONTINUOUS
10
1.0807086614173229
20
1.171259842519685
11
1.0807086614173229
21
1.3484251968503937
0
LINE
8
BLACK
6
CONTINUOUS
10
1.0807086614173229
20
1.3484251968503937
11
0.9665354330708661
21
1.3484251968503937
0
LINE
8
BLACK
6
CONTINUOUS
10
0.9665354330708661
20
1.295555
11
0.9676814566929134
21
1.2971921653543306
0
LINE
8
BLACK
6
CONTINUOUS
10
0.9676814566929134
20
1.2971921653543306
11
0.9675696456692913
21
1.2972859842519684
0
LINE
8
BLACK
6
CONTINUOUS
10
0.9675696456692913
20
1.2972859842519684
11
0.9673943307086614
21
1.2973061417322835
0
LINE
8
BLACK
6
CONTINUOUS
10
0.9673943307086614
20
1.2973061417322835
11
0.9665354330708661
21
1.2977355905511812
0
LINE
8
BLACK
6
CONTINUOUS
10
0.9665354330708661
20
1.2977355905511812
11
0.9665354330708661
21
1.295555
0
LINE
8
BLACK
6
CONTINUOUS
10
0.9674643307086614
20
1.3125185433070865
11
0.9666421653543307
21
1.3116964173228347
0
LINE
8
BLACK
6
CONTINUOUS
10
0.9666421653543307
20
1.3116964173228347
11
0.9665354330708661
21
1.3114829527559055
0
LINE
8
BLACK
6
CONTINUOUS
10
0.9665354330708661
20
1.3114829527559055
11
0.9665354330708661
21
1.3049093307086614
0
LINE
8
BLACK
6
CONTINUOUS
10
0.9665354330708661
20
1.3049093307086614
11
0.9666421653543307
21
1.3046958661417323
0
LINE
8
BLACK
6
CONTINUOUS
10
0.9666421653543307
20
1.3046958661417323
11
0.9674643307086614
21
1.3038737007874015
0
LINE
8
BLACK
6
CONTINUOUS
10
0.9674643307086614
20
1.3038737007874015
11
0.9694118897637795
21
1.3028999212598424
0
LINE
8
BLACK
6
CONTINUOUS
10
0.9694118897637795
20
1.3028999212598424
11
0.977760590551181
21
1.3028999212598424
0
LINE
8
BLACK
6
CONTINUOUS
10
0.977760590551181
20
1.3028999212598424
11
0.977760590551181
21
1.3134923228346456
0
LINE
8
BLACK
6
CONTINUOUS
10
0.977760590551181
20
1.3134923228346456
11
0.9694118897637795
21
1.3134923228346456
0
LINE
8
BLACK
6
CONTINUOUS
10
0.9694118897637795
20
1.3134923228346456
11
0.9674643307086614
21
1.3125185433070865
0
LINE
8
BLACK
6
CONTINUOUS
10
0.8276486220472441
20
1.1993259055118111
11
0.8277844094488189
21
1.1993400787401574
0
LINE
8
BLACK
6
CONTINUOUS
10
0.8277844094488189
20
1.1993400787401574
11
0.8337836614173229
21
1.1978402362204723
0
LINE
8
BLACK
6
CONTINUOUS
10
0.8337836614173229
20
1.1978402362204723
11
0.8342491338582677
21
1.1976326377952755
0
LINE
8
BLACK
6
CONTINUOUS
10
0.8342491338582677
20
1.1976326377952755
11
0.8343879921259842
21
1.197616653543307
0
LINE
8
BLACK
6
CONTINUOUS
10
0.8343879921259842
20
1.197616653543307
11
0.8373875984251968
21
1.1961168503937007
0
LINE
8
BLACK
6
CONTINUOUS
10
0.8373875984251968
20
1.1961168503937007
11
0.8380965748031496
21
1.1955910236220473
0
LINE
8
BLACK
6
CONTINUOUS
10
0.8380965748031496
20
1.1955910236220473
11
0.8381549606299212
21
1.1955637795275591
0
LINE
8
BLACK
6
CONTINUOUS
10
0.8381549606299212
20
1.1955637795275591
11
0.8396548031496063
21
1.1940639763779528
0
LINE
8
BLACK
6
CONTINUOUS
10
0.8396548031496063
20
1.1940639763779528
11
0.8401611811023622
21
1.1933408267716534
0
LINE
8
BLACK
6
CONTINUOUS
10
0.8401611811023622
20
1.1933408267716534
11
0.8402079527559055
21
1.1932965354330709
0
LINE
8
BLACK
6
CONTINUOUS
10
0.8402079527559055
20
1.1932965354330709
11
0.8417077559055118
21
1.1902968897637796
0
LINE
8
BLACK
6
CONTINUOUS
10
0.8417077559055118
20
1.1902968897637796
11
0.842000157480315
21
1.189313937007874
0
LINE
8
BLACK
6
CONTINUOUS
10
0.842000157480315
20
1.189313937007874
11
0.841959094488189
21
1.1891422440944881
0
LINE
8
BLACK
6
CONTINUOUS
10
0.841959094488189
20
1.1891422440944881
11
0.8420194881889763
21
1.1889763779527558
0
LINE
8
BLACK
6
CONTINUOUS
10
0.8420194881889763
20
1.1889763779527558
11
0.8420194881889763
21
1.1859767716535432
0
LINE
8
BLACK
6
CONTINUOUS
10
0.8420194881889763
20
1.1859767716535432
11
0.8418414173228346
21
1.1849668503937008
0
LINE
8
BLACK
6
CONTINUOUS
10
0.8418414173228346
20
1.1849668503937008
11
0.8417279133858268
21
1.1848316141732282
0
LINE
8
BLACK
6
CONTINUOUS
10
0.8417279133858268
20
1.1848316141732282
11
0.8417077559055118
21
1.1846562598425197
0
LINE
8
BLACK
6
CONTINUOUS
10
0.8417077559055118
20
1.1846562598425197
11
0.8402079527559055
21
1.1816566141732283
0
LINE
8
BLACK
6
CONTINUOUS
10
0.8402079527559055
20
1.1816566141732283
11
0.8396819685039369
21
1.1809475196850394
0
LINE
8
BLACK
6
CONTINUOUS
10
0.8396819685039369
20
1.1809475196850394
11
0.8396548031496063
21
1.1808891732283464
0
LINE
8
BLACK
6
CONTINUOUS
10
0.8396548031496063
20
1.1808891732283464
11
0.8381549606299212
21
1.1793893700787401
0
LINE
8
BLACK
6
CONTINUOUS
10
0.8381549606299212
20
1.1793893700787401
11
0.8374318897637795
21
1.1788831102362205
0
LINE
8
BLACK
6
CONTINUOUS
10
0.8374318897637795
20
1.1788831102362205
11
0.8373875984251968
21
1.1788362992125985
0
LINE
8
BLACK
6
CONTINUOUS
10
0.8373875984251968
20
1.1788362992125985
11
0.8343879921259842
21
1.1773364960629922
0
LINE
8
BLACK
6
CONTINUOUS
10
0.8343879921259842
20
1.1773364960629922
11
0.8338995275590551
21
1.1771912204724408
0
LINE
8
BLACK
6
CONTINUOUS
10
0.8338995275590551
20
1.1771912204724408
11
0.8337836220472441
21
1.1771129133858267
0
LINE
8
BLACK
6
CONTINUOUS
10
0.8337836220472441
20
1.1771129133858267
11
0.8277843700787402
21
1.1756131102362204
0
LINE
8
BLACK
6
CONTINUOUS
10
0.8277843700787402
20
1.1756131102362204
11
0.8271964566929134
21
1.1755716535433069
0
LINE
8
BLACK
6
CONTINUOUS
10
0.8271964566929134
20
1.1755716535433069
11
0.8270682283464567
21
1.1755249606299212
0
LINE
8
BLACK
6
CONTINUOUS
10
0.8270682283464567
20
1.1755249606299212
11
0.8195691732283464
21
1.1755249606299212
0
LINE
8
BLACK
6
CONTINUOUS
10
0.8195691732283464
20
1.1755249606299212
11
0.818988779527559
21
1.1756273228346457
0
LINE
8
BLACK
6
CONTINUOUS
10
0.818988779527559
20
1.1756273228346457
11
0.8188530314960629
21
1.1756131102362204
0
LINE
8
BLACK
6
CONTINUOUS
10
0.8188530314960629
20
1.1756131102362204
11
0.812853779527559
21
1.1771129133858267
0
LINE
8
BLACK
6
CONTINUOUS
10
0.812853779527559
20
1.1771129133858267
11
0.8123883070866141
21
1.1773205118110235
0
LINE
8
BLACK
6
CONTINUOUS
10
0.8123883070866141
20
1.1773205118110235
11
0.8122494094488188
21
1.1773364960629922
0
LINE
8
BLACK
6
CONTINUOUS
10
0.8122494094488188
20
1.1773364960629922
11
0.8092497637795275
21
1.1788362992125985
0
LINE
8
BLACK
6
CONTINUOUS
10
0.8092497637795275
20
1.1788362992125985
11
0.8085406692913386
21
1.1793622047244094
0
LINE
8
BLACK
6
CONTINUOUS
10
0.8085406692913386
20
1.1793622047244094
11
0.8084823622047244
21
1.1793894094488189
0
LINE
8
BLACK
6
CONTINUOUS
10
0.8084823622047244
20
1.1793894094488189
11
0.8069825590551181
21
1.1808892125984252
0
LINE
8
BLACK
6
CONTINUOUS
10
0.8069825590551181
20
1.1808892125984252
11
0.8064762598425197
21
1.1816123228346456
0
LINE
8
BLACK
6
CONTINUOUS
10
0.8064762598425197
20
1.1816123228346456
11
0.8064294488188977
21
1.1816566141732283
0
LINE
8
BLACK
6
CONTINUOUS
10
0.8064294488188977
20
1.1816566141732283
11
0.8049296456692914
21
1.1846562598425197
0
LINE
8
BLACK
6
CONTINUOUS
10
0.8049296456692914
20
1.1846562598425197
11
0.8046372440944882
21
1.1856392125984252
0
LINE
8
BLACK
6
CONTINUOUS
10
0.8046372440944882
20
1.1856392125984252
11
0.8046782677165354
21
1.1858109448818897
0
LINE
8
BLACK
6
CONTINUOUS
10
0.8046782677165354
20
1.1858109448818897
11
0.8046179133858268
21
1.1859767716535432
0
LINE
8
BLACK
6
CONTINUOUS
10
0.8046179133858268
20
1.1859767716535432
11
0.8046179133858268
21
1.1889763779527558
0
LINE
8
BLACK
6
CONTINUOUS
10
0.8046179133858268
20
1.1889763779527558
11
0.8047959842519685
21
1.1899862992125985
0
LINE
8
BLACK
6
CONTINUOUS
10
0.8047959842519685
20
1.1899862992125985
11
0.8049094488188976
21
1.1901215748031495
0
LINE
8
BLACK
6
CONTINUOUS
10
0.8049094488188976
20
1.1901215748031495
11
0.8049296456692914
21
1.1902968897637796
0
LINE
8
BLACK
6
CONTINUOUS
10
0.8049296456692914
20
1.1902968897637796
11
0.8064294488188977
21
1.1932965354330709
0
LINE
8
BLACK
6
CONTINUOUS
10
0.8064294488188977
20
1.1932965354330709
11
0.8069553543307086
21
1.1940056299212598
0
LINE
8
BLACK
6
CONTINUOUS
10
0.8069553543307086
20
1.1940056299212598
11
0.8069825590551181
21
1.1940639370078741
0
LINE
8
BLACK
6
CONTINUOUS
10
0.8069825590551181
20
1.1940639370078741
11
0.8084823622047244
21
1.1955637401574803
0
LINE
8
BLACK
6
CONTINUOUS
10
0.8084823622047244
20
1.1955637401574803
11
0.8092054330708661
21
1.1960700393700787
0
LINE
8
BLACK
6
CONTINUOUS
10
0.8092054330708661
20
1.1960700393700787
11
0.8092497637795275
21
1.1961168503937007
0
LINE
8
BLACK
6
CONTINUOUS
10
0.8092497637795275
20
1.1961168503937007
11
0.8122494094488188
21
1.197616653543307
0
LINE
8
BLACK
6
CONTINUOUS
10
0.8122494094488188
20
1.197616653543307
11
0.8127378346456693
21
1.1977619685039369
0
LINE
8
BLACK
6
CONTINUOUS
10
0.8127378346456693
20
1.1977619685039369
11
0.8128537401574802
21
1.1978402362204723
0
LINE
8
BLACK
6
CONTINUOUS
10
0.8128537401574802
20
1.1978402362204723
11
0.8188530314960629
21
1.1993400787401574
0
LINE
8
BLACK
6
CONTINUOUS
10
0.8188530314960629
20
1.1993400787401574
11
0.819440905511811
21
1.1993815748031496
0
LINE
8
BLACK
6
CONTINUOUS
10
0.819440905511811
20
1.1993815748031496
11
0.8195691732283464
21
1.1994282283464566
0
LINE
8
BLACK
6
CONTINUOUS
10
0.8195691732283464
20
1.1994282283464566
11
0.8270682283464567
21
1.1994282283464566
0
LINE
8
BLACK
6
CONTINUOUS
10
0.8270682283464567
20
1.1994282283464566
11
0.8276486220472441
21
1.1993259055118111
0
LINE
8
BLACK
6
CONTINUOUS
10
0.8146003937007874
20
1.1921896456692913
11
0.8123193307086614
21
1.1910490944881889
0
LINE
8
BLACK
6
CONTINUOUS
10
0.8123193307086614
20
1.1910490944881889
11
0.8114972047244094
21
1.1902269685039371
0
LINE
8
BLACK
6
CONTINUOUS
10
0.8114972047244094
20
1.1902269685039371
11
0.8105234251968504
21
1.1882793700787402
0
LINE
8
BLACK
6
CONTINUOUS
10
0.8105234251968504
20
1.1882793700787402
11
0.8105234251968504
21
1.1866738188976378
0
LINE
8
BLACK
6
CONTINUOUS
10
0.8105234251968504
20
1.1866738188976378
11
0.8114972047244094
21
1.1847262204724409
0
LINE
8
BLACK
6
CONTINUOUS
10
0.8114972047244094
20
1.1847262204724409
11
0.8123193307086614
21
1.1839040944881889
0
LINE
8
BLACK
6
CONTINUOUS
10
0.8123193307086614
20
1.1839040944881889
11
0.8146004330708662
21
1.1827635433070867
0
LINE
8
BLACK
6
CONTINUOUS
10
0.8146004330708662
20
1.1827635433070867
11
0.8199327165354331
21
1.1814304724409448
0
LINE
8
BLACK
6
CONTINUOUS
10
0.8199327165354331
20
1.1814304724409448
11
0.8267046850393701
21
1.1814304724409448
0
LINE
8
BLACK
6
CONTINUOUS
10
0.8267046850393701
20
1.1814304724409448
11
0.8320369291338583
21
1.1827635433070867
0
LINE
8
BLACK
6
CONTINUOUS
10
0.8320369291338583
20
1.1827635433070867
11
0.8343179921259842
21
1.1839040944881889
0
LINE
8
BLACK
6
CONTINUOUS
10
0.8343179921259842
20
1.1839040944881889
11
0.8351401968503936
21
1.1847262598425197
0
LINE
8
BLACK
6
CONTINUOUS
10
0.8351401968503936
20
1.1847262598425197
11
0.8361139763779527
21
1.1866738188976378
0
LINE
8
BLACK
6
CONTINUOUS
10
0.8361139763779527
20
1.1866738188976378
11
0.8361139763779527
21
1.1882793700787402
0
LINE
8
BLACK
6
CONTINUOUS
10
0.8361139763779527
20
1.1882793700787402
11
0.8351401968503936
21
1.1902269291338583
0
LINE
8
BLACK
6
CONTINUOUS
10
0.8351401968503936
20
1.1902269291338583
11
0.8343179921259842
21
1.1910490944881889
0
LINE
8
BLACK
6
CONTINUOUS
10
0.8343179921259842
20
1.1910490944881889
11
0.8320368897637795
21
1.1921896456692913
0
LINE
8
BLACK
6
CONTINUOUS
10
0.8320368897637795
20
1.1921896456692913
11
0.8267046456692914
21
1.193522716535433
0
LINE
8
BLACK
6
CONTINUOUS
10
0.8267046456692914
20
1.193522716535433
11
0.8199327559055118
21
1.193522716535433
0
LINE
8
BLACK
6
CONTINUOUS
10
0.8199327559055118
20
1.193522716535433
11
0.8146003937007874
21
1.1921896456692913
0
LINE
8
BLACK
6
CONTINUOUS
10
0.637945
20
1.2390743700787401
11
0.6381040551181102
21
1.2391058267716535
0
LINE
8
BLACK
6
CONTINUOUS
10
0.6381040551181102
20
1.2391058267716535
11
0.6384850787401575
21
1.2388506692913386
0
LINE
8
BLACK
6
CONTINUOUS
10
0.6384850787401575
20
1.2388506692913386
11
0.6389087795275591
21
1.238675157480315
0
LINE
8
BLACK
6
CONTINUOUS
10
0.6389087795275591
20
1.238675157480315
11
0.6389707874015748
21
1.2385253937007874
0
LINE
8
BLACK
6
CONTINUOUS
10
0.6389707874015748
20
1.2385253937007874
11
0.6391055511811023
21
1.238435157480315
0
LINE
8
BLACK
6
CONTINUOUS
10
0.6391055511811023
20
1.238435157480315
11
0.6420187007874015
21
1.2340654724409448
0
LINE
8
BLACK
6
CONTINUOUS
10
0.6420187007874015
20
1.2340654724409448
11
0.6447273622047244
21
1.2313568110236219
0
LINE
8
BLACK
6
CONTINUOUS
10
0.6447273622047244
20
1.2313568110236219
11
0.6474983858267717
21
1.2299712992125984
0
LINE
8
BLACK
6
CONTINUOUS
10
0.6474983858267717
20
1.2299712992125984
11
0.6482881102362205
21
1.2290607480314961
0
LINE
8
BLACK
6
CONTINUOUS
10
0.6482881102362205
20
1.2290607480314961
11
0.6482026771653543
21
1.2278585039370078
0
LINE
8
BLACK
6
CONTINUOUS
10
0.6482026771653543
20
1.2278585039370078
11
0.647292125984252
21
1.227068779527559
0
LINE
8
BLACK
6
CONTINUOUS
10
0.647292125984252
20
1.227068779527559
11
0.6460898818897638
21
1.2271542125984252
0
LINE
8
BLACK
6
CONTINUOUS
10
0.6460898818897638
20
1.2271542125984252
11
0.6430902362204725
21
1.2286540157480315
0
LINE
8
BLACK
6
CONTINUOUS
10
0.6430902362204725
20
1.2286540157480315
11
0.6429203937007874
21
1.228849842519685
0
LINE
8
BLACK
6
CONTINUOUS
10
0.6429203937007874
20
1.228849842519685
11
0.6426809448818898
21
1.2289490157480314
0
LINE
8
BLACK
6
CONTINUOUS
10
0.6426809448818898
20
1.2289490157480314
11
0.6396813385826772
21
1.2319486614173227
0
LINE
8
BLACK
6
CONTINUOUS
10
0.6396813385826772
20
1.2319486614173227
11
0.6396192913385826
21
1.2320984645669291
0
LINE
8
BLACK
6
CONTINUOUS
10
0.6396192913385826
20
1.2320984645669291
11
0.6394845669291338
21
1.2321886614173228
0
LINE
8
BLACK
6
CONTINUOUS
10
0.6394845669291338
20
1.2321886614173228
11
0.6393700393700787
21
1.2323604724409449
0
LINE
8
BLACK
6
CONTINUOUS
10
0.6393700393700787
20
1.2323604724409449
11
0.6393700393700787
21
1.2076403543307086
0
LINE
8
BLACK
6
CONTINUOUS
10
0.6393700393700787
20
1.2076403543307086
11
0.6467941338582677
21
1.2076403543307086
0
LINE
8
BLACK
6
CONTINUOUS
10
0.6467941338582677
20
1.2076403543307086
11
0.6479076771653544
21
1.2071790944881891
0
LINE
8
BLACK
6
CONTINUOUS
10
0.6479076771653544
20
1.2071790944881891
11
0.648368937007874
21
1.2060655511811023
0
LINE
8
BLACK
6
CONTINUOUS
10
0.648368937007874
20
1.2060655511811023
11
0.6479076771653544
21
1.2049520078740157
0
LINE
8
BLACK
6
CONTINUOUS
10
0.6479076771653544
20
1.2049520078740157
11
0.6467941338582677
21
1.2044907480314961
0
LINE
8
BLACK
6
CONTINUOUS
10
0.6467941338582677
20
1.2044907480314961
11
0.6377952362204724
21
1.2044907480314961
0
LINE
8
BLACK
6
CONTINUOUS
10
0.6377952362204724
20
1.2044907480314961
11
0.6287963779527559
21
1.2044907480314961
0
LINE
8
BLACK
6
CONTINUOUS
10
0.6287963779527559
20
1.2044907480314961
11
0.6276828346456693
21
1.2049520078740157
0
LINE
8
BLACK
6
CONTINUOUS
10
0.6276828346456693
20
1.2049520078740157
11
0.6272215748031496
21
1.2060655511811023
0
LINE
8
BLACK
6
CONTINUOUS
10
0.6272215748031496
20
1.2060655511811023
11
0.6276828346456693
21
1.2071790944881891
0
LINE
8
BLACK
6
CONTINUOUS
10
0.6276828346456693
20
1.2071790944881891
11
0.6287963779527559
21
1.2076403543307086
0
LINE
8
BLACK
6
CONTINUOUS
10
0.6287963779527559
20
1.2076403543307086
11
0.6362204330708662
21
1.2076403543307086
0
LINE
8
BLACK
6
CONTINUOUS
10
0.6362204330708662
20
1.2076403543307086
11
0.6362204330708662
21
1.2375616141732284
0
LINE
8
BLACK
6
CONTINUOUS
10
0.6362204330708662
20
1.2375616141732284
11
0.6362824803149606
21
1.2377114173228345
0
LINE
8
BLACK
6
CONTINUOUS
10
0.6362824803149606
20
1.2377114173228345
11
0.6362510236220472
21
1.2378704330708661
0
LINE
8
BLACK
6
CONTINUOUS
10
0.6362510236220472
20
1.2378704330708661
11
0.6365061811023622
21
1.238251496062992
0
LINE
8
BLACK
6
CONTINUOUS
10
0.6365061811023622
20
1.238251496062992
11
0.6366816929133858
21
1.238675157480315
0
LINE
8
BLACK
6
CONTINUOUS
10
0.6366816929133858
20
1.238675157480315
11
0.6368314566929134
21
1.2387372047244094
0
LINE
8
BLACK
6
CONTINUOUS
10
0.6368314566929134
20
1.2387372047244094
11
0.6369216929133859
21
1.2388719291338581
0
LINE
8
BLACK
6
CONTINUOUS
10
0.6369216929133859
20
1.2388719291338581
11
0.6373715748031495
21
1.2389609448818897
0
LINE
8
BLACK
6
CONTINUOUS
10
0.6373715748031495
20
1.2389609448818897
11
0.6377952362204724
21
1.2391364173228345
0
LINE
8
BLACK
6
CONTINUOUS
10
0.6377952362204724
20
1.2391364173228345
11
0.637945
21
1.2390743700787401
0
LINE
8
BLACK
6
CONTINUOUS
10
0.6779038976377952
20
1.238675157480315
11
0.6783651574803149
21
1.2375616141732284
0
LINE
8
BLACK
6
CONTINUOUS
10
0.6783651574803149
20
1.2375616141732284
11
0.6783651574803149
21
1.2060655511811023
0
LINE
8
BLACK
6
CONTINUOUS
10
0.6783651574803149
20
1.2060655511811023
11
0.6779038976377952
21
1.2049520078740157
0
LINE
8
BLACK
6
CONTINUOUS
10
0.6779038976377952
20
1.2049520078740157
11
0.6767903543307087
21
1.2044907480314961
0
LINE
8
BLACK
6
CONTINUOUS
10
0.6767903543307087
20
1.2044907480314961
11
0.675676811023622
21
1.2049520078740157
0
LINE
8
BLACK
6
CONTINUOUS
10
0.675676811023622
20
1.2049520078740157
11
0.6752155511811023
21
1.2060655511811023
0
LINE
8
BLACK
6
CONTINUOUS
10
0.6752155511811023
20
1.2060655511811023
11
0.6752155511811023
21
1.2194888976377953
0
LINE
8
BLACK
6
CONTINUOUS
10
0.6752155511811023
20
1.2194888976377953
11
0.670111220472441
21
1.2194888976377953
0
LINE
8
BLACK
6
CONTINUOUS
10
0.670111220472441
20
1.2194888976377953
11
0.660082716535433
21
1.2051624803149605
0
LINE
8
BLACK
6
CONTINUOUS
10
0.660082716535433
20
1.2051624803149605
11
0.6590662598425197
21
1.2045147244094487
0
LINE
8
BLACK
6
CONTINUOUS
10
0.6590662598425197
20
1.2045147244094487
11
0.6578895275590551
21
1.2047754330708662
0
LINE
8
BLACK
6
CONTINUOUS
10
0.6578895275590551
20
1.2047754330708662
11
0.6572417716535432
21
1.2057918897637796
0
LINE
8
BLACK
6
CONTINUOUS
10
0.6572417716535432
20
1.2057918897637796
11
0.6575024803149606
21
1.206968622047244
0
LINE
8
BLACK
6
CONTINUOUS
10
0.6575024803149606
20
1.206968622047244
11
0.6662666535433071
21
1.2194888976377953
0
LINE
8
BLACK
6
CONTINUOUS
10
0.6662666535433071
20
1.2194888976377953
11
0.6647918503937008
21
1.2194888976377953
0
LINE
8
BLACK
6
CONTINUOUS
10
0.6647918503937008
20
1.2194888976377953
11
0.664453188976378
21
1.2196292125984252
0
LINE
8
BLACK
6
CONTINUOUS
10
0.664453188976378
20
1.2196292125984252
11
0.6640875590551181
21
1.2196551574803149
0
LINE
8
BLACK
6
CONTINUOUS
10
0.6640875590551181
20
1.2196551574803149
11
0.6610879527559055
21
1.2211549606299212
0
LINE
8
BLACK
6
CONTINUOUS
10
0.6610879527559055
20
1.2211549606299212
11
0.6609181102362205
21
1.2213507874015748
0
LINE
8
BLACK
6
CONTINUOUS
10
0.6609181102362205
20
1.2213507874015748
11
0.6606786614173228
21
1.2214499606299212
0
LINE
8
BLACK
6
CONTINUOUS
10
0.6606786614173228
20
1.2214499606299212
11
0.6591788976377952
21
1.2229497637795275
0
LINE
8
BLACK
6
CONTINUOUS
10
0.6591788976377952
20
1.2229497637795275
11
0.6590796850393701
21
1.2231892519685039
0
LINE
8
BLACK
6
CONTINUOUS
10
0.6590796850393701
20
1.2231892519685039
11
0.6588838976377953
21
1.2233590551181102
0
LINE
8
BLACK
6
CONTINUOUS
10
0.6588838976377953
20
1.2233590551181102
11
0.6573840551181103
21
1.2263586614173227
0
LINE
8
BLACK
6
CONTINUOUS
10
0.6573840551181103
20
1.2263586614173227
11
0.6573580708661417
21
1.2267243307086615
0
LINE
8
BLACK
6
CONTINUOUS
10
0.6573580708661417
20
1.2267243307086615
11
0.6572177952755905
21
1.2270629527559054
0
LINE
8
BLACK
6
CONTINUOUS
10
0.6572177952755905
20
1.2270629527559054
11
0.6572177952755905
21
1.2315623622047245
0
LINE
8
BLACK
6
CONTINUOUS
10
0.6572177952755905
20
1.2315623622047245
11
0.6573580708661417
21
1.2319010236220471
0
LINE
8
BLACK
6
CONTINUOUS
10
0.6573580708661417
20
1.2319010236220471
11
0.6573840551181103
21
1.2322666535433071
0
LINE
8
BLACK
6
CONTINUOUS
10
0.6573840551181103
20
1.2322666535433071
11
0.6588838976377953
21
1.2352662598425197
0
LINE
8
BLACK
6
CONTINUOUS
10
0.6588838976377953
20
1.2352662598425197
11
0.6590796850393701
21
1.2354361023622047
0
LINE
8
BLACK
6
CONTINUOUS
10
0.6590796850393701
20
1.2354361023622047
11
0.6591788976377952
21
1.2356755511811024
0
LINE
8
BLACK
6
CONTINUOUS
10
0.6591788976377952
20
1.2356755511811024
11
0.6606786614173228
21
1.2371753543307087
0
LINE
8
BLACK
6
CONTINUOUS
10
0.6606786614173228
20
1.2371753543307087
11
0.6609181102362205
21
1.2372745669291338
0
LINE
8
BLACK
6
CONTINUOUS
10
0.6609181102362205
20
1.2372745669291338
11
0.6610879527559055
21
1.2374703543307086
0
LINE
8
BLACK
6
CONTINUOUS
10
0.6610879527559055
20
1.2374703543307086
11
0.6640875590551181
21
1.2389701574803149
0
LINE
8
BLACK
6
CONTINUOUS
10
0.6640875590551181
20
1.2389701574803149
11
0.664453188976378
21
1.2389961417322835
0
LINE
8
BLACK
6
CONTINUOUS
10
0.664453188976378
20
1.2389961417322835
11
0.6647918503937008
21
1.2391364173228345
0
LINE
8
BLACK
6
CONTINUOUS
10
0.6647918503937008
20
1.2391364173228345
11
0.6767903543307087
21
1.2391364173228345
0
LINE
8
BLACK
6
CONTINUOUS
10
0.6767903543307087
20
1.2391364173228345
11
0.6779038976377952
21
1.238675157480315
0
LINE
8
BLACK
6
CONTINUOUS
10
0.6627250787401575
20
1.2347675590551181
11
0.6615866929133858
21
1.2336292125984252
0
LINE
8
BLACK
6
CONTINUOUS
10
0.6615866929133858
20
1.2336292125984252
11
0.6603674015748031
21
1.2311905905511811
0
LINE
8
BLACK
6
CONTINUOUS
10
0.6603674015748031
20
1.2311905905511811
11
0.6603674015748031
21
1.2274347637795275
0
LINE
8
BLACK
6
CONTINUOUS
10
0.6603674015748031
20
1.2274347637795275
11
0.6615866929133858
21
1.2249961417322834
0
LINE
8
BLACK
6
CONTINUOUS
10
0.6615866929133858
20
1.2249961417322834
11
0.6627250787401575
21
1.2238577952755905
0
LINE
8
BLACK
6
CONTINUOUS
10
0.6627250787401575
20
1.2238577952755905
11
0.6651636220472441
21
1.2226385039370078
0
LINE
8
BLACK
6
CONTINUOUS
10
0.6651636220472441
20
1.2226385039370078
11
0.6752155511811023
21
1.2226385039370078
0
LINE
8
BLACK
6
CONTINUOUS
10
0.6752155511811023
20
1.2226385039370078
11
0.6752155511811023
21
1.2359868110236221
0
LINE
8
BLACK
6
CONTINUOUS
10
0.6752155511811023
20
1.2359868110236221
11
0.6651636220472441
21
1.2359868110236221
0
LINE
8
BLACK
6
CONTINUOUS
10
0.6651636220472441
20
1.2359868110236221
11
0.6627250787401575
21
1.2347675590551181
0
LINE
8
BLACK
6
CONTINUOUS
10
0.6929133858267716
20
1.2470472440944882
11
0.6943053149606299
21
1.2464706692913385
0
LINE
8
BLACK
6
CONTINUOUS
10
0.6943053149606299
20
1.2464706692913385
11
0.6948818897637795
21
1.2450787401574803
0
LINE
8
BLACK
6
CONTINUOUS
10
0.6948818897637795
20
1.2450787401574803
11
0.6948818897637795
21
1.1958661417322833
0
LINE
8
BLACK
6
CONTINUOUS
10
0.6948818897637795
20
1.1958661417322833
11
0.6943053149606299
21
1.1944742125984251
0
LINE
8
BLACK
6
CONTINUOUS
10
0.6943053149606299
20
1.1944742125984251
11
0.6929133858267716
21
1.1938976377952755
0
LINE
8
BLACK
6
CONTINUOUS
10
0.6929133858267716
20
1.1938976377952755
11
0.6287970472440945
21
1.1938976377952755
0
LINE
8
BLACK
6
CONTINUOUS
10
0.6287970472440945
20
1.1938976377952755
11
0.6276095275590551
21
1.1915225590551182
0
LINE
8
BLACK
6
CONTINUOUS
10
0.6276095275590551
20
1.1915225590551182
11
0.6270835433070866
21
1.190813464566929
0
LINE
8
BLACK
6
CONTINUOUS
10
0.6270835433070866
20
1.190813464566929
11
0.6270563779527559
21
1.1907551181102363
0
LINE
8
BLACK
6
CONTINUOUS
10
0.6270563779527559
20
1.1907551181102363
11
0.6255565354330709
21
1.18925531496063
0
LINE
8
BLACK
6
CONTINUOUS
10
0.6255565354330709
20
1.18925531496063
11
0.6248334645669291
21
1.1887490551181101
0
LINE
8
BLACK
6
CONTINUOUS
10
0.6248334645669291
20
1.1887490551181101
11
0.6247891732283465
21
1.1887022440944881
0
LINE
8
BLACK
6
CONTINUOUS
10
0.6247891732283465
20
1.1887022440944881
11
0.6217895669291339
21
1.1872024409448818
0
LINE
8
BLACK
6
CONTINUOUS
10
0.6217895669291339
20
1.1872024409448818
11
0.6213011023622047
21
1.1870571653543307
0
LINE
8
BLACK
6
CONTINUOUS
10
0.6213011023622047
20
1.1870571653543307
11
0.6211851968503936
21
1.1869788582677165
0
LINE
8
BLACK
6
CONTINUOUS
10
0.6211851968503936
20
1.1869788582677165
11
0.6151859448818897
21
1.1854790551181102
0
LINE
8
BLACK
6
CONTINUOUS
10
0.6151859448818897
20
1.1854790551181102
11
0.614598031496063
21
1.1854375984251968
0
LINE
8
BLACK
6
CONTINUOUS
10
0.614598031496063
20
1.1854375984251968
11
0.6144698031496063
21
1.185390905511811
0
LINE
8
BLACK
6
CONTINUOUS
10
0.6144698031496063
20
1.185390905511811
11
0.6069707480314961
21
1.185390905511811
0
LINE
8
BLACK
6
CONTINUOUS
10
0.6069707480314961
20
1.185390905511811
11
0.6063903543307086
21
1.1854932677165355
0
LINE
8
BLACK
6
CONTINUOUS
10
0.6063903543307086
20
1.1854932677165355
11
0.6062546062992126
21
1.1854790551181102
0
LINE
8
BLACK
6
CONTINUOUS
10
0.6062546062992126
20
1.1854790551181102
11
0.6002553543307086
21
1.1869788582677165
0
LINE
8
BLACK
6
CONTINUOUS
10
0.6002553543307086
20
1.1869788582677165
11
0.5997898818897638
21
1.1871864566929133
0
LINE
8
BLACK
6
CONTINUOUS
10
0.5997898818897638
20
1.1871864566929133
11
0.5996509842519685
21
1.1872024409448818
0
LINE
8
BLACK
6
CONTINUOUS
10
0.5996509842519685
20
1.1872024409448818
11
0.5966513385826772
21
1.1887022440944881
0
LINE
8
BLACK
6
CONTINUOUS
10
0.5966513385826772
20
1.1887022440944881
11
0.5959422440944881
21
1.1892281496062991
0
LINE
8
BLACK
6
CONTINUOUS
10
0.5959422440944881
20
1.1892281496062991
11
0.595883937007874
21
1.1892553543307087
0
LINE
8
BLACK
6
CONTINUOUS
10
0.595883937007874
20
1.1892553543307087
11
0.5943841338582677
21
1.190755157480315
0
LINE
8
BLACK
6
CONTINUOUS
10
0.5943841338582677
20
1.190755157480315
11
0.5938778346456692
21
1.1914782677165354
0
LINE
8
BLACK
6
CONTINUOUS
10
0.5938778346456692
20
1.1914782677165354
11
0.5938310236220472
21
1.1915225590551182
0
LINE
8
BLACK
6
CONTINUOUS
10
0.5938310236220472
20
1.1915225590551182
11
0.5923312204724409
21
1.1945222047244095
0
LINE
8
BLACK
6
CONTINUOUS
10
0.5923312204724409
20
1.1945222047244095
11
0.5920388188976378
21
1.1955051574803148
0
LINE
8
BLACK
6
CONTINUOUS
10
0.5920388188976378
20
1.1955051574803148
11
0.592079842519685
21
1.1956768897637795
0
LINE
8
BLACK
6
CONTINUOUS
10
0.592079842519685
20
1.1956768897637795
11
0.5920194881889763
21
1.1958427165354331
0
LINE
8
BLACK
6
CONTINUOUS
10
0.5920194881889763
20
1.1958427165354331
11
0.5920194881889763
21
1.1988423228346456
0
LINE
8
BLACK
6
CONTINUOUS
10
0.5920194881889763
20
1.1988423228346456
11
0.5921975590551181
21
1.1998522440944881
0
LINE
8
BLACK
6
CONTINUOUS
10
0.5921975590551181
20
1.1998522440944881
11
0.5923110236220472
21
1.1999875196850394
0
LINE
8
BLACK
6
CONTINUOUS
10
0.5923110236220472
20
1.1999875196850394
11
0.5923312204724409
21
1.2001628346456692
0
LINE
8
BLACK
6
CONTINUOUS
10
0.5923312204724409
20
1.2001628346456692
11
0.5938310236220472
21
1.2031624803149605
0
LINE
8
BLACK
6
CONTINUOUS
10
0.5938310236220472
20
1.2031624803149605
11
0.5943569291338583
21
1.2038715748031497
0
LINE
8
BLACK
6
CONTINUOUS
10
0.5943569291338583
20
1.2038715748031497
11
0.5943841338582677
21
1.2039298818897637
0
LINE
8
BLACK
6
CONTINUOUS
10
0.5943841338582677
20
1.2039298818897637
11
0.595883937007874
21
1.20542968503937
0
LINE
8
BLACK
6
CONTINUOUS
10
0.595883937007874
20
1.20542968503937
11
0.5966070078740158
21
1.2059359842519686
0
LINE
8
BLACK
6
CONTINUOUS
10
0.5966070078740158
20
1.2059359842519686
11
0.5966513385826772
21
1.2059827952755906
0
LINE
8
BLACK
6
CONTINUOUS
10
0.5966513385826772
20
1.2059827952755906
11
0.5996509842519685
21
1.2074825984251969
0
LINE
8
BLACK
6
CONTINUOUS
10
0.5996509842519685
20
1.2074825984251969
11
0.6001394094488189
21
1.2076279133858268
0
LINE
8
BLACK
6
CONTINUOUS
10
0.6001394094488189
20
1.2076279133858268
11
0.6002553149606299
21
1.2077061811023622
0
LINE
8
BLACK
6
CONTINUOUS
10
0.6002553149606299
20
1.2077061811023622
11
0.6062546062992126
21
1.2092060236220472
0
LINE
8
BLACK
6
CONTINUOUS
10
0.6062546062992126
20
1.2092060236220472
11
0.6068424803149606
21
1.2092475196850394
0
LINE
8
BLACK
6
CONTINUOUS
10
0.6068424803149606
20
1.2092475196850394
11
0.6069707480314961
21
1.2092941732283464
0
LINE
8
BLACK
6
CONTINUOUS
10
0.6069707480314961
20
1.2092941732283464
11
0.6122047244094488
21
1.2092941732283464
0
LINE
8
BLACK
6
CONTINUOUS
10
0.6122047244094488
20
1.2092941732283464
11
0.6122047244094488
21
1.2243860236220472
0
LINE
8
BLACK
6
CONTINUOUS
10
0.6122047244094488
20
1.2243860236220472
11
0.5949722440944881
21
1.2243860236220472
0
LINE
8
BLACK
6
CONTINUOUS
10
0.5949722440944881
20
1.2243860236220472
11
0.5939623228346457
21
1.224564094488189
0
LINE
8
BLACK
6
CONTINUOUS
10
0.5939623228346457
20
1.224564094488189
11
0.5938322440944882
21
1.2246732677165355
0
LINE
8
BLACK
6
CONTINUOUS
10
0.5938322440944882
20
1.2246732677165355
11
0.5936635039370078
21
1.2246918897637795
0
LINE
8
BLACK
6
CONTINUOUS
10
0.5936635039370078
20
1.2246918897637795
11
0.5930714566929134
21
1.2253116141732283
0
LINE
8
BLACK
6
CONTINUOUS
10
0.5930714566929134
20
1.2253116141732283
11
0.5924150787401574
21
1.2258624015748032
0
LINE
8
BLACK
6
CONTINUOUS
10
0.5924150787401574
20
1.2258624015748032
11
0.5923855905511811
21
1.2260296062992126
0
LINE
8
BLACK
6
CONTINUOUS
10
0.5923855905511811
20
1.2260296062992126
11
0.5922683070866142
21
1.2261523622047243
0
LINE
8
BLACK
6
CONTINUOUS
10
0.5922683070866142
20
1.2261523622047243
11
0.5922131496062992
21
1.2270075984251969
0
LINE
8
BLACK
6
CONTINUOUS
10
0.5922131496062992
20
1.2270075984251969
11
0.5920643307086614
21
1.2278515354330708
0
LINE
8
BLACK
6
CONTINUOUS
10
0.5920643307086614
20
1.2278515354330708
11
0.5921492125984252
21
1.2279986220472441
0
LINE
8
BLACK
6
CONTINUOUS
10
0.5921492125984252
20
1.2279986220472441
11
0.5921383070866142
21
1.2281679921259843
0
LINE
8
BLACK
6
CONTINUOUS
10
0.5921383070866142
20
1.2281679921259843
11
0.5926457480314961
21
1.2288586220472442
0
LINE
8
BLACK
6
CONTINUOUS
10
0.5926457480314961
20
1.2288586220472442
11
0.5930742519685039
21
1.2296007086614174
0
LINE
8
BLACK
6
CONTINUOUS
10
0.5930742519685039
20
1.2296007086614174
11
0.5932337401574803
21
1.2296587795275591
0
LINE
8
BLACK
6
CONTINUOUS
10
0.5932337401574803
20
1.2296587795275591
11
0.5933343307086614
21
1.2297956299212598
0
LINE
8
BLACK
6
CONTINUOUS
10
0.5933343307086614
20
1.2297956299212598
11
0.5975905511811024
21
1.2326331496062992
0
LINE
8
BLACK
6
CONTINUOUS
10
0.5975905511811024
20
1.2326331496062992
11
0.6000445275590551
21
1.2350871653543307
0
LINE
8
BLACK
6
CONTINUOUS
10
0.6000445275590551
20
1.2350871653543307
11
0.6013300787401574
21
1.237658188976378
0
LINE
8
BLACK
6
CONTINUOUS
10
0.6013300787401574
20
1.237658188976378
11
0.6019409842519685
21
1.2384818503937007
0
LINE
8
BLACK
6
CONTINUOUS
10
0.6019409842519685
20
1.2384818503937007
11
0.6037941732283465
21
1.2392851181102362
0
LINE
8
BLACK
6
CONTINUOUS
10
0.6037941732283465
20
1.2392851181102362
11
0.605730157480315
21
1.2387092913385827
0
LINE
8
BLACK
6
CONTINUOUS
10
0.605730157480315
20
1.2387092913385827
11
0.606843031496063
21
1.2370237401574802
0
LINE
8
BLACK
6
CONTINUOUS
10
0.606843031496063
20
1.2370237401574802
11
0.606612125984252
21
1.2350171653543307
0
LINE
8
BLACK
6
CONTINUOUS
10
0.606612125984252
20
1.2350171653543307
11
0.6051123228346457
21
1.2320175196850394
0
LINE
8
BLACK
6
CONTINUOUS
10
0.6051123228346457
20
1.2320175196850394
11
0.6045864173228346
21
1.2313085039370077
0
LINE
8
BLACK
6
CONTINUOUS
10
0.6045864173228346
20
1.2313085039370077
11
0.6045592125984252
21
1.2312501181102362
0
LINE
8
BLACK
6
CONTINUOUS
10
0.6045592125984252
20
1.2312501181102362
11
0.6036006299212598
21
1.2302915354330708
0
LINE
8
BLACK
6
CONTINUOUS
10
0.6036006299212598
20
1.2302915354330708
11
0.6122047244094488
21
1.2302915354330708
0
LINE
8
BLACK
6
CONTINUOUS
10
0.6122047244094488
20
1.2302915354330708
11
0.6122047244094488
21
1.2450787401574803
0
LINE
8
BLACK
6
CONTINUOUS
10
0.6122047244094488
20
1.2450787401574803
11
0.6127812992125984
21
1.2464706692913385
0
LINE
8
BLACK
6
CONTINUOUS
10
0.6127812992125984
20
1.2464706692913385
11
0.6141732283464567
21
1.2470472440944882
0
LINE
8
BLACK
6
CONTINUOUS
10
0.6141732283464567
20
1.2470472440944882
11
0.6929133858267716
21
1.2470472440944882
0
LINE
8
BLACK
6
CONTINUOUS
10
0.6020019685039369
20
1.2020555905511812
11
0.599720905511811
21
1.2009150393700787
0
LINE
8
BLACK
6
CONTINUOUS
10
0.599720905511811
20
1.2009150393700787
11
0.598898779527559
21
1.2000929133858267
0
LINE
8
BLACK
6
CONTINUOUS
10
0.598898779527559
20
1.2000929133858267
11
0.597925
21
1.1981453149606298
0
LINE
8
BLACK
6
CONTINUOUS
10
0.597925
20
1.1981453149606298
11
0.597925
21
1.1965397637795274
0
LINE
8
BLACK
6
CONTINUOUS
10
0.597925
20
1.1965397637795274
11
0.598898779527559
21
1.1945921653543308
0
LINE
8
BLACK
6
CONTINUOUS
10
0.598898779527559
20
1.1945921653543308
11
0.599720905511811
21
1.1937700393700788
0
LINE
8
BLACK
6
CONTINUOUS
10
0.599720905511811
20
1.1937700393700788
11
0.6020020078740157
21
1.1926294881889763
0
LINE
8
BLACK
6
CONTINUOUS
10
0.6020020078740157
20
1.1926294881889763
11
0.6073342913385826
21
1.1912964173228346
0
LINE
8
BLACK
6
CONTINUOUS
10
0.6073342913385826
20
1.1912964173228346
11
0.6141062598425197
21
1.1912964173228346
0
LINE
8
BLACK
6
CONTINUOUS
10
0.6141062598425197
20
1.1912964173228346
11
0.6194385039370078
21
1.1926294881889763
0
LINE
8
BLACK
6
CONTINUOUS
10
0.6194385039370078
20
1.1926294881889763
11
0.6217195669291339
21
1.1937700393700788
0
LINE
8
BLACK
6
CONTINUOUS
10
0.6217195669291339
20
1.1937700393700788
11
0.6218471653543307
21
1.1938976377952755
0
LINE
8
BLACK
6
CONTINUOUS
10
0.6218471653543307
20
1.1938976377952755
11
0.6141732283464567
21
1.1938976377952755
0
LINE
8
BLACK
6
CONTINUOUS
10
0.6141732283464567
20
1.1938976377952755
11
0.6127812992125984
21
1.1944742125984251
0
LINE
8
BLACK
6
CONTINUOUS
10
0.6127812992125984
20
1.1944742125984251
11
0.6122047244094488
21
1.1958661417322833
0
LINE
8
BLACK
6
CONTINUOUS
10
0.6122047244094488
20
1.1958661417322833
11
0.6122047244094488
21
1.2033886614173228
0
LINE
8
BLACK
6
CONTINUOUS
10
0.6122047244094488
20
1.2033886614173228
11
0.6073343307086614
21
1.2033886614173228
0
LINE
8
BLACK
6
CONTINUOUS
10
0.6073343307086614
20
1.2033886614173228
11
0.6020019685039369
21
1.2020555905511812
0
LINE
8
BLACK
6
CONTINUOUS
10
0.6161417322834646
20
1.1978346456692912
11
0.6235155511811024
21
1.1978346456692912
0
LINE
8
BLACK
6
CONTINUOUS
10
0.6235155511811024
20
1.1978346456692912
11
0.6235155511811024
21
1.1981453149606298
0
LINE
8
BLACK
6
CONTINUOUS
10
0.6235155511811024
20
1.1981453149606298
11
0.6225417716535433
21
1.2000928740157479
0
LINE
8
BLACK
6
CONTINUOUS
10
0.6225417716535433
20
1.2000928740157479
11
0.6217195669291339
21
1.2009150393700787
0
LINE
8
BLACK
6
CONTINUOUS
10
0.6217195669291339
20
1.2009150393700787
11
0.6194384645669291
21
1.2020555905511812
0
LINE
8
BLACK
6
CONTINUOUS
10
0.6194384645669291
20
1.2020555905511812
11
0.6161417322834646
21
1.2028798031496062
0
LINE
8
BLACK
6
CONTINUOUS
10
0.6161417322834646
20
1.2028798031496062
11
0.6161417322834646
21
1.1978346456692912
0
LINE
8
BLACK
6
CONTINUOUS
10
0.6161417322834646
20
1.2431102362204725
11
0.6161417322834646
21
1.2302915354330708
0
LINE
8
BLACK
6
CONTINUOUS
10
0.6161417322834646
20
1.2302915354330708
11
0.6235155511811024
21
1.2302915354330708
0
LINE
8
BLACK
6
CONTINUOUS
10
0.6235155511811024
20
1.2302915354330708
11
0.6235155511811024
21
1.2363376771653543
0
LINE
8
BLACK
6
CONTINUOUS
10
0.6235155511811024
20
1.2363376771653543
11
0.6236936220472441
21
1.2373475984251969
0
LINE
8
BLACK
6
CONTINUOUS
10
0.6236936220472441
20
1.2373475984251969
11
0.6249919291338583
21
1.2388948425196851
0
LINE
8
BLACK
6
CONTINUOUS
10
0.6249919291338583
20
1.2388948425196851
11
0.626981062992126
21
1.239245590551181
0
LINE
8
BLACK
6
CONTINUOUS
10
0.626981062992126
20
1.239245590551181
11
0.6287302362204724
21
1.2382356692913385
0
LINE
8
BLACK
6
CONTINUOUS
10
0.6287302362204724
20
1.2382356692913385
11
0.629421062992126
21
1.2363376771653543
0
LINE
8
BLACK
6
CONTINUOUS
10
0.629421062992126
20
1.2363376771653543
11
0.629421062992126
21
1.2183399212598425
0
LINE
8
BLACK
6
CONTINUOUS
10
0.629421062992126
20
1.2183399212598425
11
0.6292429921259842
21
1.21733
0
LINE
8
BLACK
6
CONTINUOUS
10
0.6292429921259842
20
1.21733
11
0.6279446850393701
21
1.2157827559055119
0
LINE
8
BLACK
6
CONTINUOUS
10
0.6279446850393701
20
1.2157827559055119
11
0.6259555511811024
21
1.2154320078740157
0
LINE
8
BLACK
6
CONTINUOUS
10
0.6259555511811024
20
1.2154320078740157
11
0.6242063779527559
21
1.2164419291338582
0
LINE
8
BLACK
6
CONTINUOUS
10
0.6242063779527559
20
1.2164419291338582
11
0.6235155511811024
21
1.2183399212598425
0
LINE
8
BLACK
6
CONTINUOUS
10
0.6235155511811024
20
1.2183399212598425
11
0.6235155511811024
21
1.2243860236220472
0
LINE
8
BLACK
6
CONTINUOUS
10
0.6235155511811024
20
1.2243860236220472
11
0.6161417322834646
21
1.2243860236220472
0
LINE
8
BLACK
6
CONTINUOUS
10
0.6161417322834646
20
1.2243860236220472
11
0.6161417322834646
21
1.2089670866141733
0
LINE
8
BLACK
6
CONTINUOUS
10
0.6161417322834646
20
1.2089670866141733
11
0.6211852362204724
21
1.2077061811023622
0
LINE
8
BLACK
6
CONTINUOUS
10
0.6211852362204724
20
1.2077061811023622
11
0.6216507086614174
21
1.2074985826771654
0
LINE
8
BLACK
6
CONTINUOUS
10
0.6216507086614174
20
1.2074985826771654
11
0.6217895669291339
21
1.2074825984251969
0
LINE
8
BLACK
6
CONTINUOUS
10
0.6217895669291339
20
1.2074825984251969
11
0.6247891732283465
21
1.2059827952755906
0
LINE
8
BLACK
6
CONTINUOUS
10
0.6247891732283465
20
1.2059827952755906
11
0.6254981496062992
21
1.2054569685039369
0
LINE
8
BLACK
6
CONTINUOUS
10
0.6254981496062992
20
1.2054569685039369
11
0.6255565354330709
21
1.2054297244094487
0
LINE
8
BLACK
6
CONTINUOUS
10
0.6255565354330709
20
1.2054297244094487
11
0.6270563779527559
21
1.2039299212598424
0
LINE
8
BLACK
6
CONTINUOUS
10
0.6270563779527559
20
1.2039299212598424
11
0.6275627559055118
21
1.2032067716535433
0
LINE
8
BLACK
6
CONTINUOUS
10
0.6275627559055118
20
1.2032067716535433
11
0.6276095275590551
21
1.2031624803149605
0
LINE
8
BLACK
6
CONTINUOUS
10
0.6276095275590551
20
1.2031624803149605
11
0.6291093307086614
21
1.2001628346456692
0
LINE
8
BLACK
6
CONTINUOUS
10
0.6291093307086614
20
1.2001628346456692
11
0.6294017322834645
21
1.1991798818897637
0
LINE
8
BLACK
6
CONTINUOUS
10
0.6294017322834645
20
1.1991798818897637
11
0.6293606692913386
21
1.199008188976378
0
LINE
8
BLACK
6
CONTINUOUS
10
0.6293606692913386
20
1.199008188976378
11
0.629421062992126
21
1.1988423228346456
0
LINE
8
BLACK
6
CONTINUOUS
10
0.629421062992126
20
1.1988423228346456
11
0.629421062992126
21
1.1978346456692912
0
LINE
8
BLACK
6
CONTINUOUS
10
0.629421062992126
20
1.1978346456692912
11
0.6909448818897638
21
1.1978346456692912
0
LINE
8
BLACK
6
CONTINUOUS
10
0.6909448818897638
20
1.1978346456692912
11
0.6909448818897638
21
1.2431102362204725
0
LINE
8
BLACK
6
CONTINUOUS
10
0.6909448818897638
20
1.2431102362204725
11
0.6161417322834646
21
1.2431102362204725
0
LINE
8
BLACK
6
CONTINUOUS
10
0.8276486220472441
20
1.2293221653543307
11
0.8277844094488189
21
1.2293363385826772
0
LINE
8
BLACK
6
CONTINUOUS
10
0.8277844094488189
20
1.2293363385826772
11
0.8337836614173229
21
1.2278364960629922
0
LINE
8
BLACK
6
CONTINUOUS
10
0.8337836614173229
20
1.2278364960629922
11
0.8342491338582677
21
1.2276288976377951
0
LINE
8
BLACK
6
CONTINUOUS
10
0.8342491338582677
20
1.2276288976377951
11
0.8343879921259842
21
1.2276129133858267
0
LINE
8
BLACK
6
CONTINUOUS
10
0.8343879921259842
20
1.2276129133858267
11
0.8373875984251968
21
1.2261131102362204
0
LINE
8
BLACK
6
CONTINUOUS
10
0.8373875984251968
20
1.2261131102362204
11
0.8380965748031496
21
1.2255872834645669
0
LINE
8
BLACK
6
CONTINUOUS
10
0.8380965748031496
20
1.2255872834645669
11
0.8381549606299212
21
1.2255600393700787
0
LINE
8
BLACK
6
CONTINUOUS
10
0.8381549606299212
20
1.2255600393700787
11
0.8396548031496063
21
1.2240602362204724
0
LINE
8
BLACK
6
CONTINUOUS
10
0.8396548031496063
20
1.2240602362204724
11
0.8401611811023622
21
1.2233370866141733
0
LINE
8
BLACK
6
CONTINUOUS
10
0.8401611811023622
20
1.2233370866141733
11
0.8402079527559055
21
1.2232927952755905
0
LINE
8
BLACK
6
CONTINUOUS
10
0.8402079527559055
20
1.2232927952755905
11
0.8417077559055118
21
1.2202931496062992
0
LINE
8
BLACK
6
CONTINUOUS
10
0.8417077559055118
20
1.2202931496062992
11
0.842000157480315
21
1.2193101968503937
0
LINE
8
BLACK
6
CONTINUOUS
10
0.842000157480315
20
1.2193101968503937
11
0.841959094488189
21
1.219138503937008
0
LINE
8
BLACK
6
CONTINUOUS
10
0.841959094488189
20
1.219138503937008
11
0.8420194881889763
21
1.2189726377952756
0
LINE
8
BLACK
6
CONTINUOUS
10
0.8420194881889763
20
1.2189726377952756
11
0.8420194881889763
21
1.2159730314960631
0
LINE
8
BLACK
6
CONTINUOUS
10
0.8420194881889763
20
1.2159730314960631
11
0.8418414173228346
21
1.2149631102362204
0
LINE
8
BLACK
6
CONTINUOUS
10
0.8418414173228346
20
1.2149631102362204
11
0.8417279133858268
21
1.2148278740157481
0
LINE
8
BLACK
6
CONTINUOUS
10
0.8417279133858268
20
1.2148278740157481
11
0.8417077559055118
21
1.2146525196850393
0
LINE
8
BLACK
6
CONTINUOUS
10
0.8417077559055118
20
1.2146525196850393
11
0.8402079527559055
21
1.2116528740157479
0
LINE
8
BLACK
6
CONTINUOUS
10
0.8402079527559055
20
1.2116528740157479
11
0.8396819685039369
21
1.210943779527559
0
LINE
8
BLACK
6
CONTINUOUS
10
0.8396819685039369
20
1.210943779527559
11
0.8396548031496063
21
1.210885433070866
0
LINE
8
BLACK
6
CONTINUOUS
10
0.8396548031496063
20
1.210885433070866
11
0.8381549606299212
21
1.2093856299212598
0
LINE
8
BLACK
6
CONTINUOUS
10
0.8381549606299212
20
1.2093856299212598
11
0.8374318897637795
21
1.2088793700787401
0
LINE
8
BLACK
6
CONTINUOUS
10
0.8374318897637795
20
1.2088793700787401
11
0.8373875984251968
21
1.2088325590551181
0
LINE
8
BLACK
6
CONTINUOUS
10
0.8373875984251968
20
1.2088325590551181
11
0.8343879921259842
21
1.2073327559055118
0
LINE
8
BLACK
6
CONTINUOUS
10
0.8343879921259842
20
1.2073327559055118
11
0.8338995275590551
21
1.2071874803149607
0
LINE
8
BLACK
6
CONTINUOUS
10
0.8338995275590551
20
1.2071874803149607
11
0.8337836220472441
21
1.2071091732283463
0
LINE
8
BLACK
6
CONTINUOUS
10
0.8337836220472441
20
1.2071091732283463
11
0.8277843700787402
21
1.20560937007874
0
LINE
8
BLACK
6
CONTINUOUS
10
0.8277843700787402
20
1.20560937007874
11
0.8271964566929134
21
1.2055679133858268
0
LINE
8
BLACK
6
CONTINUOUS
10
0.8271964566929134
20
1.2055679133858268
11
0.8270682283464567
21
1.2055212204724408
0
LINE
8
BLACK
6
CONTINUOUS
10
0.8270682283464567
20
1.2055212204724408
11
0.8195691732283464
21
1.2055212204724408
0
LINE
8
BLACK
6
CONTINUOUS
10
0.8195691732283464
20
1.2055212204724408
11
0.818988779527559
21
1.2056235826771653
0
LINE
8
BLACK
6
CONTINUOUS
10
0.818988779527559
20
1.2056235826771653
11
0.8188530314960629
21
1.20560937007874
0
LINE
8
BLACK
6
CONTINUOUS
10
0.8188530314960629
20
1.20560937007874
11
0.812853779527559
21
1.2071091732283463
0
LINE
8
BLACK
6
CONTINUOUS
10
0.812853779527559
20
1.2071091732283463
11
0.8123883070866141
21
1.2073167716535433
0
LINE
8
BLACK
6
CONTINUOUS
10
0.8123883070866141
20
1.2073167716535433
11
0.8122494094488188
21
1.2073327559055118
0
LINE
8
BLACK
6
CONTINUOUS
10
0.8122494094488188
20
1.2073327559055118
11
0.8092497637795275
21
1.2088325590551181
0
LINE
8
BLACK
6
CONTINUOUS
10
0.8092497637795275
20
1.2088325590551181
11
0.8085406692913386
21
1.2093584645669291
0
LINE
8
BLACK
6
CONTINUOUS
10
0.8085406692913386
20
1.2093584645669291
11
0.8084823622047244
21
1.2093856692913385
0
LINE
8
BLACK
6
CONTINUOUS
10
0.8084823622047244
20
1.2093856692913385
11
0.8069825590551181
21
1.2108854724409448
0
LINE
8
BLACK
6
CONTINUOUS
10
0.8069825590551181
20
1.2108854724409448
11
0.8064762598425197
21
1.2116085826771654
0
LINE
8
BLACK
6
CONTINUOUS
10
0.8064762598425197
20
1.2116085826771654
11
0.8064294488188977
21
1.2116528740157479
0
LINE
8
BLACK
6
CONTINUOUS
10
0.8064294488188977
20
1.2116528740157479
11
0.8049296456692914
21
1.2146525196850393
0
LINE
8
BLACK
6
CONTINUOUS
10
0.8049296456692914
20
1.2146525196850393
11
0.8046372440944882
21
1.2156354724409448
0
LINE
8
BLACK
6
CONTINUOUS
10
0.8046372440944882
20
1.2156354724409448
11
0.8046782677165354
21
1.2158072047244095
0
LINE
8
BLACK
6
CONTINUOUS
10
0.8046782677165354
20
1.2158072047244095
11
0.8046179133858268
21
1.2159730314960631
0
LINE
8
BLACK
6
CONTINUOUS
10
0.8046179133858268
20
1.2159730314960631
11
0.8046179133858268
21
1.2189726377952756
0
LINE
8
BLACK
6
CONTINUOUS
10
0.8046179133858268
20
1.2189726377952756
11
0.8047959842519685
21
1.2199825590551181
0
LINE
8
BLACK
6
CONTINUOUS
10
0.8047959842519685
20
1.2199825590551181
11
0.8049094488188976
21
1.2201178346456694
0
LINE
8
BLACK
6
CONTINUOUS
10
0.8049094488188976
20
1.2201178346456694
11
0.8049296456692914
21
1.2202931496062992
0
LINE
8
BLACK
6
CONTINUOUS
10
0.8049296456692914
20
1.2202931496062992
11
0.8064294488188977
21
1.2232927952755905
0
LINE
8
BLACK
6
CONTINUOUS
10
0.8064294488188977
20
1.2232927952755905
11
0.8069553543307086
21
1.2240018897637794
0
LINE
8
BLACK
6
CONTINUOUS
10
0.8069553543307086
20
1.2240018897637794
11
0.8069825590551181
21
1.2240601968503937
0
LINE
8
BLACK
6
CONTINUOUS
10
0.8069825590551181
20
1.2240601968503937
11
0.8084823622047244
21
1.22556
0
LINE
8
BLACK
6
CONTINUOUS
10
0.8084823622047244
20
1.22556
11
0.8092054330708661
21
1.2260662992125984
0
LINE
8
BLACK
6
CONTINUOUS
10
0.8092054330708661
20
1.2260662992125984
11
0.8092497637795275
21
1.2261131102362204
0
LINE
8
BLACK
6
CONTINUOUS
10
0.8092497637795275
20
1.2261131102362204
11
0.8122494094488188
21
1.2276129133858267
0
LINE
8
BLACK
6
CONTINUOUS
10
0.8122494094488188
20
1.2276129133858267
11
0.8127378346456693
21
1.2277582283464568
0
LINE
8
BLACK
6
CONTINUOUS
10
0.8127378346456693
20
1.2277582283464568
11
0.8128537401574802
21
1.2278364960629922
0
LINE
8
BLACK
6
CONTINUOUS
10
0.8128537401574802
20
1.2278364960629922
11
0.8188530314960629
21
1.2293363385826772
0
LINE
8
BLACK
6
CONTINUOUS
10
0.8188530314960629
20
1.2293363385826772
11
0.819440905511811
21
1.2293778346456692
0
LINE
8
BLACK
6
CONTINUOUS
10
0.819440905511811
20
1.2293778346456692
11
0.8195691732283464
21
1.2294244881889764
0
LINE
8
BLACK
6
CONTINUOUS
10
0.8195691732283464
20
1.2294244881889764
11
0.8270682283464567
21
1.2294244881889764
0
LINE
8
BLACK
6
CONTINUOUS
10
0.8270682283464567
20
1.2294244881889764
11
0.8276486220472441
21
1.2293221653543307
0
LINE
8
BLACK
6
CONTINUOUS
10
0.8146003937007874
20
1.2221859055118109
11
0.8123193307086614
21
1.2210453543307087
0
LINE
8
BLACK
6
CONTINUOUS
10
0.8123193307086614
20
1.2210453543307087
11
0.8114972047244094
21
1.2202232283464567
0
LINE
8
BLACK
6
CONTINUOUS
10
0.8114972047244094
20
1.2202232283464567
11
0.8105234251968504
21
1.2182756299212598
0
LINE
8
BLACK
6
CONTINUOUS
10
0.8105234251968504
20
1.2182756299212598
11
0.8105234251968504
21
1.2166700787401574
0
LINE
8
BLACK
6
CONTINUOUS
10
0.8105234251968504
20
1.2166700787401574
11
0.8114972047244094
21
1.2147224803149606
0
LINE
8
BLACK
6
CONTINUOUS
10
0.8114972047244094
20
1.2147224803149606
11
0.8123193307086614
21
1.2139003543307085
0
LINE
8
BLACK
6
CONTINUOUS
10
0.8123193307086614
20
1.2139003543307085
11
0.8146004330708662
21
1.2127598031496063
0
LINE
8
BLACK
6
CONTINUOUS
10
0.8146004330708662
20
1.2127598031496063
11
0.8199327165354331
21
1.2114267322834646
0
LINE
8
BLACK
6
CONTINUOUS
10
0.8199327165354331
20
1.2114267322834646
11
0.8267046850393701
21
1.2114267322834646
0
LINE
8
BLACK
6
CONTINUOUS
10
0.8267046850393701
20
1.2114267322834646
11
0.8320369291338583
21
1.2127598031496063
0
LINE
8
BLACK
6
CONTINUOUS
10
0.8320369291338583
20
1.2127598031496063
11
0.8343179921259842
21
1.2139003543307085
0
LINE
8
BLACK
6
CONTINUOUS
10
0.8343179921259842
20
1.2139003543307085
11
0.8351401968503936
21
1.2147225196850393
0
LINE
8
BLACK
6
CONTINUOUS
10
0.8351401968503936
20
1.2147225196850393
11
0.8361139763779527
21
1.2166700787401574
0
LINE
8
BLACK
6
CONTINUOUS
10
0.8361139763779527
20
1.2166700787401574
11
0.8361139763779527
21
1.2182756299212598
0
LINE
8
BLACK
6
CONTINUOUS
10
0.8361139763779527
20
1.2182756299212598
11
0.8351401968503936
21
1.2202231889763779
0
LINE
8
BLACK
6
CONTINUOUS
10
0.8351401968503936
20
1.2202231889763779
11
0.8343179921259842
21
1.2210453543307087
0
LINE
8
BLACK
6
CONTINUOUS
10
0.8343179921259842
20
1.2210453543307087
11
0.8320368897637795
21
1.2221859055118109
0
LINE
8
BLACK
6
CONTINUOUS
10
0.8320368897637795
20
1.2221859055118109
11
0.8267046456692914
21
1.2235189763779528
0
LINE
8
BLACK
6
CONTINUOUS
10
0.8267046456692914
20
1.2235189763779528
11
0.8199327559055118
21
1.2235189763779528
0
LINE
8
BLACK
6
CONTINUOUS
10
0.8199327559055118
20
1.2235189763779528
11
0.8146003937007874
21
1.2221859055118109
0
LINE
8
BLACK
6
CONTINUOUS
10
1.1353990551181101
20
1.2566811417322834
11
1.1368988976377952
21
1.2551813385826771
0
LINE
8
BLACK
6
CONTINUOUS
10
1.1368988976377952
20
1.2551813385826771
11
1.137405275590551
21
1.254458188976378
0
LINE
8
BLACK
6
CONTINUOUS
10
1.137405275590551
20
1.254458188976378
11
1.1374520472440945
21
1.2544138976377952
0
LINE
8
BLACK
6
CONTINUOUS
10
1.1374520472440945
20
1.2544138976377952
11
1.1389518503937008
21
1.2514142519685039
0
LINE
8
BLACK
6
CONTINUOUS
10
1.1389518503937008
20
1.2514142519685039
11
1.139244251968504
21
1.2504312992125983
0
LINE
8
BLACK
6
CONTINUOUS
10
1.139244251968504
20
1.2504312992125983
11
1.1392031889763778
21
1.2502596062992126
0
LINE
8
BLACK
6
CONTINUOUS
10
1.1392031889763778
20
1.2502596062992126
11
1.1392635826771653
21
1.2500937401574803
0
LINE
8
BLACK
6
CONTINUOUS
10
1.1392635826771653
20
1.2500937401574803
11
1.1392635826771653
21
1.2410948818897638
0
LINE
8
BLACK
6
CONTINUOUS
10
1.1392635826771653
20
1.2410948818897638
11
1.1390855118110237
21
1.2400849606299211
0
LINE
8
BLACK
6
CONTINUOUS
10
1.1390855118110237
20
1.2400849606299211
11
1.1389720078740158
21
1.2399497244094488
0
LINE
8
BLACK
6
CONTINUOUS
10
1.1389720078740158
20
1.2399497244094488
11
1.1389518503937008
21
1.23977437007874
0
LINE
8
BLACK
6
CONTINUOUS
10
1.1389518503937008
20
1.23977437007874
11
1.1374520472440945
21
1.2367747244094487
0
LINE
8
BLACK
6
CONTINUOUS
10
1.1374520472440945
20
1.2367747244094487
11
1.1369260629921261
21
1.2360656299212598
0
LINE
8
BLACK
6
CONTINUOUS
10
1.1369260629921261
20
1.2360656299212598
11
1.1368988976377952
21
1.236007283464567
0
LINE
8
BLACK
6
CONTINUOUS
10
1.1368988976377952
20
1.236007283464567
11
1.1353990551181101
21
1.2345074803149605
0
LINE
8
BLACK
6
CONTINUOUS
10
1.1353990551181101
20
1.2345074803149605
11
1.1346759842519685
21
1.2340012204724409
0
LINE
8
BLACK
6
CONTINUOUS
10
1.1346759842519685
20
1.2340012204724409
11
1.1346316929133857
21
1.2339544094488188
0
LINE
8
BLACK
6
CONTINUOUS
10
1.1346316929133857
20
1.2339544094488188
11
1.1316320866141731
21
1.2324546062992126
0
LINE
8
BLACK
6
CONTINUOUS
10
1.1316320866141731
20
1.2324546062992126
11
1.1306491338582676
21
1.2321622440944882
0
LINE
8
BLACK
6
CONTINUOUS
10
1.1306491338582676
20
1.2321622440944882
11
1.1304774409448819
21
1.2322032677165353
0
LINE
8
BLACK
6
CONTINUOUS
10
1.1304774409448819
20
1.2322032677165353
11
1.1303115748031496
21
1.2321428740157481
0
LINE
8
BLACK
6
CONTINUOUS
10
1.1303115748031496
20
1.2321428740157481
11
1.1228125196850394
21
1.2321428740157481
0
LINE
8
BLACK
6
CONTINUOUS
10
1.1228125196850394
20
1.2321428740157481
11
1.1218025984251969
21
1.2323209448818897
0
LINE
8
BLACK
6
CONTINUOUS
10
1.1218025984251969
20
1.2323209448818897
11
1.1216673228346457
21
1.2324344488188976
0
LINE
8
BLACK
6
CONTINUOUS
10
1.1216673228346457
20
1.2324344488188976
11
1.1214920078740158
21
1.2324546062992126
0
LINE
8
BLACK
6
CONTINUOUS
10
1.1214920078740158
20
1.2324546062992126
11
1.1184923622047245
21
1.2339544094488188
0
LINE
8
BLACK
6
CONTINUOUS
10
1.1184923622047245
20
1.2339544094488188
11
1.1177832677165354
21
1.2344803149606298
0
LINE
8
BLACK
6
CONTINUOUS
10
1.1177832677165354
20
1.2344803149606298
11
1.1177249606299213
21
1.2345075196850392
0
LINE
8
BLACK
6
CONTINUOUS
10
1.1177249606299213
20
1.2345075196850392
11
1.116225157480315
21
1.2360073228346455
0
LINE
8
BLACK
6
CONTINUOUS
10
1.116225157480315
20
1.2360073228346455
11
1.1157188582677164
21
1.2367304330708662
0
LINE
8
BLACK
6
CONTINUOUS
10
1.1157188582677164
20
1.2367304330708662
11
1.1156720472440944
21
1.2367747244094487
0
LINE
8
BLACK
6
CONTINUOUS
10
1.1156720472440944
20
1.2367747244094487
11
1.1143163779527558
21
1.239486062992126
0
LINE
8
BLACK
6
CONTINUOUS
10
1.1143163779527558
20
1.239486062992126
11
1.1067591732283464
21
1.232873464566929
0
LINE
8
BLACK
6
CONTINUOUS
10
1.1067591732283464
20
1.232873464566929
11
1.1063792913385826
21
1.2326435826771653
0
LINE
8
BLACK
6
CONTINUOUS
10
1.1063792913385826
20
1.2326435826771653
11
1.1062911417322834
21
1.2325384645669291
0
LINE
8
BLACK
6
CONTINUOUS
10
1.1062911417322834
20
1.2325384645669291
11
1.1061705511811024
21
1.2325172440944883
0
LINE
8
BLACK
6
CONTINUOUS
10
1.1061705511811024
20
1.2325172440944883
11
1.1058818503937007
21
1.2323424409448818
0
LINE
8
BLACK
6
CONTINUOUS
10
1.1058818503937007
20
1.2323424409448818
11
1.1050859842519685
21
1.2323259842519685
0
LINE
8
BLACK
6
CONTINUOUS
10
1.1050859842519685
20
1.2323259842519685
11
1.1043020078740158
21
1.2321877165354331
0
LINE
8
BLACK
6
CONTINUOUS
10
1.1043020078740158
20
1.2321877165354331
11
1.1040979921259841
21
1.2323055118110235
0
LINE
8
BLACK
6
CONTINUOUS
10
1.1040979921259841
20
1.2323055118110235
11
1.1038624803149606
21
1.2323006299212598
0
LINE
8
BLACK
6
CONTINUOUS
10
1.1038624803149606
20
1.2323006299212598
11
1.1032421653543307
21
1.2327996456692913
0
LINE
8
BLACK
6
CONTINUOUS
10
1.1032421653543307
20
1.2327996456692913
11
1.1025528346456692
21
1.2331976377952756
0
LINE
8
BLACK
6
CONTINUOUS
10
1.1025528346456692
20
1.2331976377952756
11
1.1024722440944881
21
1.2334190157480314
0
LINE
8
BLACK
6
CONTINUOUS
10
1.1024722440944881
20
1.2334190157480314
11
1.1022887007874016
21
1.233566653543307
0
LINE
8
BLACK
6
CONTINUOUS
10
1.1022887007874016
20
1.233566653543307
11
1.102134251968504
21
1.2343476377952756
0
LINE
8
BLACK
6
CONTINUOUS
10
1.102134251968504
20
1.2343476377952756
11
1.1018620078740158
21
1.2350956299212599
0
LINE
8
BLACK
6
CONTINUOUS
10
1.1018620078740158
20
1.2350956299212599
11
1.1018620078740158
21
1.2545931889763779
0
LINE
8
BLACK
6
CONTINUOUS
10
1.1018620078740158
20
1.2545931889763779
11
1.1020400787401574
21
1.2556031102362204
0
LINE
8
BLACK
6
CONTINUOUS
10
1.1020400787401574
20
1.2556031102362204
11
1.1033383858267716
21
1.2571503543307085
0
LINE
8
BLACK
6
CONTINUOUS
10
1.1033383858267716
20
1.2571503543307085
11
1.1053275196850394
21
1.2575011023622047
0
LINE
8
BLACK
6
CONTINUOUS
10
1.1053275196850394
20
1.2575011023622047
11
1.1070766929133857
21
1.2564911811023622
0
LINE
8
BLACK
6
CONTINUOUS
10
1.1070766929133857
20
1.2564911811023622
11
1.1077675196850394
21
1.2545931889763779
0
LINE
8
BLACK
6
CONTINUOUS
10
1.1077675196850394
20
1.2545931889763779
11
1.1077675196850394
21
1.2416028346456693
0
LINE
8
BLACK
6
CONTINUOUS
10
1.1077675196850394
20
1.2416028346456693
11
1.1148688976377952
21
1.2478164960629921
0
LINE
8
BLACK
6
CONTINUOUS
10
1.1148688976377952
20
1.2478164960629921
11
1.1152487401574802
21
1.2480464566929133
0
LINE
8
BLACK
6
CONTINUOUS
10
1.1152487401574802
20
1.2480464566929133
11
1.1153368897637794
21
1.2481514566929133
0
LINE
8
BLACK
6
CONTINUOUS
10
1.1153368897637794
20
1.2481514566929133
11
1.1154573622047244
21
1.248172716535433
0
LINE
8
BLACK
6
CONTINUOUS
10
1.1154573622047244
20
1.248172716535433
11
1.1157461811023621
21
1.2483475196850393
0
LINE
8
BLACK
6
CONTINUOUS
10
1.1157461811023621
20
1.2483475196850393
11
1.1165421259842518
21
1.2483640157480316
0
LINE
8
BLACK
6
CONTINUOUS
10
1.1165421259842518
20
1.2483640157480316
11
1.1173260236220472
21
1.2485022047244094
0
LINE
8
BLACK
6
CONTINUOUS
10
1.1173260236220472
20
1.2485022047244094
11
1.1175299999999999
21
1.2483844488188975
0
LINE
8
BLACK
6
CONTINUOUS
10
1.1175299999999999
20
1.2483844488188975
11
1.1177655511811024
21
1.2483892913385826
0
LINE
8
BLACK
6
CONTINUOUS
10
1.1177655511811024
20
1.2483892913385826
11
1.1183859055118111
21
1.2478902755905512
0
LINE
8
BLACK
6
CONTINUOUS
10
1.1183859055118111
20
1.2478902755905512
11
1.1190751968503936
21
1.247492283464567
0
LINE
8
BLACK
6
CONTINUOUS
10
1.1190751968503936
20
1.247492283464567
11
1.1191557086614172
21
1.2472709842519685
0
LINE
8
BLACK
6
CONTINUOUS
10
1.1191557086614172
20
1.2472709842519685
11
1.1193393700787402
21
1.2471232677165354
0
LINE
8
BLACK
6
CONTINUOUS
10
1.1193393700787402
20
1.2471232677165354
11
1.119493779527559
21
1.2463422047244095
0
LINE
8
BLACK
6
CONTINUOUS
10
1.119493779527559
20
1.2463422047244095
11
1.1197660236220472
21
1.2455942913385827
0
LINE
8
BLACK
6
CONTINUOUS
10
1.1197660236220472
20
1.2455942913385827
11
1.1197660236220472
21
1.2417919291338582
0
LINE
8
BLACK
6
CONTINUOUS
10
1.1197660236220472
20
1.2417919291338582
11
1.1207398031496063
21
1.2398443307086613
0
LINE
8
BLACK
6
CONTINUOUS
10
1.1207398031496063
20
1.2398443307086613
11
1.1215619291338583
21
1.2390222047244095
0
LINE
8
BLACK
6
CONTINUOUS
10
1.1215619291338583
20
1.2390222047244095
11
1.1235095669291337
21
1.2380483858267717
0
LINE
8
BLACK
6
CONTINUOUS
10
1.1235095669291337
20
1.2380483858267717
11
1.129614527559055
21
1.2380483858267717
0
LINE
8
BLACK
6
CONTINUOUS
10
1.129614527559055
20
1.2380483858267717
11
1.1315620866141731
21
1.2390222047244095
0
LINE
8
BLACK
6
CONTINUOUS
10
1.1315620866141731
20
1.2390222047244095
11
1.1323842913385826
21
1.23984437007874
0
LINE
8
BLACK
6
CONTINUOUS
10
1.1323842913385826
20
1.23984437007874
11
1.1333580708661417
21
1.2417919291338582
0
LINE
8
BLACK
6
CONTINUOUS
10
1.1333580708661417
20
1.2417919291338582
11
1.1333580708661417
21
1.2493967322834645
0
LINE
8
BLACK
6
CONTINUOUS
10
1.1333580708661417
20
1.2493967322834645
11
1.1323842913385826
21
1.2513442913385826
0
LINE
8
BLACK
6
CONTINUOUS
10
1.1323842913385826
20
1.2513442913385826
11
1.1312233070866142
21
1.2525052362204725
0
LINE
8
BLACK
6
CONTINUOUS
10
1.1312233070866142
20
1.2525052362204725
11
1.1306350787401576
21
1.2533452755905512
0
LINE
8
BLACK
6
CONTINUOUS
10
1.1306350787401576
20
1.2533452755905512
11
1.1304590157480314
21
1.255357401574803
0
LINE
8
BLACK
6
CONTINUOUS
10
1.1304590157480314
20
1.255357401574803
11
1.1316175196850393
21
1.2570119291338582
0
LINE
8
BLACK
6
CONTINUOUS
10
1.1316175196850393
20
1.2570119291338582
11
1.1335685039370078
21
1.25753468503937
0
LINE
8
BLACK
6
CONTINUOUS
10
1.1335685039370078
20
1.25753468503937
11
1.1353990551181101
21
1.2566811417322834
0
LINE
8
BLACK
6
CONTINUOUS
10
0.8183285826771654
20
1.2588396062992127
11
0.8194414566929134
21
1.2571540551181102
0
LINE
8
BLACK
6
CONTINUOUS
10
0.8194414566929134
20
1.2571540551181102
11
0.8192105511811023
21
1.2551474803149607
0
LINE
8
BLACK
6
CONTINUOUS
10
0.8192105511811023
20
1.2551474803149607
11
0.817710748031496
21
1.2521478346456694
0
LINE
8
BLACK
6
CONTINUOUS
10
0.817710748031496
20
1.2521478346456694
11
0.817184842519685
21
1.2514388188976378
0
LINE
8
BLACK
6
CONTINUOUS
10
0.817184842519685
20
1.2514388188976378
11
0.8171576377952756
21
1.2513804330708662
0
LINE
8
BLACK
6
CONTINUOUS
10
0.8171576377952756
20
1.2513804330708662
11
0.8161990551181102
21
1.2504218503937008
0
LINE
8
BLACK
6
CONTINUOUS
10
0.8161990551181102
20
1.2504218503937008
11
0.8361139763779527
21
1.2504218503937008
0
LINE
8
BLACK
6
CONTINUOUS
10
0.8361139763779527
20
1.2504218503937008
11
0.8361139763779527
21
1.2564679921259843
0
LINE
8
BLACK
6
CONTINUOUS
10
0.8361139763779527
20
1.2564679921259843
11
0.8362920472440944
21
1.2574779133858267
0
LINE
8
BLACK
6
CONTINUOUS
10
0.8362920472440944
20
1.2574779133858267
11
0.8375903543307086
21
1.2590251574803148
0
LINE
8
BLACK
6
CONTINUOUS
10
0.8375903543307086
20
1.2590251574803148
11
0.8395794881889763
21
1.259375905511811
0
LINE
8
BLACK
6
CONTINUOUS
10
0.8395794881889763
20
1.259375905511811
11
0.8413286614173228
21
1.2583659842519686
0
LINE
8
BLACK
6
CONTINUOUS
10
0.8413286614173228
20
1.2583659842519686
11
0.8420194881889763
21
1.2564679921259843
0
LINE
8
BLACK
6
CONTINUOUS
10
0.8420194881889763
20
1.2564679921259843
11
0.8420194881889763
21
1.2384702362204725
0
LINE
8
BLACK
6
CONTINUOUS
10
0.8420194881889763
20
1.2384702362204725
11
0.8418414173228346
21
1.2374603149606298
0
LINE
8
BLACK
6
CONTINUOUS
10
0.8418414173228346
20
1.2374603149606298
11
0.8405431102362204
21
1.2359130708661417
0
LINE
8
BLACK
6
CONTINUOUS
10
0.8405431102362204
20
1.2359130708661417
11
0.8385539763779527
21
1.2355623228346457
0
LINE
8
BLACK
6
CONTINUOUS
10
0.8385539763779527
20
1.2355623228346457
11
0.8368048031496063
21
1.2365722440944882
0
LINE
8
BLACK
6
CONTINUOUS
10
0.8368048031496063
20
1.2365722440944882
11
0.8361139763779527
21
1.2384702362204725
0
LINE
8
BLACK
6
CONTINUOUS
10
0.8361139763779527
20
1.2384702362204725
11
0.8361139763779527
21
1.2445163385826772
0
LINE
8
BLACK
6
CONTINUOUS
10
0.8361139763779527
20
1.2445163385826772
11
0.8075706692913386
21
1.2445163385826772
0
LINE
8
BLACK
6
CONTINUOUS
10
0.8075706692913386
20
1.2445163385826772
11
0.806560748031496
21
1.2446944094488188
0
LINE
8
BLACK
6
CONTINUOUS
10
0.806560748031496
20
1.2446944094488188
11
0.8064306692913386
21
1.2448035826771653
0
LINE
8
BLACK
6
CONTINUOUS
10
0.8064306692913386
20
1.2448035826771653
11
0.8062619291338583
21
1.2448222047244095
0
LINE
8
BLACK
6
CONTINUOUS
10
0.8062619291338583
20
1.2448222047244095
11
0.8056698818897637
21
1.2454419291338583
0
LINE
8
BLACK
6
CONTINUOUS
10
0.8056698818897637
20
1.2454419291338583
11
0.8050135039370079
21
1.245992716535433
0
LINE
8
BLACK
6
CONTINUOUS
10
0.8050135039370079
20
1.245992716535433
11
0.8049840157480315
21
1.2461599212598424
0
LINE
8
BLACK
6
CONTINUOUS
10
0.8049840157480315
20
1.2461599212598424
11
0.8048667322834645
21
1.2462826771653543
0
LINE
8
BLACK
6
CONTINUOUS
10
0.8048667322834645
20
1.2462826771653543
11
0.8048115748031496
21
1.2471379133858267
0
LINE
8
BLACK
6
CONTINUOUS
10
0.8048115748031496
20
1.2471379133858267
11
0.8046627559055118
21
1.2479818503937008
0
LINE
8
BLACK
6
CONTINUOUS
10
0.8046627559055118
20
1.2479818503937008
11
0.8047476377952756
21
1.2481289370078741
0
LINE
8
BLACK
6
CONTINUOUS
10
0.8047476377952756
20
1.2481289370078741
11
0.8047367322834645
21
1.248298307086614
0
LINE
8
BLACK
6
CONTINUOUS
10
0.8047367322834645
20
1.248298307086614
11
0.8052441732283464
21
1.2489889370078739
0
LINE
8
BLACK
6
CONTINUOUS
10
0.8052441732283464
20
1.2489889370078739
11
0.8056726771653543
21
1.2497310236220471
0
LINE
8
BLACK
6
CONTINUOUS
10
0.8056726771653543
20
1.2497310236220471
11
0.8058321653543307
21
1.2497890944881889
0
LINE
8
BLACK
6
CONTINUOUS
10
0.8058321653543307
20
1.2497890944881889
11
0.8059327559055118
21
1.2499259448818898
0
LINE
8
BLACK
6
CONTINUOUS
10
0.8059327559055118
20
1.2499259448818898
11
0.8101889763779527
21
1.252763464566929
0
LINE
8
BLACK
6
CONTINUOUS
10
0.8101889763779527
20
1.252763464566929
11
0.8126429527559055
21
1.2552174803149605
0
LINE
8
BLACK
6
CONTINUOUS
10
0.8126429527559055
20
1.2552174803149605
11
0.8139285039370079
21
1.2577885039370078
0
LINE
8
BLACK
6
CONTINUOUS
10
0.8139285039370079
20
1.2577885039370078
11
0.8145394094488189
21
1.2586121653543307
0
LINE
8
BLACK
6
CONTINUOUS
10
0.8145394094488189
20
1.2586121653543307
11
0.8163925984251968
21
1.259415433070866
0
LINE
8
BLACK
6
CONTINUOUS
10
0.8163925984251968
20
1.259415433070866
11
0.8183285826771654
21
1.2588396062992127
0
LINE
8
BLACK
6
CONTINUOUS
10
1.1366943307086614
20
1.2859747637795276
11
1.1368235826771653
21
1.2859975196850393
0
LINE
8
BLACK
6
CONTINUOUS
10
1.1368235826771653
20
1.2859975196850393
11
1.1369371653543308
21
1.2859319291338582
0
LINE
8
BLACK
6
CONTINUOUS
10
1.1369371653543308
20
1.2859319291338582
11
1.137320748031496
21
1.2858642913385827
0
LINE
8
BLACK
6
CONTINUOUS
10
1.137320748031496
20
1.2858642913385827
11
1.1379084251968503
21
1.2853711811023623
0
LINE
8
BLACK
6
CONTINUOUS
10
1.1379084251968503
20
1.2853711811023623
11
1.1385727559055119
21
1.2849875984251968
0
LINE
8
BLACK
6
CONTINUOUS
10
1.1385727559055119
20
1.2849875984251968
11
1.1386638582677164
21
1.2847372834645669
0
LINE
8
BLACK
6
CONTINUOUS
10
1.1386638582677164
20
1.2847372834645669
11
1.1388679921259843
21
1.2845659842519686
0
LINE
8
BLACK
6
CONTINUOUS
10
1.1388679921259843
20
1.2845659842519686
11
1.1390012204724409
21
1.2838104330708662
0
LINE
8
BLACK
6
CONTINUOUS
10
1.1390012204724409
20
1.2838104330708662
11
1.1392635826771653
21
1.2830896062992125
0
LINE
8
BLACK
6
CONTINUOUS
10
1.1392635826771653
20
1.2830896062992125
11
1.1392635826771653
21
1.2755905511811023
0
LINE
8
BLACK
6
CONTINUOUS
10
1.1392635826771653
20
1.2755905511811023
11
1.1391102755905511
21
1.2747211811023622
0
LINE
8
BLACK
6
CONTINUOUS
10
1.1391102755905511
20
1.2747211811023622
11
1.1391120472440945
21
1.274656811023622
0
LINE
8
BLACK
6
CONTINUOUS
10
1.1391120472440945
20
1.274656811023622
11
1.1376122440944882
21
1.2701573622047244
0
LINE
8
BLACK
6
CONTINUOUS
10
1.1376122440944882
20
1.2701573622047244
11
1.1371239763779528
21
1.2692555905511811
0
LINE
8
BLACK
6
CONTINUOUS
10
1.1371239763779528
20
1.2692555905511811
11
1.1369735039370079
21
1.2691631889763779
0
LINE
8
BLACK
6
CONTINUOUS
10
1.1369735039370079
20
1.2691631889763779
11
1.1368989370078739
21
1.269003188976378
0
LINE
8
BLACK
6
CONTINUOUS
10
1.1368989370078739
20
1.269003188976378
11
1.1338992913385826
21
1.2660035826771654
0
LINE
8
BLACK
6
CONTINUOUS
10
1.1338992913385826
20
1.2660035826771654
11
1.1331761023622047
21
1.2654972047244095
0
LINE
8
BLACK
6
CONTINUOUS
10
1.1331761023622047
20
1.2654972047244095
11
1.1331318897637794
21
1.2654504724409448
0
LINE
8
BLACK
6
CONTINUOUS
10
1.1331318897637794
20
1.2654504724409448
11
1.1301322834645668
21
1.2639506692913385
0
LINE
8
BLACK
6
CONTINUOUS
10
1.1301322834645668
20
1.2639506692913385
11
1.1296438976377952
21
1.2638054330708661
0
LINE
8
BLACK
6
CONTINUOUS
10
1.1296438976377952
20
1.2638054330708661
11
1.1295279527559055
21
1.2637270866141732
0
LINE
8
BLACK
6
CONTINUOUS
10
1.1295279527559055
20
1.2637270866141732
11
1.1235287007874015
21
1.2622272440944882
0
LINE
8
BLACK
6
CONTINUOUS
10
1.1235287007874015
20
1.2622272440944882
11
1.1229407480314961
21
1.2621857874015747
0
LINE
8
BLACK
6
CONTINUOUS
10
1.1229407480314961
20
1.2621857874015747
11
1.1228125196850394
21
1.262139094488189
0
LINE
8
BLACK
6
CONTINUOUS
10
1.1228125196850394
20
1.262139094488189
11
1.1183130708661417
21
1.262139094488189
0
LINE
8
BLACK
6
CONTINUOUS
10
1.1183130708661417
20
1.262139094488189
11
1.1177326771653544
21
1.2622414566929134
0
LINE
8
BLACK
6
CONTINUOUS
10
1.1177326771653544
20
1.2622414566929134
11
1.1175969291338583
21
1.2622272440944882
0
LINE
8
BLACK
6
CONTINUOUS
10
1.1175969291338583
20
1.2622272440944882
11
1.1115976377952757
21
1.2637270866141732
0
LINE
8
BLACK
6
CONTINUOUS
10
1.1115976377952757
20
1.2637270866141732
11
1.1111321259842519
21
1.2639347244094488
0
LINE
8
BLACK
6
CONTINUOUS
10
1.1111321259842519
20
1.2639347244094488
11
1.1109933070866143
21
1.2639506692913385
0
LINE
8
BLACK
6
CONTINUOUS
10
1.1109933070866143
20
1.2639506692913385
11
1.1079936614173229
21
1.2654504724409448
0
LINE
8
BLACK
6
CONTINUOUS
10
1.1079936614173229
20
1.2654504724409448
11
1.1072845669291338
21
1.2659764173228347
0
LINE
8
BLACK
6
CONTINUOUS
10
1.1072845669291338
20
1.2659764173228347
11
1.1072262598425198
21
1.2660035826771654
0
LINE
8
BLACK
6
CONTINUOUS
10
1.1072262598425198
20
1.2660035826771654
11
1.104226653543307
21
1.269003188976378
0
LINE
8
BLACK
6
CONTINUOUS
10
1.104226653543307
20
1.269003188976378
11
1.103638464566929
21
1.2698432283464567
0
LINE
8
BLACK
6
CONTINUOUS
10
1.103638464566929
20
1.2698432283464567
11
1.1036230708661416
21
1.2700190944881888
0
LINE
8
BLACK
6
CONTINUOUS
10
1.1036230708661416
20
1.2700190944881888
11
1.1035133464566929
21
1.2701573622047244
0
LINE
8
BLACK
6
CONTINUOUS
10
1.1035133464566929
20
1.2701573622047244
11
1.1020135433070866
21
1.274656811023622
0
LINE
8
BLACK
6
CONTINUOUS
10
1.1020135433070866
20
1.274656811023622
11
1.1018840551181102
21
1.2755300000000001
0
LINE
8
BLACK
6
CONTINUOUS
10
1.1018840551181102
20
1.2755300000000001
11
1.1018620078740158
21
1.2755905511811023
0
LINE
8
BLACK
6
CONTINUOUS
10
1.1018620078740158
20
1.2755905511811023
11
1.1018620078740158
21
1.2830896062992125
0
LINE
8
BLACK
6
CONTINUOUS
10
1.1018620078740158
20
1.2830896062992125
11
1.1019296062992125
21
1.2834731496062992
0
LINE
8
BLACK
6
CONTINUOUS
10
1.1019296062992125
20
1.2834731496062992
11
1.1019068503937008
21
1.2836023622047243
0
LINE
8
BLACK
6
CONTINUOUS
10
1.1019068503937008
20
1.2836023622047243
11
1.1019724409448819
21
1.2837159842519685
0
LINE
8
BLACK
6
CONTINUOUS
10
1.1019724409448819
20
1.2837159842519685
11
1.1020400787401574
21
1.284099527559055
0
LINE
8
BLACK
6
CONTINUOUS
10
1.1020400787401574
20
1.284099527559055
11
1.1025331889763779
21
1.2846872440944881
0
LINE
8
BLACK
6
CONTINUOUS
10
1.1025331889763779
20
1.2846872440944881
11
1.1029167716535433
21
1.2853515354330709
0
LINE
8
BLACK
6
CONTINUOUS
10
1.1029167716535433
20
1.2853515354330709
11
1.1031670866141732
21
1.2854426771653542
0
LINE
8
BLACK
6
CONTINUOUS
10
1.1031670866141732
20
1.2854426771653542
11
1.1033383858267716
21
1.2856467716535434
0
LINE
8
BLACK
6
CONTINUOUS
10
1.1033383858267716
20
1.2856467716535434
11
1.1040939370078739
21
1.2857800393700787
0
LINE
8
BLACK
6
CONTINUOUS
10
1.1040939370078739
20
1.2857800393700787
11
1.1048147637795276
21
1.2860423622047243
0
LINE
8
BLACK
6
CONTINUOUS
10
1.1048147637795276
20
1.2860423622047243
11
1.1363108267716535
21
1.2860423622047243
0
LINE
8
BLACK
6
CONTINUOUS
10
1.1363108267716535
20
1.2860423622047243
11
1.1366943307086614
21
1.2859747637795276
0
LINE
8
BLACK
6
CONTINUOUS
10
1.1077675196850394
20
1.27606968503937
11
1.1088953543307087
21
1.2726861417322834
0
LINE
8
BLACK
6
CONTINUOUS
10
1.1088953543307087
20
1.2726861417322834
11
1.1110632283464568
21
1.2705182677165354
0
LINE
8
BLACK
6
CONTINUOUS
10
1.1110632283464568
20
1.2705182677165354
11
1.1133442913385827
21
1.269377716535433
0
LINE
8
BLACK
6
CONTINUOUS
10
1.1133442913385827
20
1.269377716535433
11
1.118676653543307
21
1.2680446062992126
0
LINE
8
BLACK
6
CONTINUOUS
10
1.118676653543307
20
1.2680446062992126
11
1.1224489370078741
21
1.2680446062992126
0
LINE
8
BLACK
6
CONTINUOUS
10
1.1224489370078741
20
1.2680446062992126
11
1.1277811811023621
21
1.269377716535433
0
LINE
8
BLACK
6
CONTINUOUS
10
1.1277811811023621
20
1.269377716535433
11
1.1300622834645668
21
1.2705182677165354
0
LINE
8
BLACK
6
CONTINUOUS
10
1.1300622834645668
20
1.2705182677165354
11
1.1322302362204724
21
1.2726861811023622
0
LINE
8
BLACK
6
CONTINUOUS
10
1.1322302362204724
20
1.2726861811023622
11
1.1333580708661417
21
1.27606968503937
0
LINE
8
BLACK
6
CONTINUOUS
10
1.1333580708661417
20
1.27606968503937
11
1.1333580708661417
21
1.2801368503937007
0
LINE
8
BLACK
6
CONTINUOUS
10
1.1333580708661417
20
1.2801368503937007
11
1.1077675196850394
21
1.2801368503937007
0
LINE
8
BLACK
6
CONTINUOUS
10
1.1077675196850394
20
1.2801368503937007
11
1.1077675196850394
21
1.27606968503937
0
LINE
8
BLACK
6
CONTINUOUS
10
0.8660477952755905
20
1.3801779921259842
11
0.8661472440944882
21
1.3801976377952756
0
LINE
8
BLACK
6
CONTINUOUS
10
0.8661472440944882
20
1.3801976377952756
11
0.8663853937007874
21
1.3800381496062992
0
LINE
8
BLACK
6
CONTINUOUS
10
0.8663853937007874
20
1.3800381496062992
11
0.8666501968503937
21
1.3799284645669292
0
LINE
8
BLACK
6
CONTINUOUS
10
0.8666501968503937
20
1.3799284645669292
11
0.8666889763779527
21
1.3798348425196849
0
LINE
8
BLACK
6
CONTINUOUS
10
0.8666889763779527
20
1.3798348425196849
11
0.8667731496062991
21
1.3797784645669291
0
LINE
8
BLACK
6
CONTINUOUS
10
0.8667731496062991
20
1.3797784645669291
11
0.8697187007874015
21
1.3753601968503937
0
LINE
8
BLACK
6
CONTINUOUS
10
0.8697187007874015
20
1.3753601968503937
11
0.8725364566929134
21
1.3725423622047244
0
LINE
8
BLACK
6
CONTINUOUS
10
0.8725364566929134
20
1.3725423622047244
11
0.8753932677165354
21
1.3711139763779527
0
LINE
8
BLACK
6
CONTINUOUS
10
0.8753932677165354
20
1.3711139763779527
11
0.8758868897637795
21
1.3705448818897636
0
LINE
8
BLACK
6
CONTINUOUS
10
0.8758868897637795
20
1.3705448818897636
11
0.8758334645669291
21
1.3697934645669292
0
LINE
8
BLACK
6
CONTINUOUS
10
0.8758334645669291
20
1.3697934645669292
11
0.8752643700787401
21
1.369299842519685
0
LINE
8
BLACK
6
CONTINUOUS
10
0.8752643700787401
20
1.369299842519685
11
0.8745129527559055
21
1.3693532677165354
0
LINE
8
BLACK
6
CONTINUOUS
10
0.8745129527559055
20
1.3693532677165354
11
0.8715133070866141
21
1.3708530708661417
0
LINE
8
BLACK
6
CONTINUOUS
10
0.8715133070866141
20
1.3708530708661417
11
0.8714071653543307
21
1.3709754330708661
0
LINE
8
BLACK
6
CONTINUOUS
10
0.8714071653543307
20
1.3709754330708661
11
0.8712574803149606
21
1.3710374409448818
0
LINE
8
BLACK
6
CONTINUOUS
10
0.8712574803149606
20
1.3710374409448818
11
0.8682578740157481
21
1.3740370866141731
0
LINE
8
BLACK
6
CONTINUOUS
10
0.8682578740157481
20
1.3740370866141731
11
0.8682190551181103
21
1.3741307480314959
0
LINE
8
BLACK
6
CONTINUOUS
10
0.8682190551181103
20
1.3741307480314959
11
0.8681349212598425
21
1.3741870866141732
0
LINE
8
BLACK
6
CONTINUOUS
10
0.8681349212598425
20
1.3741870866141732
11
0.8669384645669291
21
1.3759817716535432
0
LINE
8
BLACK
6
CONTINUOUS
10
0.8669384645669291
20
1.3759817716535432
11
0.8669384645669291
21
1.3487206692913385
0
LINE
8
BLACK
6
CONTINUOUS
10
0.8669384645669291
20
1.3487206692913385
11
0.8749531102362205
21
1.3487206692913385
0
LINE
8
BLACK
6
CONTINUOUS
10
0.8749531102362205
20
1.3487206692913385
11
0.875649094488189
21
1.348432401574803
0
LINE
8
BLACK
6
CONTINUOUS
10
0.875649094488189
20
1.348432401574803
11
0.8759373622047244
21
1.3477364173228346
0
LINE
8
BLACK
6
CONTINUOUS
10
0.8759373622047244
20
1.3477364173228346
11
0.875649094488189
21
1.3470404330708661
0
LINE
8
BLACK
6
CONTINUOUS
10
0.875649094488189
20
1.3470404330708661
11
0.8749531102362205
21
1.3467521653543306
0
LINE
8
BLACK
6
CONTINUOUS
10
0.8749531102362205
20
1.3467521653543306
11
0.8659542125984252
21
1.3467521653543306
0
LINE
8
BLACK
6
CONTINUOUS
10
0.8659542125984252
20
1.3467521653543306
11
0.8569553543307087
21
1.3467521653543306
0
LINE
8
BLACK
6
CONTINUOUS
10
0.8569553543307087
20
1.3467521653543306
11
0.8562593700787401
21
1.3470404330708661
0
LINE
8
BLACK
6
CONTINUOUS
10
0.8562593700787401
20
1.3470404330708661
11
0.8559711023622047
21
1.3477364173228346
0
LINE
8
BLACK
6
CONTINUOUS
10
0.8559711023622047
20
1.3477364173228346
11
0.8562593700787401
21
1.348432401574803
0
LINE
8
BLACK
6
CONTINUOUS
10
0.8562593700787401
20
1.348432401574803
11
0.8569553543307087
21
1.3487206692913385
0
LINE
8
BLACK
6
CONTINUOUS
10
0.8569553543307087
20
1.3487206692913385
11
0.8649699606299213
21
1.3487206692913385
0
LINE
8
BLACK
6
CONTINUOUS
10
0.8649699606299213
20
1.3487206692913385
11
0.8649699606299213
21
1.3792324803149607
0
LINE
8
BLACK
6
CONTINUOUS
10
0.8649699606299213
20
1.3792324803149607
11
0.8650087007874016
21
1.3793261023622048
0
LINE
8
BLACK
6
CONTINUOUS
10
0.8650087007874016
20
1.3793261023622048
11
0.8649890551181102
21
1.3794255118110237
0
LINE
8
BLACK
6
CONTINUOUS
10
0.8649890551181102
20
1.3794255118110237
11
0.8651485433070866
21
1.3796637007874015
0
LINE
8
BLACK
6
CONTINUOUS
10
0.8651485433070866
20
1.3796637007874015
11
0.8652582283464567
21
1.3799284645669292
0
LINE
8
BLACK
6
CONTINUOUS
10
0.8652582283464567
20
1.3799284645669292
11
0.8653518503937008
21
1.3799672834645669
0
LINE
8
BLACK
6
CONTINUOUS
10
0.8653518503937008
20
1.3799672834645669
11
0.8654082283464567
21
1.3800514173228347
0
LINE
8
BLACK
6
CONTINUOUS
10
0.8654082283464567
20
1.3800514173228347
11
0.8656893700787401
21
1.3801070866141731
0
LINE
8
BLACK
6
CONTINUOUS
10
0.8656893700787401
20
1.3801070866141731
11
0.8659542125984252
21
1.3802167322834646
0
LINE
8
BLACK
6
CONTINUOUS
10
0.8659542125984252
20
1.3802167322834646
11
0.8660477952755905
21
1.3801779921259842
0
LINE
8
BLACK
6
CONTINUOUS
10
0.9035433070866141
20
1.421259842519685
11
0.9049352362204724
21
1.4206832677165353
0
LINE
8
BLACK
6
CONTINUOUS
10
0.9049352362204724
20
1.4206832677165353
11
0.905511811023622
21
1.4192913385826771
0
LINE
8
BLACK
6
CONTINUOUS
10
0.905511811023622
20
1.4192913385826771
11
0.905511811023622
21
1.3174517322834645
0
LINE
8
BLACK
6
CONTINUOUS
10
0.905511811023622
20
1.3174517322834645
11
0.906485
21
1.3153662992125983
0
LINE
8
BLACK
6
CONTINUOUS
10
0.906485
20
1.3153662992125983
11
0.908706062992126
21
1.3164768503937008
0
LINE
8
BLACK
6
CONTINUOUS
10
0.908706062992126
20
1.3164768503937008
11
0.9096890157480315
21
1.3167692125984252
0
LINE
8
BLACK
6
CONTINUOUS
10
0.9096890157480315
20
1.3167692125984252
11
0.9098607086614173
21
1.3167282283464568
0
LINE
8
BLACK
6
CONTINUOUS
10
0.9098607086614173
20
1.3167282283464568
11
0.9100266141732283
21
1.3167885826771653
0
LINE
8
BLACK
6
CONTINUOUS
10
0.9100266141732283
20
1.3167885826771653
11
0.913026220472441
21
1.3167885826771653
0
LINE
8
BLACK
6
CONTINUOUS
10
0.913026220472441
20
1.3167885826771653
11
0.9140361417322834
21
1.3166105118110236
0
LINE
8
BLACK
6
CONTINUOUS
10
0.9140361417322834
20
1.3166105118110236
11
0.9141713779527559
21
1.3164970472440944
0
LINE
8
BLACK
6
CONTINUOUS
10
0.9141713779527559
20
1.3164970472440944
11
0.9143467322834645
21
1.3164768503937008
0
LINE
8
BLACK
6
CONTINUOUS
10
0.9143467322834645
20
1.3164768503937008
11
0.9173463779527559
21
1.3149770078740157
0
LINE
8
BLACK
6
CONTINUOUS
10
0.9173463779527559
20
1.3149770078740157
11
0.9180553149606299
21
1.3144511811023623
0
LINE
8
BLACK
6
CONTINUOUS
10
0.9180553149606299
20
1.3144511811023623
11
0.918113779527559
21
1.3144238976377953
0
LINE
8
BLACK
6
CONTINUOUS
10
0.918113779527559
20
1.3144238976377953
11
0.9190716929133858
21
1.3134659842519685
0
LINE
8
BLACK
6
CONTINUOUS
10
0.9190716929133858
20
1.3134659842519685
11
0.9210447244094488
21
1.317693779527559
0
LINE
8
BLACK
6
CONTINUOUS
10
0.9210447244094488
20
1.317693779527559
11
0.9216331889763779
21
1.3185336220472441
0
LINE
8
BLACK
6
CONTINUOUS
10
0.9216331889763779
20
1.3185336220472441
11
0.921990590551181
21
1.3187001968503937
0
LINE
8
BLACK
6
CONTINUOUS
10
0.921990590551181
20
1.3187001968503937
11
0.922244094488189
21
1.3190022440944882
0
LINE
8
BLACK
6
CONTINUOUS
10
0.922244094488189
20
1.3190022440944882
11
0.9228792913385827
21
1.3191142913385827
0
LINE
8
BLACK
6
CONTINUOUS
10
0.9228792913385827
20
1.3191142913385827
11
0.9234640157480315
21
1.3193866929133857
0
LINE
8
BLACK
6
CONTINUOUS
10
0.9234640157480315
20
1.3193866929133857
11
0.9238448818897638
21
1.319284527559055
0
LINE
8
BLACK
6
CONTINUOUS
10
0.9238448818897638
20
1.319284527559055
11
0.9242332283464567
21
1.3193529921259841
0
LINE
8
BLACK
6
CONTINUOUS
10
0.9242332283464567
20
1.3193529921259841
11
0.9247917716535433
21
1.3190305118110235
0
LINE
8
BLACK
6
CONTINUOUS
10
0.9247917716535433
20
1.3190305118110235
11
0.925414842519685
21
1.3188633464566928
0
LINE
8
BLACK
6
CONTINUOUS
10
0.925414842519685
20
1.3188633464566928
11
0.9256409448818897
21
1.3185402362204723
0
LINE
8
BLACK
6
CONTINUOUS
10
0.9256409448818897
20
1.3185402362204723
11
0.9259824015748032
21
1.3183430708661417
0
LINE
8
BLACK
6
CONTINUOUS
10
0.9259824015748032
20
1.3183430708661417
11
0.9262029527559055
21
1.3177370866141731
0
LINE
8
BLACK
6
CONTINUOUS
10
0.9262029527559055
20
1.3177370866141731
11
0.9265728346456693
21
1.3172085039370078
0
LINE
8
BLACK
6
CONTINUOUS
10
0.9265728346456693
20
1.3172085039370078
11
0.9265383464566929
21
1.3168156692913386
0
LINE
8
BLACK
6
CONTINUOUS
10
0.9265383464566929
20
1.3168156692913386
11
0.9266732283464567
21
1.3164450787401574
0
LINE
8
BLACK
6
CONTINUOUS
10
0.9266732283464567
20
1.3164450787401574
11
0.9266732283464567
21
1.2990649999999999
0
LINE
8
BLACK
6
CONTINUOUS
10
0.9266732283464567
20
1.2990649999999999
11
0.9272215748031496
21
1.2987908267716535
0
LINE
8
BLACK
6
CONTINUOUS
10
0.9272215748031496
20
1.2987908267716535
11
0.928827125984252
21
1.2987908267716535
0
LINE
8
BLACK
6
CONTINUOUS
10
0.928827125984252
20
1.2987908267716535
11
0.9307746850393701
21
1.2997646456692913
0
LINE
8
BLACK
6
CONTINUOUS
10
0.9307746850393701
20
1.2997646456692913
11
0.9315968897637795
21
1.3005868110236221
0
LINE
8
BLACK
6
CONTINUOUS
10
0.9315968897637795
20
1.3005868110236221
11
0.9325706692913386
21
1.3025343700787402
0
LINE
8
BLACK
6
CONTINUOUS
10
0.9325706692913386
20
1.3025343700787402
11
0.9325706692913386
21
1.3088572834645669
0
LINE
8
BLACK
6
CONTINUOUS
10
0.9325706692913386
20
1.3088572834645669
11
0.9312224015748032
21
1.3129020866141732
0
LINE
8
BLACK
6
CONTINUOUS
10
0.9312224015748032
20
1.3129020866141732
11
0.931071968503937
21
1.3139164960629921
0
LINE
8
BLACK
6
CONTINUOUS
10
0.931071968503937
20
1.3139164960629921
11
0.9318143700787401
21
1.3157948818897638
0
LINE
8
BLACK
6
CONTINUOUS
10
0.9318143700787401
20
1.3157948818897638
11
0.9335905118110236
21
1.3167566535433071
0
LINE
8
BLACK
6
CONTINUOUS
10
0.9335905118110236
20
1.3167566535433071
11
0.9355692913385827
21
1.3163516929133858
0
LINE
8
BLACK
6
CONTINUOUS
10
0.9355692913385827
20
1.3163516929133858
11
0.936824842519685
21
1.3147695669291339
0
LINE
8
BLACK
6
CONTINUOUS
10
0.936824842519685
20
1.3147695669291339
11
0.9383246456692913
21
1.3102701181102361
0
LINE
8
BLACK
6
CONTINUOUS
10
0.9383246456692913
20
1.3102701181102361
11
0.938454094488189
21
1.3093969685039371
0
LINE
8
BLACK
6
CONTINUOUS
10
0.938454094488189
20
1.3093969685039371
11
0.9384761811023622
21
1.3093363779527558
0
LINE
8
BLACK
6
CONTINUOUS
10
0.9384761811023622
20
1.3093363779527558
11
0.9384761811023622
21
1.3018373228346456
0
LINE
8
BLACK
6
CONTINUOUS
10
0.9384761811023622
20
1.3018373228346456
11
0.9382981102362205
21
1.3008274015748031
0
LINE
8
BLACK
6
CONTINUOUS
10
0.9382981102362205
20
1.3008274015748031
11
0.9381846062992126
21
1.3006921653543306
0
LINE
8
BLACK
6
CONTINUOUS
10
0.9381846062992126
20
1.3006921653543306
11
0.9381644488188976
21
1.300516811023622
0
LINE
8
BLACK
6
CONTINUOUS
10
0.9381644488188976
20
1.300516811023622
11
0.9366646456692913
21
1.2975171653543307
0
LINE
8
BLACK
6
CONTINUOUS
10
0.9366646456692913
20
1.2975171653543307
11
0.9361386614173228
21
1.2968080708661418
0
LINE
8
BLACK
6
CONTINUOUS
10
0.9361386614173228
20
1.2968080708661418
11
0.9361114960629922
21
1.2967497244094488
0
LINE
8
BLACK
6
CONTINUOUS
10
0.9361114960629922
20
1.2967497244094488
11
0.9346116535433071
21
1.2952499212598425
0
LINE
8
BLACK
6
CONTINUOUS
10
0.9346116535433071
20
1.2952499212598425
11
0.9338885826771653
21
1.2947436614173229
0
LINE
8
BLACK
6
CONTINUOUS
10
0.9338885826771653
20
1.2947436614173229
11
0.9338442913385827
21
1.2946968503937009
0
LINE
8
BLACK
6
CONTINUOUS
10
0.9338442913385827
20
1.2946968503937009
11
0.93084468503937
21
1.2931970472440946
0
LINE
8
BLACK
6
CONTINUOUS
10
0.93084468503937
20
1.2931970472440946
11
0.9298617322834646
21
1.2929046850393699
0
LINE
8
BLACK
6
CONTINUOUS
10
0.9298617322834646
20
1.2929046850393699
11
0.9296900393700788
21
1.2929457086614173
0
LINE
8
BLACK
6
CONTINUOUS
10
0.9296900393700788
20
1.2929457086614173
11
0.9295241732283465
21
1.2928853149606299
0
LINE
8
BLACK
6
CONTINUOUS
10
0.9295241732283465
20
1.2928853149606299
11
0.9266732283464567
21
1.2928853149606299
0
LINE
8
BLACK
6
CONTINUOUS
10
0.9266732283464567
20
1.2928853149606299
11
0.9266732283464567
21
1.2849490157480314
0
LINE
8
BLACK
6
CONTINUOUS
10
0.9266732283464567
20
1.2849490157480314
11
0.926495157480315
21
1.283939094488189
0
LINE
8
BLACK
6
CONTINUOUS
10
0.926495157480315
20
1.283939094488189
11
0.9251968503937008
21
1.2823918503937008
0
LINE
8
BLACK
6
CONTINUOUS
10
0.9251968503937008
20
1.2823918503937008
11
0.9232077165354331
21
1.2820411023622047
0
LINE
8
BLACK
6
CONTINUOUS
10
0.9232077165354331
20
1.2820411023622047
11
0.9214585433070865
21
1.2830510236220471
0
LINE
8
BLACK
6
CONTINUOUS
10
0.9214585433070865
20
1.2830510236220471
11
0.9207677165354331
21
1.2849490157480314
0
LINE
8
BLACK
6
CONTINUOUS
10
0.9207677165354331
20
1.2849490157480314
11
0.9207677165354331
21
1.2959192519685039
0
LINE
8
BLACK
6
CONTINUOUS
10
0.9207677165354331
20
1.2959192519685039
11
0.9199372047244094
21
1.2967497637795276
0
LINE
8
BLACK
6
CONTINUOUS
10
0.9199372047244094
20
1.2967497637795276
11
0.9194309055118109
21
1.297472874015748
0
LINE
8
BLACK
6
CONTINUOUS
10
0.9194309055118109
20
1.297472874015748
11
0.9193840944881889
21
1.2975171653543307
0
LINE
8
BLACK
6
CONTINUOUS
10
0.9193840944881889
20
1.2975171653543307
11
0.918743622047244
21
1.2987980708661417
0
LINE
8
BLACK
6
CONTINUOUS
10
0.918743622047244
20
1.2987980708661417
11
0.915897559055118
21
1.2926992519685039
0
LINE
8
BLACK
6
CONTINUOUS
10
0.915897559055118
20
1.2926992519685039
11
0.9156748818897638
21
1.292381496062992
0
LINE
8
BLACK
6
CONTINUOUS
10
0.9156748818897638
20
1.292381496062992
11
0.915641062992126
21
1.2922549999999999
0
LINE
8
BLACK
6
CONTINUOUS
10
0.915641062992126
20
1.2922549999999999
11
0.9155334645669291
21
1.2921796456692913
0
LINE
8
BLACK
6
CONTINUOUS
10
0.9155334645669291
20
1.2921796456692913
11
0.915309094488189
21
1.2918593700787402
0
LINE
8
BLACK
6
CONTINUOUS
10
0.915309094488189
20
1.2918593700787402
11
0.9146144488188976
21
1.2915357086614172
0
LINE
8
BLACK
6
CONTINUOUS
10
0.9146144488188976
20
1.2915357086614172
11
0.9139868897637795
21
1.2910959842519685
0
LINE
8
BLACK
6
CONTINUOUS
10
0.9139868897637795
20
1.2910959842519685
11
0.913720590551181
21
1.2911192125984252
0
LINE
8
BLACK
6
CONTINUOUS
10
0.913720590551181
20
1.2911192125984252
11
0.9134783070866141
21
1.2910062992125984
0
LINE
8
BLACK
6
CONTINUOUS
10
0.9134783070866141
20
1.2910062992125984
11
0.9127379921259843
21
1.2912049212598424
0
LINE
8
BLACK
6
CONTINUOUS
10
0.9127379921259843
20
1.2912049212598424
11
0.9119747244094488
21
1.2912714566929133
0
LINE
8
BLACK
6
CONTINUOUS
10
0.9119747244094488
20
1.2912714566929133
11
0.9117856692913385
21
1.2914603937007874
0
LINE
8
BLACK
6
CONTINUOUS
10
0.9117856692913385
20
1.2914603937007874
11
0.9115274409448819
21
1.2915296456692913
0
LINE
8
BLACK
6
CONTINUOUS
10
0.9115274409448819
20
1.2915296456692913
11
0.9110879921259842
21
1.2921576377952755
0
LINE
8
BLACK
6
CONTINUOUS
10
0.9110879921259842
20
1.2921576377952755
11
0.9105460629921259
21
1.2926992519685039
0
LINE
8
BLACK
6
CONTINUOUS
10
0.9105460629921259
20
1.2926992519685039
11
0.9075354724409449
21
1.2991504724409448
0
LINE
8
BLACK
6
CONTINUOUS
10
0.9075354724409449
20
1.2991504724409448
11
0.9083283858267717
21
1.2967718110236219
0
LINE
8
BLACK
6
CONTINUOUS
10
0.9083283858267717
20
1.2967718110236219
11
0.9084788188976378
21
1.295757401574803
0
LINE
8
BLACK
6
CONTINUOUS
10
0.9084788188976378
20
1.295757401574803
11
0.9077364173228346
21
1.2938790157480315
0
LINE
8
BLACK
6
CONTINUOUS
10
0.9077364173228346
20
1.2938790157480315
11
0.9059602755905511
21
1.292917244094488
0
LINE
8
BLACK
6
CONTINUOUS
10
0.9059602755905511
20
1.292917244094488
11
0.9056758661417322
21
1.2929754724409448
0
LINE
8
BLACK
6
CONTINUOUS
10
0.9056758661417322
20
1.2929754724409448
11
0.9056758661417322
21
1.2849490157480314
0
LINE
8
BLACK
6
CONTINUOUS
10
0.9056758661417322
20
1.2849490157480314
11
0.9056757086614173
21
1.2849483464566929
0
LINE
8
BLACK
6
CONTINUOUS
10
0.9056757086614173
20
1.2849483464566929
11
0.9057064566929134
21
1.2849807480314961
0
LINE
8
BLACK
6
CONTINUOUS
10
0.9057064566929134
20
1.2849807480314961
11
0.908706062992126
21
1.2864805905511811
0
LINE
8
BLACK
6
CONTINUOUS
10
0.908706062992126
20
1.2864805905511811
11
0.9096890157480315
21
1.2867729527559055
0
LINE
8
BLACK
6
CONTINUOUS
10
0.9096890157480315
20
1.2867729527559055
11
0.9098607086614173
21
1.2867319685039369
0
LINE
8
BLACK
6
CONTINUOUS
10
0.9098607086614173
20
1.2867319685039369
11
0.9100266141732283
21
1.2867923228346456
0
LINE
8
BLACK
6
CONTINUOUS
10
0.9100266141732283
20
1.2867923228346456
11
0.913026220472441
21
1.2867923228346456
0
LINE
8
BLACK
6
CONTINUOUS
10
0.913026220472441
20
1.2867923228346456
11
0.9140361417322834
21
1.286614251968504
0
LINE
8
BLACK
6
CONTINUOUS
10
0.9140361417322834
20
1.286614251968504
11
0.9141713779527559
21
1.2865007874015748
0
LINE
8
BLACK
6
CONTINUOUS
10
0.9141713779527559
20
1.2865007874015748
11
0.9143467322834645
21
1.2864805905511811
0
LINE
8
BLACK
6
CONTINUOUS
10
0.9143467322834645
20
1.2864805905511811
11
0.9173463779527559
21
1.2849807480314961
0
LINE
8
BLACK
6
CONTINUOUS
10
0.9173463779527559
20
1.2849807480314961
11
0.9180553149606299
21
1.2844549212598424
0
LINE
8
BLACK
6
CONTINUOUS
10
0.9180553149606299
20
1.2844549212598424
11
0.918113779527559
21
1.2844276377952755
0
LINE
8
BLACK
6
CONTINUOUS
10
0.918113779527559
20
1.2844276377952755
11
0.9196135826771653
21
1.2829278346456692
0
LINE
8
BLACK
6
CONTINUOUS
10
0.9196135826771653
20
1.2829278346456692
11
0.920119842519685
21
1.2822047637795275
0
LINE
8
BLACK
6
CONTINUOUS
10
0.920119842519685
20
1.2822047637795275
11
0.9201666929133858
21
1.282160433070866
0
LINE
8
BLACK
6
CONTINUOUS
10
0.9201666929133858
20
1.282160433070866
11
0.9216664960629921
21
1.2791608267716534
0
LINE
8
BLACK
6
CONTINUOUS
10
0.9216664960629921
20
1.2791608267716534
11
0.9218117716535433
21
1.2786724015748032
0
LINE
8
BLACK
6
CONTINUOUS
10
0.9218117716535433
20
1.2786724015748032
11
0.9218900787401575
21
1.2785564566929133
0
LINE
8
BLACK
6
CONTINUOUS
10
0.9218900787401575
20
1.2785564566929133
11
0.9233112598425197
21
1.2728716535433071
0
LINE
8
BLACK
6
CONTINUOUS
10
0.9233112598425197
20
1.2728716535433071
11
0.9244518503937008
21
1.2705905118110237
0
LINE
8
BLACK
6
CONTINUOUS
10
0.9244518503937008
20
1.2705905118110237
11
0.9252740157480315
21
1.2697683464566929
0
LINE
8
BLACK
6
CONTINUOUS
10
0.9252740157480315
20
1.2697683464566929
11
0.9272215748031496
21
1.2687945669291338
0
LINE
8
BLACK
6
CONTINUOUS
10
0.9272215748031496
20
1.2687945669291338
11
0.928827125984252
21
1.2687945669291338
0
LINE
8
BLACK
6
CONTINUOUS
10
0.928827125984252
20
1.2687945669291338
11
0.9307746850393701
21
1.2697683858267717
0
LINE
8
BLACK
6
CONTINUOUS
10
0.9307746850393701
20
1.2697683858267717
11
0.9315968897637795
21
1.2705905511811024
0
LINE
8
BLACK
6
CONTINUOUS
10
0.9315968897637795
20
1.2705905511811024
11
0.9325706692913386
21
1.2725381102362205
0
LINE
8
BLACK
6
CONTINUOUS
10
0.9325706692913386
20
1.2725381102362205
11
0.9325706692913386
21
1.2788610236220472
0
LINE
8
BLACK
6
CONTINUOUS
10
0.9325706692913386
20
1.2788610236220472
11
0.9312224015748032
21
1.2829058267716535
0
LINE
8
BLACK
6
CONTINUOUS
10
0.9312224015748032
20
1.2829058267716535
11
0.931071968503937
21
1.2839202362204725
0
LINE
8
BLACK
6
CONTINUOUS
10
0.931071968503937
20
1.2839202362204725
11
0.9314253937007874
21
1.2848144881889763
0
LINE
8
BLACK
6
CONTINUOUS
10
0.9314253937007874
20
1.2848144881889763
11
0.9313112598425196
21
1.2854617716535433
0
LINE
8
BLACK
6
CONTINUOUS
10
0.9313112598425196
20
1.2854617716535433
11
0.9323211811023622
21
1.2872109448818898
0
LINE
8
BLACK
6
CONTINUOUS
10
0.9323211811023622
20
1.2872109448818898
11
0.9342191732283465
21
1.2879017716535432
0
LINE
8
BLACK
6
CONTINUOUS
10
0.9342191732283465
20
1.2879017716535432
11
0.9462645275590551
21
1.2879017716535432
0
LINE
8
BLACK
6
CONTINUOUS
10
0.9462645275590551
20
1.2879017716535432
11
0.9462645275590551
21
1.3164450787401574
0
LINE
8
BLACK
6
CONTINUOUS
10
0.9462645275590551
20
1.3164450787401574
11
0.9464425984251968
21
1.317455
0
LINE
8
BLACK
6
CONTINUOUS
10
0.9464425984251968
20
1.317455
11
0.947740905511811
21
1.3190022440944882
0
LINE
8
BLACK
6
CONTINUOUS
10
0.947740905511811
20
1.3190022440944882
11
0.9497300393700787
21
1.3193529921259841
0
LINE
8
BLACK
6
CONTINUOUS
10
0.9497300393700787
20
1.3193529921259841
11
0.9514792125984252
21
1.3183430708661417
0
LINE
8
BLACK
6
CONTINUOUS
10
0.9514792125984252
20
1.3183430708661417
11
0.9521700393700787
21
1.3164450787401574
0
LINE
8
BLACK
6
CONTINUOUS
10
0.9521700393700787
20
1.3164450787401574
11
0.9521700393700787
21
1.2849490157480314
0
LINE
8
BLACK
6
CONTINUOUS
10
0.9521700393700787
20
1.2849490157480314
11
0.9521024015748031
21
1.2845655118110235
0
LINE
8
BLACK
6
CONTINUOUS
10
0.9521024015748031
20
1.2845655118110235
11
0.9521251968503937
21
1.2844362598425196
0
LINE
8
BLACK
6
CONTINUOUS
10
0.9521251968503937
20
1.2844362598425196
11
0.9520595669291338
21
1.2843226771653542
0
LINE
8
BLACK
6
CONTINUOUS
10
0.9520595669291338
20
1.2843226771653542
11
0.951991968503937
21
1.283939094488189
0
LINE
8
BLACK
6
CONTINUOUS
10
0.951991968503937
20
1.283939094488189
11
0.9514988188976378
21
1.2833514173228346
0
LINE
8
BLACK
6
CONTINUOUS
10
0.9514988188976378
20
1.2833514173228346
11
0.9511152755905512
21
1.2826870866141733
0
LINE
8
BLACK
6
CONTINUOUS
10
0.9511152755905512
20
1.2826870866141733
11
0.9508649212598425
21
1.2825959842519685
0
LINE
8
BLACK
6
CONTINUOUS
10
0.9508649212598425
20
1.2825959842519685
11
0.9506936614173228
21
1.2823918503937008
0
LINE
8
BLACK
6
CONTINUOUS
10
0.9506936614173228
20
1.2823918503937008
11
0.9499380708661417
21
1.2822586220472441
0
LINE
8
BLACK
6
CONTINUOUS
10
0.9499380708661417
20
1.2822586220472441
11
0.9492172834645669
21
1.2819962598425196
0
LINE
8
BLACK
6
CONTINUOUS
10
0.9492172834645669
20
1.2819962598425196
11
0.9377505118110236
21
1.2819962598425196
0
LINE
8
BLACK
6
CONTINUOUS
10
0.9377505118110236
20
1.2819962598425196
11
0.9383246456692913
21
1.2802738582677164
0
LINE
8
BLACK
6
CONTINUOUS
10
0.9383246456692913
20
1.2802738582677164
11
0.938454094488189
21
1.2794007086614172
0
LINE
8
BLACK
6
CONTINUOUS
10
0.938454094488189
20
1.2794007086614172
11
0.9384761811023622
21
1.2793401181102362
0
LINE
8
BLACK
6
CONTINUOUS
10
0.9384761811023622
20
1.2793401181102362
11
0.9384761811023622
21
1.271841062992126
0
LINE
8
BLACK
6
CONTINUOUS
10
0.9384761811023622
20
1.271841062992126
11
0.9382981102362205
21
1.2708311417322835
0
LINE
8
BLACK
6
CONTINUOUS
10
0.9382981102362205
20
1.2708311417322835
11
0.9381846062992126
21
1.270695905511811
0
LINE
8
BLACK
6
CONTINUOUS
10
0.9381846062992126
20
1.270695905511811
11
0.9381644488188976
21
1.2705205511811024
0
LINE
8
BLACK
6
CONTINUOUS
10
0.9381644488188976
20
1.2705205511811024
11
0.9366646456692913
21
1.2675209055118111
0
LINE
8
BLACK
6
CONTINUOUS
10
0.9366646456692913
20
1.2675209055118111
11
0.9361386614173228
21
1.2668118110236219
0
LINE
8
BLACK
6
CONTINUOUS
10
0.9361386614173228
20
1.2668118110236219
11
0.9361114960629922
21
1.2667534645669292
0
LINE
8
BLACK
6
CONTINUOUS
10
0.9361114960629922
20
1.2667534645669292
11
0.9346116535433071
21
1.2652536614173229
0
LINE
8
BLACK
6
CONTINUOUS
10
0.9346116535433071
20
1.2652536614173229
11
0.9338885826771653
21
1.264747401574803
0
LINE
8
BLACK
6
CONTINUOUS
10
0.9338885826771653
20
1.264747401574803
11
0.9338442913385827
21
1.264700590551181
0
LINE
8
BLACK
6
CONTINUOUS
10
0.9338442913385827
20
1.264700590551181
11
0.93084468503937
21
1.2632007874015747
0
LINE
8
BLACK
6
CONTINUOUS
10
0.93084468503937
20
1.2632007874015747
11
0.9298617322834646
21
1.2629084251968503
0
LINE
8
BLACK
6
CONTINUOUS
10
0.9298617322834646
20
1.2629084251968503
11
0.9296900393700788
21
1.2629494488188977
0
LINE
8
BLACK
6
CONTINUOUS
10
0.9296900393700788
20
1.2629494488188977
11
0.9295241732283465
21
1.2628890551181102
0
LINE
8
BLACK
6
CONTINUOUS
10
0.9295241732283465
20
1.2628890551181102
11
0.9265245275590551
21
1.2628890551181102
0
LINE
8
BLACK
6
CONTINUOUS
10
0.9265245275590551
20
1.2628890551181102
11
0.9255146062992126
21
1.2630671259842519
0
LINE
8
BLACK
6
CONTINUOUS
10
0.9255146062992126
20
1.2630671259842519
11
0.9253793307086614
21
1.2631806299212598
0
LINE
8
BLACK
6
CONTINUOUS
10
0.9253793307086614
20
1.2631806299212598
11
0.9252040157480315
21
1.2632007874015747
0
LINE
8
BLACK
6
CONTINUOUS
10
0.9252040157480315
20
1.2632007874015747
11
0.9222044094488189
21
1.264700590551181
0
LINE
8
BLACK
6
CONTINUOUS
10
0.9222044094488189
20
1.264700590551181
11
0.9214953149606299
21
1.2652264960629922
0
LINE
8
BLACK
6
CONTINUOUS
10
0.9214953149606299
20
1.2652264960629922
11
0.9214370078740157
21
1.2652537007874016
0
LINE
8
BLACK
6
CONTINUOUS
10
0.9214370078740157
20
1.2652537007874016
11
0.9199372047244094
21
1.2667535039370079
0
LINE
8
BLACK
6
CONTINUOUS
10
0.9199372047244094
20
1.2667535039370079
11
0.9194309055118109
21
1.2674766141732283
0
LINE
8
BLACK
6
CONTINUOUS
10
0.9194309055118109
20
1.2674766141732283
11
0.9193840944881889
21
1.2675209055118111
0
LINE
8
BLACK
6
CONTINUOUS
10
0.9193840944881889
20
1.2675209055118111
11
0.9178842519685039
21
1.2705205511811024
0
LINE
8
BLACK
6
CONTINUOUS
10
0.9178842519685039
20
1.2705205511811024
11
0.917738937007874
21
1.2710090157480314
0
LINE
8
BLACK
6
CONTINUOUS
10
0.917738937007874
20
1.2710090157480314
11
0.9176606692913386
21
1.2711249212598426
0
LINE
8
BLACK
6
CONTINUOUS
10
0.9176606692913386
20
1.2711249212598426
11
0.9162394488188976
21
1.2768098031496062
0
LINE
8
BLACK
6
CONTINUOUS
10
0.9162394488188976
20
1.2768098031496062
11
0.915098937007874
21
1.2790908267716534
0
LINE
8
BLACK
6
CONTINUOUS
10
0.915098937007874
20
1.2790908267716534
11
0.9142767716535433
21
1.2799129921259842
0
LINE
8
BLACK
6
CONTINUOUS
10
0.9142767716535433
20
1.2799129921259842
11
0.9123291732283464
21
1.280886811023622
0
LINE
8
BLACK
6
CONTINUOUS
10
0.9123291732283464
20
1.280886811023622
11
0.9107236614173229
21
1.280886811023622
0
LINE
8
BLACK
6
CONTINUOUS
10
0.9107236614173229
20
1.280886811023622
11
0.908776062992126
21
1.2799130314960629
0
LINE
8
BLACK
6
CONTINUOUS
10
0.908776062992126
20
1.2799130314960629
11
0.9079538976377952
21
1.2790908267716534
0
LINE
8
BLACK
6
CONTINUOUS
10
0.9079538976377952
20
1.2790908267716534
11
0.9069801181102362
21
1.2771432677165353
0
LINE
8
BLACK
6
CONTINUOUS
10
0.9069801181102362
20
1.2771432677165353
11
0.9069801181102362
21
1.2708203543307086
0
LINE
8
BLACK
6
CONTINUOUS
10
0.9069801181102362
20
1.2708203543307086
11
0.9083283858267717
21
1.2667755511811023
0
LINE
8
BLACK
6
CONTINUOUS
10
0.9083283858267717
20
1.2667755511811023
11
0.9084788188976378
21
1.2657611417322834
0
LINE
8
BLACK
6
CONTINUOUS
10
0.9084788188976378
20
1.2657611417322834
11
0.9077364173228346
21
1.2638827559055117
0
LINE
8
BLACK
6
CONTINUOUS
10
0.9077364173228346
20
1.2638827559055117
11
0.9059602755905511
21
1.2629209842519684
0
LINE
8
BLACK
6
CONTINUOUS
10
0.9059602755905511
20
1.2629209842519684
11
0.9039814960629921
21
1.2633259448818897
0
LINE
8
BLACK
6
CONTINUOUS
10
0.9039814960629921
20
1.2633259448818897
11
0.9027259448818897
21
1.2649080708661418
0
LINE
8
BLACK
6
CONTINUOUS
10
0.9027259448818897
20
1.2649080708661418
11
0.9012261417322834
21
1.2694074803149606
0
LINE
8
BLACK
6
CONTINUOUS
10
0.9012261417322834
20
1.2694074803149606
11
0.901096653543307
21
1.2702806692913386
0
LINE
8
BLACK
6
CONTINUOUS
10
0.901096653543307
20
1.2702806692913386
11
0.9010746062992125
21
1.2703412204724409
0
LINE
8
BLACK
6
CONTINUOUS
10
0.9010746062992125
20
1.2703412204724409
11
0.9010746062992125
21
1.2778403149606299
0
LINE
8
BLACK
6
CONTINUOUS
10
0.9010746062992125
20
1.2778403149606299
11
0.9012526771653543
21
1.2788502362204723
0
LINE
8
BLACK
6
CONTINUOUS
10
0.9012526771653543
20
1.2788502362204723
11
0.9013661417322835
21
1.2789855118110236
0
LINE
8
BLACK
6
CONTINUOUS
10
0.9013661417322835
20
1.2789855118110236
11
0.9013863385826771
21
1.2791608267716534
0
LINE
8
BLACK
6
CONTINUOUS
10
0.9013863385826771
20
1.2791608267716534
11
0.9028860236220472
21
1.2821602755905512
0
LINE
8
BLACK
6
CONTINUOUS
10
0.9028860236220472
20
1.2821602755905512
11
0.9022103543307086
21
1.2820411023622047
0
LINE
8
BLACK
6
CONTINUOUS
10
0.9022103543307086
20
1.2820411023622047
11
0.9004611811023622
21
1.2830510236220471
0
LINE
8
BLACK
6
CONTINUOUS
10
0.9004611811023622
20
1.2830510236220471
11
0.8997703543307086
21
1.2849490157480314
0
LINE
8
BLACK
6
CONTINUOUS
10
0.8997703543307086
20
1.2849490157480314
11
0.8997703543307086
21
1.3031496062992125
0
LINE
8
BLACK
6
CONTINUOUS
10
0.8997703543307086
20
1.3031496062992125
11
0.890677716535433
21
1.3031496062992125
0
LINE
8
BLACK
6
CONTINUOUS
10
0.890677716535433
20
1.3031496062992125
11
0.890677716535433
21
1.2849490157480314
0
LINE
8
BLACK
6
CONTINUOUS
10
0.890677716535433
20
1.2849490157480314
11
0.8906100787401574
21
1.2845655118110235
0
LINE
8
BLACK
6
CONTINUOUS
10
0.8906100787401574
20
1.2845655118110235
11
0.890632874015748
21
1.2844362598425196
0
LINE
8
BLACK
6
CONTINUOUS
10
0.890632874015748
20
1.2844362598425196
11
0.8905672440944882
21
1.2843226771653542
0
LINE
8
BLACK
6
CONTINUOUS
10
0.8905672440944882
20
1.2843226771653542
11
0.8904996456692913
21
1.283939094488189
0
LINE
8
BLACK
6
CONTINUOUS
10
0.8904996456692913
20
1.283939094488189
11
0.8900064960629921
21
1.2833514173228346
0
LINE
8
BLACK
6
CONTINUOUS
10
0.8900064960629921
20
1.2833514173228346
11
0.8896229527559055
21
1.2826870866141733
0
LINE
8
BLACK
6
CONTINUOUS
10
0.8896229527559055
20
1.2826870866141733
11
0.8893725984251968
21
1.2825959842519685
0
LINE
8
BLACK
6
CONTINUOUS
10
0.8893725984251968
20
1.2825959842519685
11
0.8892013385826771
21
1.2823918503937008
0
LINE
8
BLACK
6
CONTINUOUS
10
0.8892013385826771
20
1.2823918503937008
11
0.888445748031496
21
1.2822586220472441
0
LINE
8
BLACK
6
CONTINUOUS
10
0.888445748031496
20
1.2822586220472441
11
0.8877249606299212
21
1.2819962598425196
0
LINE
8
BLACK
6
CONTINUOUS
10
0.8877249606299212
20
1.2819962598425196
11
0.8727268503937008
21
1.2819962598425196
0
LINE
8
BLACK
6
CONTINUOUS
10
0.8727268503937008
20
1.2819962598425196
11
0.8717169291338582
21
1.2821743307086615
0
LINE
8
BLACK
6
CONTINUOUS
10
0.8717169291338582
20
1.2821743307086615
11
0.8701696850393701
21
1.2834726377952757
0
LINE
8
BLACK
6
CONTINUOUS
10
0.8701696850393701
20
1.2834726377952757
11
0.869818937007874
21
1.2854617716535433
0
LINE
8
BLACK
6
CONTINUOUS
10
0.869818937007874
20
1.2854617716535433
11
0.8708288582677165
21
1.2872109448818898
0
LINE
8
BLACK
6
CONTINUOUS
10
0.8708288582677165
20
1.2872109448818898
11
0.8727268503937008
21
1.2879017716535432
0
LINE
8
BLACK
6
CONTINUOUS
10
0.8727268503937008
20
1.2879017716535432
11
0.8847722047244094
21
1.2879017716535432
0
LINE
8
BLACK
6
CONTINUOUS
10
0.8847722047244094
20
1.2879017716535432
11
0.8847722047244094
21
1.3031496062992125
0
LINE
8
BLACK
6
CONTINUOUS
10
0.8847722047244094
20
1.3031496062992125
11
0.866628779527559
21
1.3031496062992125
0
LINE
8
BLACK
6
CONTINUOUS
10
0.866628779527559
20
1.3031496062992125
11
0.8666340551181102
21
1.3030750393700787
0
LINE
8
BLACK
6
CONTINUOUS
10
0.8666340551181102
20
1.3030750393700787
11
0.8666807480314961
21
1.3029467716535432
0
LINE
8
BLACK
6
CONTINUOUS
10
0.8666807480314961
20
1.3029467716535432
11
0.8666807480314961
21
1.2909482677165354
0
LINE
8
BLACK
6
CONTINUOUS
10
0.8666807480314961
20
1.2909482677165354
11
0.8665026771653543
21
1.2899383464566929
0
LINE
8
BLACK
6
CONTINUOUS
10
0.8665026771653543
20
1.2899383464566929
11
0.8663891338582677
21
1.2898030708661417
0
LINE
8
BLACK
6
CONTINUOUS
10
0.8663891338582677
20
1.2898030708661417
11
0.8663689763779527
21
1.2896277165354331
0
LINE
8
BLACK
6
CONTINUOUS
10
0.8663689763779527
20
1.2896277165354331
11
0.8648691732283464
21
1.2866281102362205
0
LINE
8
BLACK
6
CONTINUOUS
10
0.8648691732283464
20
1.2866281102362205
11
0.8643433070866141
21
1.2859192125984251
0
LINE
8
BLACK
6
CONTINUOUS
10
0.8643433070866141
20
1.2859192125984251
11
0.8643161023622047
21
1.2858607874015748
0
LINE
8
BLACK
6
CONTINUOUS
10
0.8643161023622047
20
1.2858607874015748
11
0.8628162992125984
21
1.2843609448818898
0
LINE
8
BLACK
6
CONTINUOUS
10
0.8628162992125984
20
1.2843609448818898
11
0.8620931102362205
21
1.2838545669291339
0
LINE
8
BLACK
6
CONTINUOUS
10
0.8620931102362205
20
1.2838545669291339
11
0.8620488582677165
21
1.2838077952755904
0
LINE
8
BLACK
6
CONTINUOUS
10
0.8620488582677165
20
1.2838077952755904
11
0.8590492519685039
21
1.2823079921259841
0
LINE
8
BLACK
6
CONTINUOUS
10
0.8590492519685039
20
1.2823079921259841
11
0.8580662992125984
21
1.2820156299212597
0
LINE
8
BLACK
6
CONTINUOUS
10
0.8580662992125984
20
1.2820156299212597
11
0.8578946062992125
21
1.2820566535433071
0
LINE
8
BLACK
6
CONTINUOUS
10
0.8578946062992125
20
1.2820566535433071
11
0.8577287401574802
21
1.2819962598425196
0
LINE
8
BLACK
6
CONTINUOUS
10
0.8577287401574802
20
1.2819962598425196
11
0.8517294881889763
21
1.2819962598425196
0
LINE
8
BLACK
6
CONTINUOUS
10
0.8517294881889763
20
1.2819962598425196
11
0.8507195669291339
21
1.2821743307086615
0
LINE
8
BLACK
6
CONTINUOUS
10
0.8507195669291339
20
1.2821743307086615
11
0.8505842913385827
21
1.2822878346456692
0
LINE
8
BLACK
6
CONTINUOUS
10
0.8505842913385827
20
1.2822878346456692
11
0.8504089763779528
21
1.2823079921259841
0
LINE
8
BLACK
6
CONTINUOUS
10
0.8504089763779528
20
1.2823079921259841
11
0.8474093307086614
21
1.2838077952755904
0
LINE
8
BLACK
6
CONTINUOUS
10
0.8474093307086614
20
1.2838077952755904
11
0.8467001968503937
21
1.2843337795275591
0
LINE
8
BLACK
6
CONTINUOUS
10
0.8467001968503937
20
1.2843337795275591
11
0.8466418897637795
21
1.2843609448818898
0
LINE
8
BLACK
6
CONTINUOUS
10
0.8466418897637795
20
1.2843609448818898
11
0.8451420866141732
21
1.2858607874015748
0
LINE
8
BLACK
6
CONTINUOUS
10
0.8451420866141732
20
1.2858607874015748
11
0.8446357874015747
21
1.2865838582677165
0
LINE
8
BLACK
6
CONTINUOUS
10
0.8446357874015747
20
1.2865838582677165
11
0.8445890157480315
21
1.2866281496062992
0
LINE
8
BLACK
6
CONTINUOUS
10
0.8445890157480315
20
1.2866281496062992
11
0.8430892125984252
21
1.2896277559055118
0
LINE
8
BLACK
6
CONTINUOUS
10
0.8430892125984252
20
1.2896277559055118
11
0.8427968503937008
21
1.2906107086614174
0
LINE
8
BLACK
6
CONTINUOUS
10
0.8427968503937008
20
1.2906107086614174
11
0.8428378346456693
21
1.2907824015748031
0
LINE
8
BLACK
6
CONTINUOUS
10
0.8428378346456693
20
1.2907824015748031
11
0.8427774803149606
21
1.2909482677165354
0
LINE
8
BLACK
6
CONTINUOUS
10
0.8427774803149606
20
1.2909482677165354
11
0.8427774803149606
21
1.2984473228346456
0
LINE
8
BLACK
6
CONTINUOUS
10
0.8427774803149606
20
1.2984473228346456
11
0.8429555511811023
21
1.2994572440944883
0
LINE
8
BLACK
6
CONTINUOUS
10
0.8429555511811023
20
1.2994572440944883
11
0.8430690157480315
21
1.2995925196850393
0
LINE
8
BLACK
6
CONTINUOUS
10
0.8430690157480315
20
1.2995925196850393
11
0.8430892125984252
21
1.2997678346456694
0
LINE
8
BLACK
6
CONTINUOUS
10
0.8430892125984252
20
1.2997678346456694
11
0.8445890157480315
21
1.3027674803149607
0
LINE
8
BLACK
6
CONTINUOUS
10
0.8445890157480315
20
1.3027674803149607
11
0.8451149212598426
21
1.3034765748031496
0
LINE
8
BLACK
6
CONTINUOUS
10
0.8451149212598426
20
1.3034765748031496
11
0.845142125984252
21
1.3035348818897639
0
LINE
8
BLACK
6
CONTINUOUS
10
0.845142125984252
20
1.3035348818897639
11
0.8466419291338583
21
1.3050346850393701
0
LINE
8
BLACK
6
CONTINUOUS
10
0.8466419291338583
20
1.3050346850393701
11
0.847365
21
1.3055409842519685
0
LINE
8
BLACK
6
CONTINUOUS
10
0.847365
20
1.3055409842519685
11
0.8474093307086614
21
1.3055877952755905
0
LINE
8
BLACK
6
CONTINUOUS
10
0.8474093307086614
20
1.3055877952755905
11
0.8504089763779528
21
1.3070875984251968
0
LINE
8
BLACK
6
CONTINUOUS
10
0.8504089763779528
20
1.3070875984251968
11
0.8513919291338582
21
1.30738
0
LINE
8
BLACK
6
CONTINUOUS
10
0.8513919291338582
20
1.30738
11
0.8515636220472441
21
1.3073389763779528
0
LINE
8
BLACK
6
CONTINUOUS
10
0.8515636220472441
20
1.3073389763779528
11
0.8517294881889763
21
1.3073993307086613
0
LINE
8
BLACK
6
CONTINUOUS
10
0.8517294881889763
20
1.3073993307086613
11
0.8577287401574802
21
1.3073993307086613
0
LINE
8
BLACK
6
CONTINUOUS
10
0.8577287401574802
20
1.3073993307086613
11
0.8587386614173228
21
1.3072212598425197
0
LINE
8
BLACK
6
CONTINUOUS
10
0.8587386614173228
20
1.3072212598425197
11
0.8588738976377952
21
1.3071077952755905
0
LINE
8
BLACK
6
CONTINUOUS
10
0.8588738976377952
20
1.3071077952755905
11
0.8590492519685039
21
1.3070875984251968
0
LINE
8
BLACK
6
CONTINUOUS
10
0.8590492519685039
20
1.3070875984251968
11
0.8597348031496063
21
1.306744842519685
0
LINE
8
BLACK
6
CONTINUOUS
10
0.8597348031496063
20
1.306744842519685
11
0.8594875590551181
21
1.307733779527559
0
LINE
8
BLACK
6
CONTINUOUS
10
0.8594875590551181
20
1.307733779527559
11
0.858946811023622
21
1.3085449212598426
0
LINE
8
BLACK
6
CONTINUOUS
10
0.858946811023622
20
1.3085449212598426
11
0.8539994094488189
21
1.3134923228346456
0
LINE
8
BLACK
6
CONTINUOUS
10
0.8539994094488189
20
1.3134923228346456
11
0.848729842519685
21
1.3134923228346456
0
LINE
8
BLACK
6
CONTINUOUS
10
0.848729842519685
20
1.3134923228346456
11
0.8477199212598425
21
1.3136703937007874
0
LINE
8
BLACK
6
CONTINUOUS
10
0.8477199212598425
20
1.3136703937007874
11
0.8461726771653543
21
1.3149687007874016
0
LINE
8
BLACK
6
CONTINUOUS
10
0.8461726771653543
20
1.3149687007874016
11
0.8458219291338582
21
1.3169578346456692
0
LINE
8
BLACK
6
CONTINUOUS
10
0.8458219291338582
20
1.3169578346456692
11
0.8468318503937008
21
1.3187070078740157
0
LINE
8
BLACK
6
CONTINUOUS
10
0.8468318503937008
20
1.3187070078740157
11
0.848729842519685
21
1.3193978346456692
0
LINE
8
BLACK
6
CONTINUOUS
10
0.848729842519685
20
1.3193978346456692
11
0.8503937007874015
21
1.3193978346456692
0
LINE
8
BLACK
6
CONTINUOUS
10
0.8503937007874015
20
1.3193978346456692
11
0.8503937007874015
21
1.4192913385826771
0
LINE
8
BLACK
6
CONTINUOUS
10
0.8503937007874015
20
1.4192913385826771
11
0.8509702755905512
21
1.4206832677165353
0
LINE
8
BLACK
6
CONTINUOUS
10
0.8509702755905512
20
1.4206832677165353
11
0.8523622047244094
21
1.421259842519685
0
LINE
8
BLACK
6
CONTINUOUS
10
0.8523622047244094
20
1.421259842519685
11
0.9035433070866141
21
1.421259842519685
0
LINE
8
BLACK
6
CONTINUOUS
10
0.8504788976377953
20
1.3005200393700787
11
0.8496567716535433
21
1.2996979133858269
0
LINE
8
BLACK
6
CONTINUOUS
10
0.8496567716535433
20
1.2996979133858269
11
0.8486829921259842
21
1.29775031496063
0
LINE
8
BLACK
6
CONTINUOUS
10
0.8486829921259842
20
1.29775031496063
11
0.8486829921259842
21
1.29164531496063
0
LINE
8
BLACK
6
CONTINUOUS
10
0.8486829921259842
20
1.29164531496063
11
0.8496567716535433
21
1.2896977559055118
0
LINE
8
BLACK
6
CONTINUOUS
10
0.8496567716535433
20
1.2896977559055118
11
0.850478937007874
21
1.2888755511811023
0
LINE
8
BLACK
6
CONTINUOUS
10
0.850478937007874
20
1.2888755511811023
11
0.8524265354330709
21
1.2879017716535432
0
LINE
8
BLACK
6
CONTINUOUS
10
0.8524265354330709
20
1.2879017716535432
11
0.8570316929133858
21
1.2879017716535432
0
LINE
8
BLACK
6
CONTINUOUS
10
0.8570316929133858
20
1.2879017716535432
11
0.8589792125984251
21
1.2888755511811023
0
LINE
8
BLACK
6
CONTINUOUS
10
0.8589792125984251
20
1.2888755511811023
11
0.8598013779527559
21
1.2896977165354331
0
LINE
8
BLACK
6
CONTINUOUS
10
0.8598013779527559
20
1.2896977165354331
11
0.8607752362204725
21
1.2916453543307087
0
LINE
8
BLACK
6
CONTINUOUS
10
0.8607752362204725
20
1.2916453543307087
11
0.8607752362204725
21
1.2977502755905512
0
LINE
8
BLACK
6
CONTINUOUS
10
0.8607752362204725
20
1.2977502755905512
11
0.8598014173228347
21
1.2996978740157481
0
LINE
8
BLACK
6
CONTINUOUS
10
0.8598014173228347
20
1.2996978740157481
11
0.8589792519685039
21
1.3005200393700787
0
LINE
8
BLACK
6
CONTINUOUS
10
0.8589792519685039
20
1.3005200393700787
11
0.8570316929133858
21
1.3014938188976377
0
LINE
8
BLACK
6
CONTINUOUS
10
0.8570316929133858
20
1.3014938188976377
11
0.8524265354330709
21
1.3014938188976377
0
LINE
8
BLACK
6
CONTINUOUS
10
0.8524265354330709
20
1.3014938188976377
11
0.8504788976377953
21
1.3005200393700787
0
LINE
8
BLACK
6
CONTINUOUS
10
0.9089832283464566
20
1.3100129133858267
11
0.9132217716535432
21
1.3009303543307087
0
LINE
8
BLACK
6
CONTINUOUS
10
0.9132217716535432
20
1.3009303543307087
11
0.9160968503937008
21
1.3070912598425197
0
LINE
8
BLACK
6
CONTINUOUS
10
0.9160968503937008
20
1.3070912598425197
11
0.915098937007874
21
1.3090870866141733
0
LINE
8
BLACK
6
CONTINUOUS
10
0.915098937007874
20
1.3090870866141733
11
0.9142767716535433
21
1.3099092519685038
0
LINE
8
BLACK
6
CONTINUOUS
10
0.9142767716535433
20
1.3099092519685038
11
0.9123291732283464
21
1.3108830708661416
0
LINE
8
BLACK
6
CONTINUOUS
10
0.9123291732283464
20
1.3108830708661416
11
0.9107236614173229
21
1.3108830708661416
0
LINE
8
BLACK
6
CONTINUOUS
10
0.9107236614173229
20
1.3108830708661416
11
0.9089832283464566
21
1.3100129133858267
0
LINE
8
BLACK
6
CONTINUOUS
10
0.8543307086614172
20
1.4173228346456692
11
0.8543307086614172
21
1.3193978346456692
0
LINE
8
BLACK
6
CONTINUOUS
10
0.8543307086614172
20
1.3193978346456692
11
0.854729094488189
21
1.3193978346456692
0
LINE
8
BLACK
6
CONTINUOUS
10
0.854729094488189
20
1.3193978346456692
11
0.8557390157480315
21
1.3192197637795275
0
LINE
8
BLACK
6
CONTINUOUS
10
0.8557390157480315
20
1.3192197637795275
11
0.8558742519685039
21
1.3191062992125984
0
LINE
8
BLACK
6
CONTINUOUS
10
0.8558742519685039
20
1.3191062992125984
11
0.8560496062992126
21
1.3190861023622047
0
LINE
8
BLACK
6
CONTINUOUS
10
0.8560496062992126
20
1.3190861023622047
11
0.8590492519685039
21
1.3175862992125984
0
LINE
8
BLACK
6
CONTINUOUS
10
0.8590492519685039
20
1.3175862992125984
11
0.8597583070866142
21
1.3170603937007874
0
LINE
8
BLACK
6
CONTINUOUS
10
0.8597583070866142
20
1.3170603937007874
11
0.8598166535433071
21
1.317033188976378
0
LINE
8
BLACK
6
CONTINUOUS
10
0.8598166535433071
20
1.317033188976378
11
0.8613164566929133
21
1.3155333858267717
0
LINE
8
BLACK
6
CONTINUOUS
10
0.8613164566929133
20
1.3155333858267717
11
0.8615744881889763
21
1.3151648425196849
0
LINE
8
BLACK
6
CONTINUOUS
10
0.8615744881889763
20
1.3151648425196849
11
0.8616853937007873
21
1.3150833464566929
0
LINE
8
BLACK
6
CONTINUOUS
10
0.8616853937007873
20
1.3150833464566929
11
0.8646849999999999
21
1.310583937007874
0
LINE
8
BLACK
6
CONTINUOUS
10
0.8646849999999999
20
1.310583937007874
11
0.8650831496062992
21
1.3096764566929133
0
LINE
8
BLACK
6
CONTINUOUS
10
0.8650831496062992
20
1.3096764566929133
11
0.8650927559055118
21
1.3096622047244095
0
LINE
8
BLACK
6
CONTINUOUS
10
0.8650927559055118
20
1.3096622047244095
11
0.8656579133858268
21
1.3074015748031496
0
LINE
8
BLACK
6
CONTINUOUS
10
0.8656579133858268
20
1.3074015748031496
11
0.865972874015748
21
1.3070866141732282
0
LINE
8
BLACK
6
CONTINUOUS
10
0.865972874015748
20
1.3070866141732282
11
0.8847722047244094
21
1.3070866141732282
0
LINE
8
BLACK
6
CONTINUOUS
10
0.8847722047244094
20
1.3070866141732282
11
0.8847722047244094
21
1.3164450787401574
0
LINE
8
BLACK
6
CONTINUOUS
10
0.8847722047244094
20
1.3164450787401574
11
0.8849502755905512
21
1.317455
0
LINE
8
BLACK
6
CONTINUOUS
10
0.8849502755905512
20
1.317455
11
0.8862485826771653
21
1.3190022440944882
0
LINE
8
BLACK
6
CONTINUOUS
10
0.8862485826771653
20
1.3190022440944882
11
0.888237716535433
21
1.3193529921259841
0
LINE
8
BLACK
6
CONTINUOUS
10
0.888237716535433
20
1.3193529921259841
11
0.8899868897637795
21
1.3183430708661417
0
LINE
8
BLACK
6
CONTINUOUS
10
0.8899868897637795
20
1.3183430708661417
11
0.890677716535433
21
1.3164450787401574
0
LINE
8
BLACK
6
CONTINUOUS
10
0.890677716535433
20
1.3164450787401574
11
0.890677716535433
21
1.3070866141732282
0
LINE
8
BLACK
6
CONTINUOUS
10
0.890677716535433
20
1.3070866141732282
11
0.8997703543307086
21
1.3070866141732282
0
LINE
8
BLACK
6
CONTINUOUS
10
0.8997703543307086
20
1.3070866141732282
11
0.8997703543307086
21
1.3164450787401574
0
LINE
8
BLACK
6
CONTINUOUS
10
0.8997703543307086
20
1.3164450787401574
11
0.8999484251968504
21
1.317455
0
LINE
8
BLACK
6
CONTINUOUS
10
0.8999484251968504
20
1.317455
11
0.9002018897637795
21
1.317757125984252
0
LINE
8
BLACK
6
CONTINUOUS
10
0.9002018897637795
20
1.317757125984252
11
0.9003038582677165
21
1.3181379921259841
0
LINE
8
BLACK
6
CONTINUOUS
10
0.9003038582677165
20
1.3181379921259841
11
0.9008320866141732
21
1.3185081496062991
0
LINE
8
BLACK
6
CONTINUOUS
10
0.9008320866141732
20
1.3185081496062991
11
0.9012467322834645
21
1.3190022440944882
0
LINE
8
BLACK
6
CONTINUOUS
10
0.9012467322834645
20
1.3190022440944882
11
0.9015748031496063
21
1.3190601574803149
0
LINE
8
BLACK
6
CONTINUOUS
10
0.9015748031496063
20
1.3190601574803149
11
0.9015748031496063
21
1.3782482283464568
0
LINE
8
BLACK
6
CONTINUOUS
10
0.9015748031496063
20
1.3782482283464568
11
0.8939351181102362
21
1.3782482283464568
0
LINE
8
BLACK
6
CONTINUOUS
10
0.8939351181102362
20
1.3782482283464568
11
0.8939351181102362
21
1.3477364173228346
0
LINE
8
BLACK
6
CONTINUOUS
10
0.8939351181102362
20
1.3477364173228346
11
0.8936468503937007
21
1.3470404330708661
0
LINE
8
BLACK
6
CONTINUOUS
10
0.8936468503937007
20
1.3470404330708661
11
0.8929508661417322
21
1.3467521653543306
0
LINE
8
BLACK
6
CONTINUOUS
10
0.8929508661417322
20
1.3467521653543306
11
0.8922548818897638
21
1.3470404330708661
0
LINE
8
BLACK
6
CONTINUOUS
10
0.8922548818897638
20
1.3470404330708661
11
0.8919666141732283
21
1.3477364173228346
0
LINE
8
BLACK
6
CONTINUOUS
10
0.8919666141732283
20
1.3477364173228346
11
0.8919666141732283
21
1.3782482283464568
0
LINE
8
BLACK
6
CONTINUOUS
10
0.8919666141732283
20
1.3782482283464568
11
0.883951968503937
21
1.3782482283464568
0
LINE
8
BLACK
6
CONTINUOUS
10
0.883951968503937
20
1.3782482283464568
11
0.8832559842519685
21
1.378536496062992
0
LINE
8
BLACK
6
CONTINUOUS
10
0.8832559842519685
20
1.378536496062992
11
0.882967716535433
21
1.3792324803149607
0
LINE
8
BLACK
6
CONTINUOUS
10
0.882967716535433
20
1.3792324803149607
11
0.8832559842519685
21
1.3799284645669292
0
LINE
8
BLACK
6
CONTINUOUS
10
0.8832559842519685
20
1.3799284645669292
11
0.883951968503937
21
1.3802167322834646
0
LINE
8
BLACK
6
CONTINUOUS
10
0.883951968503937
20
1.3802167322834646
11
0.9015748031496063
21
1.3802167322834646
0
LINE
8
BLACK
6
CONTINUOUS
10
0.9015748031496063
20
1.3802167322834646
11
0.9015748031496063
21
1.4173228346456692
0
LINE
8
BLACK
6
CONTINUOUS
10
0.9015748031496063
20
1.4173228346456692
11
0.8543307086614172
21
1.4173228346456692
0
LINE
8
BLACK
6
CONTINUOUS
10
0.6418047637795276
20
1.3054402362204724
11
0.64194
21
1.3053267716535433
0
LINE
8
BLACK
6
CONTINUOUS
10
0.64194
20
1.3053267716535433
11
0.6421153543307087
21
1.3053065748031496
0
LINE
8
BLACK
6
CONTINUOUS
10
0.6421153543307087
20
1.3053065748031496
11
0.645115
21
1.3038067716535433
0
LINE
8
BLACK
6
CONTINUOUS
10
0.645115
20
1.3038067716535433
11
0.6458240551181103
21
1.3032808661417323
0
LINE
8
BLACK
6
CONTINUOUS
10
0.6458240551181103
20
1.3032808661417323
11
0.6458824015748031
21
1.3032536614173229
0
LINE
8
BLACK
6
CONTINUOUS
10
0.6458824015748031
20
1.3032536614173229
11
0.6473822047244094
21
1.3017538582677166
0
LINE
8
BLACK
6
CONTINUOUS
10
0.6473822047244094
20
1.3017538582677166
11
0.6478884645669292
21
1.3010307874015747
0
LINE
8
BLACK
6
CONTINUOUS
10
0.6478884645669292
20
1.3010307874015747
11
0.6479353149606299
21
1.3009864566929135
0
LINE
8
BLACK
6
CONTINUOUS
10
0.6479353149606299
20
1.3009864566929135
11
0.6494351181102362
21
1.2979868110236221
0
LINE
8
BLACK
6
CONTINUOUS
10
0.6494351181102362
20
1.2979868110236221
11
0.6495803937007874
21
1.2974983858267717
0
LINE
8
BLACK
6
CONTINUOUS
10
0.6495803937007874
20
1.2974983858267717
11
0.6496587007874015
21
1.2973824803149605
0
LINE
8
BLACK
6
CONTINUOUS
10
0.6496587007874015
20
1.2973824803149605
11
0.6511585433070866
21
1.2913831889763778
0
LINE
8
BLACK
6
CONTINUOUS
10
0.6511585433070866
20
1.2913831889763778
11
0.6512
21
1.2907953149606299
0
LINE
8
BLACK
6
CONTINUOUS
10
0.6512
20
1.2907953149606299
11
0.6512466929133858
21
1.2906670472440944
0
LINE
8
BLACK
6
CONTINUOUS
10
0.6512466929133858
20
1.2906670472440944
11
0.6512466929133858
21
1.2831679921259842
0
LINE
8
BLACK
6
CONTINUOUS
10
0.6512466929133858
20
1.2831679921259842
11
0.6511443307086614
21
1.2825876377952756
0
LINE
8
BLACK
6
CONTINUOUS
10
0.6511443307086614
20
1.2825876377952756
11
0.6511585433070866
21
1.2824518503937008
0
LINE
8
BLACK
6
CONTINUOUS
10
0.6511585433070866
20
1.2824518503937008
11
0.6496587007874015
21
1.2764525590551181
0
LINE
8
BLACK
6
CONTINUOUS
10
0.6496587007874015
20
1.2764525590551181
11
0.649451062992126
21
1.2759870866141731
0
LINE
8
BLACK
6
CONTINUOUS
10
0.649451062992126
20
1.2759870866141731
11
0.6494351181102362
21
1.2758482283464567
0
LINE
8
BLACK
6
CONTINUOUS
10
0.6494351181102362
20
1.2758482283464567
11
0.6479353149606299
21
1.2728486220472441
0
LINE
8
BLACK
6
CONTINUOUS
10
0.6479353149606299
20
1.2728486220472441
11
0.6474094488188976
21
1.2721396456692913
0
LINE
8
BLACK
6
CONTINUOUS
10
0.6474094488188976
20
1.2721396456692913
11
0.6473822440944882
21
1.2720812598425197
0
LINE
8
BLACK
6
CONTINUOUS
10
0.6473822440944882
20
1.2720812598425197
11
0.6458824409448819
21
1.2705814173228347
0
LINE
8
BLACK
6
CONTINUOUS
10
0.6458824409448819
20
1.2705814173228347
11
0.6451592519685039
21
1.2700750393700788
0
LINE
8
BLACK
6
CONTINUOUS
10
0.6451592519685039
20
1.2700750393700788
11
0.645115
21
1.2700282677165353
0
LINE
8
BLACK
6
CONTINUOUS
10
0.645115
20
1.2700282677165353
11
0.6421153543307087
21
1.268528464566929
0
LINE
8
BLACK
6
CONTINUOUS
10
0.6421153543307087
20
1.268528464566929
11
0.6411324015748031
21
1.2682360629921259
0
LINE
8
BLACK
6
CONTINUOUS
10
0.6411324015748031
20
1.2682360629921259
11
0.6409606692913385
21
1.268277125984252
0
LINE
8
BLACK
6
CONTINUOUS
10
0.6409606692913385
20
1.268277125984252
11
0.640794842519685
21
1.2682167322834645
0
LINE
8
BLACK
6
CONTINUOUS
10
0.640794842519685
20
1.2682167322834645
11
0.6377952362204724
21
1.2682167322834645
0
LINE
8
BLACK
6
CONTINUOUS
10
0.6377952362204724
20
1.2682167322834645
11
0.63678531496063
21
1.2683948031496062
0
LINE
8
BLACK
6
CONTINUOUS
10
0.63678531496063
20
1.2683948031496062
11
0.6366500393700787
21
1.2685083070866141
0
LINE
8
BLACK
6
CONTINUOUS
10
0.6366500393700787
20
1.2685083070866141
11
0.6364747244094489
21
1.268528464566929
0
LINE
8
BLACK
6
CONTINUOUS
10
0.6364747244094489
20
1.268528464566929
11
0.6334750787401575
21
1.2700282677165353
0
LINE
8
BLACK
6
CONTINUOUS
10
0.6334750787401575
20
1.2700282677165353
11
0.6327659448818898
21
1.2705542519685038
0
LINE
8
BLACK
6
CONTINUOUS
10
0.6327659448818898
20
1.2705542519685038
11
0.6327076377952756
21
1.2705814173228347
0
LINE
8
BLACK
6
CONTINUOUS
10
0.6327076377952756
20
1.2705814173228347
11
0.6312078346456693
21
1.2720812598425197
0
LINE
8
BLACK
6
CONTINUOUS
10
0.6312078346456693
20
1.2720812598425197
11
0.6307015354330708
21
1.2728043307086614
0
LINE
8
BLACK
6
CONTINUOUS
10
0.6307015354330708
20
1.2728043307086614
11
0.6306547637795276
21
1.2728486220472441
0
LINE
8
BLACK
6
CONTINUOUS
10
0.6306547637795276
20
1.2728486220472441
11
0.6291549606299213
21
1.2758482283464567
0
LINE
8
BLACK
6
CONTINUOUS
10
0.6291549606299213
20
1.2758482283464567
11
0.6290096456692913
21
1.2763366929133857
0
LINE
8
BLACK
6
CONTINUOUS
10
0.6290096456692913
20
1.2763366929133857
11
0.6289313779527559
21
1.2764525984251969
0
LINE
8
BLACK
6
CONTINUOUS
10
0.6289313779527559
20
1.2764525984251969
11
0.6274315748031496
21
1.2824518503937008
0
LINE
8
BLACK
6
CONTINUOUS
10
0.6274315748031496
20
1.2824518503937008
11
0.6273900787401575
21
1.2830397637795274
0
LINE
8
BLACK
6
CONTINUOUS
10
0.6273900787401575
20
1.2830397637795274
11
0.6273434251968504
21
1.2831679921259842
0
LINE
8
BLACK
6
CONTINUOUS
10
0.6273434251968504
20
1.2831679921259842
11
0.6273434251968504
21
1.2906670472440944
0
LINE
8
BLACK
6
CONTINUOUS
10
0.6273434251968504
20
1.2906670472440944
11
0.627445748031496
21
1.2912474409448818
0
LINE
8
BLACK
6
CONTINUOUS
10
0.627445748031496
20
1.2912474409448818
11
0.6274315748031496
21
1.2913831889763778
0
LINE
8
BLACK
6
CONTINUOUS
10
0.6274315748031496
20
1.2913831889763778
11
0.6289313779527559
21
1.2973824409448818
0
LINE
8
BLACK
6
CONTINUOUS
10
0.6289313779527559
20
1.2973824409448818
11
0.629138937007874
21
1.2978479133858267
0
LINE
8
BLACK
6
CONTINUOUS
10
0.629138937007874
20
1.2978479133858267
11
0.6291549606299213
21
1.2979868110236221
0
LINE
8
BLACK
6
CONTINUOUS
10
0.6291549606299213
20
1.2979868110236221
11
0.6306547637795276
21
1.3009864566929135
0
LINE
8
BLACK
6
CONTINUOUS
10
0.6306547637795276
20
1.3009864566929135
11
0.6311806692913385
21
1.3016955511811024
0
LINE
8
BLACK
6
CONTINUOUS
10
0.6311806692913385
20
1.3016955511811024
11
0.6312078740157481
21
1.3017538582677166
0
LINE
8
BLACK
6
CONTINUOUS
10
0.6312078740157481
20
1.3017538582677166
11
0.6327076771653544
21
1.3032536614173229
0
LINE
8
BLACK
6
CONTINUOUS
10
0.6327076771653544
20
1.3032536614173229
11
0.633430748031496
21
1.3037599606299213
0
LINE
8
BLACK
6
CONTINUOUS
10
0.633430748031496
20
1.3037599606299213
11
0.6334750787401575
21
1.3038067716535433
0
LINE
8
BLACK
6
CONTINUOUS
10
0.6334750787401575
20
1.3038067716535433
11
0.6364747244094489
21
1.3053065748031496
0
LINE
8
BLACK
6
CONTINUOUS
10
0.6364747244094489
20
1.3053065748031496
11
0.6374576771653543
21
1.3055989763779527
0
LINE
8
BLACK
6
CONTINUOUS
10
0.6374576771653543
20
1.3055989763779527
11
0.6376293700787401
21
1.3055579527559056
0
LINE
8
BLACK
6
CONTINUOUS
10
0.6376293700787401
20
1.3055579527559056
11
0.6377952362204724
21
1.3056183070866141
0
LINE
8
BLACK
6
CONTINUOUS
10
0.6377952362204724
20
1.3056183070866141
11
0.640794842519685
21
1.3056183070866141
0
LINE
8
BLACK
6
CONTINUOUS
10
0.640794842519685
20
1.3056183070866141
11
0.6418047637795276
21
1.3054402362204724
0
LINE
8
BLACK
6
CONTINUOUS
10
0.6365446456692914
20
1.2987390157480314
11
0.6357225196850393
21
1.2979168897637794
0
LINE
8
BLACK
6
CONTINUOUS
10
0.6357225196850393
20
1.2979168897637794
11
0.634581968503937
21
1.2956357874015747
0
LINE
8
BLACK
6
CONTINUOUS
10
0.634581968503937
20
1.2956357874015747
11
0.633248937007874
21
1.2903035433070866
0
LINE
8
BLACK
6
CONTINUOUS
10
0.633248937007874
20
1.2903035433070866
11
0.633248937007874
21
1.2835315354330707
0
LINE
8
BLACK
6
CONTINUOUS
10
0.633248937007874
20
1.2835315354330707
11
0.634581968503937
21
1.2781992913385827
0
LINE
8
BLACK
6
CONTINUOUS
10
0.634581968503937
20
1.2781992913385827
11
0.6357225196850393
21
1.2759182283464567
0
LINE
8
BLACK
6
CONTINUOUS
10
0.6357225196850393
20
1.2759182283464567
11
0.6365446850393701
21
1.2750960236220472
0
LINE
8
BLACK
6
CONTINUOUS
10
0.6365446850393701
20
1.2750960236220472
11
0.6384922834645669
21
1.2741222440944882
0
LINE
8
BLACK
6
CONTINUOUS
10
0.6384922834645669
20
1.2741222440944882
11
0.6400977952755905
21
1.2741222440944882
0
LINE
8
BLACK
6
CONTINUOUS
10
0.6400977952755905
20
1.2741222440944882
11
0.6420453543307086
21
1.2750960236220472
0
LINE
8
BLACK
6
CONTINUOUS
10
0.6420453543307086
20
1.2750960236220472
11
0.6428675196850393
21
1.2759182283464567
0
LINE
8
BLACK
6
CONTINUOUS
10
0.6428675196850393
20
1.2759182283464567
11
0.6440080708661418
21
1.2781992913385827
0
LINE
8
BLACK
6
CONTINUOUS
10
0.6440080708661418
20
1.2781992913385827
11
0.6453411811023622
21
1.2835316141732283
0
LINE
8
BLACK
6
CONTINUOUS
10
0.6453411811023622
20
1.2835316141732283
11
0.6453411811023622
21
1.2903034645669291
0
LINE
8
BLACK
6
CONTINUOUS
10
0.6453411811023622
20
1.2903034645669291
11
0.6440080708661418
21
1.2956358267716535
0
LINE
8
BLACK
6
CONTINUOUS
10
0.6440080708661418
20
1.2956358267716535
11
0.6428675196850393
21
1.2979168897637794
0
LINE
8
BLACK
6
CONTINUOUS
10
0.6428675196850393
20
1.2979168897637794
11
0.6420453937007874
21
1.2987390157480314
0
LINE
8
BLACK
6
CONTINUOUS
10
0.6420453937007874
20
1.2987390157480314
11
0.6400977952755905
21
1.2997127952755905
0
LINE
8
BLACK
6
CONTINUOUS
10
0.6400977952755905
20
1.2997127952755905
11
0.6384922834645669
21
1.2997127952755905
0
LINE
8
BLACK
6
CONTINUOUS
10
0.6384922834645669
20
1.2997127952755905
11
0.6365446456692914
21
1.2987390157480314
0
LINE
8
BLACK
6
CONTINUOUS
10
0.6718010236220472
20
1.3054402362204724
11
0.6719362598425197
21
1.3053267716535433
0
LINE
8
BLACK
6
CONTINUOUS
10
0.6719362598425197
20
1.3053267716535433
11
0.6721116141732283
21
1.3053065748031496
0
LINE
8
BLACK
6
CONTINUOUS
10
0.6721116141732283
20
1.3053065748031496
11
0.6751112598425196
21
1.3038067716535433
0
LINE
8
BLACK
6
CONTINUOUS
10
0.6751112598425196
20
1.3038067716535433
11
0.6758203149606299
21
1.3032808661417323
0
LINE
8
BLACK
6
CONTINUOUS
10
0.6758203149606299
20
1.3032808661417323
11
0.6758786614173228
21
1.3032536614173229
0
LINE
8
BLACK
6
CONTINUOUS
10
0.6758786614173228
20
1.3032536614173229
11
0.6773784645669291
21
1.3017538582677166
0
LINE
8
BLACK
6
CONTINUOUS
10
0.6773784645669291
20
1.3017538582677166
11
0.6778847244094488
21
1.3010307874015747
0
LINE
8
BLACK
6
CONTINUOUS
10
0.6778847244094488
20
1.3010307874015747
11
0.6779315748031496
21
1.3009864566929135
0
LINE
8
BLACK
6
CONTINUOUS
10
0.6779315748031496
20
1.3009864566929135
11
0.6794313779527559
21
1.2979868110236221
0
LINE
8
BLACK
6
CONTINUOUS
10
0.6794313779527559
20
1.2979868110236221
11
0.6795766535433071
21
1.2974983858267717
0
LINE
8
BLACK
6
CONTINUOUS
10
0.6795766535433071
20
1.2974983858267717
11
0.6796549606299213
21
1.2973824803149605
0
LINE
8
BLACK
6
CONTINUOUS
10
0.6796549606299213
20
1.2973824803149605
11
0.6811548031496063
21
1.2913831889763778
0
LINE
8
BLACK
6
CONTINUOUS
10
0.6811548031496063
20
1.2913831889763778
11
0.6811962598425196
21
1.2907953149606299
0
LINE
8
BLACK
6
CONTINUOUS
10
0.6811962598425196
20
1.2907953149606299
11
0.6812429527559055
21
1.2906670472440944
0
LINE
8
BLACK
6
CONTINUOUS
10
0.6812429527559055
20
1.2906670472440944
11
0.6812429527559055
21
1.2831679921259842
0
LINE
8
BLACK
6
CONTINUOUS
10
0.6812429527559055
20
1.2831679921259842
11
0.681140590551181
21
1.2825876377952756
0
LINE
8
BLACK
6
CONTINUOUS
10
0.681140590551181
20
1.2825876377952756
11
0.6811548031496063
21
1.2824518503937008
0
LINE
8
BLACK
6
CONTINUOUS
10
0.6811548031496063
20
1.2824518503937008
11
0.6796549606299213
21
1.2764525590551181
0
LINE
8
BLACK
6
CONTINUOUS
10
0.6796549606299213
20
1.2764525590551181
11
0.6794473228346457
21
1.2759870866141731
0
LINE
8
BLACK
6
CONTINUOUS
10
0.6794473228346457
20
1.2759870866141731
11
0.6794313779527559
21
1.2758482283464567
0
LINE
8
BLACK
6
CONTINUOUS
10
0.6794313779527559
20
1.2758482283464567
11
0.6779315748031496
21
1.2728486220472441
0
LINE
8
BLACK
6
CONTINUOUS
10
0.6779315748031496
20
1.2728486220472441
11
0.6774057086614174
21
1.2721396456692913
0
LINE
8
BLACK
6
CONTINUOUS
10
0.6774057086614174
20
1.2721396456692913
11
0.6773785039370078
21
1.2720812598425197
0
LINE
8
BLACK
6
CONTINUOUS
10
0.6773785039370078
20
1.2720812598425197
11
0.6758787007874015
21
1.2705814173228347
0
LINE
8
BLACK
6
CONTINUOUS
10
0.6758787007874015
20
1.2705814173228347
11
0.6751555118110236
21
1.2700750393700788
0
LINE
8
BLACK
6
CONTINUOUS
10
0.6751555118110236
20
1.2700750393700788
11
0.6751112598425196
21
1.2700282677165353
0
LINE
8
BLACK
6
CONTINUOUS
10
0.6751112598425196
20
1.2700282677165353
11
0.6721116141732283
21
1.268528464566929
0
LINE
8
BLACK
6
CONTINUOUS
10
0.6721116141732283
20
1.268528464566929
11
0.6711286614173229
21
1.2682360629921259
0
LINE
8
BLACK
6
CONTINUOUS
10
0.6711286614173229
20
1.2682360629921259
11
0.6709569291338583
21
1.268277125984252
0
LINE
8
BLACK
6
CONTINUOUS
10
0.6709569291338583
20
1.268277125984252
11
0.6707911023622047
21
1.2682167322834645
0
LINE
8
BLACK
6
CONTINUOUS
10
0.6707911023622047
20
1.2682167322834645
11
0.6677914960629922
21
1.2682167322834645
0
LINE
8
BLACK
6
CONTINUOUS
10
0.6677914960629922
20
1.2682167322834645
11
0.6667815748031496
21
1.2683948031496062
0
LINE
8
BLACK
6
CONTINUOUS
10
0.6667815748031496
20
1.2683948031496062
11
0.6666462992125984
21
1.2685083070866141
0
LINE
8
BLACK
6
CONTINUOUS
10
0.6666462992125984
20
1.2685083070866141
11
0.6664709842519685
21
1.268528464566929
0
LINE
8
BLACK
6
CONTINUOUS
10
0.6664709842519685
20
1.268528464566929
11
0.6634713385826772
21
1.2700282677165353
0
LINE
8
BLACK
6
CONTINUOUS
10
0.6634713385826772
20
1.2700282677165353
11
0.6627622047244094
21
1.2705542519685038
0
LINE
8
BLACK
6
CONTINUOUS
10
0.6627622047244094
20
1.2705542519685038
11
0.6627038976377952
21
1.2705814173228347
0
LINE
8
BLACK
6
CONTINUOUS
10
0.6627038976377952
20
1.2705814173228347
11
0.661204094488189
21
1.2720812598425197
0
LINE
8
BLACK
6
CONTINUOUS
10
0.661204094488189
20
1.2720812598425197
11
0.6606977952755906
21
1.2728043307086614
0
LINE
8
BLACK
6
CONTINUOUS
10
0.6606977952755906
20
1.2728043307086614
11
0.6606510236220472
21
1.2728486220472441
0
LINE
8
BLACK
6
CONTINUOUS
10
0.6606510236220472
20
1.2728486220472441
11
0.6591512204724409
21
1.2758482283464567
0
LINE
8
BLACK
6
CONTINUOUS
10
0.6591512204724409
20
1.2758482283464567
11
0.659005905511811
21
1.2763366929133857
0
LINE
8
BLACK
6
CONTINUOUS
10
0.659005905511811
20
1.2763366929133857
11
0.6589276377952755
21
1.2764525984251969
0
LINE
8
BLACK
6
CONTINUOUS
10
0.6589276377952755
20
1.2764525984251969
11
0.6574278346456692
21
1.2824518503937008
0
LINE
8
BLACK
6
CONTINUOUS
10
0.6574278346456692
20
1.2824518503937008
11
0.6573863385826771
21
1.2830397637795274
0
LINE
8
BLACK
6
CONTINUOUS
10
0.6573863385826771
20
1.2830397637795274
11
0.65733968503937
21
1.2831679921259842
0
LINE
8
BLACK
6
CONTINUOUS
10
0.65733968503937
20
1.2831679921259842
11
0.65733968503937
21
1.2906670472440944
0
LINE
8
BLACK
6
CONTINUOUS
10
0.65733968503937
20
1.2906670472440944
11
0.6574420078740157
21
1.2912474409448818
0
LINE
8
BLACK
6
CONTINUOUS
10
0.6574420078740157
20
1.2912474409448818
11
0.6574278346456692
21
1.2913831889763778
0
LINE
8
BLACK
6
CONTINUOUS
10
0.6574278346456692
20
1.2913831889763778
11
0.6589276377952755
21
1.2973824409448818
0
LINE
8
BLACK
6
CONTINUOUS
10
0.6589276377952755
20
1.2973824409448818
11
0.6591351968503937
21
1.2978479133858267
0
LINE
8
BLACK
6
CONTINUOUS
10
0.6591351968503937
20
1.2978479133858267
11
0.6591512204724409
21
1.2979868110236221
0
LINE
8
BLACK
6
CONTINUOUS
10
0.6591512204724409
20
1.2979868110236221
11
0.6606510236220472
21
1.3009864566929135
0
LINE
8
BLACK
6
CONTINUOUS
10
0.6606510236220472
20
1.3009864566929135
11
0.6611769291338583
21
1.3016955511811024
0
LINE
8
BLACK
6
CONTINUOUS
10
0.6611769291338583
20
1.3016955511811024
11
0.6612041338582677
21
1.3017538582677166
0
LINE
8
BLACK
6
CONTINUOUS
10
0.6612041338582677
20
1.3017538582677166
11
0.662703937007874
21
1.3032536614173229
0
LINE
8
BLACK
6
CONTINUOUS
10
0.662703937007874
20
1.3032536614173229
11
0.6634270078740158
21
1.3037599606299213
0
LINE
8
BLACK
6
CONTINUOUS
10
0.6634270078740158
20
1.3037599606299213
11
0.6634713385826772
21
1.3038067716535433
0
LINE
8
BLACK
6
CONTINUOUS
10
0.6634713385826772
20
1.3038067716535433
11
0.6664709842519685
21
1.3053065748031496
0
LINE
8
BLACK
6
CONTINUOUS
10
0.6664709842519685
20
1.3053065748031496
11
0.667453937007874
21
1.3055989763779527
0
LINE
8
BLACK
6
CONTINUOUS
10
0.667453937007874
20
1.3055989763779527
11
0.6676256299212598
21
1.3055579527559056
0
LINE
8
BLACK
6
CONTINUOUS
10
0.6676256299212598
20
1.3055579527559056
11
0.6677914960629922
21
1.3056183070866141
0
LINE
8
BLACK
6
CONTINUOUS
10
0.6677914960629922
20
1.3056183070866141
11
0.6707911023622047
21
1.3056183070866141
0
LINE
8
BLACK
6
CONTINUOUS
10
0.6707911023622047
20
1.3056183070866141
11
0.6718010236220472
21
1.3054402362204724
0
LINE
8
BLACK
6
CONTINUOUS
10
0.666540905511811
20
1.2987390157480314
11
0.6657187795275591
21
1.2979168897637794
0
LINE
8
BLACK
6
CONTINUOUS
10
0.6657187795275591
20
1.2979168897637794
11
0.6645782283464566
21
1.2956357874015747
0
LINE
8
BLACK
6
CONTINUOUS
10
0.6645782283464566
20
1.2956357874015747
11
0.6632451968503937
21
1.2903035433070866
0
LINE
8
BLACK
6
CONTINUOUS
10
0.6632451968503937
20
1.2903035433070866
11
0.6632451968503937
21
1.2835315354330707
0
LINE
8
BLACK
6
CONTINUOUS
10
0.6632451968503937
20
1.2835315354330707
11
0.6645782283464566
21
1.2781992913385827
0
LINE
8
BLACK
6
CONTINUOUS
10
0.6645782283464566
20
1.2781992913385827
11
0.6657187795275591
21
1.2759182283464567
0
LINE
8
BLACK
6
CONTINUOUS
10
0.6657187795275591
20
1.2759182283464567
11
0.6665409448818898
21
1.2750960236220472
0
LINE
8
BLACK
6
CONTINUOUS
10
0.6665409448818898
20
1.2750960236220472
11
0.6684885433070866
21
1.2741222440944882
0
LINE
8
BLACK
6
CONTINUOUS
10
0.6684885433070866
20
1.2741222440944882
11
0.6700940551181103
21
1.2741222440944882
0
LINE
8
BLACK
6
CONTINUOUS
10
0.6700940551181103
20
1.2741222440944882
11
0.6720416141732284
21
1.2750960236220472
0
LINE
8
BLACK
6
CONTINUOUS
10
0.6720416141732284
20
1.2750960236220472
11
0.672863779527559
21
1.2759182283464567
0
LINE
8
BLACK
6
CONTINUOUS
10
0.672863779527559
20
1.2759182283464567
11
0.6740043307086614
21
1.2781992913385827
0
LINE
8
BLACK
6
CONTINUOUS
10
0.6740043307086614
20
1.2781992913385827
11
0.6753374409448819
21
1.2835316141732283
0
LINE
8
BLACK
6
CONTINUOUS
10
0.6753374409448819
20
1.2835316141732283
11
0.6753374409448819
21
1.2903034645669291
0
LINE
8
BLACK
6
CONTINUOUS
10
0.6753374409448819
20
1.2903034645669291
11
0.6740043307086614
21
1.2956358267716535
0
LINE
8
BLACK
6
CONTINUOUS
10
0.6740043307086614
20
1.2956358267716535
11
0.672863779527559
21
1.2979168897637794
0
LINE
8
BLACK
6
CONTINUOUS
10
0.672863779527559
20
1.2979168897637794
11
0.672041653543307
21
1.2987390157480314
0
LINE
8
BLACK
6
CONTINUOUS
10
0.672041653543307
20
1.2987390157480314
11
0.6700940551181103
21
1.2997127952755905
0
LINE
8
BLACK
6
CONTINUOUS
10
0.6700940551181103
20
1.2997127952755905
11
0.6684885433070866
21
1.2997127952755905
0
LINE
8
BLACK
6
CONTINUOUS
10
0.6684885433070866
20
1.2997127952755905
11
0.666540905511811
21
1.2987390157480314
0
LINE
8
BLACK
6
CONTINUOUS
10
0.6999473622047244
20
1.3054885826771654
11
0.7001167716535432
21
1.3054994881889763
0
LINE
8
BLACK
6
CONTINUOUS
10
0.7001167716535432
20
1.3054994881889763
11
0.7008073622047244
21
1.3049920472440946
0
LINE
8
BLACK
6
CONTINUOUS
10
0.7008073622047244
20
1.3049920472440946
11
0.7015494881889763
21
1.3045635433070866
0
LINE
8
BLACK
6
CONTINUOUS
10
0.7015494881889763
20
1.3045635433070866
11
0.7016075196850393
21
1.3044040551181102
0
LINE
8
BLACK
6
CONTINUOUS
10
0.7016075196850393
20
1.3044040551181102
11
0.7017444094488189
21
1.3043034645669291
0
LINE
8
BLACK
6
CONTINUOUS
10
0.7017444094488189
20
1.3043034645669291
11
0.7045818897637796
21
1.3000472440944881
0
LINE
8
BLACK
6
CONTINUOUS
10
0.7045818897637796
20
1.3000472440944881
11
0.7070359055118111
21
1.2975932677165354
0
LINE
8
BLACK
6
CONTINUOUS
10
0.7070359055118111
20
1.2975932677165354
11
0.709606968503937
21
1.2963077165354331
0
LINE
8
BLACK
6
CONTINUOUS
10
0.709606968503937
20
1.2963077165354331
11
0.7104306299212598
21
1.295696811023622
0
LINE
8
BLACK
6
CONTINUOUS
10
0.7104306299212598
20
1.295696811023622
11
0.7112338976377952
21
1.293843622047244
0
LINE
8
BLACK
6
CONTINUOUS
10
0.7112338976377952
20
1.293843622047244
11
0.7106580708661417
21
1.2919076377952756
0
LINE
8
BLACK
6
CONTINUOUS
10
0.7106580708661417
20
1.2919076377952756
11
0.7089725196850394
21
1.2907947637795276
0
LINE
8
BLACK
6
CONTINUOUS
10
0.7089725196850394
20
1.2907947637795276
11
0.7069659448818898
21
1.2910256692913387
0
LINE
8
BLACK
6
CONTINUOUS
10
0.7069659448818898
20
1.2910256692913387
11
0.7039662992125985
21
1.292525472440945
0
LINE
8
BLACK
6
CONTINUOUS
10
0.7039662992125985
20
1.292525472440945
11
0.7032572440944882
21
1.2930513779527559
0
LINE
8
BLACK
6
CONTINUOUS
10
0.7032572440944882
20
1.2930513779527559
11
0.7031988976377953
21
1.2930785826771654
0
LINE
8
BLACK
6
CONTINUOUS
10
0.7031988976377953
20
1.2930785826771654
11
0.7022403149606299
21
1.2940372047244095
0
LINE
8
BLACK
6
CONTINUOUS
10
0.7022403149606299
20
1.2940372047244095
11
0.7022403149606299
21
1.2741222440944882
0
LINE
8
BLACK
6
CONTINUOUS
10
0.7022403149606299
20
1.2741222440944882
11
0.7082864566929133
21
1.2741222440944882
0
LINE
8
BLACK
6
CONTINUOUS
10
0.7082864566929133
20
1.2741222440944882
11
0.7092963779527559
21
1.2739441732283465
0
LINE
8
BLACK
6
CONTINUOUS
10
0.7092963779527559
20
1.2739441732283465
11
0.7108436220472441
21
1.2726458661417324
0
LINE
8
BLACK
6
CONTINUOUS
10
0.7108436220472441
20
1.2726458661417324
11
0.7111943700787401
21
1.2706567322834645
0
LINE
8
BLACK
6
CONTINUOUS
10
0.7111943700787401
20
1.2706567322834645
11
0.7101844488188976
21
1.268907559055118
0
LINE
8
BLACK
6
CONTINUOUS
10
0.7101844488188976
20
1.268907559055118
11
0.7082864566929133
21
1.2682167322834645
0
LINE
8
BLACK
6
CONTINUOUS
10
0.7082864566929133
20
1.2682167322834645
11
0.6902887007874016
21
1.2682167322834645
0
LINE
8
BLACK
6
CONTINUOUS
10
0.6902887007874016
20
1.2682167322834645
11
0.689278779527559
21
1.2683948031496062
0
LINE
8
BLACK
6
CONTINUOUS
10
0.689278779527559
20
1.2683948031496062
11
0.6877315354330709
21
1.2696931102362203
0
LINE
8
BLACK
6
CONTINUOUS
10
0.6877315354330709
20
1.2696931102362203
11
0.6873807874015748
21
1.2716822440944882
0
LINE
8
BLACK
6
CONTINUOUS
10
0.6873807874015748
20
1.2716822440944882
11
0.6883907086614173
21
1.2734314173228347
0
LINE
8
BLACK
6
CONTINUOUS
10
0.6883907086614173
20
1.2734314173228347
11
0.6902887007874016
21
1.2741222440944882
0
LINE
8
BLACK
6
CONTINUOUS
10
0.6902887007874016
20
1.2741222440944882
11
0.6963348031496063
21
1.2741222440944882
0
LINE
8
BLACK
6
CONTINUOUS
10
0.6963348031496063
20
1.2741222440944882
11
0.6963348031496063
21
1.3026655511811023
0
LINE
8
BLACK
6
CONTINUOUS
10
0.6963348031496063
20
1.3026655511811023
11
0.696512874015748
21
1.3036754724409449
0
LINE
8
BLACK
6
CONTINUOUS
10
0.696512874015748
20
1.3036754724409449
11
0.6966220078740157
21
1.3038055511811024
0
LINE
8
BLACK
6
CONTINUOUS
10
0.6966220078740157
20
1.3038055511811024
11
0.6966406692913386
21
1.3039742913385826
0
LINE
8
BLACK
6
CONTINUOUS
10
0.6966406692913386
20
1.3039742913385826
11
0.6972603543307087
21
1.3045663385826771
0
LINE
8
BLACK
6
CONTINUOUS
10
0.6972603543307087
20
1.3045663385826771
11
0.6978111811023622
21
1.3052227165354331
0
LINE
8
BLACK
6
CONTINUOUS
10
0.6978111811023622
20
1.3052227165354331
11
0.6979783464566929
21
1.3052522047244095
0
LINE
8
BLACK
6
CONTINUOUS
10
0.6979783464566929
20
1.3052522047244095
11
0.6981011417322834
21
1.3053694881889764
0
LINE
8
BLACK
6
CONTINUOUS
10
0.6981011417322834
20
1.3053694881889764
11
0.6989563385826771
21
1.3054246456692913
0
LINE
8
BLACK
6
CONTINUOUS
10
0.6989563385826771
20
1.3054246456692913
11
0.6998003149606299
21
1.305573464566929
0
LINE
8
BLACK
6
CONTINUOUS
10
0.6998003149606299
20
1.305573464566929
11
0.6999473622047244
21
1.3054885826771654
0
LINE
8
BLACK
6
CONTINUOUS
10
0.6171813385826771
20
1.3055507086614173
11
0.6173105905511811
21
1.305573464566929
0
LINE
8
BLACK
6
CONTINUOUS
10
0.6173105905511811
20
1.305573464566929
11
0.6174241732283464
21
1.305507874015748
0
LINE
8
BLACK
6
CONTINUOUS
10
0.6174241732283464
20
1.305507874015748
11
0.6178077559055118
21
1.3054402362204724
0
LINE
8
BLACK
6
CONTINUOUS
10
0.6178077559055118
20
1.3054402362204724
11
0.6183954330708661
21
1.304947125984252
0
LINE
8
BLACK
6
CONTINUOUS
10
0.6183954330708661
20
1.304947125984252
11
0.6190597637795275
21
1.3045635433070866
0
LINE
8
BLACK
6
CONTINUOUS
10
0.6190597637795275
20
1.3045635433070866
11
0.6191508661417323
21
1.3043132283464567
0
LINE
8
BLACK
6
CONTINUOUS
10
0.6191508661417323
20
1.3043132283464567
11
0.619355
21
1.3041419291338583
0
LINE
8
BLACK
6
CONTINUOUS
10
0.619355
20
1.3041419291338583
11
0.6194882283464567
21
1.3033863779527559
0
LINE
8
BLACK
6
CONTINUOUS
10
0.6194882283464567
20
1.3033863779527559
11
0.6197505905511811
21
1.3026655511811023
0
LINE
8
BLACK
6
CONTINUOUS
10
0.6197505905511811
20
1.3026655511811023
11
0.6197505905511811
21
1.2711694881889763
0
LINE
8
BLACK
6
CONTINUOUS
10
0.6197505905511811
20
1.2711694881889763
11
0.6195725196850393
21
1.2701595669291339
0
LINE
8
BLACK
6
CONTINUOUS
10
0.6195725196850393
20
1.2701595669291339
11
0.6182742125984252
21
1.2686123228346455
0
LINE
8
BLACK
6
CONTINUOUS
10
0.6182742125984252
20
1.2686123228346455
11
0.6162850787401575
21
1.2682615748031496
0
LINE
8
BLACK
6
CONTINUOUS
10
0.6162850787401575
20
1.2682615748031496
11
0.614535905511811
21
1.2692714960629921
0
LINE
8
BLACK
6
CONTINUOUS
10
0.614535905511811
20
1.2692714960629921
11
0.6138450787401575
21
1.2711694881889763
0
LINE
8
BLACK
6
CONTINUOUS
10
0.6138450787401575
20
1.2711694881889763
11
0.6138450787401575
21
1.2832148818897637
0
LINE
8
BLACK
6
CONTINUOUS
10
0.6138450787401575
20
1.2832148818897637
11
0.6108361417322834
21
1.2832148818897637
0
LINE
8
BLACK
6
CONTINUOUS
10
0.6108361417322834
20
1.2832148818897637
11
0.6012190551181102
21
1.2694761811023623
0
LINE
8
BLACK
6
CONTINUOUS
10
0.6012190551181102
20
1.2694761811023623
11
0.6004940551181103
21
1.2687509448818897
0
LINE
8
BLACK
6
CONTINUOUS
10
0.6004940551181103
20
1.2687509448818897
11
0.5985431496062992
21
1.2682279133858267
0
LINE
8
BLACK
6
CONTINUOUS
10
0.5985431496062992
20
1.2682279133858267
11
0.5967124409448819
21
1.2690812598425196
0
LINE
8
BLACK
6
CONTINUOUS
10
0.5967124409448819
20
1.2690812598425196
11
0.595858622047244
21
1.2709117322834644
0
LINE
8
BLACK
6
CONTINUOUS
10
0.595858622047244
20
1.2709117322834644
11
0.5963811023622048
21
1.2728627952755904
0
LINE
8
BLACK
6
CONTINUOUS
10
0.5963811023622048
20
1.2728627952755904
11
0.6037659448818897
21
1.2834126377952755
0
LINE
8
BLACK
6
CONTINUOUS
10
0.6037659448818897
20
1.2834126377952755
11
0.6036541338582677
21
1.2835064566929133
0
LINE
8
BLACK
6
CONTINUOUS
10
0.6036541338582677
20
1.2835064566929133
11
0.6034788188976378
21
1.2835266141732282
0
LINE
8
BLACK
6
CONTINUOUS
10
0.6034788188976378
20
1.2835266141732282
11
0.6004792125984252
21
1.2850264173228345
0
LINE
8
BLACK
6
CONTINUOUS
10
0.6004792125984252
20
1.2850264173228345
11
0.5997701181102362
21
1.2855523228346457
0
LINE
8
BLACK
6
CONTINUOUS
10
0.5997701181102362
20
1.2855523228346457
11
0.599711811023622
21
1.2855795275590551
0
LINE
8
BLACK
6
CONTINUOUS
10
0.599711811023622
20
1.2855795275590551
11
0.5982120078740157
21
1.2870793307086614
0
LINE
8
BLACK
6
CONTINUOUS
10
0.5982120078740157
20
1.2870793307086614
11
0.5977057086614173
21
1.2878024409448818
0
LINE
8
BLACK
6
CONTINUOUS
10
0.5977057086614173
20
1.2878024409448818
11
0.5976588976377952
21
1.2878467322834646
0
LINE
8
BLACK
6
CONTINUOUS
10
0.5976588976377952
20
1.2878467322834646
11
0.5961590551181102
21
1.2908463779527559
0
LINE
8
BLACK
6
CONTINUOUS
10
0.5961590551181102
20
1.2908463779527559
11
0.5958666929133858
21
1.2918292913385827
0
LINE
8
BLACK
6
CONTINUOUS
10
0.5958666929133858
20
1.2918292913385827
11
0.5959076771653543
21
1.2920010236220472
0
LINE
8
BLACK
6
CONTINUOUS
10
0.5959076771653543
20
1.2920010236220472
11
0.5958473228346457
21
1.2921668897637795
0
LINE
8
BLACK
6
CONTINUOUS
10
0.5958473228346457
20
1.2921668897637795
11
0.5958473228346457
21
1.2966662992125984
0
LINE
8
BLACK
6
CONTINUOUS
10
0.5958473228346457
20
1.2966662992125984
11
0.5960253937007874
21
1.297676220472441
0
LINE
8
BLACK
6
CONTINUOUS
10
0.5960253937007874
20
1.297676220472441
11
0.5961388582677165
21
1.2978114960629921
0
LINE
8
BLACK
6
CONTINUOUS
10
0.5961388582677165
20
1.2978114960629921
11
0.5961590551181102
21
1.2979868110236221
0
LINE
8
BLACK
6
CONTINUOUS
10
0.5961590551181102
20
1.2979868110236221
11
0.5976588976377952
21
1.3009864566929135
0
LINE
8
BLACK
6
CONTINUOUS
10
0.5976588976377952
20
1.3009864566929135
11
0.5981847244094488
21
1.3016954330708661
0
LINE
8
BLACK
6
CONTINUOUS
10
0.5981847244094488
20
1.3016954330708661
11
0.5982120078740157
21
1.3017538582677166
0
LINE
8
BLACK
6
CONTINUOUS
10
0.5982120078740157
20
1.3017538582677166
11
0.599711811023622
21
1.3032536614173229
0
LINE
8
BLACK
6
CONTINUOUS
10
0.599711811023622
20
1.3032536614173229
11
0.6004348818897638
21
1.3037599606299213
0
LINE
8
BLACK
6
CONTINUOUS
10
0.6004348818897638
20
1.3037599606299213
11
0.6004792125984252
21
1.3038067716535433
0
LINE
8
BLACK
6
CONTINUOUS
10
0.6004792125984252
20
1.3038067716535433
11
0.6034788188976378
21
1.3053065748031496
0
LINE
8
BLACK
6
CONTINUOUS
10
0.6034788188976378
20
1.3053065748031496
11
0.6044617716535433
21
1.305598937007874
0
LINE
8
BLACK
6
CONTINUOUS
10
0.6044617716535433
20
1.305598937007874
11
0.6046334251968504
21
1.3055579527559056
0
LINE
8
BLACK
6
CONTINUOUS
10
0.6046334251968504
20
1.3055579527559056
11
0.6047993307086614
21
1.3056183070866141
0
LINE
8
BLACK
6
CONTINUOUS
10
0.6047993307086614
20
1.3056183070866141
11
0.6167978346456693
21
1.3056183070866141
0
LINE
8
BLACK
6
CONTINUOUS
10
0.6167978346456693
20
1.3056183070866141
11
0.6171813385826771
21
1.3055507086614173
0
LINE
8
BLACK
6
CONTINUOUS
10
0.6035488188976378
20
1.2987390157480314
11
0.6027266535433071
21
1.2979168897637794
0
LINE
8
BLACK
6
CONTINUOUS
10
0.6027266535433071
20
1.2979168897637794
11
0.6017528346456693
21
1.295969251968504
0
LINE
8
BLACK
6
CONTINUOUS
10
0.6017528346456693
20
1.295969251968504
11
0.6017528346456693
21
1.2928639763779528
0
LINE
8
BLACK
6
CONTINUOUS
10
0.6017528346456693
20
1.2928639763779528
11
0.6027266535433071
21
1.2909163385826772
0
LINE
8
BLACK
6
CONTINUOUS
10
0.6027266535433071
20
1.2909163385826772
11
0.6035488188976378
21
1.2900941732283464
0
LINE
8
BLACK
6
CONTINUOUS
10
0.6035488188976378
20
1.2900941732283464
11
0.6054963779527559
21
1.2891203937007873
0
LINE
8
BLACK
6
CONTINUOUS
10
0.6054963779527559
20
1.2891203937007873
11
0.6138450787401575
21
1.2891203937007873
0
LINE
8
BLACK
6
CONTINUOUS
10
0.6138450787401575
20
1.2891203937007873
11
0.6138450787401575
21
1.2997127952755905
0
LINE
8
BLACK
6
CONTINUOUS
10
0.6138450787401575
20
1.2997127952755905
11
0.6054963779527559
21
1.2997127952755905
0
LINE
8
BLACK
6
CONTINUOUS
10
0.6054963779527559
20
1.2997127952755905
11
0.6035488188976378
21
1.2987390157480314
0
LINE
8
BLACK
6
CONTINUOUS
10
0.8400766535433071
20
1.3252343700787401
11
0.8416238976377952
21
1.323936062992126
0
LINE
8
BLACK
6
CONTINUOUS
10
0.8416238976377952
20
1.323936062992126
11
0.8419746456692914
21
1.3219469291338581
0
LINE
8
BLACK
6
CONTINUOUS
10
0.8419746456692914
20
1.3219469291338581
11
0.8409647244094488
21
1.3201977559055118
0
LINE
8
BLACK
6
CONTINUOUS
10
0.8409647244094488
20
1.3201977559055118
11
0.8390667322834645
21
1.3195069291338581
0
LINE
8
BLACK
6
CONTINUOUS
10
0.8390667322834645
20
1.3195069291338581
11
0.8319270078740157
21
1.3195069291338581
0
LINE
8
BLACK
6
CONTINUOUS
10
0.8319270078740157
20
1.3195069291338581
11
0.8408383858267716
21
1.3128233858267717
0
LINE
8
BLACK
6
CONTINUOUS
10
0.8408383858267716
20
1.3128233858267717
11
0.8415394881889764
21
1.3120749606299211
0
LINE
8
BLACK
6
CONTINUOUS
10
0.8415394881889764
20
1.3120749606299211
11
0.8419983070866142
21
1.3101079921259842
0
LINE
8
BLACK
6
CONTINUOUS
10
0.8419983070866142
20
1.3101079921259842
11
0.8410854330708661
21
1.3083062204724409
0
LINE
8
BLACK
6
CONTINUOUS
10
0.8410854330708661
20
1.3083062204724409
11
0.8392279527559054
21
1.3075128346456693
0
LINE
8
BLACK
6
CONTINUOUS
10
0.8392279527559054
20
1.3075128346456693
11
0.8372950787401574
21
1.3080989763779527
0
LINE
8
BLACK
6
CONTINUOUS
10
0.8372950787401574
20
1.3080989763779527
11
0.8339267716535433
21
1.3106251968503937
0
LINE
8
BLACK
6
CONTINUOUS
10
0.8339267716535433
20
1.3106251968503937
11
0.8334744094488189
21
1.3105039763779527
0
LINE
8
BLACK
6
CONTINUOUS
10
0.8334744094488189
20
1.3105039763779527
11
0.8316438582677165
21
1.3113575196850393
0
LINE
8
BLACK
6
CONTINUOUS
10
0.8316438582677165
20
1.3113575196850393
11
0.8304827952755905
21
1.3125185433070865
0
LINE
8
BLACK
6
CONTINUOUS
10
0.8304827952755905
20
1.3125185433070865
11
0.8285352362204724
21
1.3134923228346456
0
LINE
8
BLACK
6
CONTINUOUS
10
0.8285352362204724
20
1.3134923228346456
11
0.8252762598425196
21
1.3134923228346456
0
LINE
8
BLACK
6
CONTINUOUS
10
0.8252762598425196
20
1.3134923228346456
11
0.8201572440944882
21
1.3083732677165354
0
LINE
8
BLACK
6
CONTINUOUS
10
0.8201572440944882
20
1.3083732677165354
11
0.8193172047244094
21
1.3077850787401575
0
LINE
8
BLACK
6
CONTINUOUS
10
0.8193172047244094
20
1.3077850787401575
11
0.81875
21
1.3077354724409449
0
LINE
8
BLACK
6
CONTINUOUS
10
0.81875
20
1.3077354724409449
11
0.8198145669291338
21
1.304541811023622
0
LINE
8
BLACK
6
CONTINUOUS
10
0.8198145669291338
20
1.304541811023622
11
0.8373194488188976
21
1.2870369291338581
0
LINE
8
BLACK
6
CONTINUOUS
10
0.8373194488188976
20
1.2870369291338581
11
0.8376892125984252
21
1.2865088976377952
0
LINE
8
BLACK
6
CONTINUOUS
10
0.8376892125984252
20
1.2865088976377952
11
0.8377887007874015
21
1.2864253937007875
0
LINE
8
BLACK
6
CONTINUOUS
10
0.8377887007874015
20
1.2864253937007875
11
0.8378024803149606
21
1.2863470866141733
0
LINE
8
BLACK
6
CONTINUOUS
10
0.8378024803149606
20
1.2863470866141733
11
0.8379076771653543
21
1.2861968897637794
0
LINE
8
BLACK
6
CONTINUOUS
10
0.8379076771653543
20
1.2861968897637794
11
0.8379851181102362
21
1.2853113385826771
0
LINE
8
BLACK
6
CONTINUOUS
10
0.8379851181102362
20
1.2853113385826771
11
0.8381394488188976
21
1.2844362598425196
0
LINE
8
BLACK
6
CONTINUOUS
10
0.8381394488188976
20
1.2844362598425196
11
0.8380719291338582
21
1.2843193307086613
0
LINE
8
BLACK
6
CONTINUOUS
10
0.8380719291338582
20
1.2843193307086613
11
0.8380837007874016
21
1.2841847637795276
0
LINE
8
BLACK
6
CONTINUOUS
10
0.8380837007874016
20
1.2841847637795276
11
0.8375738188976378
21
1.2834566141732284
0
LINE
8
BLACK
6
CONTINUOUS
10
0.8375738188976378
20
1.2834566141732284
11
0.8371295275590551
21
1.2826870866141733
0
LINE
8
BLACK
6
CONTINUOUS
10
0.8371295275590551
20
1.2826870866141733
11
0.8370026377952756
21
1.2826409448818898
0
LINE
8
BLACK
6
CONTINUOUS
10
0.8370026377952756
20
1.2826409448818898
11
0.8369251574803149
21
1.2825302362204725
0
LINE
8
BLACK
6
CONTINUOUS
10
0.8369251574803149
20
1.2825302362204725
11
0.8360665748031496
21
1.2823002362204725
0
LINE
8
BLACK
6
CONTINUOUS
10
0.8360665748031496
20
1.2823002362204725
11
0.8352315354330708
21
1.2819962598425196
0
LINE
8
BLACK
6
CONTINUOUS
10
0.8352315354330708
20
1.2819962598425196
11
0.8157339763779528
21
1.2819962598425196
0
LINE
8
BLACK
6
CONTINUOUS
10
0.8157339763779528
20
1.2819962598425196
11
0.8147240551181102
21
1.2821743307086615
0
LINE
8
BLACK
6
CONTINUOUS
10
0.8147240551181102
20
1.2821743307086615
11
0.813176811023622
21
1.2834726377952757
0
LINE
8
BLACK
6
CONTINUOUS
10
0.813176811023622
20
1.2834726377952757
11
0.812826062992126
21
1.2854617716535433
0
LINE
8
BLACK
6
CONTINUOUS
10
0.812826062992126
20
1.2854617716535433
11
0.8138359842519685
21
1.2872109448818898
0
LINE
8
BLACK
6
CONTINUOUS
10
0.8138359842519685
20
1.2872109448818898
11
0.8157339763779528
21
1.2879017716535432
0
LINE
8
BLACK
6
CONTINUOUS
10
0.8157339763779528
20
1.2879017716535432
11
0.8281029527559055
21
1.2879017716535432
0
LINE
8
BLACK
6
CONTINUOUS
10
0.8281029527559055
20
1.2879017716535432
11
0.8151458661417322
21
1.3008588582677165
0
LINE
8
BLACK
6
CONTINUOUS
10
0.8151458661417322
20
1.3008588582677165
11
0.8145576771653543
21
1.3016988976377952
0
LINE
8
BLACK
6
CONTINUOUS
10
0.8145576771653543
20
1.3016988976377952
11
0.8145422834645669
21
1.3018747637795276
0
LINE
8
BLACK
6
CONTINUOUS
10
0.8145422834645669
20
1.3018747637795276
11
0.8144325590551181
21
1.302013031496063
0
LINE
8
BLACK
6
CONTINUOUS
10
0.8144325590551181
20
1.302013031496063
11
0.8129327559055118
21
1.3065124803149606
0
LINE
8
BLACK
6
CONTINUOUS
10
0.8129327559055118
20
1.3065124803149606
11
0.8128032677165354
21
1.3073856692913386
0
LINE
8
BLACK
6
CONTINUOUS
10
0.8128032677165354
20
1.3073856692913386
11
0.8127812204724409
21
1.3074462204724409
0
LINE
8
BLACK
6
CONTINUOUS
10
0.8127812204724409
20
1.3074462204724409
11
0.8127812204724409
21
1.3104458267716534
0
LINE
8
BLACK
6
CONTINUOUS
10
0.8127812204724409
20
1.3104458267716534
11
0.8129592913385827
21
1.3114557480314961
0
LINE
8
BLACK
6
CONTINUOUS
10
0.8129592913385827
20
1.3114557480314961
11
0.8130727559055118
21
1.3115910236220472
0
LINE
8
BLACK
6
CONTINUOUS
10
0.8130727559055118
20
1.3115910236220472
11
0.8130929527559055
21
1.3117663385826772
0
LINE
8
BLACK
6
CONTINUOUS
10
0.8130929527559055
20
1.3117663385826772
11
0.8145927559055118
21
1.3147659842519686
0
LINE
8
BLACK
6
CONTINUOUS
10
0.8145927559055118
20
1.3147659842519686
11
0.8151186614173228
21
1.3154750787401575
0
LINE
8
BLACK
6
CONTINUOUS
10
0.8151186614173228
20
1.3154750787401575
11
0.8151458661417322
21
1.3155333858267717
0
LINE
8
BLACK
6
CONTINUOUS
10
0.8151458661417322
20
1.3155333858267717
11
0.8166456692913385
21
1.317033188976378
0
LINE
8
BLACK
6
CONTINUOUS
10
0.8166456692913385
20
1.317033188976378
11
0.8173687401574803
21
1.3175394881889764
0
LINE
8
BLACK
6
CONTINUOUS
10
0.8173687401574803
20
1.3175394881889764
11
0.8174130708661417
21
1.3175862992125984
0
LINE
8
BLACK
6
CONTINUOUS
10
0.8174130708661417
20
1.3175862992125984
11
0.820412716535433
21
1.3190861023622047
0
LINE
8
BLACK
6
CONTINUOUS
10
0.820412716535433
20
1.3190861023622047
11
0.8213956692913386
21
1.3193785039370078
0
LINE
8
BLACK
6
CONTINUOUS
10
0.8213956692913386
20
1.3193785039370078
11
0.8215673622047244
21
1.3193374803149607
0
LINE
8
BLACK
6
CONTINUOUS
10
0.8215673622047244
20
1.3193374803149607
11
0.8217332283464567
21
1.3193978346456692
0
LINE
8
BLACK
6
CONTINUOUS
10
0.8217332283464567
20
1.3193978346456692
11
0.822830157480315
21
1.3193978346456692
0
LINE
8
BLACK
6
CONTINUOUS
10
0.822830157480315
20
1.3193978346456692
11
0.8229392519685039
21
1.3195069291338581
0
LINE
8
BLACK
6
CONTINUOUS
10
0.8229392519685039
20
1.3195069291338581
11
0.8075706692913386
21
1.3195069291338581
0
LINE
8
BLACK
6
CONTINUOUS
10
0.8075706692913386
20
1.3195069291338581
11
0.806560748031496
21
1.319685
0
LINE
8
BLACK
6
CONTINUOUS
10
0.806560748031496
20
1.319685
11
0.8050135039370079
21
1.3209833070866142
0
LINE
8
BLACK
6
CONTINUOUS
10
0.8050135039370079
20
1.3209833070866142
11
0.8046627559055118
21
1.3229724409448818
0
LINE
8
BLACK
6
CONTINUOUS
10
0.8046627559055118
20
1.3229724409448818
11
0.8056726771653543
21
1.3247216141732283
0
LINE
8
BLACK
6
CONTINUOUS
10
0.8056726771653543
20
1.3247216141732283
11
0.8075706692913386
21
1.3254124409448818
0
LINE
8
BLACK
6
CONTINUOUS
10
0.8075706692913386
20
1.3254124409448818
11
0.8390667322834645
21
1.3254124409448818
0
LINE
8
BLACK
6
CONTINUOUS
10
0.8390667322834645
20
1.3254124409448818
11
0.8400766535433071
21
1.3252343700787401
0
LINE
8
BLACK
6
CONTINUOUS
10
0.7677857874015748
20
1.320460748031496
11
0.7690413385826772
21
1.3188786220472442
0
LINE
8
BLACK
6
CONTINUOUS
10
0.7690413385826772
20
1.3188786220472442
11
0.7765404330708662
21
1.2963814566929133
0
LINE
8
BLACK
6
CONTINUOUS
10
0.7765404330708662
20
1.2963814566929133
11
0.7766908661417322
21
1.2953670866141731
0
LINE
8
BLACK
6
CONTINUOUS
10
0.7766908661417322
20
1.2953670866141731
11
0.7766079133858268
21
1.2951572440944881
0
LINE
8
BLACK
6
CONTINUOUS
10
0.7766079133858268
20
1.2951572440944881
11
0.7766471259842519
21
1.2949349606299212
0
LINE
8
BLACK
6
CONTINUOUS
10
0.7766471259842519
20
1.2949349606299212
11
0.7762443700787401
21
1.2942374803149606
0
LINE
8
BLACK
6
CONTINUOUS
10
0.7762443700787401
20
1.2942374803149606
11
0.7759484645669291
21
1.2934886614173229
0
LINE
8
BLACK
6
CONTINUOUS
10
0.7759484645669291
20
1.2934886614173229
11
0.7757499999999999
21
1.2933812204724409
0
LINE
8
BLACK
6
CONTINUOUS
10
0.7757499999999999
20
1.2933812204724409
11
0.7756372047244094
21
1.2931857874015749
0
LINE
8
BLACK
6
CONTINUOUS
10
0.7756372047244094
20
1.2931857874015749
11
0.7748804724409448
21
1.2929103937007873
0
LINE
8
BLACK
6
CONTINUOUS
10
0.7748804724409448
20
1.2929103937007873
11
0.7741723228346457
21
1.2925268897637796
0
LINE
8
BLACK
6
CONTINUOUS
10
0.7741723228346457
20
1.2925268897637796
11
0.7739512204724409
21
1.2925721653543307
0
LINE
8
BLACK
6
CONTINUOUS
10
0.7739512204724409
20
1.2925721653543307
11
0.7737392125984252
21
1.2924949606299212
0
LINE
8
BLACK
6
CONTINUOUS
10
0.7737392125984252
20
1.2924949606299212
11
0.7616938188976378
21
1.2924949606299212
0
LINE
8
BLACK
6
CONTINUOUS
10
0.7616938188976378
20
1.2924949606299212
11
0.7616938188976378
21
1.2849490157480314
0
LINE
8
BLACK
6
CONTINUOUS
10
0.7616938188976378
20
1.2849490157480314
11
0.761515748031496
21
1.283939094488189
0
LINE
8
BLACK
6
CONTINUOUS
10
0.761515748031496
20
1.283939094488189
11
0.7602174409448819
21
1.2823918503937008
0
LINE
8
BLACK
6
CONTINUOUS
10
0.7602174409448819
20
1.2823918503937008
11
0.7582283070866142
21
1.2820411023622047
0
LINE
8
BLACK
6
CONTINUOUS
10
0.7582283070866142
20
1.2820411023622047
11
0.7564791338582677
21
1.2830510236220471
0
LINE
8
BLACK
6
CONTINUOUS
10
0.7564791338582677
20
1.2830510236220471
11
0.7557883070866142
21
1.2849490157480314
0
LINE
8
BLACK
6
CONTINUOUS
10
0.7557883070866142
20
1.2849490157480314
11
0.7557883070866142
21
1.2924949606299212
0
LINE
8
BLACK
6
CONTINUOUS
10
0.7557883070866142
20
1.2924949606299212
11
0.7542416141732283
21
1.2924949606299212
0
LINE
8
BLACK
6
CONTINUOUS
10
0.7542416141732283
20
1.2924949606299212
11
0.7532316929133858
21
1.2926730314960631
0
LINE
8
BLACK
6
CONTINUOUS
10
0.7532316929133858
20
1.2926730314960631
11
0.7516844488188976
21
1.2939713385826772
0
LINE
8
BLACK
6
CONTINUOUS
10
0.7516844488188976
20
1.2939713385826772
11
0.7513337007874016
21
1.2959604724409448
0
LINE
8
BLACK
6
CONTINUOUS
10
0.7513337007874016
20
1.2959604724409448
11
0.752343622047244
21
1.2977096456692914
0
LINE
8
BLACK
6
CONTINUOUS
10
0.752343622047244
20
1.2977096456692914
11
0.7542416141732283
21
1.2984004724409448
0
LINE
8
BLACK
6
CONTINUOUS
10
0.7542416141732283
20
1.2984004724409448
11
0.7557883070866142
21
1.2984004724409448
0
LINE
8
BLACK
6
CONTINUOUS
10
0.7557883070866142
20
1.2984004724409448
11
0.7557883070866142
21
1.3059464173228346
0
LINE
8
BLACK
6
CONTINUOUS
10
0.7557883070866142
20
1.3059464173228346
11
0.7559663779527559
21
1.3069563385826772
0
LINE
8
BLACK
6
CONTINUOUS
10
0.7559663779527559
20
1.3069563385826772
11
0.7572646850393701
21
1.3085035826771654
0
LINE
8
BLACK
6
CONTINUOUS
10
0.7572646850393701
20
1.3085035826771654
11
0.7592538188976378
21
1.3088543307086613
0
LINE
8
BLACK
6
CONTINUOUS
10
0.7592538188976378
20
1.3088543307086613
11
0.7610029921259842
21
1.3078444094488189
0
LINE
8
BLACK
6
CONTINUOUS
10
0.7610029921259842
20
1.3078444094488189
11
0.7616938188976378
21
1.3059464173228346
0
LINE
8
BLACK
6
CONTINUOUS
10
0.7616938188976378
20
1.3059464173228346
11
0.7616938188976378
21
1.2984004724409448
0
LINE
8
BLACK
6
CONTINUOUS
10
0.7616938188976378
20
1.2984004724409448
11
0.7696424803149606
21
1.2984004724409448
0
LINE
8
BLACK
6
CONTINUOUS
10
0.7696424803149606
20
1.2984004724409448
11
0.7634388976377953
21
1.3170111417322834
0
LINE
8
BLACK
6
CONTINUOUS
10
0.7634388976377953
20
1.3170111417322834
11
0.7632884645669291
21
1.3180255511811023
0
LINE
8
BLACK
6
CONTINUOUS
10
0.7632884645669291
20
1.3180255511811023
11
0.7640308661417322
21
1.319903937007874
0
LINE
8
BLACK
6
CONTINUOUS
10
0.7640308661417322
20
1.319903937007874
11
0.7658070078740157
21
1.3208657086614173
0
LINE
8
BLACK
6
CONTINUOUS
10
0.7658070078740157
20
1.3208657086614173
11
0.7677857874015748
21
1.320460748031496
0
LINE
8
BLACK
6
CONTINUOUS
10
0.7977820472440945
20
1.320460748031496
11
0.7990375984251968
21
1.3188786220472442
0
LINE
8
BLACK
6
CONTINUOUS
10
0.7990375984251968
20
1.3188786220472442
11
0.8065366929133858
21
1.2963814566929133
0
LINE
8
BLACK
6
CONTINUOUS
10
0.8065366929133858
20
1.2963814566929133
11
0.806687125984252
21
1.2953670866141731
0
LINE
8
BLACK
6
CONTINUOUS
10
0.806687125984252
20
1.2953670866141731
11
0.8066041732283464
21
1.2951572440944881
0
LINE
8
BLACK
6
CONTINUOUS
10
0.8066041732283464
20
1.2951572440944881
11
0.8066433858267716
21
1.2949349606299212
0
LINE
8
BLACK
6
CONTINUOUS
10
0.8066433858267716
20
1.2949349606299212
11
0.8062406299212598
21
1.2942374803149606
0
LINE
8
BLACK
6
CONTINUOUS
10
0.8062406299212598
20
1.2942374803149606
11
0.8059447244094488
21
1.2934886614173229
0
LINE
8
BLACK
6
CONTINUOUS
10
0.8059447244094488
20
1.2934886614173229
11
0.8057462598425197
21
1.2933812204724409
0
LINE
8
BLACK
6
CONTINUOUS
10
0.8057462598425197
20
1.2933812204724409
11
0.8056334645669291
21
1.2931857874015749
0
LINE
8
BLACK
6
CONTINUOUS
10
0.8056334645669291
20
1.2931857874015749
11
0.8048767322834646
21
1.2929103937007873
0
LINE
8
BLACK
6
CONTINUOUS
10
0.8048767322834646
20
1.2929103937007873
11
0.8041685826771653
21
1.2925268897637796
0
LINE
8
BLACK
6
CONTINUOUS
10
0.8041685826771653
20
1.2925268897637796
11
0.8039474803149607
21
1.2925721653543307
0
LINE
8
BLACK
6
CONTINUOUS
10
0.8039474803149607
20
1.2925721653543307
11
0.8037354724409449
21
1.2924949606299212
0
LINE
8
BLACK
6
CONTINUOUS
10
0.8037354724409449
20
1.2924949606299212
11
0.7916900787401575
21
1.2924949606299212
0
LINE
8
BLACK
6
CONTINUOUS
10
0.7916900787401575
20
1.2924949606299212
11
0.7916900787401575
21
1.2849490157480314
0
LINE
8
BLACK
6
CONTINUOUS
10
0.7916900787401575
20
1.2849490157480314
11
0.7915120078740158
21
1.283939094488189
0
LINE
8
BLACK
6
CONTINUOUS
10
0.7915120078740158
20
1.283939094488189
11
0.7902137007874016
21
1.2823918503937008
0
LINE
8
BLACK
6
CONTINUOUS
10
0.7902137007874016
20
1.2823918503937008
11
0.7882245669291338
21
1.2820411023622047
0
LINE
8
BLACK
6
CONTINUOUS
10
0.7882245669291338
20
1.2820411023622047
11
0.7864753937007873
21
1.2830510236220471
0
LINE
8
BLACK
6
CONTINUOUS
10
0.7864753937007873
20
1.2830510236220471
11
0.7857845669291338
21
1.2849490157480314
0
LINE
8
BLACK
6
CONTINUOUS
10
0.7857845669291338
20
1.2849490157480314
11
0.7857845669291338
21
1.2924949606299212
0
LINE
8
BLACK
6
CONTINUOUS
10
0.7857845669291338
20
1.2924949606299212
11
0.784237874015748
21
1.2924949606299212
0
LINE
8
BLACK
6
CONTINUOUS
10
0.784237874015748
20
1.2924949606299212
11
0.7832279527559055
21
1.2926730314960631
0
LINE
8
BLACK
6
CONTINUOUS
10
0.7832279527559055
20
1.2926730314960631
11
0.7816807086614173
21
1.2939713385826772
0
LINE
8
BLACK
6
CONTINUOUS
10
0.7816807086614173
20
1.2939713385826772
11
0.7813299606299212
21
1.2959604724409448
0
LINE
8
BLACK
6
CONTINUOUS
10
0.7813299606299212
20
1.2959604724409448
11
0.7823398818897638
21
1.2977096456692914
0
LINE
8
BLACK
6
CONTINUOUS
10
0.7823398818897638
20
1.2977096456692914
11
0.784237874015748
21
1.2984004724409448
0
LINE
8
BLACK
6
CONTINUOUS
10
0.784237874015748
20
1.2984004724409448
11
0.7857845669291338
21
1.2984004724409448
0
LINE
8
BLACK
6
CONTINUOUS
10
0.7857845669291338
20
1.2984004724409448
11
0.7857845669291338
21
1.3059464173228346
0
LINE
8
BLACK
6
CONTINUOUS
10
0.7857845669291338
20
1.3059464173228346
11
0.7859626377952755
21
1.3069563385826772
0
LINE
8
BLACK
6
CONTINUOUS
10
0.7859626377952755
20
1.3069563385826772
11
0.7872609448818897
21
1.3085035826771654
0
LINE
8
BLACK
6
CONTINUOUS
10
0.7872609448818897
20
1.3085035826771654
11
0.7892500787401575
21
1.3088543307086613
0
LINE
8
BLACK
6
CONTINUOUS
10
0.7892500787401575
20
1.3088543307086613
11
0.790999251968504
21
1.3078444094488189
0
LINE
8
BLACK
6
CONTINUOUS
10
0.790999251968504
20
1.3078444094488189
11
0.7916900787401575
21
1.3059464173228346
0
LINE
8
BLACK
6
CONTINUOUS
10
0.7916900787401575
20
1.3059464173228346
11
0.7916900787401575
21
1.2984004724409448
0
LINE
8
BLACK
6
CONTINUOUS
10
0.7916900787401575
20
1.2984004724409448
11
0.7996387401574803
21
1.2984004724409448
0
LINE
8
BLACK
6
CONTINUOUS
10
0.7996387401574803
20
1.2984004724409448
11
0.7934351574803149
21
1.3170111417322834
0
LINE
8
BLACK
6
CONTINUOUS
10
0.7934351574803149
20
1.3170111417322834
11
0.7932847244094487
21
1.3180255511811023
0
LINE
8
BLACK
6
CONTINUOUS
10
0.7932847244094487
20
1.3180255511811023
11
0.794027125984252
21
1.319903937007874
0
LINE
8
BLACK
6
CONTINUOUS
10
0.794027125984252
20
1.319903937007874
11
0.7958032677165354
21
1.3208657086614173
0
LINE
8
BLACK
6
CONTINUOUS
10
0.7958032677165354
20
1.3208657086614173
11
0.7977820472440945
21
1.320460748031496
0
LINE
8
BLACK
6
CONTINUOUS
10
0.6509580708661418
20
1.4619982283464568
11
0.6515346456692913
21
1.4606062992125983
0
LINE
8
BLACK
6
CONTINUOUS
10
0.6515346456692913
20
1.4606062992125983
11
0.6515346456692913
21
1.4232748031496063
0
LINE
8
BLACK
6
CONTINUOUS
10
0.6515346456692913
20
1.4232748031496063
11
0.6810661417322834
21
1.4232748031496063
0
LINE
8
BLACK
6
CONTINUOUS
10
0.6810661417322834
20
1.4232748031496063
11
0.6816122440944882
21
1.4230485826771653
0
LINE
8
BLACK
6
CONTINUOUS
10
0.6816122440944882
20
1.4230485826771653
11
0.6821899606299212
21
1.4229224803149605
0
LINE
8
BLACK
6
CONTINUOUS
10
0.6821899606299212
20
1.4229224803149605
11
0.6822888582677166
21
1.4227683464566929
0
LINE
8
BLACK
6
CONTINUOUS
10
0.6822888582677166
20
1.4227683464566929
11
0.6824580708661417
21
1.4226982283464567
0
LINE
8
BLACK
6
CONTINUOUS
10
0.6824580708661417
20
1.4226982283464567
11
0.6826842519685039
21
1.422152125984252
0
LINE
8
BLACK
6
CONTINUOUS
10
0.6826842519685039
20
1.422152125984252
11
0.6830036220472441
21
1.4216544488188976
0
LINE
8
BLACK
6
CONTINUOUS
10
0.6830036220472441
20
1.4216544488188976
11
0.6829645275590551
21
1.4214755118110236
0
LINE
8
BLACK
6
CONTINUOUS
10
0.6829645275590551
20
1.4214755118110236
11
0.6830346456692913
21
1.4213062992125984
0
LINE
8
BLACK
6
CONTINUOUS
10
0.6830346456692913
20
1.4213062992125984
11
0.6828083858267716
21
1.420760157480315
0
LINE
8
BLACK
6
CONTINUOUS
10
0.6828083858267716
20
1.420760157480315
11
0.6826823228346457
21
1.4201824803149605
0
LINE
8
BLACK
6
CONTINUOUS
10
0.6826823228346457
20
1.4201824803149605
11
0.6533325984251969
21
1.3779748031496062
0
LINE
8
BLACK
6
CONTINUOUS
10
0.6533325984251969
20
1.3779748031496062
11
0.6810661417322834
21
1.3779748031496062
0
LINE
8
BLACK
6
CONTINUOUS
10
0.6810661417322834
20
1.3779748031496062
11
0.6824580708661417
21
1.3773982283464568
0
LINE
8
BLACK
6
CONTINUOUS
10
0.6824580708661417
20
1.3773982283464568
11
0.6830346456692913
21
1.3760062992125983
0
LINE
8
BLACK
6
CONTINUOUS
10
0.6830346456692913
20
1.3760062992125983
11
0.6824580708661417
21
1.3746143700787401
0
LINE
8
BLACK
6
CONTINUOUS
10
0.6824580708661417
20
1.3746143700787401
11
0.6810661417322834
21
1.3740377952755904
0
LINE
8
BLACK
6
CONTINUOUS
10
0.6810661417322834
20
1.3740377952755904
11
0.6515346456692913
21
1.3740377952755904
0
LINE
8
BLACK
6
CONTINUOUS
10
0.6515346456692913
20
1.3740377952755904
11
0.6515346456692913
21
1.3405062992125985
0
LINE
8
BLACK
6
CONTINUOUS
10
0.6515346456692913
20
1.3405062992125985
11
0.6509580708661418
21
1.3391143700787402
0
LINE
8
BLACK
6
CONTINUOUS
10
0.6509580708661418
20
1.3391143700787402
11
0.6495661417322834
21
1.3385377952755906
0
LINE
8
BLACK
6
CONTINUOUS
10
0.6495661417322834
20
1.3385377952755906
11
0.6481742125984252
21
1.3391143700787402
0
LINE
8
BLACK
6
CONTINUOUS
10
0.6481742125984252
20
1.3391143700787402
11
0.6475976377952756
21
1.3405062992125985
0
LINE
8
BLACK
6
CONTINUOUS
10
0.6475976377952756
20
1.3405062992125985
11
0.6475976377952756
21
1.3740377952755904
0
LINE
8
BLACK
6
CONTINUOUS
10
0.6475976377952756
20
1.3740377952755904
11
0.6180661417322835
21
1.3740377952755904
0
LINE
8
BLACK
6
CONTINUOUS
10
0.6180661417322835
20
1.3740377952755904
11
0.6166742125984251
21
1.3746143700787401
0
LINE
8
BLACK
6
CONTINUOUS
10
0.6166742125984251
20
1.3746143700787401
11
0.6160976377952756
21
1.3760062992125983
0
LINE
8
BLACK
6
CONTINUOUS
10
0.6160976377952756
20
1.3760062992125983
11
0.6166742125984251
21
1.3773982283464568
0
LINE
8
BLACK
6
CONTINUOUS
10
0.6166742125984251
20
1.3773982283464568
11
0.6180661417322835
21
1.3779748031496062
0
LINE
8
BLACK
6
CONTINUOUS
10
0.6180661417322835
20
1.3779748031496062
11
0.6459351181102362
21
1.3779748031496062
0
LINE
8
BLACK
6
CONTINUOUS
10
0.6459351181102362
20
1.3779748031496062
11
0.6184165748031496
21
1.4202320866141731
0
LINE
8
BLACK
6
CONTINUOUS
10
0.6184165748031496
20
1.4202320866141731
11
0.618313188976378
21
1.4207858661417323
0
LINE
8
BLACK
6
CONTINUOUS
10
0.618313188976378
20
1.4207858661417323
11
0.6180976377952756
21
1.4213062992125984
0
LINE
8
BLACK
6
CONTINUOUS
10
0.6180976377952756
20
1.4213062992125984
11
0.6181792913385826
21
1.4215034645669291
0
LINE
8
BLACK
6
CONTINUOUS
10
0.6181792913385826
20
1.4215034645669291
11
0.6181401574803149
21
1.4217131102362204
0
LINE
8
BLACK
6
CONTINUOUS
10
0.6181401574803149
20
1.4217131102362204
11
0.6184585826771654
21
1.4221777559055118
0
LINE
8
BLACK
6
CONTINUOUS
10
0.6184585826771654
20
1.4221777559055118
11
0.6186742125984251
21
1.4226982283464567
0
LINE
8
BLACK
6
CONTINUOUS
10
0.6186742125984251
20
1.4226982283464567
11
0.6188712992125984
21
1.4227798818897637
0
LINE
8
BLACK
6
CONTINUOUS
10
0.6188712992125984
20
1.4227798818897637
11
0.6189919291338583
21
1.4229558661417323
0
LINE
8
BLACK
6
CONTINUOUS
10
0.6189919291338583
20
1.4229558661417323
11
0.6195456692913386
21
1.4230592519685039
0
LINE
8
BLACK
6
CONTINUOUS
10
0.6195456692913386
20
1.4230592519685039
11
0.6200661417322835
21
1.4232748031496063
0
LINE
8
BLACK
6
CONTINUOUS
10
0.6200661417322835
20
1.4232748031496063
11
0.6475976377952756
21
1.4232748031496063
0
LINE
8
BLACK
6
CONTINUOUS
10
0.6475976377952756
20
1.4232748031496063
11
0.6475976377952756
21
1.4606062992125983
0
LINE
8
BLACK
6
CONTINUOUS
10
0.6475976377952756
20
1.4606062992125983
11
0.6481742125984252
21
1.4619982283464568
0
LINE
8
BLACK
6
CONTINUOUS
10
0.6481742125984252
20
1.4619982283464568
11
0.6495661417322834
21
1.4625748031496062
0
LINE
8
BLACK
6
CONTINUOUS
10
0.6495661417322834
20
1.4625748031496062
11
0.6509580708661418
21
1.4619982283464568
0
LINE
8
BLACK
6
CONTINUOUS
10
0.6495661417322834
20
1.4193377952755906
11
0.6236971653543307
21
1.4193377952755906
0
LINE
8
BLACK
6
CONTINUOUS
10
0.6236971653543307
20
1.4193377952755906
11
0.6496196850393701
21
1.3795313779527558
0
LINE
8
BLACK
6
CONTINUOUS
10
0.6496196850393701
20
1.3795313779527558
11
0.6772996456692914
21
1.4193377952755906
0
LINE
8
BLACK
6
CONTINUOUS
10
0.6772996456692914
20
1.4193377952755906
11
0.6495661417322834
21
1.4193377952755906
0
LINE
8
BLACK
6
CONTINUOUS
10
0.7086614173228346
20
1.4940944881889764
11
0.7100533464566929
21
1.4935179133858267
0
LINE
8
BLACK
6
CONTINUOUS
10
0.7100533464566929
20
1.4935179133858267
11
0.7106299212598425
21
1.4921259842519685
0
LINE
8
BLACK
6
CONTINUOUS
10
0.7106299212598425
20
1.4921259842519685
11
0.7106299212598425
21
1.311023622047244
0
LINE
8
BLACK
6
CONTINUOUS
10
0.7106299212598425
20
1.311023622047244
11
0.7100533464566929
21
1.3096316929133858
0
LINE
8
BLACK
6
CONTINUOUS
10
0.7100533464566929
20
1.3096316929133858
11
0.7086614173228346
21
1.3090551181102361
0
LINE
8
BLACK
6
CONTINUOUS
10
0.7086614173228346
20
1.3090551181102361
11
0.5905511811023622
21
1.3090551181102361
0
LINE
8
BLACK
6
CONTINUOUS
10
0.5905511811023622
20
1.3090551181102361
11
0.5891592519685039
21
1.3096316929133858
0
LINE
8
BLACK
6
CONTINUOUS
10
0.5891592519685039
20
1.3096316929133858
11
0.5885826771653543
21
1.311023622047244
0
LINE
8
BLACK
6
CONTINUOUS
10
0.5885826771653543
20
1.311023622047244
11
0.5885826771653543
21
1.4921259842519685
0
LINE
8
BLACK
6
CONTINUOUS
10
0.5885826771653543
20
1.4921259842519685
11
0.5891592519685039
21
1.4935179133858267
0
LINE
8
BLACK
6
CONTINUOUS
10
0.5891592519685039
20
1.4935179133858267
11
0.5905511811023622
21
1.4940944881889764
0
LINE
8
BLACK
6
CONTINUOUS
10
0.5905511811023622
20
1.4940944881889764
11
0.7086614173228346
21
1.4940944881889764
0
LINE
8
BLACK
6
CONTINUOUS
10
0.59251968503937
20
1.4901574803149606
11
0.59251968503937
21
1.3129921259842519
0
LINE
8
BLACK
6
CONTINUOUS
10
0.59251968503937
20
1.3129921259842519
11
0.7066929133858267
21
1.3129921259842519
0
LINE
8
BLACK
6
CONTINUOUS
10
0.7066929133858267
20
1.3129921259842519
11
0.7066929133858267
21
1.4901574803149606
0
LINE
8
BLACK
6
CONTINUOUS
10
0.7066929133858267
20
1.4901574803149606
11
0.59251968503937
21
1.4901574803149606
0
LINE
8
BLACK
6
CONTINUOUS
10
0.7723633070866142
20
1.3580689763779528
11
0.7738631496062992
21
1.3565691732283465
0
LINE
8
BLACK
6
CONTINUOUS
10
0.7738631496062992
20
1.3565691732283465
11
0.7739623228346456
21
1.35632968503937
0
LINE
8
BLACK
6
CONTINUOUS
10
0.7739623228346456
20
1.35632968503937
11
0.7741581496062991
21
1.356159842519685
0
LINE
8
BLACK
6
CONTINUOUS
10
0.7741581496062991
20
1.356159842519685
11
0.7756579527559055
21
1.3531601968503937
0
LINE
8
BLACK
6
CONTINUOUS
10
0.7756579527559055
20
1.3531601968503937
11
0.7756838976377952
21
1.3527946062992127
0
LINE
8
BLACK
6
CONTINUOUS
10
0.7756838976377952
20
1.3527946062992127
11
0.7758242125984252
21
1.3524559448818898
0
LINE
8
BLACK
6
CONTINUOUS
10
0.7758242125984252
20
1.3524559448818898
11
0.7758242125984252
21
1.3434570866141733
0
LINE
8
BLACK
6
CONTINUOUS
10
0.7758242125984252
20
1.3434570866141733
11
0.7756838976377952
21
1.3431184645669292
0
LINE
8
BLACK
6
CONTINUOUS
10
0.7756838976377952
20
1.3431184645669292
11
0.7756579527559055
21
1.3427528346456692
0
LINE
8
BLACK
6
CONTINUOUS
10
0.7756579527559055
20
1.3427528346456692
11
0.7741581496062991
21
1.3397531889763779
0
LINE
8
BLACK
6
CONTINUOUS
10
0.7741581496062991
20
1.3397531889763779
11
0.7739623228346456
21
1.3395833858267716
0
LINE
8
BLACK
6
CONTINUOUS
10
0.7739623228346456
20
1.3395833858267716
11
0.7738631496062992
21
1.3393438582677164
0
LINE
8
BLACK
6
CONTINUOUS
10
0.7738631496062992
20
1.3393438582677164
11
0.7723633070866142
21
1.3378440551181101
0
LINE
8
BLACK
6
CONTINUOUS
10
0.7723633070866142
20
1.3378440551181101
11
0.7721238188976378
21
1.3377448818897637
0
LINE
8
BLACK
6
CONTINUOUS
10
0.7721238188976378
20
1.3377448818897637
11
0.7719540551181102
21
1.3375490944881889
0
LINE
8
BLACK
6
CONTINUOUS
10
0.7719540551181102
20
1.3375490944881889
11
0.7689544488188976
21
1.3360492913385826
0
LINE
8
BLACK
6
CONTINUOUS
10
0.7689544488188976
20
1.3360492913385826
11
0.768588779527559
21
1.3360233464566929
0
LINE
8
BLACK
6
CONTINUOUS
10
0.768588779527559
20
1.3360233464566929
11
0.7682501574803149
21
1.335883031496063
0
LINE
8
BLACK
6
CONTINUOUS
10
0.7682501574803149
20
1.335883031496063
11
0.7607511023622047
21
1.335883031496063
0
LINE
8
BLACK
6
CONTINUOUS
10
0.7607511023622047
20
1.335883031496063
11
0.7604124409448819
21
1.3360233464566929
0
LINE
8
BLACK
6
CONTINUOUS
10
0.7604124409448819
20
1.3360233464566929
11
0.7600468503937008
21
1.3360492913385826
0
LINE
8
BLACK
6
CONTINUOUS
10
0.7600468503937008
20
1.3360492913385826
11
0.7570472047244095
21
1.3375490944881889
0
LINE
8
BLACK
6
CONTINUOUS
10
0.7570472047244095
20
1.3375490944881889
11
0.7568773622047243
21
1.3377449212598425
0
LINE
8
BLACK
6
CONTINUOUS
10
0.7568773622047243
20
1.3377449212598425
11
0.756637874015748
21
1.3378440944881889
0
LINE
8
BLACK
6
CONTINUOUS
10
0.756637874015748
20
1.3378440944881889
11
0.7551381102362205
21
1.3393438976377952
0
LINE
8
BLACK
6
CONTINUOUS
10
0.7551381102362205
20
1.3393438976377952
11
0.7550388976377953
21
1.3395833858267716
0
LINE
8
BLACK
6
CONTINUOUS
10
0.7550388976377953
20
1.3395833858267716
11
0.7548431102362204
21
1.3397531889763779
0
LINE
8
BLACK
6
CONTINUOUS
10
0.7548431102362204
20
1.3397531889763779
11
0.7533433070866141
21
1.3427528346456692
0
LINE
8
BLACK
6
CONTINUOUS
10
0.7533433070866141
20
1.3427528346456692
11
0.7533173228346457
21
1.3431184645669292
0
LINE
8
BLACK
6
CONTINUOUS
10
0.7533173228346457
20
1.3431184645669292
11
0.7531770472440945
21
1.3434570866141733
0
LINE
8
BLACK
6
CONTINUOUS
10
0.7531770472440945
20
1.3434570866141733
11
0.7531770472440945
21
1.3444860236220473
0
LINE
8
BLACK
6
CONTINUOUS
10
0.7531770472440945
20
1.3444860236220473
11
0.7437903543307086
21
1.3362726771653544
0
LINE
8
BLACK
6
CONTINUOUS
10
0.7437903543307086
20
1.3362726771653544
11
0.7432653937007874
21
1.3360951574803148
0
LINE
8
BLACK
6
CONTINUOUS
10
0.7432653937007874
20
1.3360951574803148
11
0.7427533464566929
21
1.335883031496063
0
LINE
8
BLACK
6
CONTINUOUS
10
0.7427533464566929
20
1.335883031496063
11
0.7427015748031496
21
1.3359044881889763
0
LINE
8
BLACK
6
CONTINUOUS
10
0.7427015748031496
20
1.3359044881889763
11
0.7426485826771654
21
1.3358865354330709
0
LINE
8
BLACK
6
CONTINUOUS
10
0.7426485826771654
20
1.3358865354330709
11
0.742151811023622
21
1.3361322047244095
0
LINE
8
BLACK
6
CONTINUOUS
10
0.742151811023622
20
1.3361322047244095
11
0.7416398031496063
21
1.3363442913385826
0
LINE
8
BLACK
6
CONTINUOUS
10
0.7416398031496063
20
1.3363442913385826
11
0.7416183464566929
21
1.3363960236220471
0
LINE
8
BLACK
6
CONTINUOUS
10
0.7416183464566929
20
1.3363960236220471
11
0.7415681889763779
21
1.3364208267716535
0
LINE
8
BLACK
6
CONTINUOUS
10
0.7415681889763779
20
1.3364208267716535
11
0.7413906299212598
21
1.3369457874015749
0
LINE
8
BLACK
6
CONTINUOUS
10
0.7413906299212598
20
1.3369457874015749
11
0.7411785433070865
21
1.3374578346456694
0
LINE
8
BLACK
6
CONTINUOUS
10
0.7411785433070865
20
1.3374578346456694
11
0.7411785433070865
21
1.3569553937007874
0
LINE
8
BLACK
6
CONTINUOUS
10
0.7411785433070865
20
1.3569553937007874
11
0.7416398031496063
21
1.358068937007874
0
LINE
8
BLACK
6
CONTINUOUS
10
0.7416398031496063
20
1.358068937007874
11
0.7427533464566929
21
1.3585301968503938
0
LINE
8
BLACK
6
CONTINUOUS
10
0.7427533464566929
20
1.3585301968503938
11
0.7438668897637795
21
1.358068937007874
0
LINE
8
BLACK
6
CONTINUOUS
10
0.7438668897637795
20
1.358068937007874
11
0.7443281496062992
21
1.3569553937007874
0
LINE
8
BLACK
6
CONTINUOUS
10
0.7443281496062992
20
1.3569553937007874
11
0.7443281496062992
21
1.3409283464566928
0
LINE
8
BLACK
6
CONTINUOUS
10
0.7443281496062992
20
1.3409283464566928
11
0.753714842519685
21
1.349141653543307
0
LINE
8
BLACK
6
CONTINUOUS
10
0.753714842519685
20
1.349141653543307
11
0.7542397637795275
21
1.3493192125984252
0
LINE
8
BLACK
6
CONTINUOUS
10
0.7542397637795275
20
1.3493192125984252
11
0.7547518503937007
21
1.3495312992125983
0
LINE
8
BLACK
6
CONTINUOUS
10
0.7547518503937007
20
1.3495312992125983
11
0.7548035826771653
21
1.3495098818897637
0
LINE
8
BLACK
6
CONTINUOUS
10
0.7548035826771653
20
1.3495098818897637
11
0.7548566141732284
21
1.3495277952755904
0
LINE
8
BLACK
6
CONTINUOUS
10
0.7548566141732284
20
1.3495277952755904
11
0.7553533464566929
21
1.3492821653543308
0
LINE
8
BLACK
6
CONTINUOUS
10
0.7553533464566929
20
1.3492821653543308
11
0.7558653937007874
21
1.3490700393700787
0
LINE
8
BLACK
6
CONTINUOUS
10
0.7558653937007874
20
1.3490700393700787
11
0.755886811023622
21
1.3490183464566929
0
LINE
8
BLACK
6
CONTINUOUS
10
0.755886811023622
20
1.3490183464566929
11
0.7559370078740157
21
1.3489935039370078
0
LINE
8
BLACK
6
CONTINUOUS
10
0.7559370078740157
20
1.3489935039370078
11
0.7561145275590551
21
1.3484685826771654
0
LINE
8
BLACK
6
CONTINUOUS
10
0.7561145275590551
20
1.3484685826771654
11
0.7563266535433071
21
1.3479564960629922
0
LINE
8
BLACK
6
CONTINUOUS
10
0.7563266535433071
20
1.3479564960629922
11
0.7563266535433071
21
1.3438288188976377
0
LINE
8
BLACK
6
CONTINUOUS
10
0.7563266535433071
20
1.3438288188976377
11
0.7575458661417322
21
1.3413903149606299
0
LINE
8
BLACK
6
CONTINUOUS
10
0.7575458661417322
20
1.3413903149606299
11
0.7586843307086614
21
1.3402518897637794
0
LINE
8
BLACK
6
CONTINUOUS
10
0.7586843307086614
20
1.3402518897637794
11
0.7611228346456693
21
1.3390326377952755
0
LINE
8
BLACK
6
CONTINUOUS
10
0.7611228346456693
20
1.3390326377952755
11
0.7678783858267716
21
1.3390326377952755
0
LINE
8
BLACK
6
CONTINUOUS
10
0.7678783858267716
20
1.3390326377952755
11
0.7703168897637795
21
1.3402519291338582
0
LINE
8
BLACK
6
CONTINUOUS
10
0.7703168897637795
20
1.3402519291338582
11
0.7714553937007874
21
1.3413903937007874
0
LINE
8
BLACK
6
CONTINUOUS
10
0.7714553937007874
20
1.3413903937007874
11
0.7726746062992126
21
1.3438288188976377
0
LINE
8
BLACK
6
CONTINUOUS
10
0.7726746062992126
20
1.3438288188976377
11
0.7726746062992126
21
1.3520842519685039
0
LINE
8
BLACK
6
CONTINUOUS
10
0.7726746062992126
20
1.3520842519685039
11
0.7714553937007874
21
1.3545226771653542
0
LINE
8
BLACK
6
CONTINUOUS
10
0.7714553937007874
20
1.3545226771653542
11
0.7701362204724409
21
1.3558418110236221
0
LINE
8
BLACK
6
CONTINUOUS
10
0.7701362204724409
20
1.3558418110236221
11
0.7696749606299212
21
1.3569553543307087
0
LINE
8
BLACK
6
CONTINUOUS
10
0.7696749606299212
20
1.3569553543307087
11
0.7701361811023621
21
1.358068937007874
0
LINE
8
BLACK
6
CONTINUOUS
10
0.7701361811023621
20
1.358068937007874
11
0.7712497244094488
21
1.3585301968503938
0
LINE
8
BLACK
6
CONTINUOUS
10
0.7712497244094488
20
1.3585301968503938
11
0.7723633070866142
21
1.3580689763779528
0
LINE
8
BLACK
6
CONTINUOUS
10
0.7844488188976377
20
1.4035433070866141
11
0.7858407480314961
21
1.4029667322834645
0
LINE
8
BLACK
6
CONTINUOUS
10
0.7858407480314961
20
1.4029667322834645
11
0.7864173228346456
21
1.4015748031496063
0
LINE
8
BLACK
6
CONTINUOUS
10
0.7864173228346456
20
1.4015748031496063
11
0.7864173228346456
21
1.3228346456692912
0
LINE
8
BLACK
6
CONTINUOUS
10
0.7864173228346456
20
1.3228346456692912
11
0.7858407480314961
21
1.321442716535433
0
LINE
8
BLACK
6
CONTINUOUS
10
0.7858407480314961
20
1.321442716535433
11
0.7844488188976377
21
1.3208661417322833
0
LINE
8
BLACK
6
CONTINUOUS
10
0.7844488188976377
20
1.3208661417322833
11
0.735236220472441
21
1.3208661417322833
0
LINE
8
BLACK
6
CONTINUOUS
10
0.735236220472441
20
1.3208661417322833
11
0.7338442913385826
21
1.321442716535433
0
LINE
8
BLACK
6
CONTINUOUS
10
0.7338442913385826
20
1.321442716535433
11
0.7332677165354331
21
1.3228346456692912
0
LINE
8
BLACK
6
CONTINUOUS
10
0.7332677165354331
20
1.3228346456692912
11
0.7332677165354331
21
1.3828740157480315
0
LINE
8
BLACK
6
CONTINUOUS
10
0.7332677165354331
20
1.3828740157480315
11
0.7307990157480315
21
1.3828740157480315
0
LINE
8
BLACK
6
CONTINUOUS
10
0.7307990157480315
20
1.3828740157480315
11
0.729789094488189
21
1.3830520866141731
0
LINE
8
BLACK
6
CONTINUOUS
10
0.729789094488189
20
1.3830520866141731
11
0.7296590157480315
21
1.3831612598425196
0
LINE
8
BLACK
6
CONTINUOUS
10
0.7296590157480315
20
1.3831612598425196
11
0.7294902755905511
21
1.3831798818897638
0
LINE
8
BLACK
6
CONTINUOUS
10
0.7294902755905511
20
1.3831798818897638
11
0.7288982283464567
21
1.3837996062992126
0
LINE
8
BLACK
6
CONTINUOUS
10
0.7288982283464567
20
1.3837996062992126
11
0.7282418503937008
21
1.3843503937007873
0
LINE
8
BLACK
6
CONTINUOUS
10
0.7282418503937008
20
1.3843503937007873
11
0.7282123622047244
21
1.3845175984251967
0
LINE
8
BLACK
6
CONTINUOUS
10
0.7282123622047244
20
1.3845175984251967
11
0.7280950787401574
21
1.3846403543307086
0
LINE
8
BLACK
6
CONTINUOUS
10
0.7280950787401574
20
1.3846403543307086
11
0.7280399212598425
21
1.385495590551181
0
LINE
8
BLACK
6
CONTINUOUS
10
0.7280399212598425
20
1.385495590551181
11
0.7278911023622047
21
1.3863395275590551
0
LINE
8
BLACK
6
CONTINUOUS
10
0.7278911023622047
20
1.3863395275590551
11
0.7279759842519685
21
1.3864866141732284
0
LINE
8
BLACK
6
CONTINUOUS
10
0.7279759842519685
20
1.3864866141732284
11
0.7279650787401575
21
1.3866559842519686
0
LINE
8
BLACK
6
CONTINUOUS
10
0.7279650787401575
20
1.3866559842519686
11
0.7284725196850393
21
1.3873466141732282
0
LINE
8
BLACK
6
CONTINUOUS
10
0.7284725196850393
20
1.3873466141732282
11
0.7289010236220472
21
1.3880887007874017
0
LINE
8
BLACK
6
CONTINUOUS
10
0.7289010236220472
20
1.3880887007874017
11
0.7290605118110236
21
1.3881467716535432
0
LINE
8
BLACK
6
CONTINUOUS
10
0.7290605118110236
20
1.3881467716535432
11
0.7291611023622047
21
1.3882836220472441
0
LINE
8
BLACK
6
CONTINUOUS
10
0.7291611023622047
20
1.3882836220472441
11
0.7332677165354331
21
1.3910214173228346
0
LINE
8
BLACK
6
CONTINUOUS
10
0.7332677165354331
20
1.3910214173228346
11
0.7332677165354331
21
1.4015748031496063
0
LINE
8
BLACK
6
CONTINUOUS
10
0.7332677165354331
20
1.4015748031496063
11
0.7338442913385826
21
1.4029667322834645
0
LINE
8
BLACK
6
CONTINUOUS
10
0.7338442913385826
20
1.4029667322834645
11
0.735236220472441
21
1.4035433070866141
0
LINE
8
BLACK
6
CONTINUOUS
10
0.735236220472441
20
1.4035433070866141
11
0.7844488188976377
21
1.4035433070866141
0
LINE
8
BLACK
6
CONTINUOUS
10
0.7372047244094488
20
1.3996062992125984
11
0.7372047244094488
21
1.396210748031496
0
LINE
8
BLACK
6
CONTINUOUS
10
0.7372047244094488
20
1.396210748031496
11
0.7377677559055118
21
1.396969842519685
0
LINE
8
BLACK
6
CONTINUOUS
10
0.7377677559055118
20
1.396969842519685
11
0.7396209448818898
21
1.3977731102362205
0
LINE
8
BLACK
6
CONTINUOUS
10
0.7396209448818898
20
1.3977731102362205
11
0.7415569291338583
21
1.397197283464567
0
LINE
8
BLACK
6
CONTINUOUS
10
0.7415569291338583
20
1.397197283464567
11
0.7426698031496063
21
1.3955117322834645
0
LINE
8
BLACK
6
CONTINUOUS
10
0.7426698031496063
20
1.3955117322834645
11
0.7424388976377952
21
1.393505157480315
0
LINE
8
BLACK
6
CONTINUOUS
10
0.7424388976377952
20
1.393505157480315
11
0.740939094488189
21
1.3905055118110237
0
LINE
8
BLACK
6
CONTINUOUS
10
0.740939094488189
20
1.3905055118110237
11
0.740413188976378
21
1.389796496062992
0
LINE
8
BLACK
6
CONTINUOUS
10
0.740413188976378
20
1.389796496062992
11
0.7403859842519684
21
1.3897381102362205
0
LINE
8
BLACK
6
CONTINUOUS
10
0.7403859842519684
20
1.3897381102362205
11
0.7394274015748031
21
1.3887795275590551
0
LINE
8
BLACK
6
CONTINUOUS
10
0.7394274015748031
20
1.3887795275590551
11
0.7593423228346456
21
1.3887795275590551
0
LINE
8
BLACK
6
CONTINUOUS
10
0.7593423228346456
20
1.3887795275590551
11
0.7593423228346456
21
1.3948256692913386
0
LINE
8
BLACK
6
CONTINUOUS
10
0.7593423228346456
20
1.3948256692913386
11
0.7595203937007874
21
1.395835590551181
0
LINE
8
BLACK
6
CONTINUOUS
10
0.7595203937007874
20
1.395835590551181
11
0.7608187007874015
21
1.3973828346456694
0
LINE
8
BLACK
6
CONTINUOUS
10
0.7608187007874015
20
1.3973828346456694
11
0.7628078346456693
21
1.3977335826771653
0
LINE
8
BLACK
6
CONTINUOUS
10
0.7628078346456693
20
1.3977335826771653
11
0.7645570078740157
21
1.3967236614173228
0
LINE
8
BLACK
6
CONTINUOUS
10
0.7645570078740157
20
1.3967236614173228
11
0.7652478346456693
21
1.3948256692913386
0
LINE
8
BLACK
6
CONTINUOUS
10
0.7652478346456693
20
1.3948256692913386
11
0.7652478346456693
21
1.3870266141732284
0
LINE
8
BLACK
6
CONTINUOUS
10
0.7652478346456693
20
1.3870266141732284
11
0.7742494094488189
21
1.3870266141732284
0
LINE
8
BLACK
6
CONTINUOUS
10
0.7742494094488189
20
1.3870266141732284
11
0.7753629527559055
21
1.3865653543307086
0
LINE
8
BLACK
6
CONTINUOUS
10
0.7753629527559055
20
1.3865653543307086
11
0.7758242125984252
21
1.385451811023622
0
LINE
8
BLACK
6
CONTINUOUS
10
0.7758242125984252
20
1.385451811023622
11
0.7753629527559055
21
1.3843382677165355
0
LINE
8
BLACK
6
CONTINUOUS
10
0.7753629527559055
20
1.3843382677165355
11
0.7742494094488189
21
1.3838770078740157
0
LINE
8
BLACK
6
CONTINUOUS
10
0.7742494094488189
20
1.3838770078740157
11
0.7652478346456693
21
1.3838770078740157
0
LINE
8
BLACK
6
CONTINUOUS
10
0.7652478346456693
20
1.3838770078740157
11
0.7652478346456693
21
1.3768279133858268
0
LINE
8
BLACK
6
CONTINUOUS
10
0.7652478346456693
20
1.3768279133858268
11
0.7650697637795275
21
1.3758179921259843
0
LINE
8
BLACK
6
CONTINUOUS
10
0.7650697637795275
20
1.3758179921259843
11
0.7650613385826771
21
1.3758079921259843
0
LINE
8
BLACK
6
CONTINUOUS
10
0.7650613385826771
20
1.3758079921259843
11
0.7751524803149606
21
1.3687441732283465
0
LINE
8
BLACK
6
CONTINUOUS
10
0.7751524803149606
20
1.3687441732283465
11
0.7758002362204725
21
1.3677277559055119
0
LINE
8
BLACK
6
CONTINUOUS
10
0.7758002362204725
20
1.3677277559055119
11
0.7755395275590551
21
1.3665509842519685
0
LINE
8
BLACK
6
CONTINUOUS
10
0.7755395275590551
20
1.3665509842519685
11
0.7745230708661417
21
1.3659032283464567
0
LINE
8
BLACK
6
CONTINUOUS
10
0.7745230708661417
20
1.3659032283464567
11
0.7733462992125985
21
1.366163937007874
0
LINE
8
BLACK
6
CONTINUOUS
10
0.7733462992125985
20
1.366163937007874
11
0.7621688582677165
21
1.3739881889763779
0
LINE
8
BLACK
6
CONTINUOUS
10
0.7621688582677165
20
1.3739881889763779
11
0.7617823228346456
21
1.37392
0
LINE
8
BLACK
6
CONTINUOUS
10
0.7617823228346456
20
1.37392
11
0.760826062992126
21
1.3744721259842518
0
LINE
8
BLACK
6
CONTINUOUS
10
0.760826062992126
20
1.3744721259842518
11
0.760826062992126
21
1.3734533070866142
0
LINE
8
BLACK
6
CONTINUOUS
10
0.760826062992126
20
1.3734533070866142
11
0.760685748031496
21
1.3731146850393701
0
LINE
8
BLACK
6
CONTINUOUS
10
0.760685748031496
20
1.3731146850393701
11
0.7606598031496062
21
1.3727490157480315
0
LINE
8
BLACK
6
CONTINUOUS
10
0.7606598031496062
20
1.3727490157480315
11
0.7591599999999999
21
1.369749409448819
0
LINE
8
BLACK
6
CONTINUOUS
10
0.7591599999999999
20
1.369749409448819
11
0.7589641732283464
21
1.3695796062992125
0
LINE
8
BLACK
6
CONTINUOUS
10
0.7589641732283464
20
1.3695796062992125
11
0.758865
21
1.3693401181102363
0
LINE
8
BLACK
6
CONTINUOUS
10
0.758865
20
1.3693401181102363
11
0.7573651968503937
21
1.3678403543307087
0
LINE
8
BLACK
6
CONTINUOUS
10
0.7573651968503937
20
1.3678403543307087
11
0.7571257086614173
21
1.3677411811023621
0
LINE
8
BLACK
6
CONTINUOUS
10
0.7571257086614173
20
1.3677411811023621
11
0.756955905511811
21
1.3675453543307086
0
LINE
8
BLACK
6
CONTINUOUS
10
0.756955905511811
20
1.3675453543307086
11
0.7539562992125984
21
1.3660455118110235
0
LINE
8
BLACK
6
CONTINUOUS
10
0.7539562992125984
20
1.3660455118110235
11
0.7535906299212598
21
1.3660195669291337
0
LINE
8
BLACK
6
CONTINUOUS
10
0.7535906299212598
20
1.3660195669291337
11
0.7532520078740157
21
1.3658792519685039
0
LINE
8
BLACK
6
CONTINUOUS
10
0.7532520078740157
20
1.3658792519685039
11
0.7487525984251968
21
1.3658792519685039
0
LINE
8
BLACK
6
CONTINUOUS
10
0.7487525984251968
20
1.3658792519685039
11
0.748413937007874
21
1.3660195669291337
0
LINE
8
BLACK
6
CONTINUOUS
10
0.748413937007874
20
1.3660195669291337
11
0.7480483070866142
21
1.3660455118110235
0
LINE
8
BLACK
6
CONTINUOUS
10
0.7480483070866142
20
1.3660455118110235
11
0.7450486614173228
21
1.3675453543307086
0
LINE
8
BLACK
6
CONTINUOUS
10
0.7450486614173228
20
1.3675453543307086
11
0.7448788188976377
21
1.3677411811023621
0
LINE
8
BLACK
6
CONTINUOUS
10
0.7448788188976377
20
1.3677411811023621
11
0.7446393700787401
21
1.3678403543307087
0
LINE
8
BLACK
6
CONTINUOUS
10
0.7446393700787401
20
1.3678403543307087
11
0.7431396062992126
21
1.369340157480315
0
LINE
8
BLACK
6
CONTINUOUS
10
0.7431396062992126
20
1.369340157480315
11
0.7430403937007873
21
1.3695796062992125
0
LINE
8
BLACK
6
CONTINUOUS
10
0.7430403937007873
20
1.3695796062992125
11
0.7428446062992126
21
1.369749409448819
0
LINE
8
BLACK
6
CONTINUOUS
10
0.7428446062992126
20
1.369749409448819
11
0.7413448031496063
21
1.3727490157480315
0
LINE
8
BLACK
6
CONTINUOUS
10
0.7413448031496063
20
1.3727490157480315
11
0.7413188188976377
21
1.3731146850393701
0
LINE
8
BLACK
6
CONTINUOUS
10
0.7413188188976377
20
1.3731146850393701
11
0.7411785433070865
21
1.3734533070866142
0
LINE
8
BLACK
6
CONTINUOUS
10
0.7411785433070865
20
1.3734533070866142
11
0.7411785433070865
21
1.3828740157480315
0
LINE
8
BLACK
6
CONTINUOUS
10
0.7411785433070865
20
1.3828740157480315
11
0.7372047244094488
21
1.3828740157480315
0
LINE
8
BLACK
6
CONTINUOUS
10
0.7372047244094488
20
1.3828740157480315
11
0.7372047244094488
21
1.3248031496062991
0
LINE
8
BLACK
6
CONTINUOUS
10
0.7372047244094488
20
1.3248031496062991
11
0.7824803149606299
21
1.3248031496062991
0
LINE
8
BLACK
6
CONTINUOUS
10
0.7824803149606299
20
1.3248031496062991
11
0.7824803149606299
21
1.3996062992125984
0
LINE
8
BLACK
6
CONTINUOUS
10
0.7824803149606299
20
1.3996062992125984
11
0.7372047244094488
21
1.3996062992125984
0
LINE
8
BLACK
6
CONTINUOUS
10
0.7443281496062992
20
1.3738250787401574
11
0.7455474015748031
21
1.3713865354330708
0
LINE
8
BLACK
6
CONTINUOUS
10
0.7455474015748031
20
1.3713865354330708
11
0.7466857874015748
21
1.3702481496062993
0
LINE
8
BLACK
6
CONTINUOUS
10
0.7466857874015748
20
1.3702481496062993
11
0.7491243307086614
21
1.3690288582677166
0
LINE
8
BLACK
6
CONTINUOUS
10
0.7491243307086614
20
1.3690288582677166
11
0.7528802362204724
21
1.3690288582677166
0
LINE
8
BLACK
6
CONTINUOUS
10
0.7528802362204724
20
1.3690288582677166
11
0.7553188188976377
21
1.370248188976378
0
LINE
8
BLACK
6
CONTINUOUS
10
0.7553188188976377
20
1.370248188976378
11
0.7564571653543307
21
1.3713865748031495
0
LINE
8
BLACK
6
CONTINUOUS
10
0.7564571653543307
20
1.3713865748031495
11
0.7576764566929134
21
1.3738250787401574
0
LINE
8
BLACK
6
CONTINUOUS
10
0.7576764566929134
20
1.3738250787401574
11
0.7576764566929134
21
1.3828740157480315
0
LINE
8
BLACK
6
CONTINUOUS
10
0.7576764566929134
20
1.3828740157480315
11
0.7443281496062992
21
1.3828740157480315
0
LINE
8
BLACK
6
CONTINUOUS
10
0.7443281496062992
20
1.3828740157480315
11
0.7443281496062992
21
1.3738250787401574
0
LINE
8
BLACK
6
CONTINUOUS
10
0.8276486220472441
20
1.3568062204724409
11
0.8277844094488189
21
1.3568203937007874
0
LINE
8
BLACK
6
CONTINUOUS
10
0.8277844094488189
20
1.3568203937007874
11
0.8337836614173229
21
1.3553205511811024
0
LINE
8
BLACK
6
CONTINUOUS
10
0.8337836614173229
20
1.3553205511811024
11
0.8342491338582677
21
1.3551129527559054
0
LINE
8
BLACK
6
CONTINUOUS
10
0.8342491338582677
20
1.3551129527559054
11
0.8343879921259842
21
1.3550969685039369
0
LINE
8
BLACK
6
CONTINUOUS
10
0.8343879921259842
20
1.3550969685039369
11
0.8373875984251968
21
1.3535971653543306
0
LINE
8
BLACK
6
CONTINUOUS
10
0.8373875984251968
20
1.3535971653543306
11
0.8380965748031496
21
1.3530713385826771
0
LINE
8
BLACK
6
CONTINUOUS
10
0.8380965748031496
20
1.3530713385826771
11
0.8381549606299212
21
1.353044094488189
0
LINE
8
BLACK
6
CONTINUOUS
10
0.8381549606299212
20
1.353044094488189
11
0.8396548031496063
21
1.3515442913385827
0
LINE
8
BLACK
6
CONTINUOUS
10
0.8396548031496063
20
1.3515442913385827
11
0.8401611811023622
21
1.3508211417322835
0
LINE
8
BLACK
6
CONTINUOUS
10
0.8401611811023622
20
1.3508211417322835
11
0.8402079527559055
21
1.3507768503937008
0
LINE
8
BLACK
6
CONTINUOUS
10
0.8402079527559055
20
1.3507768503937008
11
0.8417077559055118
21
1.3477772047244094
0
LINE
8
BLACK
6
CONTINUOUS
10
0.8417077559055118
20
1.3477772047244094
11
0.842000157480315
21
1.3467942519685039
0
LINE
8
BLACK
6
CONTINUOUS
10
0.842000157480315
20
1.3467942519685039
11
0.841959094488189
21
1.3466225590551182
0
LINE
8
BLACK
6
CONTINUOUS
10
0.841959094488189
20
1.3466225590551182
11
0.8420194881889763
21
1.3464566929133859
0
LINE
8
BLACK
6
CONTINUOUS
10
0.8420194881889763
20
1.3464566929133859
11
0.8420194881889763
21
1.3434570866141733
0
LINE
8
BLACK
6
CONTINUOUS
10
0.8420194881889763
20
1.3434570866141733
11
0.8418414173228346
21
1.3424471653543306
0
LINE
8
BLACK
6
CONTINUOUS
10
0.8418414173228346
20
1.3424471653543306
11
0.8417279133858268
21
1.3423119291338583
0
LINE
8
BLACK
6
CONTINUOUS
10
0.8417279133858268
20
1.3423119291338583
11
0.8417077559055118
21
1.3421365748031495
0
LINE
8
BLACK
6
CONTINUOUS
10
0.8417077559055118
20
1.3421365748031495
11
0.8402079527559055
21
1.3391369291338582
0
LINE
8
BLACK
6
CONTINUOUS
10
0.8402079527559055
20
1.3391369291338582
11
0.8396819685039369
21
1.3384278346456693
0
LINE
8
BLACK
6
CONTINUOUS
10
0.8396819685039369
20
1.3384278346456693
11
0.8396548031496063
21
1.3383694881889763
0
LINE
8
BLACK
6
CONTINUOUS
10
0.8396548031496063
20
1.3383694881889763
11
0.8381549606299212
21
1.33686968503937
0
LINE
8
BLACK
6
CONTINUOUS
10
0.8381549606299212
20
1.33686968503937
11
0.8374318897637795
21
1.3363634251968504
0
LINE
8
BLACK
6
CONTINUOUS
10
0.8374318897637795
20
1.3363634251968504
11
0.8373875984251968
21
1.3363166141732283
0
LINE
8
BLACK
6
CONTINUOUS
10
0.8373875984251968
20
1.3363166141732283
11
0.8343879921259842
21
1.334816811023622
0
LINE
8
BLACK
6
CONTINUOUS
10
0.8343879921259842
20
1.334816811023622
11
0.8338995275590551
21
1.3346715354330709
0
LINE
8
BLACK
6
CONTINUOUS
10
0.8338995275590551
20
1.3346715354330709
11
0.8337836220472441
21
1.3345932283464568
0
LINE
8
BLACK
6
CONTINUOUS
10
0.8337836220472441
20
1.3345932283464568
11
0.8277843700787402
21
1.3330934251968503
0
LINE
8
BLACK
6
CONTINUOUS
10
0.8277843700787402
20
1.3330934251968503
11
0.8271964566929134
21
1.333051968503937
0
LINE
8
BLACK
6
CONTINUOUS
10
0.8271964566929134
20
1.333051968503937
11
0.8270682283464567
21
1.333005275590551
0
LINE
8
BLACK
6
CONTINUOUS
10
0.8270682283464567
20
1.333005275590551
11
0.8195691732283464
21
1.333005275590551
0
LINE
8
BLACK
6
CONTINUOUS
10
0.8195691732283464
20
1.333005275590551
11
0.818988779527559
21
1.3331076377952755
0
LINE
8
BLACK
6
CONTINUOUS
10
0.818988779527559
20
1.3331076377952755
11
0.8188530314960629
21
1.3330934251968503
0
LINE
8
BLACK
6
CONTINUOUS
10
0.8188530314960629
20
1.3330934251968503
11
0.812853779527559
21
1.3345932283464568
0
LINE
8
BLACK
6
CONTINUOUS
10
0.812853779527559
20
1.3345932283464568
11
0.8123883070866141
21
1.3348008267716536
0
LINE
8
BLACK
6
CONTINUOUS
10
0.8123883070866141
20
1.3348008267716536
11
0.8122494094488188
21
1.334816811023622
0
LINE
8
BLACK
6
CONTINUOUS
10
0.8122494094488188
20
1.334816811023622
11
0.8092497637795275
21
1.3363166141732283
0
LINE
8
BLACK
6
CONTINUOUS
10
0.8092497637795275
20
1.3363166141732283
11
0.8085406692913386
21
1.3368425196850393
0
LINE
8
BLACK
6
CONTINUOUS
10
0.8085406692913386
20
1.3368425196850393
11
0.8084823622047244
21
1.3368697244094487
0
LINE
8
BLACK
6
CONTINUOUS
10
0.8084823622047244
20
1.3368697244094487
11
0.8069825590551181
21
1.338369527559055
0
LINE
8
BLACK
6
CONTINUOUS
10
0.8069825590551181
20
1.338369527559055
11
0.8064762598425197
21
1.3390926377952757
0
LINE
8
BLACK
6
CONTINUOUS
10
0.8064762598425197
20
1.3390926377952757
11
0.8064294488188977
21
1.3391369291338582
0
LINE
8
BLACK
6
CONTINUOUS
10
0.8064294488188977
20
1.3391369291338582
11
0.8049296456692914
21
1.3421365748031495
0
LINE
8
BLACK
6
CONTINUOUS
10
0.8049296456692914
20
1.3421365748031495
11
0.8046372440944882
21
1.3431195275590551
0
LINE
8
BLACK
6
CONTINUOUS
10
0.8046372440944882
20
1.3431195275590551
11
0.8046782677165354
21
1.3432912598425197
0
LINE
8
BLACK
6
CONTINUOUS
10
0.8046782677165354
20
1.3432912598425197
11
0.8046179133858268
21
1.3434570866141733
0
LINE
8
BLACK
6
CONTINUOUS
10
0.8046179133858268
20
1.3434570866141733
11
0.8046179133858268
21
1.3464566929133859
0
LINE
8
BLACK
6
CONTINUOUS
10
0.8046179133858268
20
1.3464566929133859
11
0.8047959842519685
21
1.3474666141732283
0
LINE
8
BLACK
6
CONTINUOUS
10
0.8047959842519685
20
1.3474666141732283
11
0.8049094488188976
21
1.3476018897637796
0
LINE
8
BLACK
6
CONTINUOUS
10
0.8049094488188976
20
1.3476018897637796
11
0.8049296456692914
21
1.3477772047244094
0
LINE
8
BLACK
6
CONTINUOUS
10
0.8049296456692914
20
1.3477772047244094
11
0.8064294488188977
21
1.3507768503937008
0
LINE
8
BLACK
6
CONTINUOUS
10
0.8064294488188977
20
1.3507768503937008
11
0.8069553543307086
21
1.3514859448818897
0
LINE
8
BLACK
6
CONTINUOUS
10
0.8069553543307086
20
1.3514859448818897
11
0.8069825590551181
21
1.3515442519685039
0
LINE
8
BLACK
6
CONTINUOUS
10
0.8069825590551181
20
1.3515442519685039
11
0.8084823622047244
21
1.3530440551181102
0
LINE
8
BLACK
6
CONTINUOUS
10
0.8084823622047244
20
1.3530440551181102
11
0.8092054330708661
21
1.3535503543307086
0
LINE
8
BLACK
6
CONTINUOUS
10
0.8092054330708661
20
1.3535503543307086
11
0.8092497637795275
21
1.3535971653543306
0
LINE
8
BLACK
6
CONTINUOUS
10
0.8092497637795275
20
1.3535971653543306
11
0.8122494094488188
21
1.3550969685039369
0
LINE
8
BLACK
6
CONTINUOUS
10
0.8122494094488188
20
1.3550969685039369
11
0.8127378346456693
21
1.355242283464567
0
LINE
8
BLACK
6
CONTINUOUS
10
0.8127378346456693
20
1.355242283464567
11
0.8128537401574802
21
1.3553205511811024
0
LINE
8
BLACK
6
CONTINUOUS
10
0.8128537401574802
20
1.3553205511811024
11
0.8188530314960629
21
1.3568203937007874
0
LINE
8
BLACK
6
CONTINUOUS
10
0.8188530314960629
20
1.3568203937007874
11
0.819440905511811
21
1.3568618897637794
0
LINE
8
BLACK
6
CONTINUOUS
10
0.819440905511811
20
1.3568618897637794
11
0.8195691732283464
21
1.3569085433070867
0
LINE
8
BLACK
6
CONTINUOUS
10
0.8195691732283464
20
1.3569085433070867
11
0.8270682283464567
21
1.3569085433070867
0
LINE
8
BLACK
6
CONTINUOUS
10
0.8270682283464567
20
1.3569085433070867
11
0.8276486220472441
21
1.3568062204724409
0
LINE
8
BLACK
6
CONTINUOUS
10
0.8146003937007874
20
1.3496699606299212
11
0.8123193307086614
21
1.3485294094488189
0
LINE
8
BLACK
6
CONTINUOUS
10
0.8123193307086614
20
1.3485294094488189
11
0.8114972047244094
21
1.3477072834645669
0
LINE
8
BLACK
6
CONTINUOUS
10
0.8114972047244094
20
1.3477072834645669
11
0.8105234251968504
21
1.34575968503937
0
LINE
8
BLACK
6
CONTINUOUS
10
0.8105234251968504
20
1.34575968503937
11
0.8105234251968504
21
1.3441541338582677
0
LINE
8
BLACK
6
CONTINUOUS
10
0.8105234251968504
20
1.3441541338582677
11
0.8114972047244094
21
1.3422065354330708
0
LINE
8
BLACK
6
CONTINUOUS
10
0.8114972047244094
20
1.3422065354330708
11
0.8123193307086614
21
1.3413844094488188
0
LINE
8
BLACK
6
CONTINUOUS
10
0.8123193307086614
20
1.3413844094488188
11
0.8146004330708662
21
1.3402438582677165
0
LINE
8
BLACK
6
CONTINUOUS
10
0.8146004330708662
20
1.3402438582677165
11
0.8199327165354331
21
1.3389107874015749
0
LINE
8
BLACK
6
CONTINUOUS
10
0.8199327165354331
20
1.3389107874015749
11
0.8267046850393701
21
1.3389107874015749
0
LINE
8
BLACK
6
CONTINUOUS
10
0.8267046850393701
20
1.3389107874015749
11
0.8320369291338583
21
1.3402438582677165
0
LINE
8
BLACK
6
CONTINUOUS
10
0.8320369291338583
20
1.3402438582677165
11
0.8343179921259842
21
1.3413844094488188
0
LINE
8
BLACK
6
CONTINUOUS
10
0.8343179921259842
20
1.3413844094488188
11
0.8351401968503936
21
1.3422065748031495
0
LINE
8
BLACK
6
CONTINUOUS
10
0.8351401968503936
20
1.3422065748031495
11
0.8361139763779527
21
1.3441541338582677
0
LINE
8
BLACK
6
CONTINUOUS
10
0.8361139763779527
20
1.3441541338582677
11
0.8361139763779527
21
1.34575968503937
0
LINE
8
BLACK
6
CONTINUOUS
10
0.8361139763779527
20
1.34575968503937
11
0.8351401968503936
21
1.3477072440944882
0
LINE
8
BLACK
6
CONTINUOUS
10
0.8351401968503936
20
1.3477072440944882
11
0.8343179921259842
21
1.3485294094488189
0
LINE
8
BLACK
6
CONTINUOUS
10
0.8343179921259842
20
1.3485294094488189
11
0.8320368897637795
21
1.3496699606299212
0
LINE
8
BLACK
6
CONTINUOUS
10
0.8320368897637795
20
1.3496699606299212
11
0.8267046456692914
21
1.351003031496063
0
LINE
8
BLACK
6
CONTINUOUS
10
0.8267046456692914
20
1.351003031496063
11
0.8199327559055118
21
1.351003031496063
0
LINE
8
BLACK
6
CONTINUOUS
10
0.8199327559055118
20
1.351003031496063
11
0.8146003937007874
21
1.3496699606299212
0
LINE
8
BLACK
6
CONTINUOUS
10
0.5512994488188976
20
1.3684480708661417
11
0.5515217322834646
21
1.3684872440944882
0
LINE
8
BLACK
6
CONTINUOUS
10
0.5515217322834646
20
1.3684872440944882
11
0.5522192125984252
21
1.3680845275590552
0
LINE
8
BLACK
6
CONTINUOUS
10
0.5522192125984252
20
1.3680845275590552
11
0.552968031496063
21
1.3677885826771654
0
LINE
8
BLACK
6
CONTINUOUS
10
0.552968031496063
20
1.3677885826771654
11
0.5530754724409449
21
1.3675901574803149
0
LINE
8
BLACK
6
CONTINUOUS
10
0.5530754724409449
20
1.3675901574803149
11
0.553270905511811
21
1.3674773228346457
0
LINE
8
BLACK
6
CONTINUOUS
10
0.553270905511811
20
1.3674773228346457
11
0.5535462992125985
21
1.3667206299212598
0
LINE
8
BLACK
6
CONTINUOUS
10
0.5535462992125985
20
1.3667206299212598
11
0.5539298031496063
21
1.3660124409448819
0
LINE
8
BLACK
6
CONTINUOUS
10
0.5539298031496063
20
1.3660124409448819
11
0.5538845275590552
21
1.365791377952756
0
LINE
8
BLACK
6
CONTINUOUS
10
0.5538845275590552
20
1.365791377952756
11
0.5539617322834646
21
1.3655793307086614
0
LINE
8
BLACK
6
CONTINUOUS
10
0.5539617322834646
20
1.3655793307086614
11
0.5539617322834646
21
1.3535339370078741
0
LINE
8
BLACK
6
CONTINUOUS
10
0.5539617322834646
20
1.3535339370078741
11
0.5615076771653543
21
1.3535339370078741
0
LINE
8
BLACK
6
CONTINUOUS
10
0.5615076771653543
20
1.3535339370078741
11
0.5625175984251969
21
1.3533558661417322
0
LINE
8
BLACK
6
CONTINUOUS
10
0.5625175984251969
20
1.3533558661417322
11
0.564064842519685
21
1.352057559055118
0
LINE
8
BLACK
6
CONTINUOUS
10
0.564064842519685
20
1.352057559055118
11
0.5644155905511811
21
1.3500684251968504
0
LINE
8
BLACK
6
CONTINUOUS
10
0.5644155905511811
20
1.3500684251968504
11
0.5634056692913386
21
1.3483192519685039
0
LINE
8
BLACK
6
CONTINUOUS
10
0.5634056692913386
20
1.3483192519685039
11
0.5615076771653543
21
1.3476284251968504
0
LINE
8
BLACK
6
CONTINUOUS
10
0.5615076771653543
20
1.3476284251968504
11
0.5539617322834646
21
1.3476284251968504
0
LINE
8
BLACK
6
CONTINUOUS
10
0.5539617322834646
20
1.3476284251968504
11
0.5539617322834646
21
1.3460817322834646
0
LINE
8
BLACK
6
CONTINUOUS
10
0.5539617322834646
20
1.3460817322834646
11
0.5537836614173228
21
1.3450718110236219
0
LINE
8
BLACK
6
CONTINUOUS
10
0.5537836614173228
20
1.3450718110236219
11
0.5524853543307087
21
1.3435245669291338
0
LINE
8
BLACK
6
CONTINUOUS
10
0.5524853543307087
20
1.3435245669291338
11
0.550496220472441
21
1.3431738188976379
0
LINE
8
BLACK
6
CONTINUOUS
10
0.550496220472441
20
1.3431738188976379
11
0.5487470472440945
21
1.3441837401574803
0
LINE
8
BLACK
6
CONTINUOUS
10
0.5487470472440945
20
1.3441837401574803
11
0.548056220472441
21
1.3460817322834646
0
LINE
8
BLACK
6
CONTINUOUS
10
0.548056220472441
20
1.3460817322834646
11
0.548056220472441
21
1.3476284251968504
0
LINE
8
BLACK
6
CONTINUOUS
10
0.548056220472441
20
1.3476284251968504
11
0.5405102755905512
21
1.3476284251968504
0
LINE
8
BLACK
6
CONTINUOUS
10
0.5405102755905512
20
1.3476284251968504
11
0.5395003543307086
21
1.3478064960629921
0
LINE
8
BLACK
6
CONTINUOUS
10
0.5395003543307086
20
1.3478064960629921
11
0.5379531102362205
21
1.3491048031496062
0
LINE
8
BLACK
6
CONTINUOUS
10
0.5379531102362205
20
1.3491048031496062
11
0.5376023622047243
21
1.3510939370078741
0
LINE
8
BLACK
6
CONTINUOUS
10
0.5376023622047243
20
1.3510939370078741
11
0.5386122834645669
21
1.3528431102362204
0
LINE
8
BLACK
6
CONTINUOUS
10
0.5386122834645669
20
1.3528431102362204
11
0.5405102755905512
21
1.3535339370078741
0
LINE
8
BLACK
6
CONTINUOUS
10
0.5405102755905512
20
1.3535339370078741
11
0.548056220472441
21
1.3535339370078741
0
LINE
8
BLACK
6
CONTINUOUS
10
0.548056220472441
20
1.3535339370078741
11
0.548056220472441
21
1.3614826377952756
0
LINE
8
BLACK
6
CONTINUOUS
10
0.548056220472441
20
1.3614826377952756
11
0.5294455511811024
21
1.3552790157480314
0
LINE
8
BLACK
6
CONTINUOUS
10
0.5294455511811024
20
1.3552790157480314
11
0.5284311417322834
21
1.3551285826771653
0
LINE
8
BLACK
6
CONTINUOUS
10
0.5284311417322834
20
1.3551285826771653
11
0.5265527559055118
21
1.3558709842519685
0
LINE
8
BLACK
6
CONTINUOUS
10
0.5265527559055118
20
1.3558709842519685
11
0.5255909842519685
21
1.357647125984252
0
LINE
8
BLACK
6
CONTINUOUS
10
0.5255909842519685
20
1.357647125984252
11
0.5259959448818897
21
1.359625905511811
0
LINE
8
BLACK
6
CONTINUOUS
10
0.5259959448818897
20
1.359625905511811
11
0.5275780708661417
21
1.3608814566929133
0
LINE
8
BLACK
6
CONTINUOUS
10
0.5275780708661417
20
1.3608814566929133
11
0.5500752362204724
21
1.3683805511811022
0
LINE
8
BLACK
6
CONTINUOUS
10
0.5500752362204724
20
1.3683805511811022
11
0.5510896062992126
21
1.3685309842519684
0
LINE
8
BLACK
6
CONTINUOUS
10
0.5510896062992126
20
1.3685309842519684
11
0.5512994488188976
21
1.3684480708661417
0
LINE
8
BLACK
6
CONTINUOUS
10
0.8276486220472441
20
1.3868024803149606
11
0.8277844094488189
21
1.3868166535433071
0
LINE
8
BLACK
6
CONTINUOUS
10
0.8277844094488189
20
1.3868166535433071
11
0.8337836614173229
21
1.385316811023622
0
LINE
8
BLACK
6
CONTINUOUS
10
0.8337836614173229
20
1.385316811023622
11
0.8342491338582677
21
1.3851092125984252
0
LINE
8
BLACK
6
CONTINUOUS
10
0.8342491338582677
20
1.3851092125984252
11
0.8343879921259842
21
1.3850932283464568
0
LINE
8
BLACK
6
CONTINUOUS
10
0.8343879921259842
20
1.3850932283464568
11
0.8373875984251968
21
1.3835934251968505
0
LINE
8
BLACK
6
CONTINUOUS
10
0.8373875984251968
20
1.3835934251968505
11
0.8380965748031496
21
1.3830675984251968
0
LINE
8
BLACK
6
CONTINUOUS
10
0.8380965748031496
20
1.3830675984251968
11
0.8381549606299212
21
1.3830403543307086
0
LINE
8
BLACK
6
CONTINUOUS
10
0.8381549606299212
20
1.3830403543307086
11
0.8396548031496063
21
1.3815405511811023
0
LINE
8
BLACK
6
CONTINUOUS
10
0.8396548031496063
20
1.3815405511811023
11
0.8401611811023622
21
1.3808174015748031
0
LINE
8
BLACK
6
CONTINUOUS
10
0.8401611811023622
20
1.3808174015748031
11
0.8402079527559055
21
1.3807731102362204
0
LINE
8
BLACK
6
CONTINUOUS
10
0.8402079527559055
20
1.3807731102362204
11
0.8417077559055118
21
1.3777734645669291
0
LINE
8
BLACK
6
CONTINUOUS
10
0.8417077559055118
20
1.3777734645669291
11
0.842000157480315
21
1.3767905118110235
0
LINE
8
BLACK
6
CONTINUOUS
10
0.842000157480315
20
1.3767905118110235
11
0.841959094488189
21
1.3766188188976378
0
LINE
8
BLACK
6
CONTINUOUS
10
0.841959094488189
20
1.3766188188976378
11
0.8420194881889763
21
1.3764529527559055
0
LINE
8
BLACK
6
CONTINUOUS
10
0.8420194881889763
20
1.3764529527559055
11
0.8420194881889763
21
1.3734533464566929
0
LINE
8
BLACK
6
CONTINUOUS
10
0.8420194881889763
20
1.3734533464566929
11
0.8418414173228346
21
1.3724434251968503
0
LINE
8
BLACK
6
CONTINUOUS
10
0.8418414173228346
20
1.3724434251968503
11
0.8417279133858268
21
1.372308188976378
0
LINE
8
BLACK
6
CONTINUOUS
10
0.8417279133858268
20
1.372308188976378
11
0.8417077559055118
21
1.3721328346456692
0
LINE
8
BLACK
6
CONTINUOUS
10
0.8417077559055118
20
1.3721328346456692
11
0.8402079527559055
21
1.3691331889763778
0
LINE
8
BLACK
6
CONTINUOUS
10
0.8402079527559055
20
1.3691331889763778
11
0.8396819685039369
21
1.3684240944881889
0
LINE
8
BLACK
6
CONTINUOUS
10
0.8396819685039369
20
1.3684240944881889
11
0.8396548031496063
21
1.3683657480314961
0
LINE
8
BLACK
6
CONTINUOUS
10
0.8396548031496063
20
1.3683657480314961
11
0.8381549606299212
21
1.3668659448818898
0
LINE
8
BLACK
6
CONTINUOUS
10
0.8381549606299212
20
1.3668659448818898
11
0.8374318897637795
21
1.36635968503937
0
LINE
8
BLACK
6
CONTINUOUS
10
0.8374318897637795
20
1.36635968503937
11
0.8373875984251968
21
1.366312874015748
0
LINE
8
BLACK
6
CONTINUOUS
10
0.8373875984251968
20
1.366312874015748
11
0.8343879921259842
21
1.3648130708661417
0
LINE
8
BLACK
6
CONTINUOUS
10
0.8343879921259842
20
1.3648130708661417
11
0.8338995275590551
21
1.3646677952755906
0
LINE
8
BLACK
6
CONTINUOUS
10
0.8338995275590551
20
1.3646677952755906
11
0.8337836220472441
21
1.3645894881889764
0
LINE
8
BLACK
6
CONTINUOUS
10
0.8337836220472441
20
1.3645894881889764
11
0.8277843700787402
21
1.3630896850393701
0
LINE
8
BLACK
6
CONTINUOUS
10
0.8277843700787402
20
1.3630896850393701
11
0.8271964566929134
21
1.3630482283464567
0
LINE
8
BLACK
6
CONTINUOUS
10
0.8271964566929134
20
1.3630482283464567
11
0.8270682283464567
21
1.3630015354330709
0
LINE
8
BLACK
6
CONTINUOUS
10
0.8270682283464567
20
1.3630015354330709
11
0.8195691732283464
21
1.3630015354330709
0
LINE
8
BLACK
6
CONTINUOUS
10
0.8195691732283464
20
1.3630015354330709
11
0.818988779527559
21
1.3631038976377952
0
LINE
8
BLACK
6
CONTINUOUS
10
0.818988779527559
20
1.3631038976377952
11
0.8188530314960629
21
1.3630896850393701
0
LINE
8
BLACK
6
CONTINUOUS
10
0.8188530314960629
20
1.3630896850393701
11
0.812853779527559
21
1.3645894881889764
0
LINE
8
BLACK
6
CONTINUOUS
10
0.812853779527559
20
1.3645894881889764
11
0.8123883070866141
21
1.3647970866141732
0
LINE
8
BLACK
6
CONTINUOUS
10
0.8123883070866141
20
1.3647970866141732
11
0.8122494094488188
21
1.3648130708661417
0
LINE
8
BLACK
6
CONTINUOUS
10
0.8122494094488188
20
1.3648130708661417
11
0.8092497637795275
21
1.366312874015748
0
LINE
8
BLACK
6
CONTINUOUS
10
0.8092497637795275
20
1.366312874015748
11
0.8085406692913386
21
1.3668387795275589
0
LINE
8
BLACK
6
CONTINUOUS
10
0.8085406692913386
20
1.3668387795275589
11
0.8084823622047244
21
1.3668659842519684
0
LINE
8
BLACK
6
CONTINUOUS
10
0.8084823622047244
20
1.3668659842519684
11
0.8069825590551181
21
1.3683657874015747
0
LINE
8
BLACK
6
CONTINUOUS
10
0.8069825590551181
20
1.3683657874015747
11
0.8064762598425197
21
1.3690888976377953
0
LINE
8
BLACK
6
CONTINUOUS
10
0.8064762598425197
20
1.3690888976377953
11
0.8064294488188977
21
1.3691331889763778
0
LINE
8
BLACK
6
CONTINUOUS
10
0.8064294488188977
20
1.3691331889763778
11
0.8049296456692914
21
1.3721328346456692
0
LINE
8
BLACK
6
CONTINUOUS
10
0.8049296456692914
20
1.3721328346456692
11
0.8046372440944882
21
1.3731157874015747
0
LINE
8
BLACK
6
CONTINUOUS
10
0.8046372440944882
20
1.3731157874015747
11
0.8046782677165354
21
1.3732875196850394
0
LINE
8
BLACK
6
CONTINUOUS
10
0.8046782677165354
20
1.3732875196850394
11
0.8046179133858268
21
1.3734533464566929
0
LINE
8
BLACK
6
CONTINUOUS
10
0.8046179133858268
20
1.3734533464566929
11
0.8046179133858268
21
1.3764529527559055
0
LINE
8
BLACK
6
CONTINUOUS
10
0.8046179133858268
20
1.3764529527559055
11
0.8047959842519685
21
1.377462874015748
0
LINE
8
BLACK
6
CONTINUOUS
10
0.8047959842519685
20
1.377462874015748
11
0.8049094488188976
21
1.3775981496062992
0
LINE
8
BLACK
6
CONTINUOUS
10
0.8049094488188976
20
1.3775981496062992
11
0.8049296456692914
21
1.3777734645669291
0
LINE
8
BLACK
6
CONTINUOUS
10
0.8049296456692914
20
1.3777734645669291
11
0.8064294488188977
21
1.3807731102362204
0
LINE
8
BLACK
6
CONTINUOUS
10
0.8064294488188977
20
1.3807731102362204
11
0.8069553543307086
21
1.3814822047244095
0
LINE
8
BLACK
6
CONTINUOUS
10
0.8069553543307086
20
1.3814822047244095
11
0.8069825590551181
21
1.3815405118110236
0
LINE
8
BLACK
6
CONTINUOUS
10
0.8069825590551181
20
1.3815405118110236
11
0.8084823622047244
21
1.3830403149606298
0
LINE
8
BLACK
6
CONTINUOUS
10
0.8084823622047244
20
1.3830403149606298
11
0.8092054330708661
21
1.3835466141732282
0
LINE
8
BLACK
6
CONTINUOUS
10
0.8092054330708661
20
1.3835466141732282
11
0.8092497637795275
21
1.3835934251968505
0
LINE
8
BLACK
6
CONTINUOUS
10
0.8092497637795275
20
1.3835934251968505
11
0.8122494094488188
21
1.3850932283464568
0
LINE
8
BLACK
6
CONTINUOUS
10
0.8122494094488188
20
1.3850932283464568
11
0.8127378346456693
21
1.3852385433070866
0
LINE
8
BLACK
6
CONTINUOUS
10
0.8127378346456693
20
1.3852385433070866
11
0.8128537401574802
21
1.385316811023622
0
LINE
8
BLACK
6
CONTINUOUS
10
0.8128537401574802
20
1.385316811023622
11
0.8188530314960629
21
1.3868166535433071
0
LINE
8
BLACK
6
CONTINUOUS
10
0.8188530314960629
20
1.3868166535433071
11
0.819440905511811
21
1.3868581496062993
0
LINE
8
BLACK
6
CONTINUOUS
10
0.819440905511811
20
1.3868581496062993
11
0.8195691732283464
21
1.3869048031496063
0
LINE
8
BLACK
6
CONTINUOUS
10
0.8195691732283464
20
1.3869048031496063
11
0.8270682283464567
21
1.3869048031496063
0
LINE
8
BLACK
6
CONTINUOUS
10
0.8270682283464567
20
1.3869048031496063
11
0.8276486220472441
21
1.3868024803149606
0
LINE
8
BLACK
6
CONTINUOUS
10
0.8146003937007874
20
1.3796662204724408
11
0.8123193307086614
21
1.3785256692913386
0
LINE
8
BLACK
6
CONTINUOUS
10
0.8123193307086614
20
1.3785256692913386
11
0.8114972047244094
21
1.3777035433070866
0
LINE
8
BLACK
6
CONTINUOUS
10
0.8114972047244094
20
1.3777035433070866
11
0.8105234251968504
21
1.3757559448818897
0
LINE
8
BLACK
6
CONTINUOUS
10
0.8105234251968504
20
1.3757559448818897
11
0.8105234251968504
21
1.3741503937007873
0
LINE
8
BLACK
6
CONTINUOUS
10
0.8105234251968504
20
1.3741503937007873
11
0.8114972047244094
21
1.3722027952755904
0
LINE
8
BLACK
6
CONTINUOUS
10
0.8114972047244094
20
1.3722027952755904
11
0.8123193307086614
21
1.3713806692913386
0
LINE
8
BLACK
6
CONTINUOUS
10
0.8123193307086614
20
1.3713806692913386
11
0.8146004330708662
21
1.3702401181102362
0
LINE
8
BLACK
6
CONTINUOUS
10
0.8146004330708662
20
1.3702401181102362
11
0.8199327165354331
21
1.3689070472440945
0
LINE
8
BLACK
6
CONTINUOUS
10
0.8199327165354331
20
1.3689070472440945
11
0.8267046850393701
21
1.3689070472440945
0
LINE
8
BLACK
6
CONTINUOUS
10
0.8267046850393701
20
1.3689070472440945
11
0.8320369291338583
21
1.3702401181102362
0
LINE
8
BLACK
6
CONTINUOUS
10
0.8320369291338583
20
1.3702401181102362
11
0.8343179921259842
21
1.3713806692913386
0
LINE
8
BLACK
6
CONTINUOUS
10
0.8343179921259842
20
1.3713806692913386
11
0.8351401968503936
21
1.3722028346456692
0
LINE
8
BLACK
6
CONTINUOUS
10
0.8351401968503936
20
1.3722028346456692
11
0.8361139763779527
21
1.3741503937007873
0
LINE
8
BLACK
6
CONTINUOUS
10
0.8361139763779527
20
1.3741503937007873
11
0.8361139763779527
21
1.3757559448818897
0
LINE
8
BLACK
6
CONTINUOUS
10
0.8361139763779527
20
1.3757559448818897
11
0.8351401968503936
21
1.3777035039370078
0
LINE
8
BLACK
6
CONTINUOUS
10
0.8351401968503936
20
1.3777035039370078
11
0.8343179921259842
21
1.3785256692913386
0
LINE
8
BLACK
6
CONTINUOUS
10
0.8343179921259842
20
1.3785256692913386
11
0.8320368897637795
21
1.3796662204724408
0
LINE
8
BLACK
6
CONTINUOUS
10
0.8320368897637795
20
1.3796662204724408
11
0.8267046456692914
21
1.3809992913385827
0
LINE
8
BLACK
6
CONTINUOUS
10
0.8267046456692914
20
1.3809992913385827
11
0.8199327559055118
21
1.3809992913385827
0
LINE
8
BLACK
6
CONTINUOUS
10
0.8199327559055118
20
1.3809992913385827
11
0.8146003937007874
21
1.3796662204724408
0
LINE
8
BLACK
6
CONTINUOUS
10
0.5407695275590551
20
1.3979472047244095
11
0.5418824015748032
21
1.396261653543307
0
LINE
8
BLACK
6
CONTINUOUS
10
0.5418824015748032
20
1.396261653543307
11
0.5416514960629921
21
1.3942550787401575
0
LINE
8
BLACK
6
CONTINUOUS
10
0.5416514960629921
20
1.3942550787401575
11
0.5401516929133858
21
1.3912554330708662
0
LINE
8
BLACK
6
CONTINUOUS
10
0.5401516929133858
20
1.3912554330708662
11
0.5396257874015747
21
1.3905464173228346
0
LINE
8
BLACK
6
CONTINUOUS
10
0.5396257874015747
20
1.3905464173228346
11
0.5395985826771653
21
1.390488031496063
0
LINE
8
BLACK
6
CONTINUOUS
10
0.5395985826771653
20
1.390488031496063
11
0.53864
21
1.3895294488188976
0
LINE
8
BLACK
6
CONTINUOUS
10
0.53864
20
1.3895294488188976
11
0.5585549212598425
21
1.3895294488188976
0
LINE
8
BLACK
6
CONTINUOUS
10
0.5585549212598425
20
1.3895294488188976
11
0.5585549212598425
21
1.3955755905511811
0
LINE
8
BLACK
6
CONTINUOUS
10
0.5585549212598425
20
1.3955755905511811
11
0.5587329921259843
21
1.3965855118110235
0
LINE
8
BLACK
6
CONTINUOUS
10
0.5587329921259843
20
1.3965855118110235
11
0.5600312992125984
21
1.3981327559055117
0
LINE
8
BLACK
6
CONTINUOUS
10
0.5600312992125984
20
1.3981327559055117
11
0.5620204330708661
21
1.3984835039370078
0
LINE
8
BLACK
6
CONTINUOUS
10
0.5620204330708661
20
1.3984835039370078
11
0.5637696062992126
21
1.3974735826771654
0
LINE
8
BLACK
6
CONTINUOUS
10
0.5637696062992126
20
1.3974735826771654
11
0.5644604330708661
21
1.3955755905511811
0
LINE
8
BLACK
6
CONTINUOUS
10
0.5644604330708661
20
1.3955755905511811
11
0.5644604330708661
21
1.3775778346456693
0
LINE
8
BLACK
6
CONTINUOUS
10
0.5644604330708661
20
1.3775778346456693
11
0.5642823622047244
21
1.3765679133858268
0
LINE
8
BLACK
6
CONTINUOUS
10
0.5642823622047244
20
1.3765679133858268
11
0.5629840551181102
21
1.3750206692913385
0
LINE
8
BLACK
6
CONTINUOUS
10
0.5629840551181102
20
1.3750206692913385
11
0.5609949212598425
21
1.3746699212598426
0
LINE
8
BLACK
6
CONTINUOUS
10
0.5609949212598425
20
1.3746699212598426
11
0.5592457480314961
21
1.375679842519685
0
LINE
8
BLACK
6
CONTINUOUS
10
0.5592457480314961
20
1.375679842519685
11
0.5585549212598425
21
1.3775778346456693
0
LINE
8
BLACK
6
CONTINUOUS
10
0.5585549212598425
20
1.3775778346456693
11
0.5585549212598425
21
1.383623937007874
0
LINE
8
BLACK
6
CONTINUOUS
10
0.5585549212598425
20
1.383623937007874
11
0.5300116141732283
21
1.383623937007874
0
LINE
8
BLACK
6
CONTINUOUS
10
0.5300116141732283
20
1.383623937007874
11
0.5290016929133858
21
1.3838020078740156
0
LINE
8
BLACK
6
CONTINUOUS
10
0.5290016929133858
20
1.3838020078740156
11
0.5288716141732284
21
1.3839111811023621
0
LINE
8
BLACK
6
CONTINUOUS
10
0.5288716141732284
20
1.3839111811023621
11
0.528702874015748
21
1.3839298031496063
0
LINE
8
BLACK
6
CONTINUOUS
10
0.528702874015748
20
1.3839298031496063
11
0.5281108267716536
21
1.3845495275590551
0
LINE
8
BLACK
6
CONTINUOUS
10
0.5281108267716536
20
1.3845495275590551
11
0.5274544488188976
21
1.3851003149606298
0
LINE
8
BLACK
6
CONTINUOUS
10
0.5274544488188976
20
1.3851003149606298
11
0.5274249606299213
21
1.3852675196850393
0
LINE
8
BLACK
6
CONTINUOUS
10
0.5274249606299213
20
1.3852675196850393
11
0.5273076771653543
21
1.3853902755905512
0
LINE
8
BLACK
6
CONTINUOUS
10
0.5273076771653543
20
1.3853902755905512
11
0.5272525196850394
21
1.3862455118110235
0
LINE
8
BLACK
6
CONTINUOUS
10
0.5272525196850394
20
1.3862455118110235
11
0.5271037007874015
21
1.3870894488188976
0
LINE
8
BLACK
6
CONTINUOUS
10
0.5271037007874015
20
1.3870894488188976
11
0.5271885826771654
21
1.3872365354330709
0
LINE
8
BLACK
6
CONTINUOUS
10
0.5271885826771654
20
1.3872365354330709
11
0.5271776771653544
21
1.3874059055118111
0
LINE
8
BLACK
6
CONTINUOUS
10
0.5271776771653544
20
1.3874059055118111
11
0.5276851181102362
21
1.3880965354330708
0
LINE
8
BLACK
6
CONTINUOUS
10
0.5276851181102362
20
1.3880965354330708
11
0.5281136220472441
21
1.388838622047244
0
LINE
8
BLACK
6
CONTINUOUS
10
0.5281136220472441
20
1.388838622047244
11
0.5282731102362205
21
1.3888966929133857
0
LINE
8
BLACK
6
CONTINUOUS
10
0.5282731102362205
20
1.3888966929133857
11
0.5283737007874015
21
1.3890335433070866
0
LINE
8
BLACK
6
CONTINUOUS
10
0.5283737007874015
20
1.3890335433070866
11
0.5326299212598425
21
1.391871062992126
0
LINE
8
BLACK
6
CONTINUOUS
10
0.5326299212598425
20
1.391871062992126
11
0.5350838976377953
21
1.3943250787401575
0
LINE
8
BLACK
6
CONTINUOUS
10
0.5350838976377953
20
1.3943250787401575
11
0.5363694488188976
21
1.3968961023622046
0
LINE
8
BLACK
6
CONTINUOUS
10
0.5363694488188976
20
1.3968961023622046
11
0.5369803543307087
21
1.3977197637795276
0
LINE
8
BLACK
6
CONTINUOUS
10
0.5369803543307087
20
1.3977197637795276
11
0.5388335433070865
21
1.3985230314960631
0
LINE
8
BLACK
6
CONTINUOUS
10
0.5388335433070865
20
1.3985230314960631
11
0.5407695275590551
21
1.3979472047244095
0
LINE
8
BLACK
6
CONTINUOUS
10
0.8183285826771654
20
1.4163199212598425
11
0.8194414566929134
21
1.41463437007874
0
LINE
8
BLACK
6
CONTINUOUS
10
0.8194414566929134
20
1.41463437007874
11
0.8192105511811023
21
1.4126277952755906
0
LINE
8
BLACK
6
CONTINUOUS
10
0.8192105511811023
20
1.4126277952755906
11
0.817710748031496
21
1.4096281496062992
0
LINE
8
BLACK
6
CONTINUOUS
10
0.817710748031496
20
1.4096281496062992
11
0.817184842519685
21
1.4089191338582676
0
LINE
8
BLACK
6
CONTINUOUS
10
0.817184842519685
20
1.4089191338582676
11
0.8171576377952756
21
1.4088607480314961
0
LINE
8
BLACK
6
CONTINUOUS
10
0.8171576377952756
20
1.4088607480314961
11
0.8161990551181102
21
1.4079021653543307
0
LINE
8
BLACK
6
CONTINUOUS
10
0.8161990551181102
20
1.4079021653543307
11
0.8361139763779527
21
1.4079021653543307
0
LINE
8
BLACK
6
CONTINUOUS
10
0.8361139763779527
20
1.4079021653543307
11
0.8361139763779527
21
1.4139483070866141
0
LINE
8
BLACK
6
CONTINUOUS
10
0.8361139763779527
20
1.4139483070866141
11
0.8362920472440944
21
1.4149582283464566
0
LINE
8
BLACK
6
CONTINUOUS
10
0.8362920472440944
20
1.4149582283464566
11
0.8375903543307086
21
1.4165054724409449
0
LINE
8
BLACK
6
CONTINUOUS
10
0.8375903543307086
20
1.4165054724409449
11
0.8395794881889763
21
1.4168562204724409
0
LINE
8
BLACK
6
CONTINUOUS
10
0.8395794881889763
20
1.4168562204724409
11
0.8413286614173228
21
1.4158462992125984
0
LINE
8
BLACK
6
CONTINUOUS
10
0.8413286614173228
20
1.4158462992125984
11
0.8420194881889763
21
1.4139483070866141
0
LINE
8
BLACK
6
CONTINUOUS
10
0.8420194881889763
20
1.4139483070866141
11
0.8420194881889763
21
1.3959505511811023
0
LINE
8
BLACK
6
CONTINUOUS
10
0.8420194881889763
20
1.3959505511811023
11
0.8418414173228346
21
1.3949406299212599
0
LINE
8
BLACK
6
CONTINUOUS
10
0.8418414173228346
20
1.3949406299212599
11
0.8405431102362204
21
1.3933933858267715
0
LINE
8
BLACK
6
CONTINUOUS
10
0.8405431102362204
20
1.3933933858267715
11
0.8385539763779527
21
1.3930426377952756
0
LINE
8
BLACK
6
CONTINUOUS
10
0.8385539763779527
20
1.3930426377952756
11
0.8368048031496063
21
1.394052559055118
0
LINE
8
BLACK
6
CONTINUOUS
10
0.8368048031496063
20
1.394052559055118
11
0.8361139763779527
21
1.3959505511811023
0
LINE
8
BLACK
6
CONTINUOUS
10
0.8361139763779527
20
1.3959505511811023
11
0.8361139763779527
21
1.401996653543307
0
LINE
8
BLACK
6
CONTINUOUS
10
0.8361139763779527
20
1.401996653543307
11
0.8075706692913386
21
1.401996653543307
0
LINE
8
BLACK
6
CONTINUOUS
10
0.8075706692913386
20
1.401996653543307
11
0.806560748031496
21
1.4021747244094487
0
LINE
8
BLACK
6
CONTINUOUS
10
0.806560748031496
20
1.4021747244094487
11
0.8064306692913386
21
1.4022838976377952
0
LINE
8
BLACK
6
CONTINUOUS
10
0.8064306692913386
20
1.4022838976377952
11
0.8062619291338583
21
1.4023025196850394
0
LINE
8
BLACK
6
CONTINUOUS
10
0.8062619291338583
20
1.4023025196850394
11
0.8056698818897637
21
1.4029222440944882
0
LINE
8
BLACK
6
CONTINUOUS
10
0.8056698818897637
20
1.4029222440944882
11
0.8050135039370079
21
1.4034730314960631
0
LINE
8
BLACK
6
CONTINUOUS
10
0.8050135039370079
20
1.4034730314960631
11
0.8049840157480315
21
1.4036402362204725
0
LINE
8
BLACK
6
CONTINUOUS
10
0.8049840157480315
20
1.4036402362204725
11
0.8048667322834645
21
1.4037629921259842
0
LINE
8
BLACK
6
CONTINUOUS
10
0.8048667322834645
20
1.4037629921259842
11
0.8048115748031496
21
1.4046182283464566
0
LINE
8
BLACK
6
CONTINUOUS
10
0.8048115748031496
20
1.4046182283464566
11
0.8046627559055118
21
1.4054621653543307
0
LINE
8
BLACK
6
CONTINUOUS
10
0.8046627559055118
20
1.4054621653543307
11
0.8047476377952756
21
1.4056092519685039
0
LINE
8
BLACK
6
CONTINUOUS
10
0.8047476377952756
20
1.4056092519685039
11
0.8047367322834645
21
1.4057786220472441
0
LINE
8
BLACK
6
CONTINUOUS
10
0.8047367322834645
20
1.4057786220472441
11
0.8052441732283464
21
1.4064692519685038
0
LINE
8
BLACK
6
CONTINUOUS
10
0.8052441732283464
20
1.4064692519685038
11
0.8056726771653543
21
1.4072113385826772
0
LINE
8
BLACK
6
CONTINUOUS
10
0.8056726771653543
20
1.4072113385826772
11
0.8058321653543307
21
1.407269409448819
0
LINE
8
BLACK
6
CONTINUOUS
10
0.8058321653543307
20
1.407269409448819
11
0.8059327559055118
21
1.4074062598425197
0
LINE
8
BLACK
6
CONTINUOUS
10
0.8059327559055118
20
1.4074062598425197
11
0.8101889763779527
21
1.4102437795275591
0
LINE
8
BLACK
6
CONTINUOUS
10
0.8101889763779527
20
1.4102437795275591
11
0.8126429527559055
21
1.4126977952755906
0
LINE
8
BLACK
6
CONTINUOUS
10
0.8126429527559055
20
1.4126977952755906
11
0.8139285039370079
21
1.4152688188976377
0
LINE
8
BLACK
6
CONTINUOUS
10
0.8139285039370079
20
1.4152688188976377
11
0.8145394094488189
21
1.4160924803149606
0
LINE
8
BLACK
6
CONTINUOUS
10
0.8145394094488189
20
1.4160924803149606
11
0.8163925984251968
21
1.4168957480314961
0
LINE
8
BLACK
6
CONTINUOUS
10
0.8163925984251968
20
1.4168957480314961
11
0.8183285826771654
21
1.4163199212598425
0
LINE
8
BLACK
6
CONTINUOUS
10
0.7992584251968504
20
1.4779410629921259
11
0.8005139763779527
21
1.476358937007874
0
LINE
8
BLACK
6
CONTINUOUS
10
0.8005139763779527
20
1.476358937007874
11
0.8053277952755905
21
1.4619175196850394
0
LINE
8
BLACK
6
CONTINUOUS
10
0.8053277952755905
20
1.4619175196850394
11
0.815100905511811
21
1.4619175196850394
0
LINE
8
BLACK
6
CONTINUOUS
10
0.815100905511811
20
1.4619175196850394
11
0.8144091338582677
21
1.4639927952755905
0
LINE
8
BLACK
6
CONTINUOUS
10
0.8144091338582677
20
1.4639927952755905
11
0.8142796456692913
21
1.4648659842519685
0
LINE
8
BLACK
6
CONTINUOUS
10
0.8142796456692913
20
1.4648659842519685
11
0.8142575984251968
21
1.4649265354330709
0
LINE
8
BLACK
6
CONTINUOUS
10
0.8142575984251968
20
1.4649265354330709
11
0.8142575984251968
21
1.4679261417322835
0
LINE
8
BLACK
6
CONTINUOUS
10
0.8142575984251968
20
1.4679261417322835
11
0.8144356692913386
21
1.468936062992126
0
LINE
8
BLACK
6
CONTINUOUS
10
0.8144356692913386
20
1.468936062992126
11
0.8145491338582677
21
1.469071338582677
0
LINE
8
BLACK
6
CONTINUOUS
10
0.8145491338582677
20
1.469071338582677
11
0.8145693307086614
21
1.4692466535433071
0
LINE
8
BLACK
6
CONTINUOUS
10
0.8145693307086614
20
1.4692466535433071
11
0.8160691338582677
21
1.4722462992125984
0
LINE
8
BLACK
6
CONTINUOUS
10
0.8160691338582677
20
1.4722462992125984
11
0.8165950393700787
21
1.4729553937007873
0
LINE
8
BLACK
6
CONTINUOUS
10
0.8165950393700787
20
1.4729553937007873
11
0.8166222440944881
21
1.4730137007874016
0
LINE
8
BLACK
6
CONTINUOUS
10
0.8166222440944881
20
1.4730137007874016
11
0.8181220472440944
21
1.4745135039370079
0
LINE
8
BLACK
6
CONTINUOUS
10
0.8181220472440944
20
1.4745135039370079
11
0.8188451181102362
21
1.4750198031496062
0
LINE
8
BLACK
6
CONTINUOUS
10
0.8188451181102362
20
1.4750198031496062
11
0.8188894488188976
21
1.4750666141732283
0
LINE
8
BLACK
6
CONTINUOUS
10
0.8188894488188976
20
1.4750666141732283
11
0.8218890944881889
21
1.4765664173228346
0
LINE
8
BLACK
6
CONTINUOUS
10
0.8218890944881889
20
1.4765664173228346
11
0.8228720472440945
21
1.4768588188976377
0
LINE
8
BLACK
6
CONTINUOUS
10
0.8228720472440945
20
1.4768588188976377
11
0.8230437401574803
21
1.4768177952755905
0
LINE
8
BLACK
6
CONTINUOUS
10
0.8230437401574803
20
1.4768177952755905
11
0.8232096062992126
21
1.4768781496062993
0
LINE
8
BLACK
6
CONTINUOUS
10
0.8232096062992126
20
1.4768781496062993
11
0.8307086614173228
21
1.4768781496062993
0
LINE
8
BLACK
6
CONTINUOUS
10
0.8307086614173228
20
1.4768781496062993
11
0.8317185826771654
21
1.4767000787401574
0
LINE
8
BLACK
6
CONTINUOUS
10
0.8317185826771654
20
1.4767000787401574
11
0.8318538188976378
21
1.4765866141732282
0
LINE
8
BLACK
6
CONTINUOUS
10
0.8318538188976378
20
1.4765866141732282
11
0.8320291732283465
21
1.4765664173228346
0
LINE
8
BLACK
6
CONTINUOUS
10
0.8320291732283465
20
1.4765664173228346
11
0.8350287795275591
21
1.4750666141732283
0
LINE
8
BLACK
6
CONTINUOUS
10
0.8350287795275591
20
1.4750666141732283
11
0.8357377559055118
21
1.4745407874015748
0
LINE
8
BLACK
6
CONTINUOUS
10
0.8357377559055118
20
1.4745407874015748
11
0.8357961417322834
21
1.4745135433070866
0
LINE
8
BLACK
6
CONTINUOUS
10
0.8357961417322834
20
1.4745135433070866
11
0.8372959842519685
21
1.4730137401574803
0
LINE
8
BLACK
6
CONTINUOUS
10
0.8372959842519685
20
1.4730137401574803
11
0.8378842125984252
21
1.4721737007874016
0
LINE
8
BLACK
6
CONTINUOUS
10
0.8378842125984252
20
1.4721737007874016
11
0.8380602755905512
21
1.4701616141732283
0
LINE
8
BLACK
6
CONTINUOUS
10
0.8380602755905512
20
1.4701616141732283
11
0.8369017716535433
21
1.4685070472440944
0
LINE
8
BLACK
6
CONTINUOUS
10
0.8369017716535433
20
1.4685070472440944
11
0.8349507874015748
21
1.4679842913385825
0
LINE
8
BLACK
6
CONTINUOUS
10
0.8349507874015748
20
1.4679842913385825
11
0.8331202362204724
21
1.4688378346456692
0
LINE
8
BLACK
6
CONTINUOUS
10
0.8331202362204724
20
1.4688378346456692
11
0.8319591732283464
21
1.4699988582677166
0
LINE
8
BLACK
6
CONTINUOUS
10
0.8319591732283464
20
1.4699988582677166
11
0.8300116141732283
21
1.4709726377952757
0
LINE
8
BLACK
6
CONTINUOUS
10
0.8300116141732283
20
1.4709726377952757
11
0.8239066535433071
21
1.4709726377952757
0
LINE
8
BLACK
6
CONTINUOUS
10
0.8239066535433071
20
1.4709726377952757
11
0.8219590157480314
21
1.4699988582677166
0
LINE
8
BLACK
6
CONTINUOUS
10
0.8219590157480314
20
1.4699988582677166
11
0.8211368897637795
21
1.4691767322834646
0
LINE
8
BLACK
6
CONTINUOUS
10
0.8211368897637795
20
1.4691767322834646
11
0.8201631102362205
21
1.4672291338582677
0
LINE
8
BLACK
6
CONTINUOUS
10
0.8201631102362205
20
1.4672291338582677
11
0.8201631102362205
21
1.4654056692913386
0
LINE
8
BLACK
6
CONTINUOUS
10
0.8201631102362205
20
1.4654056692913386
11
0.8212909448818897
21
1.4620221259842519
0
LINE
8
BLACK
6
CONTINUOUS
10
0.8212909448818897
20
1.4620221259842519
11
0.821951811023622
21
1.4613612598425196
0
LINE
8
BLACK
6
CONTINUOUS
10
0.821951811023622
20
1.4613612598425196
11
0.8230483464566929
21
1.4604411417322833
0
LINE
8
BLACK
6
CONTINUOUS
10
0.8230483464566929
20
1.4604411417322833
11
0.8230861023622047
21
1.4602269685039371
0
LINE
8
BLACK
6
CONTINUOUS
10
0.8230861023622047
20
1.4602269685039371
11
0.8324112204724409
21
1.4509018503937008
0
LINE
8
BLACK
6
CONTINUOUS
10
0.8324112204724409
20
1.4509018503937008
11
0.8325131102362204
21
1.4510232677165353
0
LINE
8
BLACK
6
CONTINUOUS
10
0.8325131102362204
20
1.4510232677165353
11
0.8345022440944881
21
1.4513740157480315
0
LINE
8
BLACK
6
CONTINUOUS
10
0.8345022440944881
20
1.4513740157480315
11
0.8362514173228346
21
1.450364094488189
0
LINE
8
BLACK
6
CONTINUOUS
10
0.8362514173228346
20
1.450364094488189
11
0.8369422440944881
21
1.4484661023622047
0
LINE
8
BLACK
6
CONTINUOUS
10
0.8369422440944881
20
1.4484661023622047
11
0.8369422440944881
21
1.4463708267716535
0
LINE
8
BLACK
6
CONTINUOUS
10
0.8369422440944881
20
1.4463708267716535
11
0.8387958267716535
21
1.4445172440944882
0
LINE
8
BLACK
6
CONTINUOUS
10
0.8387958267716535
20
1.4445172440944882
11
0.8391655905511811
21
1.4439892125984251
0
LINE
8
BLACK
6
CONTINUOUS
10
0.8391655905511811
20
1.4439892125984251
11
0.8392650787401574
21
1.4439057086614173
0
LINE
8
BLACK
6
CONTINUOUS
10
0.8392650787401574
20
1.4439057086614173
11
0.8392788582677165
21
1.4438274015748032
0
LINE
8
BLACK
6
CONTINUOUS
10
0.8392788582677165
20
1.4438274015748032
11
0.8393840551181102
21
1.4436772047244095
0
LINE
8
BLACK
6
CONTINUOUS
10
0.8393840551181102
20
1.4436772047244095
11
0.8394614960629921
21
1.442791653543307
0
LINE
8
BLACK
6
CONTINUOUS
10
0.8394614960629921
20
1.442791653543307
11
0.8396158267716535
21
1.4419165748031495
0
LINE
8
BLACK
6
CONTINUOUS
10
0.8396158267716535
20
1.4419165748031495
11
0.8395483070866142
21
1.4417996456692912
0
LINE
8
BLACK
6
CONTINUOUS
10
0.8395483070866142
20
1.4417996456692912
11
0.8395600787401575
21
1.4416650787401575
0
LINE
8
BLACK
6
CONTINUOUS
10
0.8395600787401575
20
1.4416650787401575
11
0.8390501968503937
21
1.4409369291338583
0
LINE
8
BLACK
6
CONTINUOUS
10
0.8390501968503937
20
1.4409369291338583
11
0.8390405118110236
21
1.440920157480315
0
LINE
8
BLACK
6
CONTINUOUS
10
0.8390405118110236
20
1.440920157480315
11
0.844890905511811
21
1.440920157480315
0
LINE
8
BLACK
6
CONTINUOUS
10
0.844890905511811
20
1.440920157480315
11
0.8386873228346456
21
1.4595308267716536
0
LINE
8
BLACK
6
CONTINUOUS
10
0.8386873228346456
20
1.4595308267716536
11
0.8385368897637795
21
1.4605452362204725
0
LINE
8
BLACK
6
CONTINUOUS
10
0.8385368897637795
20
1.4605452362204725
11
0.8392792913385827
21
1.462423622047244
0
LINE
8
BLACK
6
CONTINUOUS
10
0.8392792913385827
20
1.462423622047244
11
0.8410554330708662
21
1.4633853937007875
0
LINE
8
BLACK
6
CONTINUOUS
10
0.8410554330708662
20
1.4633853937007875
11
0.8430342125984251
21
1.462980433070866
0
LINE
8
BLACK
6
CONTINUOUS
10
0.8430342125984251
20
1.462980433070866
11
0.8442897637795276
21
1.4613983070866141
0
LINE
8
BLACK
6
CONTINUOUS
10
0.8442897637795276
20
1.4613983070866141
11
0.8452301181102362
21
1.4585772440944882
0
LINE
8
BLACK
6
CONTINUOUS
10
0.8452301181102362
20
1.4585772440944882
11
0.8460653937007874
21
1.4602477952755906
0
LINE
8
BLACK
6
CONTINUOUS
10
0.8460653937007874
20
1.4602477952755906
11
0.8465912992125985
21
1.4609568897637795
0
LINE
8
BLACK
6
CONTINUOUS
10
0.8465912992125985
20
1.4609568897637795
11
0.8466185039370079
21
1.4610151968503937
0
LINE
8
BLACK
6
CONTINUOUS
10
0.8466185039370079
20
1.4610151968503937
11
0.8481183070866142
21
1.462515
0
LINE
8
BLACK
6
CONTINUOUS
10
0.8481183070866142
20
1.462515
11
0.8488413779527559
21
1.4630212992125984
0
LINE
8
BLACK
6
CONTINUOUS
10
0.8488413779527559
20
1.4630212992125984
11
0.8488857086614173
21
1.4630681102362204
0
LINE
8
BLACK
6
CONTINUOUS
10
0.8488857086614173
20
1.4630681102362204
11
0.8518853543307087
21
1.4645679133858267
0
LINE
8
BLACK
6
CONTINUOUS
10
0.8518853543307087
20
1.4645679133858267
11
0.8528683070866142
21
1.4648603149606299
0
LINE
8
BLACK
6
CONTINUOUS
10
0.8528683070866142
20
1.4648603149606299
11
0.85304
21
1.4648192913385827
0
LINE
8
BLACK
6
CONTINUOUS
10
0.85304
20
1.4648192913385827
11
0.8532058661417322
21
1.4648796456692914
0
LINE
8
BLACK
6
CONTINUOUS
10
0.8532058661417322
20
1.4648796456692914
11
0.8592051181102363
21
1.4648796456692914
0
LINE
8
BLACK
6
CONTINUOUS
10
0.8592051181102363
20
1.4648796456692914
11
0.8602150393700787
21
1.4647015748031496
0
LINE
8
BLACK
6
CONTINUOUS
10
0.8602150393700787
20
1.4647015748031496
11
0.8603502755905512
21
1.4645881102362204
0
LINE
8
BLACK
6
CONTINUOUS
10
0.8603502755905512
20
1.4645881102362204
11
0.8605256299212598
21
1.4645679133858267
0
LINE
8
BLACK
6
CONTINUOUS
10
0.8605256299212598
20
1.4645679133858267
11
0.8612111811023622
21
1.4642251574803149
0
LINE
8
BLACK
6
CONTINUOUS
10
0.8612111811023622
20
1.4642251574803149
11
0.860963937007874
21
1.4652140944881888
0
LINE
8
BLACK
6
CONTINUOUS
10
0.860963937007874
20
1.4652140944881888
11
0.8584102362204724
21
1.4690446456692914
0
LINE
8
BLACK
6
CONTINUOUS
10
0.8584102362204724
20
1.4690446456692914
11
0.8574560236220472
21
1.4699988582677166
0
LINE
8
BLACK
6
CONTINUOUS
10
0.8574560236220472
20
1.4699988582677166
11
0.8555084251968503
21
1.4709726377952757
0
LINE
8
BLACK
6
CONTINUOUS
10
0.8555084251968503
20
1.4709726377952757
11
0.8502062204724409
21
1.4709726377952757
0
LINE
8
BLACK
6
CONTINUOUS
10
0.8502062204724409
20
1.4709726377952757
11
0.8491962992125984
21
1.4711507086614173
0
LINE
8
BLACK
6
CONTINUOUS
10
0.8491962992125984
20
1.4711507086614173
11
0.8476490551181102
21
1.4724490157480314
0
LINE
8
BLACK
6
CONTINUOUS
10
0.8476490551181102
20
1.4724490157480314
11
0.8472983070866141
21
1.4744381496062993
0
LINE
8
BLACK
6
CONTINUOUS
10
0.8472983070866141
20
1.4744381496062993
11
0.8483082283464567
21
1.4761873228346456
0
LINE
8
BLACK
6
CONTINUOUS
10
0.8483082283464567
20
1.4761873228346456
11
0.8502062204724409
21
1.4768781496062993
0
LINE
8
BLACK
6
CONTINUOUS
10
0.8502062204724409
20
1.4768781496062993
11
0.8562054724409449
21
1.4768781496062993
0
LINE
8
BLACK
6
CONTINUOUS
10
0.8562054724409449
20
1.4768781496062993
11
0.8572153937007874
21
1.4767000787401574
0
LINE
8
BLACK
6
CONTINUOUS
10
0.8572153937007874
20
1.4767000787401574
11
0.8573506299212599
21
1.4765866141732282
0
LINE
8
BLACK
6
CONTINUOUS
10
0.8573506299212599
20
1.4765866141732282
11
0.8575259842519685
21
1.4765664173228346
0
LINE
8
BLACK
6
CONTINUOUS
10
0.8575259842519685
20
1.4765664173228346
11
0.8605256299212598
21
1.4750666141732283
0
LINE
8
BLACK
6
CONTINUOUS
10
0.8605256299212598
20
1.4750666141732283
11
0.8612346850393701
21
1.4745407086614173
0
LINE
8
BLACK
6
CONTINUOUS
10
0.8612346850393701
20
1.4745407086614173
11
0.861293031496063
21
1.4745135039370079
0
LINE
8
BLACK
6
CONTINUOUS
10
0.861293031496063
20
1.4745135039370079
11
0.8627928346456692
21
1.4730137007874016
0
LINE
8
BLACK
6
CONTINUOUS
10
0.8627928346456692
20
1.4730137007874016
11
0.8630508661417322
21
1.472645157480315
0
LINE
8
BLACK
6
CONTINUOUS
10
0.8630508661417322
20
1.472645157480315
11
0.8631617716535432
21
1.4725636614173228
0
LINE
8
BLACK
6
CONTINUOUS
10
0.8631617716535432
20
1.4725636614173228
11
0.8661613779527559
21
1.4680642519685039
0
LINE
8
BLACK
6
CONTINUOUS
10
0.8661613779527559
20
1.4680642519685039
11
0.8665595275590551
21
1.4671567716535432
0
LINE
8
BLACK
6
CONTINUOUS
10
0.8665595275590551
20
1.4671567716535432
11
0.8665691338582677
21
1.4671425196850394
0
LINE
8
BLACK
6
CONTINUOUS
10
0.8665691338582677
20
1.4671425196850394
11
0.8680689763779528
21
1.4611432283464567
0
LINE
8
BLACK
6
CONTINUOUS
10
0.8680689763779528
20
1.4611432283464567
11
0.8681104330708661
21
1.4605553543307086
0
LINE
8
BLACK
6
CONTINUOUS
10
0.8681104330708661
20
1.4605553543307086
11
0.868157125984252
21
1.4604270866141731
0
LINE
8
BLACK
6
CONTINUOUS
10
0.868157125984252
20
1.4604270866141731
11
0.868157125984252
21
1.4484285826771652
0
LINE
8
BLACK
6
CONTINUOUS
10
0.868157125984252
20
1.4484285826771652
11
0.8679790551181102
21
1.4474186614173228
0
LINE
8
BLACK
6
CONTINUOUS
10
0.8679790551181102
20
1.4474186614173228
11
0.8678655118110236
21
1.4472833858267715
0
LINE
8
BLACK
6
CONTINUOUS
10
0.8678655118110236
20
1.4472833858267715
11
0.8678453543307086
21
1.4471080314960629
0
LINE
8
BLACK
6
CONTINUOUS
10
0.8678453543307086
20
1.4471080314960629
11
0.8663455511811023
21
1.4441084251968503
0
LINE
8
BLACK
6
CONTINUOUS
10
0.8663455511811023
20
1.4441084251968503
11
0.86581968503937
21
1.443399527559055
0
LINE
8
BLACK
6
CONTINUOUS
10
0.86581968503937
20
1.443399527559055
11
0.8657924803149606
21
1.4433411023622047
0
LINE
8
BLACK
6
CONTINUOUS
10
0.8657924803149606
20
1.4433411023622047
11
0.8642926771653543
21
1.4418412598425197
0
LINE
8
BLACK
6
CONTINUOUS
10
0.8642926771653543
20
1.4418412598425197
11
0.8635694881889764
21
1.4413348818897638
0
LINE
8
BLACK
6
CONTINUOUS
10
0.8635694881889764
20
1.4413348818897638
11
0.8635252362204724
21
1.4412881102362205
0
LINE
8
BLACK
6
CONTINUOUS
10
0.8635252362204724
20
1.4412881102362205
11
0.8605256299212598
21
1.4397883070866142
0
LINE
8
BLACK
6
CONTINUOUS
10
0.8605256299212598
20
1.4397883070866142
11
0.8595426771653543
21
1.4394959448818898
0
LINE
8
BLACK
6
CONTINUOUS
10
0.8595426771653543
20
1.4394959448818898
11
0.8593709842519685
21
1.439536968503937
0
LINE
8
BLACK
6
CONTINUOUS
10
0.8593709842519685
20
1.439536968503937
11
0.8592051181102363
21
1.4394765748031495
0
LINE
8
BLACK
6
CONTINUOUS
10
0.8592051181102363
20
1.4394765748031495
11
0.8532058661417322
21
1.4394765748031495
0
LINE
8
BLACK
6
CONTINUOUS
10
0.8532058661417322
20
1.4394765748031495
11
0.8521959448818898
21
1.4396546456692914
0
LINE
8
BLACK
6
CONTINUOUS
10
0.8521959448818898
20
1.4396546456692914
11
0.8520606692913386
21
1.4397681496062993
0
LINE
8
BLACK
6
CONTINUOUS
10
0.8520606692913386
20
1.4397681496062993
11
0.8518853543307087
21
1.4397883070866142
0
LINE
8
BLACK
6
CONTINUOUS
10
0.8518853543307087
20
1.4397883070866142
11
0.85141468503937
21
1.4400236614173227
0
LINE
8
BLACK
6
CONTINUOUS
10
0.85141468503937
20
1.4400236614173227
11
0.8517888582677166
21
1.4389011417322835
0
LINE
8
BLACK
6
CONTINUOUS
10
0.8517888582677166
20
1.4389011417322835
11
0.8519392913385827
21
1.4378867716535433
0
LINE
8
BLACK
6
CONTINUOUS
10
0.8519392913385827
20
1.4378867716535433
11
0.8518563385826772
21
1.4376769291338583
0
LINE
8
BLACK
6
CONTINUOUS
10
0.8518563385826772
20
1.4376769291338583
11
0.8518955511811024
21
1.4374546456692914
0
LINE
8
BLACK
6
CONTINUOUS
10
0.8518955511811024
20
1.4374546456692914
11
0.8514927952755905
21
1.4367571653543307
0
LINE
8
BLACK
6
CONTINUOUS
10
0.8514927952755905
20
1.4367571653543307
11
0.8511968897637795
21
1.4360083464566928
0
LINE
8
BLACK
6
CONTINUOUS
10
0.8511968897637795
20
1.4360083464566928
11
0.8509984251968504
21
1.435900905511811
0
LINE
8
BLACK
6
CONTINUOUS
10
0.8509984251968504
20
1.435900905511811
11
0.8508856299212598
21
1.4357054724409448
0
LINE
8
BLACK
6
CONTINUOUS
10
0.8508856299212598
20
1.4357054724409448
11
0.8501288976377953
21
1.4354300787401575
0
LINE
8
BLACK
6
CONTINUOUS
10
0.8501288976377953
20
1.4354300787401575
11
0.849420748031496
21
1.4350465748031496
0
LINE
8
BLACK
6
CONTINUOUS
10
0.849420748031496
20
1.4350465748031496
11
0.8491996456692913
21
1.4350918503937007
0
LINE
8
BLACK
6
CONTINUOUS
10
0.8491996456692913
20
1.4350918503937007
11
0.8489876377952755
21
1.4350146456692914
0
LINE
8
BLACK
6
CONTINUOUS
10
0.8489876377952755
20
1.4350146456692914
11
0.8369422440944881
21
1.4350146456692914
0
LINE
8
BLACK
6
CONTINUOUS
10
0.8369422440944881
20
1.4350146456692914
11
0.8369422440944881
21
1.4274687007874016
0
LINE
8
BLACK
6
CONTINUOUS
10
0.8369422440944881
20
1.4274687007874016
11
0.8367641732283464
21
1.426458779527559
0
LINE
8
BLACK
6
CONTINUOUS
10
0.8367641732283464
20
1.426458779527559
11
0.8354658661417322
21
1.4249115354330708
0
LINE
8
BLACK
6
CONTINUOUS
10
0.8354658661417322
20
1.4249115354330708
11
0.8334767322834645
21
1.4245607874015749
0
LINE
8
BLACK
6
CONTINUOUS
10
0.8334767322834645
20
1.4245607874015749
11
0.8317275590551181
21
1.4255707086614173
0
LINE
8
BLACK
6
CONTINUOUS
10
0.8317275590551181
20
1.4255707086614173
11
0.8310367322834645
21
1.4274687007874016
0
LINE
8
BLACK
6
CONTINUOUS
10
0.8310367322834645
20
1.4274687007874016
11
0.8310367322834645
21
1.4350146456692914
0
LINE
8
BLACK
6
CONTINUOUS
10
0.8310367322834645
20
1.4350146456692914
11
0.8294900393700787
21
1.4350146456692914
0
LINE
8
BLACK
6
CONTINUOUS
10
0.8294900393700787
20
1.4350146456692914
11
0.8284801181102363
21
1.435192716535433
0
LINE
8
BLACK
6
CONTINUOUS
10
0.8284801181102363
20
1.435192716535433
11
0.826932874015748
21
1.4364910236220472
0
LINE
8
BLACK
6
CONTINUOUS
10
0.826932874015748
20
1.4364910236220472
11
0.826582125984252
21
1.438480157480315
0
LINE
8
BLACK
6
CONTINUOUS
10
0.826582125984252
20
1.438480157480315
11
0.8271574409448819
21
1.4394765748031495
0
LINE
8
BLACK
6
CONTINUOUS
10
0.8271574409448819
20
1.4394765748031495
11
0.8172103543307087
21
1.4394765748031495
0
LINE
8
BLACK
6
CONTINUOUS
10
0.8172103543307087
20
1.4394765748031495
11
0.8162004330708661
21
1.4396546456692914
0
LINE
8
BLACK
6
CONTINUOUS
10
0.8162004330708661
20
1.4396546456692914
11
0.814653188976378
21
1.4409529527559055
0
LINE
8
BLACK
6
CONTINUOUS
10
0.814653188976378
20
1.4409529527559055
11
0.8143024409448819
21
1.4429420866141731
0
LINE
8
BLACK
6
CONTINUOUS
10
0.8143024409448819
20
1.4429420866141731
11
0.8153123622047244
21
1.4446912598425197
0
LINE
8
BLACK
6
CONTINUOUS
10
0.8153123622047244
20
1.4446912598425197
11
0.8172103543307087
21
1.4453820866141731
0
LINE
8
BLACK
6
CONTINUOUS
10
0.8172103543307087
20
1.4453820866141731
11
0.8295793307086614
21
1.4453820866141731
0
LINE
8
BLACK
6
CONTINUOUS
10
0.8295793307086614
20
1.4453820866141731
11
0.8189494094488189
21
1.4560120078740157
0
LINE
8
BLACK
6
CONTINUOUS
10
0.8189494094488189
20
1.4560120078740157
11
0.8072963385826771
21
1.4560120078740157
0
LINE
8
BLACK
6
CONTINUOUS
10
0.8072963385826771
20
1.4560120078740157
11
0.8080130708661417
21
1.4538617716535434
0
LINE
8
BLACK
6
CONTINUOUS
10
0.8080130708661417
20
1.4538617716535434
11
0.8081635039370079
21
1.4528474015748032
0
LINE
8
BLACK
6
CONTINUOUS
10
0.8081635039370079
20
1.4528474015748032
11
0.8080805511811023
21
1.4526375590551182
0
LINE
8
BLACK
6
CONTINUOUS
10
0.8080805511811023
20
1.4526375590551182
11
0.8081197637795275
21
1.4524152755905511
0
LINE
8
BLACK
6
CONTINUOUS
10
0.8081197637795275
20
1.4524152755905511
11
0.8077170078740157
21
1.4517177952755904
0
LINE
8
BLACK
6
CONTINUOUS
10
0.8077170078740157
20
1.4517177952755904
11
0.8074211023622047
21
1.4509689763779527
0
LINE
8
BLACK
6
CONTINUOUS
10
0.8074211023622047
20
1.4509689763779527
11
0.8072226377952756
21
1.4508615354330707
0
LINE
8
BLACK
6
CONTINUOUS
10
0.8072226377952756
20
1.4508615354330707
11
0.807109842519685
21
1.4506661023622047
0
LINE
8
BLACK
6
CONTINUOUS
10
0.807109842519685
20
1.4506661023622047
11
0.8063771259842519
21
1.4503994881889763
0
LINE
8
BLACK
6
CONTINUOUS
10
0.8063771259842519
20
1.4503994881889763
11
0.8157061417322834
21
1.4286318503937008
0
LINE
8
BLACK
6
CONTINUOUS
10
0.8157061417322834
20
1.4286318503937008
11
0.8159402755905512
21
1.4276334645669291
0
LINE
8
BLACK
6
CONTINUOUS
10
0.8159402755905512
20
1.4276334645669291
11
0.8153564566929133
21
1.4256998818897637
0
LINE
8
BLACK
6
CONTINUOUS
10
0.8153564566929133
20
1.4256998818897637
11
0.8136662992125984
21
1.424593937007874
0
LINE
8
BLACK
6
CONTINUOUS
10
0.8136662992125984
20
1.424593937007874
11
0.811660748031496
21
1.4248331496062991
0
LINE
8
BLACK
6
CONTINUOUS
10
0.811660748031496
20
1.4248331496062991
11
0.8102781102362204
21
1.4263055511811022
0
LINE
8
BLACK
6
CONTINUOUS
10
0.8102781102362204
20
1.4263055511811022
11
0.8001338976377953
21
1.4499752755905511
0
LINE
8
BLACK
6
CONTINUOUS
10
0.8001338976377953
20
1.4499752755905511
11
0.7931664566929134
21
1.4499752755905511
0
LINE
8
BLACK
6
CONTINUOUS
10
0.7931664566929134
20
1.4499752755905511
11
0.7931664566929134
21
1.4424293307086613
0
LINE
8
BLACK
6
CONTINUOUS
10
0.7931664566929134
20
1.4424293307086613
11
0.7929883858267717
21
1.4414194094488189
0
LINE
8
BLACK
6
CONTINUOUS
10
0.7929883858267717
20
1.4414194094488189
11
0.7916900787401575
21
1.4398721653543307
0
LINE
8
BLACK
6
CONTINUOUS
10
0.7916900787401575
20
1.4398721653543307
11
0.790448031496063
21
1.439653188976378
0
LINE
8
BLACK
6
CONTINUOUS
10
0.790448031496063
20
1.439653188976378
11
0.790448031496063
21
1.4319681496062993
0
LINE
8
BLACK
6
CONTINUOUS
10
0.790448031496063
20
1.4319681496062993
11
0.7902699606299213
21
1.4309582283464566
0
LINE
8
BLACK
6
CONTINUOUS
10
0.7902699606299213
20
1.4309582283464566
11
0.7901564566929133
21
1.4308229921259843
0
LINE
8
BLACK
6
CONTINUOUS
10
0.7901564566929133
20
1.4308229921259843
11
0.7901362992125984
21
1.4306476377952755
0
LINE
8
BLACK
6
CONTINUOUS
10
0.7901362992125984
20
1.4306476377952755
11
0.7886364960629921
21
1.4276479921259841
0
LINE
8
BLACK
6
CONTINUOUS
10
0.7886364960629921
20
1.4276479921259841
11
0.788025590551181
21
1.4268243307086614
0
LINE
8
BLACK
6
CONTINUOUS
10
0.788025590551181
20
1.4268243307086614
11
0.7876198818897637
21
1.4266485039370078
0
LINE
8
BLACK
6
CONTINUOUS
10
0.7876198818897637
20
1.4266485039370078
11
0.7873159842519685
21
1.4263274803149606
0
LINE
8
BLACK
6
CONTINUOUS
10
0.7873159842519685
20
1.4263274803149606
11
0.7843163779527559
21
1.4248276771653543
0
LINE
8
BLACK
6
CONTINUOUS
10
0.7843163779527559
20
1.4248276771653543
11
0.7833334251968503
21
1.4245353149606299
0
LINE
8
BLACK
6
CONTINUOUS
10
0.7833334251968503
20
1.4245353149606299
11
0.7831617322834645
21
1.4245763385826771
0
LINE
8
BLACK
6
CONTINUOUS
10
0.7831617322834645
20
1.4245763385826771
11
0.7829958661417322
21
1.4245159448818898
0
LINE
8
BLACK
6
CONTINUOUS
10
0.7829958661417322
20
1.4245159448818898
11
0.7784964173228346
21
1.4245159448818898
0
LINE
8
BLACK
6
CONTINUOUS
10
0.7784964173228346
20
1.4245159448818898
11
0.7774864960629921
21
1.4246940157480315
0
LINE
8
BLACK
6
CONTINUOUS
10
0.7774864960629921
20
1.4246940157480315
11
0.7773512204724409
21
1.4248075196850394
0
LINE
8
BLACK
6
CONTINUOUS
10
0.7773512204724409
20
1.4248075196850394
11
0.777175905511811
21
1.4248276771653543
0
LINE
8
BLACK
6
CONTINUOUS
10
0.777175905511811
20
1.4248276771653543
11
0.7759269685039369
21
1.4254521653543306
0
LINE
8
BLACK
6
CONTINUOUS
10
0.7759269685039369
20
1.4254521653543306
11
0.7754733464566929
21
1.4249115354330708
0
LINE
8
BLACK
6
CONTINUOUS
10
0.7754733464566929
20
1.4249115354330708
11
0.7734842125984251
21
1.4245607874015749
0
LINE
8
BLACK
6
CONTINUOUS
10
0.7734842125984251
20
1.4245607874015749
11
0.7717350393700787
21
1.4255707086614173
0
LINE
8
BLACK
6
CONTINUOUS
10
0.7717350393700787
20
1.4255707086614173
11
0.7710442125984251
21
1.4274687007874016
0
LINE
8
BLACK
6
CONTINUOUS
10
0.7710442125984251
20
1.4274687007874016
11
0.7710442125984251
21
1.4484661023622047
0
LINE
8
BLACK
6
CONTINUOUS
10
0.7710442125984251
20
1.4484661023622047
11
0.7712222834645669
21
1.4494760236220472
0
LINE
8
BLACK
6
CONTINUOUS
10
0.7712222834645669
20
1.4494760236220472
11
0.7716412204724409
21
1.4499752755905511
0
LINE
8
BLACK
6
CONTINUOUS
10
0.7716412204724409
20
1.4499752755905511
11
0.7631701968503937
21
1.4499752755905511
0
LINE
8
BLACK
6
CONTINUOUS
10
0.7631701968503937
20
1.4499752755905511
11
0.7631701968503937
21
1.4424293307086613
0
LINE
8
BLACK
6
CONTINUOUS
10
0.7631701968503937
20
1.4424293307086613
11
0.7629921259842519
21
1.4414194094488189
0
LINE
8
BLACK
6
CONTINUOUS
10
0.7629921259842519
20
1.4414194094488189
11
0.7619515748031496
21
1.4401793700787402
0
LINE
8
BLACK
6
CONTINUOUS
10
0.7619515748031496
20
1.4401793700787402
11
0.7619515748031496
21
1.4277746456692912
0
LINE
8
BLACK
6
CONTINUOUS
10
0.7619515748031496
20
1.4277746456692912
11
0.7622950787401575
21
1.4277746456692912
0
LINE
8
BLACK
6
CONTINUOUS
10
0.7622950787401575
20
1.4277746456692912
11
0.7626785826771654
21
1.4277070472440945
0
LINE
8
BLACK
6
CONTINUOUS
10
0.7626785826771654
20
1.4277070472440945
11
0.7628078346456693
21
1.4277298031496062
0
LINE
8
BLACK
6
CONTINUOUS
10
0.7628078346456693
20
1.4277298031496062
11
0.7629214173228346
21
1.4276642125984251
0
LINE
8
BLACK
6
CONTINUOUS
10
0.7629214173228346
20
1.4276642125984251
11
0.763305
21
1.4275965748031496
0
LINE
8
BLACK
6
CONTINUOUS
10
0.763305
20
1.4275965748031496
11
0.7638926771653544
21
1.4271034645669292
0
LINE
8
BLACK
6
CONTINUOUS
10
0.7638926771653544
20
1.4271034645669292
11
0.7645570078740157
21
1.4267198818897637
0
LINE
8
BLACK
6
CONTINUOUS
10
0.7645570078740157
20
1.4267198818897637
11
0.7646481102362205
21
1.4264695669291338
0
LINE
8
BLACK
6
CONTINUOUS
10
0.7646481102362205
20
1.4264695669291338
11
0.7648522440944882
21
1.4262982677165355
0
LINE
8
BLACK
6
CONTINUOUS
10
0.7648522440944882
20
1.4262982677165355
11
0.7649854724409448
21
1.4255427165354331
0
LINE
8
BLACK
6
CONTINUOUS
10
0.7649854724409448
20
1.4255427165354331
11
0.7652478346456693
21
1.4248218897637794
0
LINE
8
BLACK
6
CONTINUOUS
10
0.7652478346456693
20
1.4248218897637794
11
0.7652478346456693
21
1.4173228346456692
0
LINE
8
BLACK
6
CONTINUOUS
10
0.7652478346456693
20
1.4173228346456692
11
0.765094527559055
21
1.4164534645669291
0
LINE
8
BLACK
6
CONTINUOUS
10
0.765094527559055
20
1.4164534645669291
11
0.7650962992125984
21
1.4163890944881889
0
LINE
8
BLACK
6
CONTINUOUS
10
0.7650962992125984
20
1.4163890944881889
11
0.7635964960629921
21
1.4118896456692913
0
LINE
8
BLACK
6
CONTINUOUS
10
0.7635964960629921
20
1.4118896456692913
11
0.7631082283464566
21
1.410987874015748
0
LINE
8
BLACK
6
CONTINUOUS
10
0.7631082283464566
20
1.410987874015748
11
0.7629577559055118
21
1.4108954724409448
0
LINE
8
BLACK
6
CONTINUOUS
10
0.7629577559055118
20
1.4108954724409448
11
0.762883188976378
21
1.4107354724409449
0
LINE
8
BLACK
6
CONTINUOUS
10
0.762883188976378
20
1.4107354724409449
11
0.7598835433070866
21
1.4077358661417323
0
LINE
8
BLACK
6
CONTINUOUS
10
0.7598835433070866
20
1.4077358661417323
11
0.7591603543307086
21
1.4072294881889764
0
LINE
8
BLACK
6
CONTINUOUS
10
0.7591603543307086
20
1.4072294881889764
11
0.7591161417322835
21
1.4071827559055117
0
LINE
8
BLACK
6
CONTINUOUS
10
0.7591161417322835
20
1.4071827559055117
11
0.7561165354330709
21
1.4056829527559054
0
LINE
8
BLACK
6
CONTINUOUS
10
0.7561165354330709
20
1.4056829527559054
11
0.7556281496062992
21
1.405537716535433
0
LINE
8
BLACK
6
CONTINUOUS
10
0.7556281496062992
20
1.405537716535433
11
0.7555122047244094
21
1.4054593700787401
0
LINE
8
BLACK
6
CONTINUOUS
10
0.7555122047244094
20
1.4054593700787401
11
0.7495129527559055
21
1.4039595275590551
0
LINE
8
BLACK
6
CONTINUOUS
10
0.7495129527559055
20
1.4039595275590551
11
0.748925
21
1.4039180708661416
0
LINE
8
BLACK
6
CONTINUOUS
10
0.748925
20
1.4039180708661416
11
0.7487967716535433
21
1.4038713779527559
0
LINE
8
BLACK
6
CONTINUOUS
10
0.7487967716535433
20
1.4038713779527559
11
0.7442973228346457
21
1.4038713779527559
0
LINE
8
BLACK
6
CONTINUOUS
10
0.7442973228346457
20
1.4038713779527559
11
0.7437169291338582
21
1.4039737401574803
0
LINE
8
BLACK
6
CONTINUOUS
10
0.7437169291338582
20
1.4039737401574803
11
0.7435811811023622
21
1.4039595275590551
0
LINE
8
BLACK
6
CONTINUOUS
10
0.7435811811023622
20
1.4039595275590551
11
0.7375818897637795
21
1.4054593700787401
0
LINE
8
BLACK
6
CONTINUOUS
10
0.7375818897637795
20
1.4054593700787401
11
0.7371163779527559
21
1.4056670078740157
0
LINE
8
BLACK
6
CONTINUOUS
10
0.7371163779527559
20
1.4056670078740157
11
0.7369775590551181
21
1.4056829527559054
0
LINE
8
BLACK
6
CONTINUOUS
10
0.7369775590551181
20
1.4056829527559054
11
0.7339779133858267
21
1.4071827559055117
0
LINE
8
BLACK
6
CONTINUOUS
10
0.7339779133858267
20
1.4071827559055117
11
0.7332688188976377
21
1.4077087007874016
0
LINE
8
BLACK
6
CONTINUOUS
10
0.7332688188976377
20
1.4077087007874016
11
0.7332105118110236
21
1.4077358661417323
0
LINE
8
BLACK
6
CONTINUOUS
10
0.7332105118110236
20
1.4077358661417323
11
0.730210905511811
21
1.4107354724409449
0
LINE
8
BLACK
6
CONTINUOUS
10
0.730210905511811
20
1.4107354724409449
11
0.7296227165354331
21
1.4115755118110236
0
LINE
8
BLACK
6
CONTINUOUS
10
0.7296227165354331
20
1.4115755118110236
11
0.7296073228346457
21
1.411751377952756
0
LINE
8
BLACK
6
CONTINUOUS
10
0.7296073228346457
20
1.411751377952756
11
0.7294975984251968
21
1.4118896456692913
0
LINE
8
BLACK
6
CONTINUOUS
10
0.7294975984251968
20
1.4118896456692913
11
0.7279977952755905
21
1.4163890944881889
0
LINE
8
BLACK
6
CONTINUOUS
10
0.7279977952755905
20
1.4163890944881889
11
0.7278683070866142
21
1.417262283464567
0
LINE
8
BLACK
6
CONTINUOUS
10
0.7278683070866142
20
1.417262283464567
11
0.7278462598425197
21
1.4173228346456692
0
LINE
8
BLACK
6
CONTINUOUS
10
0.7278462598425197
20
1.4173228346456692
11
0.7278462598425197
21
1.4248218897637794
0
LINE
8
BLACK
6
CONTINUOUS
10
0.7278462598425197
20
1.4248218897637794
11
0.7279138582677165
21
1.4252054330708661
0
LINE
8
BLACK
6
CONTINUOUS
10
0.7279138582677165
20
1.4252054330708661
11
0.7278911023622047
21
1.4253346456692912
0
LINE
8
BLACK
6
CONTINUOUS
10
0.7278911023622047
20
1.4253346456692912
11
0.7279566929133858
21
1.4254482677165354
0
LINE
8
BLACK
6
CONTINUOUS
10
0.7279566929133858
20
1.4254482677165354
11
0.7280243307086613
21
1.4258318110236221
0
LINE
8
BLACK
6
CONTINUOUS
10
0.7280243307086613
20
1.4258318110236221
11
0.7285174409448819
21
1.426419527559055
0
LINE
8
BLACK
6
CONTINUOUS
10
0.7285174409448819
20
1.426419527559055
11
0.7289010236220472
21
1.4270838188976378
0
LINE
8
BLACK
6
CONTINUOUS
10
0.7289010236220472
20
1.4270838188976378
11
0.7291513385826771
21
1.4271749606299213
0
LINE
8
BLACK
6
CONTINUOUS
10
0.7291513385826771
20
1.4271749606299213
11
0.7293226377952756
21
1.4273790551181103
0
LINE
8
BLACK
6
CONTINUOUS
10
0.7293226377952756
20
1.4273790551181103
11
0.7300781889763779
21
1.4275123228346456
0
LINE
8
BLACK
6
CONTINUOUS
10
0.7300781889763779
20
1.4275123228346456
11
0.7307990157480315
21
1.4277746456692912
0
LINE
8
BLACK
6
CONTINUOUS
10
0.7307990157480315
20
1.4277746456692912
11
0.756046062992126
21
1.4277746456692912
0
LINE
8
BLACK
6
CONTINUOUS
10
0.756046062992126
20
1.4277746456692912
11
0.756046062992126
21
1.4410138976377953
0
LINE
8
BLACK
6
CONTINUOUS
10
0.756046062992126
20
1.4410138976377953
11
0.748500157480315
21
1.4410138976377953
0
LINE
8
BLACK
6
CONTINUOUS
10
0.748500157480315
20
1.4410138976377953
11
0.7474902362204724
21
1.4411919685039369
0
LINE
8
BLACK
6
CONTINUOUS
10
0.7474902362204724
20
1.4411919685039369
11
0.7459429921259842
21
1.4424902755905511
0
LINE
8
BLACK
6
CONTINUOUS
10
0.7459429921259842
20
1.4424902755905511
11
0.7455922440944882
21
1.4444794094488189
0
LINE
8
BLACK
6
CONTINUOUS
10
0.7455922440944882
20
1.4444794094488189
11
0.7466021653543307
21
1.4462285826771653
0
LINE
8
BLACK
6
CONTINUOUS
10
0.7466021653543307
20
1.4462285826771653
11
0.748500157480315
21
1.4469194094488189
0
LINE
8
BLACK
6
CONTINUOUS
10
0.748500157480315
20
1.4469194094488189
11
0.756046062992126
21
1.4469194094488189
0
LINE
8
BLACK
6
CONTINUOUS
10
0.756046062992126
20
1.4469194094488189
11
0.756046062992126
21
1.4499752755905511
0
LINE
8
BLACK
6
CONTINUOUS
10
0.756046062992126
20
1.4499752755905511
11
0.7557179921259842
21
1.4499752755905511
0
LINE
8
BLACK
6
CONTINUOUS
10
0.7557179921259842
20
1.4499752755905511
11
0.7547080708661417
21
1.4501533464566929
0
LINE
8
BLACK
6
CONTINUOUS
10
0.7547080708661417
20
1.4501533464566929
11
0.7531608267716535
21
1.4514516535433071
0
LINE
8
BLACK
6
CONTINUOUS
10
0.7531608267716535
20
1.4514516535433071
11
0.7528100787401575
21
1.4534407874015747
0
LINE
8
BLACK
6
CONTINUOUS
10
0.7528100787401575
20
1.4534407874015747
11
0.7538199999999999
21
1.4551899606299212
0
LINE
8
BLACK
6
CONTINUOUS
10
0.7538199999999999
20
1.4551899606299212
11
0.7557179921259842
21
1.4558807874015747
0
LINE
8
BLACK
6
CONTINUOUS
10
0.7557179921259842
20
1.4558807874015747
11
0.756046062992126
21
1.4558807874015747
0
LINE
8
BLACK
6
CONTINUOUS
10
0.756046062992126
20
1.4558807874015747
11
0.756046062992126
21
1.4560120078740157
0
LINE
8
BLACK
6
CONTINUOUS
10
0.756046062992126
20
1.4560120078740157
11
0.7440007086614173
21
1.4560120078740157
0
LINE
8
BLACK
6
CONTINUOUS
10
0.7440007086614173
20
1.4560120078740157
11
0.7429907874015748
21
1.4561900787401574
0
LINE
8
BLACK
6
CONTINUOUS
10
0.7429907874015748
20
1.4561900787401574
11
0.7414435433070866
21
1.4574883858267715
0
LINE
8
BLACK
6
CONTINUOUS
10
0.7414435433070866
20
1.4574883858267715
11
0.7410927952755906
21
1.4594775196850394
0
LINE
8
BLACK
6
CONTINUOUS
10
0.7410927952755906
20
1.4594775196850394
11
0.742102716535433
21
1.4612266929133857
0
LINE
8
BLACK
6
CONTINUOUS
10
0.742102716535433
20
1.4612266929133857
11
0.7440007086614173
21
1.4619175196850394
0
LINE
8
BLACK
6
CONTINUOUS
10
0.7440007086614173
20
1.4619175196850394
11
0.7572646850393701
21
1.4619175196850394
0
LINE
8
BLACK
6
CONTINUOUS
10
0.7572646850393701
20
1.4619175196850394
11
0.7572646850393701
21
1.4634267322834644
0
LINE
8
BLACK
6
CONTINUOUS
10
0.7572646850393701
20
1.4634267322834644
11
0.7574427559055118
21
1.4644366535433071
0
LINE
8
BLACK
6
CONTINUOUS
10
0.7574427559055118
20
1.4644366535433071
11
0.758741062992126
21
1.4659838976377952
0
LINE
8
BLACK
6
CONTINUOUS
10
0.758741062992126
20
1.4659838976377952
11
0.7607301968503937
21
1.4663346456692914
0
LINE
8
BLACK
6
CONTINUOUS
10
0.7607301968503937
20
1.4663346456692914
11
0.7624793700787401
21
1.4653247244094487
0
LINE
8
BLACK
6
CONTINUOUS
10
0.7624793700787401
20
1.4653247244094487
11
0.7631701968503937
21
1.4634267322834644
0
LINE
8
BLACK
6
CONTINUOUS
10
0.7631701968503937
20
1.4634267322834644
11
0.7631701968503937
21
1.4558807874015747
0
LINE
8
BLACK
6
CONTINUOUS
10
0.7631701968503937
20
1.4558807874015747
11
0.7711188582677165
21
1.4558807874015747
0
LINE
8
BLACK
6
CONTINUOUS
10
0.7711188582677165
20
1.4558807874015747
11
0.7649152755905512
21
1.4744914566929133
0
LINE
8
BLACK
6
CONTINUOUS
10
0.7649152755905512
20
1.4744914566929133
11
0.764764842519685
21
1.4755058661417322
0
LINE
8
BLACK
6
CONTINUOUS
10
0.764764842519685
20
1.4755058661417322
11
0.7655072440944882
21
1.4773842519685039
0
LINE
8
BLACK
6
CONTINUOUS
10
0.7655072440944882
20
1.4773842519685039
11
0.7672833858267717
21
1.4783460236220471
0
LINE
8
BLACK
6
CONTINUOUS
10
0.7672833858267717
20
1.4783460236220471
11
0.7692621653543307
21
1.4779410629921259
0
LINE
8
BLACK
6
CONTINUOUS
10
0.7692621653543307
20
1.4779410629921259
11
0.7705177165354331
21
1.476358937007874
0
LINE
8
BLACK
6
CONTINUOUS
10
0.7705177165354331
20
1.476358937007874
11
0.7780168110236221
21
1.4538617716535434
0
LINE
8
BLACK
6
CONTINUOUS
10
0.7780168110236221
20
1.4538617716535434
11
0.7781672440944881
21
1.4528474015748032
0
LINE
8
BLACK
6
CONTINUOUS
10
0.7781672440944881
20
1.4528474015748032
11
0.7780842913385827
21
1.4526375590551182
0
LINE
8
BLACK
6
CONTINUOUS
10
0.7780842913385827
20
1.4526375590551182
11
0.7781235039370079
21
1.4524152755905511
0
LINE
8
BLACK
6
CONTINUOUS
10
0.7781235039370079
20
1.4524152755905511
11
0.777720748031496
21
1.4517177952755904
0
LINE
8
BLACK
6
CONTINUOUS
10
0.777720748031496
20
1.4517177952755904
11
0.777424842519685
21
1.4509689763779527
0
LINE
8
BLACK
6
CONTINUOUS
10
0.777424842519685
20
1.4509689763779527
11
0.7772263779527558
21
1.4508615354330707
0
LINE
8
BLACK
6
CONTINUOUS
10
0.7772263779527558
20
1.4508615354330707
11
0.7771135826771653
21
1.4506661023622047
0
LINE
8
BLACK
6
CONTINUOUS
10
0.7771135826771653
20
1.4506661023622047
11
0.7763568503937007
21
1.4503907086614174
0
LINE
8
BLACK
6
CONTINUOUS
10
0.7763568503937007
20
1.4503907086614174
11
0.7762669291338582
21
1.4503420472440944
0
LINE
8
BLACK
6
CONTINUOUS
10
0.7762669291338582
20
1.4503420472440944
11
0.7769497244094488
21
1.4484661023622047
0
LINE
8
BLACK
6
CONTINUOUS
10
0.7769497244094488
20
1.4484661023622047
11
0.7769497244094488
21
1.4316914173228346
0
LINE
8
BLACK
6
CONTINUOUS
10
0.7769497244094488
20
1.4316914173228346
11
0.7772458661417323
21
1.4313952362204725
0
LINE
8
BLACK
6
CONTINUOUS
10
0.7772458661417323
20
1.4313952362204725
11
0.7791934645669291
21
1.4304214566929134
0
LINE
8
BLACK
6
CONTINUOUS
10
0.7791934645669291
20
1.4304214566929134
11
0.7822988188976377
21
1.4304214566929134
0
LINE
8
BLACK
6
CONTINUOUS
10
0.7822988188976377
20
1.4304214566929134
11
0.7837946062992126
21
1.4311693700787402
0
LINE
8
BLACK
6
CONTINUOUS
10
0.7837946062992126
20
1.4311693700787402
11
0.7845425196850393
21
1.4326651968503936
0
LINE
8
BLACK
6
CONTINUOUS
10
0.7845425196850393
20
1.4326651968503936
11
0.7845425196850393
21
1.4484661023622047
0
LINE
8
BLACK
6
CONTINUOUS
10
0.7845425196850393
20
1.4484661023622047
11
0.784720590551181
21
1.4494760236220472
0
LINE
8
BLACK
6
CONTINUOUS
10
0.784720590551181
20
1.4494760236220472
11
0.7852135826771653
21
1.4500635826771653
0
LINE
8
BLACK
6
CONTINUOUS
10
0.7852135826771653
20
1.4500635826771653
11
0.7847043307086614
21
1.4501533464566929
0
LINE
8
BLACK
6
CONTINUOUS
10
0.7847043307086614
20
1.4501533464566929
11
0.7831570866141732
21
1.4514516535433071
0
LINE
8
BLACK
6
CONTINUOUS
10
0.7831570866141732
20
1.4514516535433071
11
0.7828063385826771
21
1.4534407874015747
0
LINE
8
BLACK
6
CONTINUOUS
10
0.7828063385826771
20
1.4534407874015747
11
0.7838162598425197
21
1.4551899606299212
0
LINE
8
BLACK
6
CONTINUOUS
10
0.7838162598425197
20
1.4551899606299212
11
0.785714251968504
21
1.4558807874015747
0
LINE
8
BLACK
6
CONTINUOUS
10
0.785714251968504
20
1.4558807874015747
11
0.7872609448818897
21
1.4558807874015747
0
LINE
8
BLACK
6
CONTINUOUS
10
0.7872609448818897
20
1.4558807874015747
11
0.7872609448818897
21
1.4634267322834644
0
LINE
8
BLACK
6
CONTINUOUS
10
0.7872609448818897
20
1.4634267322834644
11
0.7874390157480314
21
1.4644366535433071
0
LINE
8
BLACK
6
CONTINUOUS
10
0.7874390157480314
20
1.4644366535433071
11
0.7887373228346457
21
1.4659838976377952
0
LINE
8
BLACK
6
CONTINUOUS
10
0.7887373228346457
20
1.4659838976377952
11
0.7907264566929134
21
1.4663346456692914
0
LINE
8
BLACK
6
CONTINUOUS
10
0.7907264566929134
20
1.4663346456692914
11
0.7924756299212599
21
1.4653247244094487
0
LINE
8
BLACK
6
CONTINUOUS
10
0.7924756299212599
20
1.4653247244094487
11
0.7931664566929134
21
1.4634267322834644
0
LINE
8
BLACK
6
CONTINUOUS
10
0.7931664566929134
20
1.4634267322834644
11
0.7931664566929134
21
1.4558807874015747
0
LINE
8
BLACK
6
CONTINUOUS
10
0.7931664566929134
20
1.4558807874015747
11
0.7976029921259843
21
1.4558807874015747
0
LINE
8
BLACK
6
CONTINUOUS
10
0.7976029921259843
20
1.4558807874015747
11
0.7967797637795275
21
1.4578016141732284
0
LINE
8
BLACK
6
CONTINUOUS
10
0.7967797637795275
20
1.4578016141732284
11
0.7965456299212599
21
1.4588000393700786
0
LINE
8
BLACK
6
CONTINUOUS
10
0.7965456299212599
20
1.4588000393700786
11
0.7966464173228346
21
1.4591339763779527
0
LINE
8
BLACK
6
CONTINUOUS
10
0.7966464173228346
20
1.4591339763779527
11
0.7965858661417322
21
1.4594775196850394
0
LINE
8
BLACK
6
CONTINUOUS
10
0.7965858661417322
20
1.4594775196850394
11
0.7969303149606299
21
1.4600741338582677
0
LINE
8
BLACK
6
CONTINUOUS
10
0.7969303149606299
20
1.4600741338582677
11
0.7971294488188976
21
1.4607335826771652
0
LINE
8
BLACK
6
CONTINUOUS
10
0.7971294488188976
20
1.4607335826771652
11
0.7974213385826772
21
1.4609246062992125
0
LINE
8
BLACK
6
CONTINUOUS
10
0.7974213385826772
20
1.4609246062992125
11
0.7975957874015748
21
1.4612266929133857
0
LINE
8
BLACK
6
CONTINUOUS
10
0.7975957874015748
20
1.4612266929133857
11
0.7982431102362204
21
1.4614623228346457
0
LINE
8
BLACK
6
CONTINUOUS
10
0.7982431102362204
20
1.4614623228346457
11
0.7988196062992126
21
1.461839527559055
0
LINE
8
BLACK
6
CONTINUOUS
10
0.7988196062992126
20
1.461839527559055
11
0.799141653543307
21
1.4618011417322834
0
LINE
8
BLACK
6
CONTINUOUS
10
0.799141653543307
20
1.4618011417322834
11
0.7949115354330708
21
1.4744914566929133
0
LINE
8
BLACK
6
CONTINUOUS
10
0.7949115354330708
20
1.4744914566929133
11
0.7947611023622047
21
1.4755058661417322
0
LINE
8
BLACK
6
CONTINUOUS
10
0.7947611023622047
20
1.4755058661417322
11
0.7955035039370079
21
1.4773842519685039
0
LINE
8
BLACK
6
CONTINUOUS
10
0.7955035039370079
20
1.4773842519685039
11
0.7972796456692913
21
1.4783460236220471
0
LINE
8
BLACK
6
CONTINUOUS
10
0.7972796456692913
20
1.4783460236220471
11
0.7992584251968504
21
1.4779410629921259
0
LINE
8
BLACK
6
CONTINUOUS
10
0.7337517716535433
20
1.4178019685039369
11
0.7348796062992126
21
1.4144184251968503
0
LINE
8
BLACK
6
CONTINUOUS
10
0.7348796062992126
20
1.4144184251968503
11
0.7370474803149606
21
1.4122505511811023
0
LINE
8
BLACK
6
CONTINUOUS
10
0.7370474803149606
20
1.4122505511811023
11
0.7393285433070866
21
1.4111099999999999
0
LINE
8
BLACK
6
CONTINUOUS
10
0.7393285433070866
20
1.4111099999999999
11
0.744660905511811
21
1.4097768897637795
0
LINE
8
BLACK
6
CONTINUOUS
10
0.744660905511811
20
1.4097768897637795
11
0.7484331889763779
21
1.4097768897637795
0
LINE
8
BLACK
6
CONTINUOUS
10
0.7484331889763779
20
1.4097768897637795
11
0.7537654330708661
21
1.4111099999999999
0
LINE
8
BLACK
6
CONTINUOUS
10
0.7537654330708661
20
1.4111099999999999
11
0.7560465354330709
21
1.4122505511811023
0
LINE
8
BLACK
6
CONTINUOUS
10
0.7560465354330709
20
1.4122505511811023
11
0.7582144881889764
21
1.4144184645669291
0
LINE
8
BLACK
6
CONTINUOUS
10
0.7582144881889764
20
1.4144184645669291
11
0.7593423228346456
21
1.4178019685039369
0
LINE
8
BLACK
6
CONTINUOUS
10
0.7593423228346456
20
1.4178019685039369
11
0.7593423228346456
21
1.4218691338582676
0
LINE
8
BLACK
6
CONTINUOUS
10
0.7593423228346456
20
1.4218691338582676
11
0.7337517716535433
21
1.4218691338582676
0
LINE
8
BLACK
6
CONTINUOUS
10
0.7337517716535433
20
1.4218691338582676
11
0.7337517716535433
21
1.4178019685039369
0
LINE
8
BLACK
6
CONTINUOUS
10
0.8519552755905512
20
1.4580003543307087
11
0.8511331496062992
21
1.4571782283464567
0
LINE
8
BLACK
6
CONTINUOUS
10
0.8511331496062992
20
1.4571782283464567
11
0.8501593700787401
21
1.4552306299212598
0
LINE
8
BLACK
6
CONTINUOUS
10
0.8501593700787401
20
1.4552306299212598
11
0.8501593700787401
21
1.4491256299212598
0
LINE
8
BLACK
6
CONTINUOUS
10
0.8501593700787401
20
1.4491256299212598
11
0.8511331496062992
21
1.4471780708661417
0
LINE
8
BLACK
6
CONTINUOUS
10
0.8511331496062992
20
1.4471780708661417
11
0.8519553149606299
21
1.4463558661417322
0
LINE
8
BLACK
6
CONTINUOUS
10
0.8519553149606299
20
1.4463558661417322
11
0.8539029133858268
21
1.4453820866141731
0
LINE
8
BLACK
6
CONTINUOUS
10
0.8539029133858268
20
1.4453820866141731
11
0.8585080708661417
21
1.4453820866141731
0
LINE
8
BLACK
6
CONTINUOUS
10
0.8585080708661417
20
1.4453820866141731
11
0.860455590551181
21
1.4463558661417322
0
LINE
8
BLACK
6
CONTINUOUS
10
0.860455590551181
20
1.4463558661417322
11
0.8612777559055118
21
1.4471780314960629
0
LINE
8
BLACK
6
CONTINUOUS
10
0.8612777559055118
20
1.4471780314960629
11
0.8622516141732284
21
1.4491256692913386
0
LINE
8
BLACK
6
CONTINUOUS
10
0.8622516141732284
20
1.4491256692913386
11
0.8622516141732284
21
1.4552305905511811
0
LINE
8
BLACK
6
CONTINUOUS
10
0.8622516141732284
20
1.4552305905511811
11
0.8612777952755906
21
1.457178188976378
0
LINE
8
BLACK
6
CONTINUOUS
10
0.8612777952755906
20
1.457178188976378
11
0.8604556299212598
21
1.4580003543307087
0
LINE
8
BLACK
6
CONTINUOUS
10
0.8604556299212598
20
1.4580003543307087
11
0.8585080708661417
21
1.4589741338582676
0
LINE
8
BLACK
6
CONTINUOUS
10
0.8585080708661417
20
1.4589741338582676
11
0.8539029133858268
21
1.4589741338582676
0
LINE
8
BLACK
6
CONTINUOUS
10
0.8539029133858268
20
1.4589741338582676
11
0.8519552755905512
21
1.4580003543307087
0
LINE
8
BLACK
6
CONTINUOUS
10
0.5400203937007874
20
1.4283465354330709
11
0.5401556299212599
21
1.4282330708661417
0
LINE
8
BLACK
6
CONTINUOUS
10
0.5401556299212599
20
1.4282330708661417
11
0.5403309842519685
21
1.428212874015748
0
LINE
8
BLACK
6
CONTINUOUS
10
0.5403309842519685
20
1.428212874015748
11
0.5433306299212598
21
1.426713031496063
0
LINE
8
BLACK
6
CONTINUOUS
10
0.5433306299212598
20
1.426713031496063
11
0.5440395669291338
21
1.4261872047244095
0
LINE
8
BLACK
6
CONTINUOUS
10
0.5440395669291338
20
1.4261872047244095
11
0.544098031496063
21
1.4261599212598426
0
LINE
8
BLACK
6
CONTINUOUS
10
0.544098031496063
20
1.4261599212598426
11
0.5455978346456692
21
1.4246601181102363
0
LINE
8
BLACK
6
CONTINUOUS
10
0.5455978346456692
20
1.4246601181102363
11
0.546104094488189
21
1.4239370472440944
0
LINE
8
BLACK
6
CONTINUOUS
10
0.546104094488189
20
1.4239370472440944
11
0.5461509448818898
21
1.4238927165354331
0
LINE
8
BLACK
6
CONTINUOUS
10
0.5461509448818898
20
1.4238927165354331
11
0.547650748031496
21
1.4208931102362203
0
LINE
8
BLACK
6
CONTINUOUS
10
0.547650748031496
20
1.4208931102362203
11
0.5477960236220473
21
1.4204046850393701
0
LINE
8
BLACK
6
CONTINUOUS
10
0.5477960236220473
20
1.4204046850393701
11
0.5478743307086614
21
1.4202887401574802
0
LINE
8
BLACK
6
CONTINUOUS
10
0.5478743307086614
20
1.4202887401574802
11
0.5492955118110237
21
1.414603937007874
0
LINE
8
BLACK
6
CONTINUOUS
10
0.5492955118110237
20
1.414603937007874
11
0.5504361023622047
21
1.4123227952755906
0
LINE
8
BLACK
6
CONTINUOUS
10
0.5504361023622047
20
1.4123227952755906
11
0.5512582677165354
21
1.4115006299212598
0
LINE
8
BLACK
6
CONTINUOUS
10
0.5512582677165354
20
1.4115006299212598
11
0.5532058267716535
21
1.4105268503937007
0
LINE
8
BLACK
6
CONTINUOUS
10
0.5532058267716535
20
1.4105268503937007
11
0.5548113779527559
21
1.4105268503937007
0
LINE
8
BLACK
6
CONTINUOUS
10
0.5548113779527559
20
1.4105268503937007
11
0.556758937007874
21
1.4115006692913385
0
LINE
8
BLACK
6
CONTINUOUS
10
0.556758937007874
20
1.4115006692913385
11
0.5575811417322835
21
1.4123228346456693
0
LINE
8
BLACK
6
CONTINUOUS
10
0.5575811417322835
20
1.4123228346456693
11
0.5585549212598425
21
1.4142703937007874
0
LINE
8
BLACK
6
CONTINUOUS
10
0.5585549212598425
20
1.4142703937007874
11
0.5585549212598425
21
1.4205933070866141
0
LINE
8
BLACK
6
CONTINUOUS
10
0.5585549212598425
20
1.4205933070866141
11
0.5572066535433071
21
1.4246381102362204
0
LINE
8
BLACK
6
CONTINUOUS
10
0.5572066535433071
20
1.4246381102362204
11
0.557056220472441
21
1.4256525196850394
0
LINE
8
BLACK
6
CONTINUOUS
10
0.557056220472441
20
1.4256525196850394
11
0.5577986220472441
21
1.4275309055118111
0
LINE
8
BLACK
6
CONTINUOUS
10
0.5577986220472441
20
1.4275309055118111
11
0.5595747637795275
21
1.4284926771653543
0
LINE
8
BLACK
6
CONTINUOUS
10
0.5595747637795275
20
1.4284926771653543
11
0.5615535433070866
21
1.4280877165354331
0
LINE
8
BLACK
6
CONTINUOUS
10
0.5615535433070866
20
1.4280877165354331
11
0.5628090944881889
21
1.426505590551181
0
LINE
8
BLACK
6
CONTINUOUS
10
0.5628090944881889
20
1.426505590551181
11
0.5643088976377952
21
1.4220061417322833
0
LINE
8
BLACK
6
CONTINUOUS
10
0.5643088976377952
20
1.4220061417322833
11
0.5644383464566929
21
1.4211329921259843
0
LINE
8
BLACK
6
CONTINUOUS
10
0.5644383464566929
20
1.4211329921259843
11
0.5644604330708661
21
1.4210724015748031
0
LINE
8
BLACK
6
CONTINUOUS
10
0.5644604330708661
20
1.4210724015748031
11
0.5644604330708661
21
1.4135733464566929
0
LINE
8
BLACK
6
CONTINUOUS
10
0.5644604330708661
20
1.4135733464566929
11
0.5642823622047244
21
1.4125634251968504
0
LINE
8
BLACK
6
CONTINUOUS
10
0.5642823622047244
20
1.4125634251968504
11
0.5641688582677166
21
1.4124281889763779
0
LINE
8
BLACK
6
CONTINUOUS
10
0.5641688582677166
20
1.4124281889763779
11
0.5641487007874015
21
1.4122528346456693
0
LINE
8
BLACK
6
CONTINUOUS
10
0.5641487007874015
20
1.4122528346456693
11
0.5626488976377952
21
1.409253188976378
0
LINE
8
BLACK
6
CONTINUOUS
10
0.5626488976377952
20
1.409253188976378
11
0.5621229133858268
21
1.4085440944881888
0
LINE
8
BLACK
6
CONTINUOUS
10
0.5621229133858268
20
1.4085440944881888
11
0.5620957480314961
21
1.4084857480314961
0
LINE
8
BLACK
6
CONTINUOUS
10
0.5620957480314961
20
1.4084857480314961
11
0.560595905511811
21
1.4069859448818898
0
LINE
8
BLACK
6
CONTINUOUS
10
0.560595905511811
20
1.4069859448818898
11
0.5598728346456693
21
1.4064796850393702
0
LINE
8
BLACK
6
CONTINUOUS
10
0.5598728346456693
20
1.4064796850393702
11
0.5598285433070866
21
1.4064328740157479
0
LINE
8
BLACK
6
CONTINUOUS
10
0.5598285433070866
20
1.4064328740157479
11
0.5568289370078741
21
1.4049330708661416
0
LINE
8
BLACK
6
CONTINUOUS
10
0.5568289370078741
20
1.4049330708661416
11
0.5558459842519685
21
1.4046407086614172
0
LINE
8
BLACK
6
CONTINUOUS
10
0.5558459842519685
20
1.4046407086614172
11
0.5556742913385827
21
1.4046817322834646
0
LINE
8
BLACK
6
CONTINUOUS
10
0.5556742913385827
20
1.4046817322834646
11
0.5555084251968504
21
1.4046213385826771
0
LINE
8
BLACK
6
CONTINUOUS
10
0.5555084251968504
20
1.4046213385826771
11
0.5525087795275591
21
1.4046213385826771
0
LINE
8
BLACK
6
CONTINUOUS
10
0.5525087795275591
20
1.4046213385826771
11
0.5514988582677165
21
1.4047994094488188
0
LINE
8
BLACK
6
CONTINUOUS
10
0.5514988582677165
20
1.4047994094488188
11
0.5513635826771653
21
1.4049129133858267
0
LINE
8
BLACK
6
CONTINUOUS
10
0.5513635826771653
20
1.4049129133858267
11
0.5511882677165354
21
1.4049330708661416
0
LINE
8
BLACK
6
CONTINUOUS
10
0.5511882677165354
20
1.4049330708661416
11
0.5481886614173228
21
1.4064328740157479
0
LINE
8
BLACK
6
CONTINUOUS
10
0.5481886614173228
20
1.4064328740157479
11
0.5474795669291338
21
1.4069587795275591
0
LINE
8
BLACK
6
CONTINUOUS
10
0.5474795669291338
20
1.4069587795275591
11
0.5474212598425197
21
1.4069859842519685
0
LINE
8
BLACK
6
CONTINUOUS
10
0.5474212598425197
20
1.4069859842519685
11
0.5459214566929134
21
1.4084857874015748
0
LINE
8
BLACK
6
CONTINUOUS
10
0.5459214566929134
20
1.4084857874015748
11
0.545415157480315
21
1.4092088976377952
0
LINE
8
BLACK
6
CONTINUOUS
10
0.545415157480315
20
1.4092088976377952
11
0.5453683464566929
21
1.409253188976378
0
LINE
8
BLACK
6
CONTINUOUS
10
0.5453683464566929
20
1.409253188976378
11
0.5438685039370078
21
1.4122528346456693
0
LINE
8
BLACK
6
CONTINUOUS
10
0.5438685039370078
20
1.4122528346456693
11
0.5437231889763779
21
1.4127412992125985
0
LINE
8
BLACK
6
CONTINUOUS
10
0.5437231889763779
20
1.4127412992125985
11
0.5436449212598425
21
1.4128572047244095
0
LINE
8
BLACK
6
CONTINUOUS
10
0.5436449212598425
20
1.4128572047244095
11
0.5422237007874016
21
1.4185420866141731
0
LINE
8
BLACK
6
CONTINUOUS
10
0.5422237007874016
20
1.4185420866141731
11
0.541083188976378
21
1.4208231102362205
0
LINE
8
BLACK
6
CONTINUOUS
10
0.541083188976378
20
1.4208231102362205
11
0.5402610236220472
21
1.4216452755905511
0
LINE
8
BLACK
6
CONTINUOUS
10
0.5402610236220472
20
1.4216452755905511
11
0.5383134251968504
21
1.4226190944881889
0
LINE
8
BLACK
6
CONTINUOUS
10
0.5383134251968504
20
1.4226190944881889
11
0.5367079133858268
21
1.4226190944881889
0
LINE
8
BLACK
6
CONTINUOUS
10
0.5367079133858268
20
1.4226190944881889
11
0.5347603149606299
21
1.4216453149606298
0
LINE
8
BLACK
6
CONTINUOUS
10
0.5347603149606299
20
1.4216453149606298
11
0.5339381496062992
21
1.4208231102362205
0
LINE
8
BLACK
6
CONTINUOUS
10
0.5339381496062992
20
1.4208231102362205
11
0.5329643700787401
21
1.4188755511811024
0
LINE
8
BLACK
6
CONTINUOUS
10
0.5329643700787401
20
1.4188755511811024
11
0.5329643700787401
21
1.4125526377952755
0
LINE
8
BLACK
6
CONTINUOUS
10
0.5329643700787401
20
1.4125526377952755
11
0.5343126377952756
21
1.4085078346456692
0
LINE
8
BLACK
6
CONTINUOUS
10
0.5343126377952756
20
1.4085078346456692
11
0.5344630708661418
21
1.4074934251968503
0
LINE
8
BLACK
6
CONTINUOUS
10
0.5344630708661418
20
1.4074934251968503
11
0.5337206692913385
21
1.4056150393700788
0
LINE
8
BLACK
6
CONTINUOUS
10
0.5337206692913385
20
1.4056150393700788
11
0.5319445275590551
21
1.4046532677165353
0
LINE
8
BLACK
6
CONTINUOUS
10
0.5319445275590551
20
1.4046532677165353
11
0.5299657480314961
21
1.4050582283464566
0
LINE
8
BLACK
6
CONTINUOUS
10
0.5299657480314961
20
1.4050582283464566
11
0.5287101968503937
21
1.4066403543307087
0
LINE
8
BLACK
6
CONTINUOUS
10
0.5287101968503937
20
1.4066403543307087
11
0.5272103937007874
21
1.4111397637795275
0
LINE
8
BLACK
6
CONTINUOUS
10
0.5272103937007874
20
1.4111397637795275
11
0.527080905511811
21
1.4120129527559055
0
LINE
8
BLACK
6
CONTINUOUS
10
0.527080905511811
20
1.4120129527559055
11
0.5270588582677165
21
1.4120735039370078
0
LINE
8
BLACK
6
CONTINUOUS
10
0.5270588582677165
20
1.4120735039370078
11
0.5270588582677165
21
1.4195725984251968
0
LINE
8
BLACK
6
CONTINUOUS
10
0.5270588582677165
20
1.4195725984251968
11
0.5272369291338582
21
1.4205825196850392
0
LINE
8
BLACK
6
CONTINUOUS
10
0.5272369291338582
20
1.4205825196850392
11
0.5273503937007874
21
1.4207177952755905
0
LINE
8
BLACK
6
CONTINUOUS
10
0.5273503937007874
20
1.4207177952755905
11
0.5273705905511811
21
1.4208931102362203
0
LINE
8
BLACK
6
CONTINUOUS
10
0.5273705905511811
20
1.4208931102362203
11
0.5288703937007874
21
1.4238927165354331
0
LINE
8
BLACK
6
CONTINUOUS
10
0.5288703937007874
20
1.4238927165354331
11
0.5293962992125985
21
1.424601811023622
0
LINE
8
BLACK
6
CONTINUOUS
10
0.5293962992125985
20
1.424601811023622
11
0.5294235039370079
21
1.4246601181102363
0
LINE
8
BLACK
6
CONTINUOUS
10
0.5294235039370079
20
1.4246601181102363
11
0.5309233070866142
21
1.4261599212598426
0
LINE
8
BLACK
6
CONTINUOUS
10
0.5309233070866142
20
1.4261599212598426
11
0.5316463779527559
21
1.426666220472441
0
LINE
8
BLACK
6
CONTINUOUS
10
0.5316463779527559
20
1.426666220472441
11
0.5316907086614173
21
1.426713031496063
0
LINE
8
BLACK
6
CONTINUOUS
10
0.5316907086614173
20
1.426713031496063
11
0.5346903149606299
21
1.428212874015748
0
LINE
8
BLACK
6
CONTINUOUS
10
0.5346903149606299
20
1.428212874015748
11
0.5356732677165355
21
1.4285052362204724
0
LINE
8
BLACK
6
CONTINUOUS
10
0.5356732677165355
20
1.4285052362204724
11
0.5358449606299213
21
1.4284642519685038
0
LINE
8
BLACK
6
CONTINUOUS
10
0.5358449606299213
20
1.4284642519685038
11
0.5360108661417323
21
1.4285246062992125
0
LINE
8
BLACK
6
CONTINUOUS
10
0.5360108661417323
20
1.4285246062992125
11
0.5390104724409449
21
1.4285246062992125
0
LINE
8
BLACK
6
CONTINUOUS
10
0.5390104724409449
20
1.4285246062992125
11
0.5400203937007874
21
1.4283465354330709
0
LINE
8
BLACK
6
CONTINUOUS
10
0.5400203937007874
20
1.4583427952755905
11
0.5401556299212599
21
1.4582293307086613
0
LINE
8
BLACK
6
CONTINUOUS
10
0.5401556299212599
20
1.4582293307086613
11
0.5403309842519685
21
1.4582091338582677
0
LINE
8
BLACK
6
CONTINUOUS
10
0.5403309842519685
20
1.4582091338582677
11
0.5433306299212598
21
1.4567092913385826
0
LINE
8
BLACK
6
CONTINUOUS
10
0.5433306299212598
20
1.4567092913385826
11
0.5440395669291338
21
1.4561834645669292
0
LINE
8
BLACK
6
CONTINUOUS
10
0.5440395669291338
20
1.4561834645669292
11
0.544098031496063
21
1.4561561811023622
0
LINE
8
BLACK
6
CONTINUOUS
10
0.544098031496063
20
1.4561561811023622
11
0.5455978346456692
21
1.4546563779527559
0
LINE
8
BLACK
6
CONTINUOUS
10
0.5455978346456692
20
1.4546563779527559
11
0.546104094488189
21
1.4539333070866141
0
LINE
8
BLACK
6
CONTINUOUS
10
0.546104094488189
20
1.4539333070866141
11
0.5461509448818898
21
1.4538889763779528
0
LINE
8
BLACK
6
CONTINUOUS
10
0.5461509448818898
20
1.4538889763779528
11
0.547650748031496
21
1.4508893700787402
0
LINE
8
BLACK
6
CONTINUOUS
10
0.547650748031496
20
1.4508893700787402
11
0.5477960236220473
21
1.4504009448818898
0
LINE
8
BLACK
6
CONTINUOUS
10
0.5477960236220473
20
1.4504009448818898
11
0.5478743307086614
21
1.450285
0
LINE
8
BLACK
6
CONTINUOUS
10
0.5478743307086614
20
1.450285
11
0.5492955118110237
21
1.4446001968503936
0
LINE
8
BLACK
6
CONTINUOUS
10
0.5492955118110237
20
1.4446001968503936
11
0.5504361023622047
21
1.4423190551181102
0
LINE
8
BLACK
6
CONTINUOUS
10
0.5504361023622047
20
1.4423190551181102
11
0.5512582677165354
21
1.4414968897637794
0
LINE
8
BLACK
6
CONTINUOUS
10
0.5512582677165354
20
1.4414968897637794
11
0.5532058267716535
21
1.4405231102362204
0
LINE
8
BLACK
6
CONTINUOUS
10
0.5532058267716535
20
1.4405231102362204
11
0.5548113779527559
21
1.4405231102362204
0
LINE
8
BLACK
6
CONTINUOUS
10
0.5548113779527559
20
1.4405231102362204
11
0.556758937007874
21
1.4414969291338582
0
LINE
8
BLACK
6
CONTINUOUS
10
0.556758937007874
20
1.4414969291338582
11
0.5575811417322835
21
1.442319094488189
0
LINE
8
BLACK
6
CONTINUOUS
10
0.5575811417322835
20
1.442319094488189
11
0.5585549212598425
21
1.4442666535433071
0
LINE
8
BLACK
6
CONTINUOUS
10
0.5585549212598425
20
1.4442666535433071
11
0.5585549212598425
21
1.4505895669291338
0
LINE
8
BLACK
6
CONTINUOUS
10
0.5585549212598425
20
1.4505895669291338
11
0.5572066535433071
21
1.4546343700787401
0
LINE
8
BLACK
6
CONTINUOUS
10
0.5572066535433071
20
1.4546343700787401
11
0.557056220472441
21
1.455648779527559
0
LINE
8
BLACK
6
CONTINUOUS
10
0.557056220472441
20
1.455648779527559
11
0.5577986220472441
21
1.4575271653543307
0
LINE
8
BLACK
6
CONTINUOUS
10
0.5577986220472441
20
1.4575271653543307
11
0.5595747637795275
21
1.458488937007874
0
LINE
8
BLACK
6
CONTINUOUS
10
0.5595747637795275
20
1.458488937007874
11
0.5615535433070866
21
1.4580839763779527
0
LINE
8
BLACK
6
CONTINUOUS
10
0.5615535433070866
20
1.4580839763779527
11
0.5628090944881889
21
1.4565018503937008
0
LINE
8
BLACK
6
CONTINUOUS
10
0.5628090944881889
20
1.4565018503937008
11
0.5643088976377952
21
1.4520024015748032
0
LINE
8
BLACK
6
CONTINUOUS
10
0.5643088976377952
20
1.4520024015748032
11
0.5644383464566929
21
1.451129251968504
0
LINE
8
BLACK
6
CONTINUOUS
10
0.5644383464566929
20
1.451129251968504
11
0.5644604330708661
21
1.4510686614173227
0
LINE
8
BLACK
6
CONTINUOUS
10
0.5644604330708661
20
1.4510686614173227
11
0.5644604330708661
21
1.4435696062992125
0
LINE
8
BLACK
6
CONTINUOUS
10
0.5644604330708661
20
1.4435696062992125
11
0.5642823622047244
21
1.44255968503937
0
LINE
8
BLACK
6
CONTINUOUS
10
0.5642823622047244
20
1.44255968503937
11
0.5641688582677166
21
1.4424244488188975
0
LINE
8
BLACK
6
CONTINUOUS
10
0.5641688582677166
20
1.4424244488188975
11
0.5641487007874015
21
1.4422490944881889
0
LINE
8
BLACK
6
CONTINUOUS
10
0.5641487007874015
20
1.4422490944881889
11
0.5626488976377952
21
1.4392494488188976
0
LINE
8
BLACK
6
CONTINUOUS
10
0.5626488976377952
20
1.4392494488188976
11
0.5621229133858268
21
1.4385403543307087
0
LINE
8
BLACK
6
CONTINUOUS
10
0.5621229133858268
20
1.4385403543307087
11
0.5620957480314961
21
1.4384820078740157
0
LINE
8
BLACK
6
CONTINUOUS
10
0.5620957480314961
20
1.4384820078740157
11
0.560595905511811
21
1.4369822047244094
0
LINE
8
BLACK
6
CONTINUOUS
10
0.560595905511811
20
1.4369822047244094
11
0.5598728346456693
21
1.4364759448818898
0
LINE
8
BLACK
6
CONTINUOUS
10
0.5598728346456693
20
1.4364759448818898
11
0.5598285433070866
21
1.4364291338582678
0
LINE
8
BLACK
6
CONTINUOUS
10
0.5598285433070866
20
1.4364291338582678
11
0.5568289370078741
21
1.4349293307086615
0
LINE
8
BLACK
6
CONTINUOUS
10
0.5568289370078741
20
1.4349293307086615
11
0.5558459842519685
21
1.4346369685039371
0
LINE
8
BLACK
6
CONTINUOUS
10
0.5558459842519685
20
1.4346369685039371
11
0.5556742913385827
21
1.4346779921259842
0
LINE
8
BLACK
6
CONTINUOUS
10
0.5556742913385827
20
1.4346779921259842
11
0.5555084251968504
21
1.4346175984251968
0
LINE
8
BLACK
6
CONTINUOUS
10
0.5555084251968504
20
1.4346175984251968
11
0.5525087795275591
21
1.4346175984251968
0
LINE
8
BLACK
6
CONTINUOUS
10
0.5525087795275591
20
1.4346175984251968
11
0.5514988582677165
21
1.4347956692913386
0
LINE
8
BLACK
6
CONTINUOUS
10
0.5514988582677165
20
1.4347956692913386
11
0.5513635826771653
21
1.4349091732283463
0
LINE
8
BLACK
6
CONTINUOUS
10
0.5513635826771653
20
1.4349091732283463
11
0.5511882677165354
21
1.4349293307086615
0
LINE
8
BLACK
6
CONTINUOUS
10
0.5511882677165354
20
1.4349293307086615
11
0.5481886614173228
21
1.4364291338582678
0
LINE
8
BLACK
6
CONTINUOUS
10
0.5481886614173228
20
1.4364291338582678
11
0.5474795669291338
21
1.4369550393700787
0
LINE
8
BLACK
6
CONTINUOUS
10
0.5474795669291338
20
1.4369550393700787
11
0.5474212598425197
21
1.4369822440944882
0
LINE
8
BLACK
6
CONTINUOUS
10
0.5474212598425197
20
1.4369822440944882
11
0.5459214566929134
21
1.4384820472440945
0
LINE
8
BLACK
6
CONTINUOUS
10
0.5459214566929134
20
1.4384820472440945
11
0.545415157480315
21
1.4392051574803149
0
LINE
8
BLACK
6
CONTINUOUS
10
0.545415157480315
20
1.4392051574803149
11
0.5453683464566929
21
1.4392494488188976
0
LINE
8
BLACK
6
CONTINUOUS
10
0.5453683464566929
20
1.4392494488188976
11
0.5438685039370078
21
1.4422490944881889
0
LINE
8
BLACK
6
CONTINUOUS
10
0.5438685039370078
20
1.4422490944881889
11
0.5437231889763779
21
1.4427375590551181
0
LINE
8
BLACK
6
CONTINUOUS
10
0.5437231889763779
20
1.4427375590551181
11
0.5436449212598425
21
1.4428534645669291
0
LINE
8
BLACK
6
CONTINUOUS
10
0.5436449212598425
20
1.4428534645669291
11
0.5422237007874016
21
1.4485383464566928
0
LINE
8
BLACK
6
CONTINUOUS
10
0.5422237007874016
20
1.4485383464566928
11
0.541083188976378
21
1.4508193700787402
0
LINE
8
BLACK
6
CONTINUOUS
10
0.541083188976378
20
1.4508193700787402
11
0.5402610236220472
21
1.4516415354330707
0
LINE
8
BLACK
6
CONTINUOUS
10
0.5402610236220472
20
1.4516415354330707
11
0.5383134251968504
21
1.4526153543307085
0
LINE
8
BLACK
6
CONTINUOUS
10
0.5383134251968504
20
1.4526153543307085
11
0.5367079133858268
21
1.4526153543307085
0
LINE
8
BLACK
6
CONTINUOUS
10
0.5367079133858268
20
1.4526153543307085
11
0.5347603149606299
21
1.4516415748031495
0
LINE
8
BLACK
6
CONTINUOUS
10
0.5347603149606299
20
1.4516415748031495
11
0.5339381496062992
21
1.4508193700787402
0
LINE
8
BLACK
6
CONTINUOUS
10
0.5339381496062992
20
1.4508193700787402
11
0.5329643700787401
21
1.4488718110236221
0
LINE
8
BLACK
6
CONTINUOUS
10
0.5329643700787401
20
1.4488718110236221
11
0.5329643700787401
21
1.4425488976377951
0
LINE
8
BLACK
6
CONTINUOUS
10
0.5329643700787401
20
1.4425488976377951
11
0.5343126377952756
21
1.4385040944881888
0
LINE
8
BLACK
6
CONTINUOUS
10
0.5343126377952756
20
1.4385040944881888
11
0.5344630708661418
21
1.4374896850393701
0
LINE
8
BLACK
6
CONTINUOUS
10
0.5344630708661418
20
1.4374896850393701
11
0.5337206692913385
21
1.4356112992125984
0
LINE
8
BLACK
6
CONTINUOUS
10
0.5337206692913385
20
1.4356112992125984
11
0.5319445275590551
21
1.4346495275590552
0
LINE
8
BLACK
6
CONTINUOUS
10
0.5319445275590551
20
1.4346495275590552
11
0.5299657480314961
21
1.4350544881889764
0
LINE
8
BLACK
6
CONTINUOUS
10
0.5299657480314961
20
1.4350544881889764
11
0.5287101968503937
21
1.4366366141732283
0
LINE
8
BLACK
6
CONTINUOUS
10
0.5287101968503937
20
1.4366366141732283
11
0.5272103937007874
21
1.4411360236220472
0
LINE
8
BLACK
6
CONTINUOUS
10
0.5272103937007874
20
1.4411360236220472
11
0.527080905511811
21
1.4420092125984252
0
LINE
8
BLACK
6
CONTINUOUS
10
0.527080905511811
20
1.4420092125984252
11
0.5270588582677165
21
1.4420697637795274
0
LINE
8
BLACK
6
CONTINUOUS
10
0.5270588582677165
20
1.4420697637795274
11
0.5270588582677165
21
1.4495688582677164
0
LINE
8
BLACK
6
CONTINUOUS
10
0.5270588582677165
20
1.4495688582677164
11
0.5272369291338582
21
1.4505787795275591
0
LINE
8
BLACK
6
CONTINUOUS
10
0.5272369291338582
20
1.4505787795275591
11
0.5273503937007874
21
1.4507140551181101
0
LINE
8
BLACK
6
CONTINUOUS
10
0.5273503937007874
20
1.4507140551181101
11
0.5273705905511811
21
1.4508893700787402
0
LINE
8
BLACK
6
CONTINUOUS
10
0.5273705905511811
20
1.4508893700787402
11
0.5288703937007874
21
1.4538889763779528
0
LINE
8
BLACK
6
CONTINUOUS
10
0.5288703937007874
20
1.4538889763779528
11
0.5293962992125985
21
1.4545980708661417
0
LINE
8
BLACK
6
CONTINUOUS
10
0.5293962992125985
20
1.4545980708661417
11
0.5294235039370079
21
1.4546563779527559
0
LINE
8
BLACK
6
CONTINUOUS
10
0.5294235039370079
20
1.4546563779527559
11
0.5309233070866142
21
1.4561561811023622
0
LINE
8
BLACK
6
CONTINUOUS
10
0.5309233070866142
20
1.4561561811023622
11
0.5316463779527559
21
1.4566624803149606
0
LINE
8
BLACK
6
CONTINUOUS
10
0.5316463779527559
20
1.4566624803149606
11
0.5316907086614173
21
1.4567092913385826
0
LINE
8
BLACK
6
CONTINUOUS
10
0.5316907086614173
20
1.4567092913385826
11
0.5346903149606299
21
1.4582091338582677
0
LINE
8
BLACK
6
CONTINUOUS
10
0.5346903149606299
20
1.4582091338582677
11
0.5356732677165355
21
1.4585014960629921
0
LINE
8
BLACK
6
CONTINUOUS
10
0.5356732677165355
20
1.4585014960629921
11
0.5358449606299213
21
1.4584605118110237
0
LINE
8
BLACK
6
CONTINUOUS
10
0.5358449606299213
20
1.4584605118110237
11
0.5360108661417323
21
1.4585208661417322
0
LINE
8
BLACK
6
CONTINUOUS
10
0.5360108661417323
20
1.4585208661417322
11
0.5390104724409449
21
1.4585208661417322
0
LINE
8
BLACK
6
CONTINUOUS
10
0.5390104724409449
20
1.4585208661417322
11
0.5400203937007874
21
1.4583427952755905
0
LINE
8
BLACK
6
CONTINUOUS
10
0.8914632677165354
20
1.4758233858267715
11
0.8921540944881889
21
1.4739253937007875
0
LINE
8
BLACK
6
CONTINUOUS
10
0.8921540944881889
20
1.4739253937007875
11
0.8921540944881889
21
1.4424293307086613
0
LINE
8
BLACK
6
CONTINUOUS
10
0.8921540944881889
20
1.4424293307086613
11
0.8920864566929134
21
1.4420458267716536
0
LINE
8
BLACK
6
CONTINUOUS
10
0.8920864566929134
20
1.4420458267716536
11
0.8921092519685039
21
1.4419165748031495
0
LINE
8
BLACK
6
CONTINUOUS
10
0.8921092519685039
20
1.4419165748031495
11
0.8920436220472441
21
1.4418029921259843
0
LINE
8
BLACK
6
CONTINUOUS
10
0.8920436220472441
20
1.4418029921259843
11
0.8919760236220472
21
1.4414194094488189
0
LINE
8
BLACK
6
CONTINUOUS
10
0.8919760236220472
20
1.4414194094488189
11
0.891482874015748
21
1.4408317322834645
0
LINE
8
BLACK
6
CONTINUOUS
10
0.891482874015748
20
1.4408317322834645
11
0.8910993307086614
21
1.4401674015748032
0
LINE
8
BLACK
6
CONTINUOUS
10
0.8910993307086614
20
1.4401674015748032
11
0.8908489763779527
21
1.4400762992125984
0
LINE
8
BLACK
6
CONTINUOUS
10
0.8908489763779527
20
1.4400762992125984
11
0.890677716535433
21
1.4398721653543307
0
LINE
8
BLACK
6
CONTINUOUS
10
0.890677716535433
20
1.4398721653543307
11
0.8899221259842519
21
1.4397389370078739
0
LINE
8
BLACK
6
CONTINUOUS
10
0.8899221259842519
20
1.4397389370078739
11
0.8892013385826771
21
1.4394765748031495
0
LINE
8
BLACK
6
CONTINUOUS
10
0.8892013385826771
20
1.4394765748031495
11
0.8742032283464567
21
1.4394765748031495
0
LINE
8
BLACK
6
CONTINUOUS
10
0.8742032283464567
20
1.4394765748031495
11
0.8731933070866141
21
1.4396546456692914
0
LINE
8
BLACK
6
CONTINUOUS
10
0.8731933070866141
20
1.4396546456692914
11
0.871646062992126
21
1.4409529527559055
0
LINE
8
BLACK
6
CONTINUOUS
10
0.871646062992126
20
1.4409529527559055
11
0.87129531496063
21
1.4429420866141731
0
LINE
8
BLACK
6
CONTINUOUS
10
0.87129531496063
20
1.4429420866141731
11
0.8723052362204724
21
1.4446912598425197
0
LINE
8
BLACK
6
CONTINUOUS
10
0.8723052362204724
20
1.4446912598425197
11
0.8742032283464567
21
1.4453820866141731
0
LINE
8
BLACK
6
CONTINUOUS
10
0.8742032283464567
20
1.4453820866141731
11
0.8862485826771653
21
1.4453820866141731
0
LINE
8
BLACK
6
CONTINUOUS
10
0.8862485826771653
20
1.4453820866141731
11
0.8862485826771653
21
1.4739253937007875
0
LINE
8
BLACK
6
CONTINUOUS
10
0.8862485826771653
20
1.4739253937007875
11
0.8864266535433071
21
1.4749353149606299
0
LINE
8
BLACK
6
CONTINUOUS
10
0.8864266535433071
20
1.4749353149606299
11
0.8877249606299212
21
1.476482559055118
0
LINE
8
BLACK
6
CONTINUOUS
10
0.8877249606299212
20
1.476482559055118
11
0.8897140944881889
21
1.4768333070866142
0
LINE
8
BLACK
6
CONTINUOUS
10
0.8897140944881889
20
1.4768333070866142
11
0.8914632677165354
21
1.4758233858267715
0
LINE
8
BLACK
6
CONTINUOUS
10
0.9529555905511811
20
1.4758233858267715
11
0.9536464173228346
21
1.4739253937007875
0
LINE
8
BLACK
6
CONTINUOUS
10
0.9536464173228346
20
1.4739253937007875
11
0.9536464173228346
21
1.4424293307086613
0
LINE
8
BLACK
6
CONTINUOUS
10
0.9536464173228346
20
1.4424293307086613
11
0.953578779527559
21
1.4420458267716536
0
LINE
8
BLACK
6
CONTINUOUS
10
0.953578779527559
20
1.4420458267716536
11
0.9536015748031496
21
1.4419165748031495
0
LINE
8
BLACK
6
CONTINUOUS
10
0.9536015748031496
20
1.4419165748031495
11
0.9535359448818898
21
1.4418029921259843
0
LINE
8
BLACK
6
CONTINUOUS
10
0.9535359448818898
20
1.4418029921259843
11
0.9534683464566929
21
1.4414194094488189
0
LINE
8
BLACK
6
CONTINUOUS
10
0.9534683464566929
20
1.4414194094488189
11
0.9529751968503937
21
1.4408317322834645
0
LINE
8
BLACK
6
CONTINUOUS
10
0.9529751968503937
20
1.4408317322834645
11
0.9525916535433071
21
1.4401674015748032
0
LINE
8
BLACK
6
CONTINUOUS
10
0.9525916535433071
20
1.4401674015748032
11
0.9523412992125984
21
1.4400762992125984
0
LINE
8
BLACK
6
CONTINUOUS
10
0.9523412992125984
20
1.4400762992125984
11
0.9521700393700787
21
1.4398721653543307
0
LINE
8
BLACK
6
CONTINUOUS
10
0.9521700393700787
20
1.4398721653543307
11
0.9514144488188976
21
1.4397389370078739
0
LINE
8
BLACK
6
CONTINUOUS
10
0.9514144488188976
20
1.4397389370078739
11
0.9506936614173228
21
1.4394765748031495
0
LINE
8
BLACK
6
CONTINUOUS
10
0.9506936614173228
20
1.4394765748031495
11
0.9356955511811024
21
1.4394765748031495
0
LINE
8
BLACK
6
CONTINUOUS
10
0.9356955511811024
20
1.4394765748031495
11
0.9346856299212598
21
1.4396546456692914
0
LINE
8
BLACK
6
CONTINUOUS
10
0.9346856299212598
20
1.4396546456692914
11
0.9331383858267717
21
1.4409529527559055
0
LINE
8
BLACK
6
CONTINUOUS
10
0.9331383858267717
20
1.4409529527559055
11
0.9327876377952755
21
1.4429420866141731
0
LINE
8
BLACK
6
CONTINUOUS
10
0.9327876377952755
20
1.4429420866141731
11
0.9337975590551181
21
1.4446912598425197
0
LINE
8
BLACK
6
CONTINUOUS
10
0.9337975590551181
20
1.4446912598425197
11
0.9356955511811024
21
1.4453820866141731
0
LINE
8
BLACK
6
CONTINUOUS
10
0.9356955511811024
20
1.4453820866141731
11
0.947740905511811
21
1.4453820866141731
0
LINE
8
BLACK
6
CONTINUOUS
10
0.947740905511811
20
1.4453820866141731
11
0.947740905511811
21
1.4739253937007875
0
LINE
8
BLACK
6
CONTINUOUS
10
0.947740905511811
20
1.4739253937007875
11
0.9479189763779527
21
1.4749353149606299
0
LINE
8
BLACK
6
CONTINUOUS
10
0.9479189763779527
20
1.4749353149606299
11
0.9492172834645669
21
1.476482559055118
0
LINE
8
BLACK
6
CONTINUOUS
10
0.9492172834645669
20
1.476482559055118
11
0.9512064173228346
21
1.4768333070866142
0
LINE
8
BLACK
6
CONTINUOUS
10
0.9512064173228346
20
1.4768333070866142
11
0.9529555905511811
21
1.4758233858267715
0
LINE
8
BLACK
6
CONTINUOUS
10
0.9825732283464567
20
1.4768105511811023
11
0.9827024803149607
21
1.4768333070866142
0
LINE
8
BLACK
6
CONTINUOUS
10
0.9827024803149607
20
1.4768333070866142
11
0.982816062992126
21
1.4767677165354329
0
LINE
8
BLACK
6
CONTINUOUS
10
0.982816062992126
20
1.4767677165354329
11
0.9831996456692913
21
1.4767000787401574
0
LINE
8
BLACK
6
CONTINUOUS
10
0.9831996456692913
20
1.4767000787401574
11
0.9837873228346457
21
1.476206968503937
0
LINE
8
BLACK
6
CONTINUOUS
10
0.9837873228346457
20
1.476206968503937
11
0.9844516535433071
21
1.4758233858267715
0
LINE
8
BLACK
6
CONTINUOUS
10
0.9844516535433071
20
1.4758233858267715
11
0.9845427559055118
21
1.4755730708661416
0
LINE
8
BLACK
6
CONTINUOUS
10
0.9845427559055118
20
1.4755730708661416
11
0.9847468897637796
21
1.4754017716535432
0
LINE
8
BLACK
6
CONTINUOUS
10
0.9847468897637796
20
1.4754017716535432
11
0.9848801181102362
21
1.4746462204724409
0
LINE
8
BLACK
6
CONTINUOUS
10
0.9848801181102362
20
1.4746462204724409
11
0.9851424803149607
21
1.4739253937007875
0
LINE
8
BLACK
6
CONTINUOUS
10
0.9851424803149607
20
1.4739253937007875
11
0.9851424803149607
21
1.4424293307086613
0
LINE
8
BLACK
6
CONTINUOUS
10
0.9851424803149607
20
1.4424293307086613
11
0.9849644094488189
21
1.4414194094488189
0
LINE
8
BLACK
6
CONTINUOUS
10
0.9849644094488189
20
1.4414194094488189
11
0.9836661023622048
21
1.4398721653543307
0
LINE
8
BLACK
6
CONTINUOUS
10
0.9836661023622048
20
1.4398721653543307
11
0.9816769685039369
21
1.4395214173228346
0
LINE
8
BLACK
6
CONTINUOUS
10
0.9816769685039369
20
1.4395214173228346
11
0.9799277952755905
21
1.4405313385826772
0
LINE
8
BLACK
6
CONTINUOUS
10
0.9799277952755905
20
1.4405313385826772
11
0.9792369685039369
21
1.4424293307086613
0
LINE
8
BLACK
6
CONTINUOUS
10
0.9792369685039369
20
1.4424293307086613
11
0.9792369685039369
21
1.4544747244094487
0
LINE
8
BLACK
6
CONTINUOUS
10
0.9792369685039369
20
1.4544747244094487
11
0.976228031496063
21
1.4544747244094487
0
LINE
8
BLACK
6
CONTINUOUS
10
0.976228031496063
20
1.4544747244094487
11
0.9666109448818897
21
1.4407360236220472
0
LINE
8
BLACK
6
CONTINUOUS
10
0.9666109448818897
20
1.4407360236220472
11
0.9658859448818897
21
1.4400107874015748
0
LINE
8
BLACK
6
CONTINUOUS
10
0.9658859448818897
20
1.4400107874015748
11
0.9639350393700787
21
1.4394877559055117
0
LINE
8
BLACK
6
CONTINUOUS
10
0.9639350393700787
20
1.4394877559055117
11
0.9621043307086614
21
1.4403411023622046
0
LINE
8
BLACK
6
CONTINUOUS
10
0.9621043307086614
20
1.4403411023622046
11
0.9612505118110236
21
1.4421715748031496
0
LINE
8
BLACK
6
CONTINUOUS
10
0.9612505118110236
20
1.4421715748031496
11
0.9617729921259842
21
1.4441226377952756
0
LINE
8
BLACK
6
CONTINUOUS
10
0.9617729921259842
20
1.4441226377952756
11
0.9691578346456693
21
1.4546724803149607
0
LINE
8
BLACK
6
CONTINUOUS
10
0.9691578346456693
20
1.4546724803149607
11
0.9690460236220472
21
1.4547662992125985
0
LINE
8
BLACK
6
CONTINUOUS
10
0.9690460236220472
20
1.4547662992125985
11
0.9688707086614173
21
1.4547864566929134
0
LINE
8
BLACK
6
CONTINUOUS
10
0.9688707086614173
20
1.4547864566929134
11
0.9658711023622047
21
1.4562862598425197
0
LINE
8
BLACK
6
CONTINUOUS
10
0.9658711023622047
20
1.4562862598425197
11
0.9651620078740157
21
1.4568121653543307
0
LINE
8
BLACK
6
CONTINUOUS
10
0.9651620078740157
20
1.4568121653543307
11
0.9651037007874016
21
1.4568393700787401
0
LINE
8
BLACK
6
CONTINUOUS
10
0.9651037007874016
20
1.4568393700787401
11
0.9636038976377953
21
1.4583391732283464
0
LINE
8
BLACK
6
CONTINUOUS
10
0.9636038976377953
20
1.4583391732283464
11
0.9630975984251968
21
1.4590622834645668
0
LINE
8
BLACK
6
CONTINUOUS
10
0.9630975984251968
20
1.4590622834645668
11
0.9630507874015748
21
1.4591065748031495
0
LINE
8
BLACK
6
CONTINUOUS
10
0.9630507874015748
20
1.4591065748031495
11
0.9615509448818897
21
1.4621062204724409
0
LINE
8
BLACK
6
CONTINUOUS
10
0.9615509448818897
20
1.4621062204724409
11
0.9612585826771654
21
1.4630891338582677
0
LINE
8
BLACK
6
CONTINUOUS
10
0.9612585826771654
20
1.4630891338582677
11
0.9612995669291339
21
1.4632608661417323
0
LINE
8
BLACK
6
CONTINUOUS
10
0.9612995669291339
20
1.4632608661417323
11
0.9612392125984252
21
1.4634267322834644
0
LINE
8
BLACK
6
CONTINUOUS
10
0.9612392125984252
20
1.4634267322834644
11
0.9612392125984252
21
1.4679261417322835
0
LINE
8
BLACK
6
CONTINUOUS
10
0.9612392125984252
20
1.4679261417322835
11
0.9614172834645669
21
1.468936062992126
0
LINE
8
BLACK
6
CONTINUOUS
10
0.9614172834645669
20
1.468936062992126
11
0.9615307480314961
21
1.469071338582677
0
LINE
8
BLACK
6
CONTINUOUS
10
0.9615307480314961
20
1.469071338582677
11
0.9615509448818897
21
1.4692466535433071
0
LINE
8
BLACK
6
CONTINUOUS
10
0.9615509448818897
20
1.4692466535433071
11
0.9630507874015748
21
1.4722462992125984
0
LINE
8
BLACK
6
CONTINUOUS
10
0.9630507874015748
20
1.4722462992125984
11
0.9635766141732284
21
1.4729552755905511
0
LINE
8
BLACK
6
CONTINUOUS
10
0.9635766141732284
20
1.4729552755905511
11
0.9636038976377953
21
1.4730137007874016
0
LINE
8
BLACK
6
CONTINUOUS
10
0.9636038976377953
20
1.4730137007874016
11
0.9651037007874016
21
1.4745135039370079
0
LINE
8
BLACK
6
CONTINUOUS
10
0.9651037007874016
20
1.4745135039370079
11
0.9658267716535432
21
1.4750198031496062
0
LINE
8
BLACK
6
CONTINUOUS
10
0.9658267716535432
20
1.4750198031496062
11
0.9658711023622047
21
1.4750666141732283
0
LINE
8
BLACK
6
CONTINUOUS
10
0.9658711023622047
20
1.4750666141732283
11
0.9688707086614173
21
1.4765664173228346
0
LINE
8
BLACK
6
CONTINUOUS
10
0.9688707086614173
20
1.4765664173228346
11
0.9698536614173228
21
1.476858779527559
0
LINE
8
BLACK
6
CONTINUOUS
10
0.9698536614173228
20
1.476858779527559
11
0.9700253149606299
21
1.4768177952755905
0
LINE
8
BLACK
6
CONTINUOUS
10
0.9700253149606299
20
1.4768177952755905
11
0.9701912204724409
21
1.4768781496062993
0
LINE
8
BLACK
6
CONTINUOUS
10
0.9701912204724409
20
1.4768781496062993
11
0.9821897244094488
21
1.4768781496062993
0
LINE
8
BLACK
6
CONTINUOUS
10
0.9821897244094488
20
1.4768781496062993
11
0.9825732283464567
21
1.4768105511811023
0
LINE
8
BLACK
6
CONTINUOUS
10
0.9689407086614173
20
1.4699988582677166
11
0.9681185433070866
21
1.4691767322834646
0
LINE
8
BLACK
6
CONTINUOUS
10
0.9681185433070866
20
1.4691767322834646
11
0.9671447244094488
21
1.4672290944881889
0
LINE
8
BLACK
6
CONTINUOUS
10
0.9671447244094488
20
1.4672290944881889
11
0.9671447244094488
21
1.4641238188976378
0
LINE
8
BLACK
6
CONTINUOUS
10
0.9671447244094488
20
1.4641238188976378
11
0.9681185433070866
21
1.4621761811023621
0
LINE
8
BLACK
6
CONTINUOUS
10
0.9681185433070866
20
1.4621761811023621
11
0.9689407086614173
21
1.4613540157480314
0
LINE
8
BLACK
6
CONTINUOUS
10
0.9689407086614173
20
1.4613540157480314
11
0.9708882677165354
21
1.4603802362204723
0
LINE
8
BLACK
6
CONTINUOUS
10
0.9708882677165354
20
1.4603802362204723
11
0.9792369685039369
21
1.4603802362204723
0
LINE
8
BLACK
6
CONTINUOUS
10
0.9792369685039369
20
1.4603802362204723
11
0.9792369685039369
21
1.4709726377952757
0
LINE
8
BLACK
6
CONTINUOUS
10
0.9792369685039369
20
1.4709726377952757
11
0.9708882677165354
21
1.4709726377952757
0
LINE
8
BLACK
6
CONTINUOUS
10
0.9708882677165354
20
1.4709726377952757
11
0.9689407086614173
21
1.4699988582677166
0
LINE
8
BLACK
6
CONTINUOUS
10
0.9253212598425197
20
1.4767648425196851
11
0.9257096062992126
21
1.4768333070866142
0
LINE
8
BLACK
6
CONTINUOUS
10
0.9257096062992126
20
1.4768333070866142
11
0.9262681496062992
21
1.4765108267716536
0
LINE
8
BLACK
6
CONTINUOUS
10
0.9262681496062992
20
1.4765108267716536
11
0.9268912204724409
21
1.4763436614173229
0
LINE
8
BLACK
6
CONTINUOUS
10
0.9268912204724409
20
1.4763436614173229
11
0.9271173228346457
21
1.4760205511811024
0
LINE
8
BLACK
6
CONTINUOUS
10
0.9271173228346457
20
1.4760205511811024
11
0.9274587795275591
21
1.4758233858267715
0
LINE
8
BLACK
6
CONTINUOUS
10
0.9274587795275591
20
1.4758233858267715
11
0.9276793307086614
21
1.4752174015748032
0
LINE
8
BLACK
6
CONTINUOUS
10
0.9276793307086614
20
1.4752174015748032
11
0.9280492125984252
21
1.4746888188976377
0
LINE
8
BLACK
6
CONTINUOUS
10
0.9280492125984252
20
1.4746888188976377
11
0.9280147244094488
21
1.4742959842519685
0
LINE
8
BLACK
6
CONTINUOUS
10
0.9280147244094488
20
1.4742959842519685
11
0.9281496062992126
21
1.4739253937007875
0
LINE
8
BLACK
6
CONTINUOUS
10
0.9281496062992126
20
1.4739253937007875
11
0.9281496062992126
21
1.4424293307086613
0
LINE
8
BLACK
6
CONTINUOUS
10
0.9281496062992126
20
1.4424293307086613
11
0.9279715354330709
21
1.4414194094488189
0
LINE
8
BLACK
6
CONTINUOUS
10
0.9279715354330709
20
1.4414194094488189
11
0.9266732283464567
21
1.4398721653543307
0
LINE
8
BLACK
6
CONTINUOUS
10
0.9266732283464567
20
1.4398721653543307
11
0.924684094488189
21
1.4395214173228346
0
LINE
8
BLACK
6
CONTINUOUS
10
0.924684094488189
20
1.4395214173228346
11
0.9229349212598424
21
1.4405313385826772
0
LINE
8
BLACK
6
CONTINUOUS
10
0.9229349212598424
20
1.4405313385826772
11
0.922244094488189
21
1.4424293307086613
0
LINE
8
BLACK
6
CONTINUOUS
10
0.922244094488189
20
1.4424293307086613
11
0.922244094488189
21
1.4606156692913386
0
LINE
8
BLACK
6
CONTINUOUS
10
0.922244094488189
20
1.4606156692913386
11
0.917373937007874
21
1.4501795669291337
0
LINE
8
BLACK
6
CONTINUOUS
10
0.917373937007874
20
1.4501795669291337
11
0.9171512598425197
21
1.4498618110236221
0
LINE
8
BLACK
6
CONTINUOUS
10
0.9171512598425197
20
1.4498618110236221
11
0.9171174409448819
21
1.4497353149606298
0
LINE
8
BLACK
6
CONTINUOUS
10
0.9171174409448819
20
1.4497353149606298
11
0.917009842519685
21
1.4496599606299212
0
LINE
8
BLACK
6
CONTINUOUS
10
0.917009842519685
20
1.4496599606299212
11
0.9167854724409449
21
1.4493396850393701
0
LINE
8
BLACK
6
CONTINUOUS
10
0.9167854724409449
20
1.4493396850393701
11
0.9160908267716535
21
1.4490160236220473
0
LINE
8
BLACK
6
CONTINUOUS
10
0.9160908267716535
20
1.4490160236220473
11
0.9154632677165354
21
1.4485762992125983
0
LINE
8
BLACK
6
CONTINUOUS
10
0.9154632677165354
20
1.4485762992125983
11
0.9151969685039369
21
1.4485995275590551
0
LINE
8
BLACK
6
CONTINUOUS
10
0.9151969685039369
20
1.4485995275590551
11
0.9149546850393701
21
1.4484866141732282
0
LINE
8
BLACK
6
CONTINUOUS
10
0.9149546850393701
20
1.4484866141732282
11
0.9142143700787402
21
1.4486852362204725
0
LINE
8
BLACK
6
CONTINUOUS
10
0.9142143700787402
20
1.4486852362204725
11
0.9134511023622047
21
1.4487517716535432
0
LINE
8
BLACK
6
CONTINUOUS
10
0.9134511023622047
20
1.4487517716535432
11
0.9132620472440944
21
1.4489407086614172
0
LINE
8
BLACK
6
CONTINUOUS
10
0.9132620472440944
20
1.4489407086614172
11
0.9130038188976378
21
1.4490099606299212
0
LINE
8
BLACK
6
CONTINUOUS
10
0.9130038188976378
20
1.4490099606299212
11
0.9125643700787401
21
1.4496379527559056
0
LINE
8
BLACK
6
CONTINUOUS
10
0.9125643700787401
20
1.4496379527559056
11
0.9120224409448818
21
1.4501795669291337
0
LINE
8
BLACK
6
CONTINUOUS
10
0.9120224409448818
20
1.4501795669291337
11
0.9071522440944881
21
1.4606157086614173
0
LINE
8
BLACK
6
CONTINUOUS
10
0.9071522440944881
20
1.4606157086614173
11
0.9071522440944881
21
1.4424293307086613
0
LINE
8
BLACK
6
CONTINUOUS
10
0.9071522440944881
20
1.4424293307086613
11
0.9069741732283464
21
1.4414194094488189
0
LINE
8
BLACK
6
CONTINUOUS
10
0.9069741732283464
20
1.4414194094488189
11
0.9056758661417322
21
1.4398721653543307
0
LINE
8
BLACK
6
CONTINUOUS
10
0.9056758661417322
20
1.4398721653543307
11
0.9036867322834645
21
1.4395214173228346
0
LINE
8
BLACK
6
CONTINUOUS
10
0.9036867322834645
20
1.4395214173228346
11
0.9019375590551181
21
1.4405313385826772
0
LINE
8
BLACK
6
CONTINUOUS
10
0.9019375590551181
20
1.4405313385826772
11
0.9012467322834645
21
1.4424293307086613
0
LINE
8
BLACK
6
CONTINUOUS
10
0.9012467322834645
20
1.4424293307086613
11
0.9012467322834645
21
1.4739253937007875
0
LINE
8
BLACK
6
CONTINUOUS
10
0.9012467322834645
20
1.4739253937007875
11
0.9014248031496063
21
1.4749353149606299
0
LINE
8
BLACK
6
CONTINUOUS
10
0.9014248031496063
20
1.4749353149606299
11
0.9016782677165354
21
1.4752374409448819
0
LINE
8
BLACK
6
CONTINUOUS
10
0.9016782677165354
20
1.4752374409448819
11
0.9017802362204724
21
1.4756183070866142
0
LINE
8
BLACK
6
CONTINUOUS
10
0.9017802362204724
20
1.4756183070866142
11
0.9023084645669291
21
1.475988464566929
0
LINE
8
BLACK
6
CONTINUOUS
10
0.9023084645669291
20
1.475988464566929
11
0.9027231102362204
21
1.476482559055118
0
LINE
8
BLACK
6
CONTINUOUS
10
0.9027231102362204
20
1.476482559055118
11
0.9031114173228346
21
1.4765510629921259
0
LINE
8
BLACK
6
CONTINUOUS
10
0.9031114173228346
20
1.4765510629921259
11
0.9034344094488189
21
1.4767773228346457
0
LINE
8
BLACK
6
CONTINUOUS
10
0.9034344094488189
20
1.4767773228346457
11
0.904076968503937
21
1.4767212992125984
0
LINE
8
BLACK
6
CONTINUOUS
10
0.904076968503937
20
1.4767212992125984
11
0.9047122440944881
21
1.4768333070866142
0
LINE
8
BLACK
6
CONTINUOUS
10
0.9047122440944881
20
1.4768333070866142
11
0.9050537795275591
21
1.4766361417322835
0
LINE
8
BLACK
6
CONTINUOUS
10
0.9050537795275591
20
1.4766361417322835
11
0.9054465748031496
21
1.4766018503937008
0
LINE
8
BLACK
6
CONTINUOUS
10
0.9054465748031496
20
1.4766018503937008
11
0.9059027559055118
21
1.4761459448818897
0
LINE
8
BLACK
6
CONTINUOUS
10
0.9059027559055118
20
1.4761459448818897
11
0.9064614173228346
21
1.4758233858267715
0
LINE
8
BLACK
6
CONTINUOUS
10
0.9064614173228346
20
1.4758233858267715
11
0.9065962598425197
21
1.4754528346456692
0
LINE
8
BLACK
6
CONTINUOUS
10
0.9065962598425197
20
1.4754528346456692
11
0.9068752362204724
21
1.4751740551181103
0
LINE
8
BLACK
6
CONTINUOUS
10
0.9068752362204724
20
1.4751740551181103
11
0.9146981496062991
21
1.4584106692913386
0
LINE
8
BLACK
6
CONTINUOUS
10
0.9146981496062991
20
1.4584106692913386
11
0.9225211023622047
21
1.475174094488189
0
LINE
8
BLACK
6
CONTINUOUS
10
0.9225211023622047
20
1.475174094488189
11
0.9231095669291338
21
1.476013937007874
0
LINE
8
BLACK
6
CONTINUOUS
10
0.9231095669291338
20
1.476013937007874
11
0.9234669685039369
21
1.4761805118110236
0
LINE
8
BLACK
6
CONTINUOUS
10
0.9234669685039369
20
1.4761805118110236
11
0.9237204724409449
21
1.476482559055118
0
LINE
8
BLACK
6
CONTINUOUS
10
0.9237204724409449
20
1.476482559055118
11
0.9243556692913386
21
1.4765946062992126
0
LINE
8
BLACK
6
CONTINUOUS
10
0.9243556692913386
20
1.4765946062992126
11
0.9249403937007874
21
1.4768670078740158
0
LINE
8
BLACK
6
CONTINUOUS
10
0.9249403937007874
20
1.4768670078740158
11
0.9253212598425197
21
1.4767648425196851
0
LINE
8
BLACK
6
CONTINUOUS
10
0.9994497637795275
20
1.4758233858267715
11
1.0001405905511811
21
1.4739253937007875
0
LINE
8
BLACK
6
CONTINUOUS
10
1.0001405905511811
20
1.4739253937007875
11
1.0001405905511811
21
1.4424293307086613
0
LINE
8
BLACK
6
CONTINUOUS
10
1.0001405905511811
20
1.4424293307086613
11
0.9999625196850394
21
1.4414194094488189
0
LINE
8
BLACK
6
CONTINUOUS
10
0.9999625196850394
20
1.4414194094488189
11
0.9986642125984252
21
1.4398721653543307
0
LINE
8
BLACK
6
CONTINUOUS
10
0.9986642125984252
20
1.4398721653543307
11
0.9966750787401575
21
1.4395214173228346
0
LINE
8
BLACK
6
CONTINUOUS
10
0.9966750787401575
20
1.4395214173228346
11
0.994925905511811
21
1.4405313385826772
0
LINE
8
BLACK
6
CONTINUOUS
10
0.994925905511811
20
1.4405313385826772
11
0.9942350787401575
21
1.4424293307086613
0
LINE
8
BLACK
6
CONTINUOUS
10
0.9942350787401575
20
1.4424293307086613
11
0.9942350787401575
21
1.4739253937007875
0
LINE
8
BLACK
6
CONTINUOUS
10
0.9942350787401575
20
1.4739253937007875
11
0.9944131496062992
21
1.4749353149606299
0
LINE
8
BLACK
6
CONTINUOUS
10
0.9944131496062992
20
1.4749353149606299
11
0.9957114566929134
21
1.476482559055118
0
LINE
8
BLACK
6
CONTINUOUS
10
0.9957114566929134
20
1.476482559055118
11
0.9977005905511811
21
1.4768333070866142
0
LINE
8
BLACK
6
CONTINUOUS
10
0.9977005905511811
20
1.4768333070866142
11
0.9994497637795275
21
1.4758233858267715
0
LINE
8
BLACK
6
CONTINUOUS
10
0.7816457874015748
20
1.5264759448818896
11
0.7818048425196851
21
1.526507401574803
0
LINE
8
BLACK
6
CONTINUOUS
10
0.7818048425196851
20
1.526507401574803
11
0.7821858661417322
21
1.5262522440944881
0
LINE
8
BLACK
6
CONTINUOUS
10
0.7821858661417322
20
1.5262522440944881
11
0.7826095669291339
21
1.5260767322834645
0
LINE
8
BLACK
6
CONTINUOUS
10
0.7826095669291339
20
1.5260767322834645
11
0.7826715748031496
21
1.5259269685039369
0
LINE
8
BLACK
6
CONTINUOUS
10
0.7826715748031496
20
1.5259269685039369
11
0.7828063385826771
21
1.5258367322834645
0
LINE
8
BLACK
6
CONTINUOUS
10
0.7828063385826771
20
1.5258367322834645
11
0.7857194881889764
21
1.5214670472440945
0
LINE
8
BLACK
6
CONTINUOUS
10
0.7857194881889764
20
1.5214670472440945
11
0.7884281496062991
21
1.5187583858267717
0
LINE
8
BLACK
6
CONTINUOUS
10
0.7884281496062991
20
1.5187583858267717
11
0.7911991732283464
21
1.5173728740157479
0
LINE
8
BLACK
6
CONTINUOUS
10
0.7911991732283464
20
1.5173728740157479
11
0.7919888976377952
21
1.5164623228346457
0
LINE
8
BLACK
6
CONTINUOUS
10
0.7919888976377952
20
1.5164623228346457
11
0.7919034645669291
21
1.5152600787401576
0
LINE
8
BLACK
6
CONTINUOUS
10
0.7919034645669291
20
1.5152600787401576
11
0.7909929133858268
21
1.5144703543307085
0
LINE
8
BLACK
6
CONTINUOUS
10
0.7909929133858268
20
1.5144703543307085
11
0.7897906692913386
21
1.5145557874015747
0
LINE
8
BLACK
6
CONTINUOUS
10
0.7897906692913386
20
1.5145557874015747
11
0.7867910236220472
21
1.516055590551181
0
LINE
8
BLACK
6
CONTINUOUS
10
0.7867910236220472
20
1.516055590551181
11
0.7866211811023622
21
1.5162514173228345
0
LINE
8
BLACK
6
CONTINUOUS
10
0.7866211811023622
20
1.5162514173228345
11
0.7863817322834645
21
1.5163505905511812
0
LINE
8
BLACK
6
CONTINUOUS
10
0.7863817322834645
20
1.5163505905511812
11
0.7833821259842519
21
1.5193502362204725
0
LINE
8
BLACK
6
CONTINUOUS
10
0.7833821259842519
20
1.5193502362204725
11
0.7833200787401574
21
1.5195000393700786
0
LINE
8
BLACK
6
CONTINUOUS
10
0.7833200787401574
20
1.5195000393700786
11
0.7831853543307087
21
1.5195902362204725
0
LINE
8
BLACK
6
CONTINUOUS
10
0.7831853543307087
20
1.5195902362204725
11
0.7830708267716535
21
1.5197620472440945
0
LINE
8
BLACK
6
CONTINUOUS
10
0.7830708267716535
20
1.5197620472440945
11
0.7830708267716535
21
1.4950419291338581
0
LINE
8
BLACK
6
CONTINUOUS
10
0.7830708267716535
20
1.4950419291338581
11
0.7904949212598426
21
1.4950419291338581
0
LINE
8
BLACK
6
CONTINUOUS
10
0.7904949212598426
20
1.4950419291338581
11
0.7916084645669291
21
1.4945806692913386
0
LINE
8
BLACK
6
CONTINUOUS
10
0.7916084645669291
20
1.4945806692913386
11
0.7920697244094488
21
1.493467125984252
0
LINE
8
BLACK
6
CONTINUOUS
10
0.7920697244094488
20
1.493467125984252
11
0.7916084645669291
21
1.4923535826771652
0
LINE
8
BLACK
6
CONTINUOUS
10
0.7916084645669291
20
1.4923535826771652
11
0.7904949212598426
21
1.4918923228346457
0
LINE
8
BLACK
6
CONTINUOUS
10
0.7904949212598426
20
1.4918923228346457
11
0.7814960236220472
21
1.4918923228346457
0
LINE
8
BLACK
6
CONTINUOUS
10
0.7814960236220472
20
1.4918923228346457
11
0.7724971653543307
21
1.4918923228346457
0
LINE
8
BLACK
6
CONTINUOUS
10
0.7724971653543307
20
1.4918923228346457
11
0.7713836220472441
21
1.4923535826771652
0
LINE
8
BLACK
6
CONTINUOUS
10
0.7713836220472441
20
1.4923535826771652
11
0.7709223622047244
21
1.493467125984252
0
LINE
8
BLACK
6
CONTINUOUS
10
0.7709223622047244
20
1.493467125984252
11
0.7713836220472441
21
1.4945806692913386
0
LINE
8
BLACK
6
CONTINUOUS
10
0.7713836220472441
20
1.4945806692913386
11
0.7724971653543307
21
1.4950419291338581
0
LINE
8
BLACK
6
CONTINUOUS
10
0.7724971653543307
20
1.4950419291338581
11
0.7799212204724409
21
1.4950419291338581
0
LINE
8
BLACK
6
CONTINUOUS
10
0.7799212204724409
20
1.4950419291338581
11
0.7799212204724409
21
1.5249631889763779
0
LINE
8
BLACK
6
CONTINUOUS
10
0.7799212204724409
20
1.5249631889763779
11
0.7799832677165354
21
1.5251129921259843
0
LINE
8
BLACK
6
CONTINUOUS
10
0.7799832677165354
20
1.5251129921259843
11
0.779951811023622
21
1.5252720078740156
0
LINE
8
BLACK
6
CONTINUOUS
10
0.779951811023622
20
1.5252720078740156
11
0.780206968503937
21
1.5256530708661418
0
LINE
8
BLACK
6
CONTINUOUS
10
0.780206968503937
20
1.5256530708661418
11
0.7803824803149606
21
1.5260767322834645
0
LINE
8
BLACK
6
CONTINUOUS
10
0.7803824803149606
20
1.5260767322834645
11
0.7805322440944882
21
1.5261387795275589
0
LINE
8
BLACK
6
CONTINUOUS
10
0.7805322440944882
20
1.5261387795275589
11
0.7806224803149606
21
1.5262735039370079
0
LINE
8
BLACK
6
CONTINUOUS
10
0.7806224803149606
20
1.5262735039370079
11
0.7810723622047244
21
1.5263625196850394
0
LINE
8
BLACK
6
CONTINUOUS
10
0.7810723622047244
20
1.5263625196850394
11
0.7814960236220472
21
1.5265379921259843
0
LINE
8
BLACK
6
CONTINUOUS
10
0.7814960236220472
20
1.5265379921259843
11
0.7816457874015748
21
1.5264759448818896
0
LINE
8
BLACK
6
CONTINUOUS
10
0.8117317322834645
20
1.5264388188976377
11
0.8119902755905511
21
1.5264571653543306
0
LINE
8
BLACK
6
CONTINUOUS
10
0.8119902755905511
20
1.5264571653543306
11
0.8164897244094488
21
1.5249573622047243
0
LINE
8
BLACK
6
CONTINUOUS
10
0.8164897244094488
20
1.5249573622047243
11
0.8167666141732284
21
1.5247172440944881
0
LINE
8
BLACK
6
CONTINUOUS
10
0.8167666141732284
20
1.5247172440944881
11
0.8171052755905511
21
1.5245769291338582
0
LINE
8
BLACK
6
CONTINUOUS
10
0.8171052755905511
20
1.5245769291338582
11
0.8201048818897637
21
1.5215773228346456
0
LINE
8
BLACK
6
CONTINUOUS
10
0.8201048818897637
20
1.5215773228346456
11
0.8202040551181102
21
1.5213378740157479
0
LINE
8
BLACK
6
CONTINUOUS
10
0.8202040551181102
20
1.5213378740157479
11
0.8203998818897638
21
1.5211680314960629
0
LINE
8
BLACK
6
CONTINUOUS
10
0.8203998818897638
20
1.5211680314960629
11
0.8218996850393701
21
1.5181683858267716
0
LINE
8
BLACK
6
CONTINUOUS
10
0.8218996850393701
20
1.5181683858267716
11
0.8219123622047244
21
1.5179899212598424
0
LINE
8
BLACK
6
CONTINUOUS
10
0.8219123622047244
20
1.5179899212598424
11
0.822018937007874
21
1.5178461023622047
0
LINE
8
BLACK
6
CONTINUOUS
10
0.822018937007874
20
1.5178461023622047
11
0.823518779527559
21
1.5118468503937008
0
LINE
8
BLACK
6
CONTINUOUS
10
0.823518779527559
20
1.5118468503937008
11
0.8234893700787401
21
1.5116493307086614
0
LINE
8
BLACK
6
CONTINUOUS
10
0.8234893700787401
20
1.5116493307086614
11
0.8235657874015748
21
1.5114648818897638
0
LINE
8
BLACK
6
CONTINUOUS
10
0.8235657874015748
20
1.5114648818897638
11
0.8235657874015748
21
1.5069654330708662
0
LINE
8
BLACK
6
CONTINUOUS
10
0.8235657874015748
20
1.5069654330708662
11
0.8234893700787401
21
1.5067810236220471
0
LINE
8
BLACK
6
CONTINUOUS
10
0.8234893700787401
20
1.5067810236220471
11
0.823518779527559
21
1.5065834645669292
0
LINE
8
BLACK
6
CONTINUOUS
10
0.823518779527559
20
1.5065834645669292
11
0.822018937007874
21
1.5005842125984252
0
LINE
8
BLACK
6
CONTINUOUS
10
0.822018937007874
20
1.5005842125984252
11
0.8219123622047244
21
1.5004404330708661
0
LINE
8
BLACK
6
CONTINUOUS
10
0.8219123622047244
20
1.5004404330708661
11
0.8218996850393701
21
1.5002618897637794
0
LINE
8
BLACK
6
CONTINUOUS
10
0.8218996850393701
20
1.5002618897637794
11
0.8203998818897638
21
1.4972622834645668
0
LINE
8
BLACK
6
CONTINUOUS
10
0.8203998818897638
20
1.4972622834645668
11
0.820204094488189
21
1.4970925196850393
0
LINE
8
BLACK
6
CONTINUOUS
10
0.820204094488189
20
1.4970925196850393
11
0.8201049212598425
21
1.4968530314960629
0
LINE
8
BLACK
6
CONTINUOUS
10
0.8201049212598425
20
1.4968530314960629
11
0.8171052755905511
21
1.4938533858267715
0
LINE
8
BLACK
6
CONTINUOUS
10
0.8171052755905511
20
1.4938533858267715
11
0.8167666141732284
21
1.4937131102362204
0
LINE
8
BLACK
6
CONTINUOUS
10
0.8167666141732284
20
1.4937131102362204
11
0.8164897244094488
21
1.4934729527559054
0
LINE
8
BLACK
6
CONTINUOUS
10
0.8164897244094488
20
1.4934729527559054
11
0.8119902755905511
21
1.4919731496062991
0
LINE
8
BLACK
6
CONTINUOUS
10
0.8119902755905511
20
1.4919731496062991
11
0.8117317322834645
21
1.4919915354330708
0
LINE
8
BLACK
6
CONTINUOUS
10
0.8117317322834645
20
1.4919915354330708
11
0.8114922834645669
21
1.4918923228346457
0
LINE
8
BLACK
6
CONTINUOUS
10
0.8114922834645669
20
1.4918923228346457
11
0.8084926377952756
21
1.4918923228346457
0
LINE
8
BLACK
6
CONTINUOUS
10
0.8084926377952756
20
1.4918923228346457
11
0.8082531496062992
21
1.4919915354330708
0
LINE
8
BLACK
6
CONTINUOUS
10
0.8082531496062992
20
1.4919915354330708
11
0.8079946456692914
21
1.4919731496062991
0
LINE
8
BLACK
6
CONTINUOUS
10
0.8079946456692914
20
1.4919731496062991
11
0.8034952362204725
21
1.4934729527559054
0
LINE
8
BLACK
6
CONTINUOUS
10
0.8034952362204725
20
1.4934729527559054
11
0.8032183070866141
21
1.4937131102362204
0
LINE
8
BLACK
6
CONTINUOUS
10
0.8032183070866141
20
1.4937131102362204
11
0.80287968503937
21
1.4938533858267715
0
LINE
8
BLACK
6
CONTINUOUS
10
0.80287968503937
20
1.4938533858267715
11
0.801379842519685
21
1.4953532283464566
0
LINE
8
BLACK
6
CONTINUOUS
10
0.801379842519685
20
1.4953532283464566
11
0.8009185826771653
21
1.4964667716535434
0
LINE
8
BLACK
6
CONTINUOUS
10
0.8009185826771653
20
1.4964667716535434
11
0.801379842519685
21
1.4975803149606299
0
LINE
8
BLACK
6
CONTINUOUS
10
0.801379842519685
20
1.4975803149606299
11
0.8024933858267717
21
1.4980415748031495
0
LINE
8
BLACK
6
CONTINUOUS
10
0.8024933858267717
20
1.4980415748031495
11
0.8036069291338582
21
1.4975803149606299
0
LINE
8
BLACK
6
CONTINUOUS
10
0.8036069291338582
20
1.4975803149606299
11
0.8048438976377953
21
1.4963433464566929
0
LINE
8
BLACK
6
CONTINUOUS
10
0.8048438976377953
20
1.4963433464566929
11
0.8087481496062991
21
1.4950419291338581
0
LINE
8
BLACK
6
CONTINUOUS
10
0.8087481496062991
20
1.4950419291338581
11
0.8112367716535432
21
1.4950419291338581
0
LINE
8
BLACK
6
CONTINUOUS
10
0.8112367716535432
20
1.4950419291338581
11
0.8151410236220472
21
1.4963433464566929
0
LINE
8
BLACK
6
CONTINUOUS
10
0.8151410236220472
20
1.4963433464566929
11
0.8176970078740158
21
1.4988993700787401
0
LINE
8
BLACK
6
CONTINUOUS
10
0.8176970078740158
20
1.4988993700787401
11
0.8190052362204724
21
1.5015158267716535
0
LINE
8
BLACK
6
CONTINUOUS
10
0.8190052362204724
20
1.5015158267716535
11
0.8204161811023621
21
1.5071594094488188
0
LINE
8
BLACK
6
CONTINUOUS
10
0.8204161811023621
20
1.5071594094488188
11
0.8204161811023621
21
1.5112709448818897
0
LINE
8
BLACK
6
CONTINUOUS
10
0.8204161811023621
20
1.5112709448818897
11
0.8190052362204724
21
1.5169146456692912
0
LINE
8
BLACK
6
CONTINUOUS
10
0.8190052362204724
20
1.5169146456692912
11
0.8176970472440944
21
1.5195309842519684
0
LINE
8
BLACK
6
CONTINUOUS
10
0.8176970472440944
20
1.5195309842519684
11
0.815141062992126
21
1.5220869685039369
0
LINE
8
BLACK
6
CONTINUOUS
10
0.815141062992126
20
1.5220869685039369
11
0.8112367716535432
21
1.5233883858267716
0
LINE
8
BLACK
6
CONTINUOUS
10
0.8112367716535432
20
1.5233883858267716
11
0.8087481496062991
21
1.5233883858267716
0
LINE
8
BLACK
6
CONTINUOUS
10
0.8087481496062991
20
1.5233883858267716
11
0.804843937007874
21
1.5220870078740156
0
LINE
8
BLACK
6
CONTINUOUS
10
0.804843937007874
20
1.5220870078740156
11
0.8036069291338582
21
1.52085
0
LINE
8
BLACK
6
CONTINUOUS
10
0.8036069291338582
20
1.52085
11
0.8024933464566929
21
1.520388779527559
0
LINE
8
BLACK
6
CONTINUOUS
10
0.8024933464566929
20
1.520388779527559
11
0.8013798031496063
21
1.5208500393700788
0
LINE
8
BLACK
6
CONTINUOUS
10
0.8013798031496063
20
1.5208500393700788
11
0.8009185826771653
21
1.5219636220472441
0
LINE
8
BLACK
6
CONTINUOUS
10
0.8009185826771653
20
1.5219636220472441
11
0.801379842519685
21
1.5230771653543307
0
LINE
8
BLACK
6
CONTINUOUS
10
0.801379842519685
20
1.5230771653543307
11
0.80287968503937
21
1.524576968503937
0
LINE
8
BLACK
6
CONTINUOUS
10
0.80287968503937
20
1.524576968503937
11
0.8032183464566929
21
1.5247172440944881
0
LINE
8
BLACK
6
CONTINUOUS
10
0.8032183464566929
20
1.5247172440944881
11
0.8034952362204725
21
1.5249573622047243
0
LINE
8
BLACK
6
CONTINUOUS
10
0.8034952362204725
20
1.5249573622047243
11
0.8079946456692914
21
1.5264571653543306
0
LINE
8
BLACK
6
CONTINUOUS
10
0.8079946456692914
20
1.5264571653543306
11
0.8082531496062992
21
1.5264388188976377
0
LINE
8
BLACK
6
CONTINUOUS
10
0.8082531496062992
20
1.5264388188976377
11
0.8084926377952756
21
1.5265379921259843
0
LINE
8
BLACK
6
CONTINUOUS
10
0.8084926377952756
20
1.5265379921259843
11
0.8114922834645669
21
1.5265379921259843
0
LINE
8
BLACK
6
CONTINUOUS
10
0.8114922834645669
20
1.5265379921259843
11
0.8117317322834645
21
1.5264388188976377
0
LINE
8
BLACK
6
CONTINUOUS
10
0.8366141732283464
20
1.5344488188976377
11
0.8380061023622047
21
1.5338722440944881
0
LINE
8
BLACK
6
CONTINUOUS
10
0.8380061023622047
20
1.5338722440944881
11
0.8385826771653543
21
1.5324803149606299
0
LINE
8
BLACK
6
CONTINUOUS
10
0.8385826771653543
20
1.5324803149606299
11
0.8385826771653543
21
1.4832677165354331
0
LINE
8
BLACK
6
CONTINUOUS
10
0.8385826771653543
20
1.4832677165354331
11
0.8380061023622047
21
1.4818757874015747
0
LINE
8
BLACK
6
CONTINUOUS
10
0.8380061023622047
20
1.4818757874015747
11
0.8366141732283464
21
1.4812992125984252
0
LINE
8
BLACK
6
CONTINUOUS
10
0.8366141732283464
20
1.4812992125984252
11
0.7578740157480315
21
1.4812992125984252
0
LINE
8
BLACK
6
CONTINUOUS
10
0.7578740157480315
20
1.4812992125984252
11
0.7564820866141733
21
1.4818757874015747
0
LINE
8
BLACK
6
CONTINUOUS
10
0.7564820866141733
20
1.4818757874015747
11
0.7559055118110236
21
1.4832677165354331
0
LINE
8
BLACK
6
CONTINUOUS
10
0.7559055118110236
20
1.4832677165354331
11
0.7559055118110236
21
1.5324803149606299
0
LINE
8
BLACK
6
CONTINUOUS
10
0.7559055118110236
20
1.5324803149606299
11
0.7564820866141733
21
1.5338722440944881
0
LINE
8
BLACK
6
CONTINUOUS
10
0.7564820866141733
20
1.5338722440944881
11
0.7578740157480315
21
1.5344488188976377
0
LINE
8
BLACK
6
CONTINUOUS
10
0.7578740157480315
20
1.5344488188976377
11
0.8366141732283464
21
1.5344488188976377
0
LINE
8
BLACK
6
CONTINUOUS
10
0.7598425196850394
20
1.530511811023622
11
0.7598425196850394
21
1.485236220472441
0
LINE
8
BLACK
6
CONTINUOUS
10
0.7598425196850394
20
1.485236220472441
11
0.8346456692913385
21
1.485236220472441
0
LINE
8
BLACK
6
CONTINUOUS
10
0.8346456692913385
20
1.485236220472441
11
0.8346456692913385
21
1.530511811023622
0
LINE
8
BLACK
6
CONTINUOUS
10
0.8346456692913385
20
1.530511811023622
11
0.7598425196850394
21
1.530511811023622
0
LINE
8
BLACK
6
CONTINUOUS
10
0.9241293700787402
20
1.526397716535433
11
0.9244950393700787
21
1.5263717322834645
0
LINE
8
BLACK
6
CONTINUOUS
10
0.9244950393700787
20
1.5263717322834645
11
0.9274946456692913
21
1.5248719291338582
0
LINE
8
BLACK
6
CONTINUOUS
10
0.9274946456692913
20
1.5248719291338582
11
0.9276644094488189
21
1.5246761811023621
0
LINE
8
BLACK
6
CONTINUOUS
10
0.9276644094488189
20
1.5246761811023621
11
0.9279038976377952
21
1.524576968503937
0
LINE
8
BLACK
6
CONTINUOUS
10
0.9279038976377952
20
1.524576968503937
11
0.9294037401574803
21
1.5230771653543307
0
LINE
8
BLACK
6
CONTINUOUS
10
0.9294037401574803
20
1.5230771653543307
11
0.9298649606299212
21
1.5219636220472441
0
LINE
8
BLACK
6
CONTINUOUS
10
0.9298649606299212
20
1.5219636220472441
11
0.929403779527559
21
1.5208500393700788
0
LINE
8
BLACK
6
CONTINUOUS
10
0.929403779527559
20
1.5208500393700788
11
0.9282901968503937
21
1.5203888188976378
0
LINE
8
BLACK
6
CONTINUOUS
10
0.9282901968503937
20
1.5203888188976378
11
0.927176653543307
21
1.52085
0
LINE
8
BLACK
6
CONTINUOUS
10
0.927176653543307
20
1.52085
11
0.9258574803149606
21
1.5221691338582677
0
LINE
8
BLACK
6
CONTINUOUS
10
0.9258574803149606
20
1.5221691338582677
11
0.9234189763779528
21
1.5233883858267716
0
LINE
8
BLACK
6
CONTINUOUS
10
0.9234189763779528
20
1.5233883858267716
11
0.9166634251968504
21
1.5233883858267716
0
LINE
8
BLACK
6
CONTINUOUS
10
0.9166634251968504
20
1.5233883858267716
11
0.9142249212598424
21
1.5221691732283464
0
LINE
8
BLACK
6
CONTINUOUS
10
0.9142249212598424
20
1.5221691732283464
11
0.9130864566929133
21
1.521030748031496
0
LINE
8
BLACK
6
CONTINUOUS
10
0.9130864566929133
20
1.521030748031496
11
0.9118672440944882
21
1.5185922440944881
0
LINE
8
BLACK
6
CONTINUOUS
10
0.9118672440944882
20
1.5185922440944881
11
0.9118672440944882
21
1.5162198425196851
0
LINE
8
BLACK
6
CONTINUOUS
10
0.9118672440944882
20
1.5162198425196851
11
0.9131686614173228
21
1.5123155511811024
0
LINE
8
BLACK
6
CONTINUOUS
10
0.9131686614173228
20
1.5123155511811024
11
0.9309035433070866
21
1.4945806692913386
0
LINE
8
BLACK
6
CONTINUOUS
10
0.9309035433070866
20
1.4945806692913386
11
0.9313648031496062
21
1.493467125984252
0
LINE
8
BLACK
6
CONTINUOUS
10
0.9313648031496062
20
1.493467125984252
11
0.9309035433070866
21
1.4923535826771652
0
LINE
8
BLACK
6
CONTINUOUS
10
0.9309035433070866
20
1.4923535826771652
11
0.92979
21
1.4918923228346457
0
LINE
8
BLACK
6
CONTINUOUS
10
0.92979
20
1.4918923228346457
11
0.9102924409448818
21
1.4918923228346457
0
LINE
8
BLACK
6
CONTINUOUS
10
0.9102924409448818
20
1.4918923228346457
11
0.9091788976377952
21
1.4923535826771652
0
LINE
8
BLACK
6
CONTINUOUS
10
0.9091788976377952
20
1.4923535826771652
11
0.9087176377952756
21
1.493467125984252
0
LINE
8
BLACK
6
CONTINUOUS
10
0.9087176377952756
20
1.493467125984252
11
0.9091788976377952
21
1.4945806692913386
0
LINE
8
BLACK
6
CONTINUOUS
10
0.9091788976377952
20
1.4945806692913386
11
0.9102924409448818
21
1.4950419291338581
0
LINE
8
BLACK
6
CONTINUOUS
10
0.9102924409448818
20
1.4950419291338581
11
0.9259881102362204
21
1.4950419291338581
0
LINE
8
BLACK
6
CONTINUOUS
10
0.9259881102362204
20
1.4950419291338581
11
0.9106787007874015
21
1.5103513385826772
0
LINE
8
BLACK
6
CONTINUOUS
10
0.9106787007874015
20
1.5103513385826772
11
0.9105383858267716
21
1.5106899999999999
0
LINE
8
BLACK
6
CONTINUOUS
10
0.9105383858267716
20
1.5106899999999999
11
0.9102982677165354
21
1.5109668897637796
0
LINE
8
BLACK
6
CONTINUOUS
10
0.9102982677165354
20
1.5109668897637796
11
0.9087984645669291
21
1.5154663385826772
0
LINE
8
BLACK
6
CONTINUOUS
10
0.9087984645669291
20
1.5154663385826772
11
0.908816811023622
21
1.5157248818897637
0
LINE
8
BLACK
6
CONTINUOUS
10
0.908816811023622
20
1.5157248818897637
11
0.9087176377952756
21
1.5159643307086614
0
LINE
8
BLACK
6
CONTINUOUS
10
0.9087176377952756
20
1.5159643307086614
11
0.9087176377952756
21
1.518963937007874
0
LINE
8
BLACK
6
CONTINUOUS
10
0.9087176377952756
20
1.518963937007874
11
0.9088579133858268
21
1.5193025984251969
0
LINE
8
BLACK
6
CONTINUOUS
10
0.9088579133858268
20
1.5193025984251969
11
0.9088838976377952
21
1.5196681889763779
0
LINE
8
BLACK
6
CONTINUOUS
10
0.9088838976377952
20
1.5196681889763779
11
0.9103837007874016
21
1.5226678346456692
0
LINE
8
BLACK
6
CONTINUOUS
10
0.9103837007874016
20
1.5226678346456692
11
0.9105794881889764
21
1.5228376771653542
0
LINE
8
BLACK
6
CONTINUOUS
10
0.9105794881889764
20
1.5228376771653542
11
0.9106787007874015
21
1.5230771259842519
0
LINE
8
BLACK
6
CONTINUOUS
10
0.9106787007874015
20
1.5230771259842519
11
0.9121784645669291
21
1.5245769291338582
0
LINE
8
BLACK
6
CONTINUOUS
10
0.9121784645669291
20
1.5245769291338582
11
0.9124179527559055
21
1.5246761417322834
0
LINE
8
BLACK
6
CONTINUOUS
10
0.9124179527559055
20
1.5246761417322834
11
0.9125877952755905
21
1.5248719291338582
0
LINE
8
BLACK
6
CONTINUOUS
10
0.9125877952755905
20
1.5248719291338582
11
0.9155874409448819
21
1.5263717322834645
0
LINE
8
BLACK
6
CONTINUOUS
10
0.9155874409448819
20
1.5263717322834645
11
0.915953031496063
21
1.526397716535433
0
LINE
8
BLACK
6
CONTINUOUS
10
0.915953031496063
20
1.526397716535433
11
0.9162916929133859
21
1.5265379921259843
0
LINE
8
BLACK
6
CONTINUOUS
10
0.9162916929133859
20
1.5265379921259843
11
0.9237907480314961
21
1.5265379921259843
0
LINE
8
BLACK
6
CONTINUOUS
10
0.9237907480314961
20
1.5265379921259843
11
0.9241293700787402
21
1.526397716535433
0
LINE
8
BLACK
6
CONTINUOUS
10
0.9495270078740157
20
1.5264388188976377
11
0.9497855511811023
21
1.5264571653543306
0
LINE
8
BLACK
6
CONTINUOUS
10
0.9497855511811023
20
1.5264571653543306
11
0.9542849999999999
21
1.5249573622047243
0
LINE
8
BLACK
6
CONTINUOUS
10
0.9542849999999999
20
1.5249573622047243
11
0.9545618897637795
21
1.5247172440944881
0
LINE
8
BLACK
6
CONTINUOUS
10
0.9545618897637795
20
1.5247172440944881
11
0.9549005511811023
21
1.5245769291338582
0
LINE
8
BLACK
6
CONTINUOUS
10
0.9549005511811023
20
1.5245769291338582
11
0.957900157480315
21
1.5215773228346456
0
LINE
8
BLACK
6
CONTINUOUS
10
0.957900157480315
20
1.5215773228346456
11
0.9579993307086614
21
1.5213378740157479
0
LINE
8
BLACK
6
CONTINUOUS
10
0.9579993307086614
20
1.5213378740157479
11
0.9581951574803149
21
1.5211680314960629
0
LINE
8
BLACK
6
CONTINUOUS
10
0.9581951574803149
20
1.5211680314960629
11
0.9596949606299212
21
1.5181683858267716
0
LINE
8
BLACK
6
CONTINUOUS
10
0.9596949606299212
20
1.5181683858267716
11
0.9597076377952756
21
1.5179899212598424
0
LINE
8
BLACK
6
CONTINUOUS
10
0.9597076377952756
20
1.5179899212598424
11
0.9598142125984251
21
1.5178461023622047
0
LINE
8
BLACK
6
CONTINUOUS
10
0.9598142125984251
20
1.5178461023622047
11
0.9613140551181102
21
1.5118468503937008
0
LINE
8
BLACK
6
CONTINUOUS
10
0.9613140551181102
20
1.5118468503937008
11
0.9612846456692913
21
1.5116493307086614
0
LINE
8
BLACK
6
CONTINUOUS
10
0.9612846456692913
20
1.5116493307086614
11
0.961361062992126
21
1.5114648818897638
0
LINE
8
BLACK
6
CONTINUOUS
10
0.961361062992126
20
1.5114648818897638
11
0.961361062992126
21
1.5069654330708662
0
LINE
8
BLACK
6
CONTINUOUS
10
0.961361062992126
20
1.5069654330708662
11
0.9612846456692913
21
1.5067810236220471
0
LINE
8
BLACK
6
CONTINUOUS
10
0.9612846456692913
20
1.5067810236220471
11
0.9613140551181102
21
1.5065834645669292
0
LINE
8
BLACK
6
CONTINUOUS
10
0.9613140551181102
20
1.5065834645669292
11
0.9598142125984251
21
1.5005842125984252
0
LINE
8
BLACK
6
CONTINUOUS
10
0.9598142125984251
20
1.5005842125984252
11
0.9597076377952756
21
1.5004404330708661
0
LINE
8
BLACK
6
CONTINUOUS
10
0.9597076377952756
20
1.5004404330708661
11
0.9596949606299212
21
1.5002618897637794
0
LINE
8
BLACK
6
CONTINUOUS
10
0.9596949606299212
20
1.5002618897637794
11
0.9581951574803149
21
1.4972622834645668
0
LINE
8
BLACK
6
CONTINUOUS
10
0.9581951574803149
20
1.4972622834645668
11
0.9579993700787401
21
1.4970925196850393
0
LINE
8
BLACK
6
CONTINUOUS
10
0.9579993700787401
20
1.4970925196850393
11
0.9579001968503936
21
1.4968530314960629
0
LINE
8
BLACK
6
CONTINUOUS
10
0.9579001968503936
20
1.4968530314960629
11
0.9549005511811023
21
1.4938533858267715
0
LINE
8
BLACK
6
CONTINUOUS
10
0.9549005511811023
20
1.4938533858267715
11
0.9545618897637795
21
1.4937131102362204
0
LINE
8
BLACK
6
CONTINUOUS
10
0.9545618897637795
20
1.4937131102362204
11
0.9542849999999999
21
1.4934729527559054
0
LINE
8
BLACK
6
CONTINUOUS
10
0.9542849999999999
20
1.4934729527559054
11
0.9497855511811023
21
1.4919731496062991
0
LINE
8
BLACK
6
CONTINUOUS
10
0.9497855511811023
20
1.4919731496062991
11
0.9495270078740157
21
1.4919915354330708
0
LINE
8
BLACK
6
CONTINUOUS
10
0.9495270078740157
20
1.4919915354330708
11
0.9492875590551181
21
1.4918923228346457
0
LINE
8
BLACK
6
CONTINUOUS
10
0.9492875590551181
20
1.4918923228346457
11
0.9462879133858267
21
1.4918923228346457
0
LINE
8
BLACK
6
CONTINUOUS
10
0.9462879133858267
20
1.4918923228346457
11
0.9460484251968504
21
1.4919915354330708
0
LINE
8
BLACK
6
CONTINUOUS
10
0.9460484251968504
20
1.4919915354330708
11
0.9457899212598425
21
1.4919731496062991
0
LINE
8
BLACK
6
CONTINUOUS
10
0.9457899212598425
20
1.4919731496062991
11
0.9412905118110236
21
1.4934729527559054
0
LINE
8
BLACK
6
CONTINUOUS
10
0.9412905118110236
20
1.4934729527559054
11
0.9410135826771653
21
1.4937131102362204
0
LINE
8
BLACK
6
CONTINUOUS
10
0.9410135826771653
20
1.4937131102362204
11
0.9406749606299213
21
1.4938533858267715
0
LINE
8
BLACK
6
CONTINUOUS
10
0.9406749606299213
20
1.4938533858267715
11
0.9391751181102362
21
1.4953532283464566
0
LINE
8
BLACK
6
CONTINUOUS
10
0.9391751181102362
20
1.4953532283464566
11
0.9387138582677165
21
1.4964667716535434
0
LINE
8
BLACK
6
CONTINUOUS
10
0.9387138582677165
20
1.4964667716535434
11
0.9391751181102362
21
1.4975803149606299
0
LINE
8
BLACK
6
CONTINUOUS
10
0.9391751181102362
20
1.4975803149606299
11
0.9402886614173228
21
1.4980415748031495
0
LINE
8
BLACK
6
CONTINUOUS
10
0.9402886614173228
20
1.4980415748031495
11
0.9414022047244094
21
1.4975803149606299
0
LINE
8
BLACK
6
CONTINUOUS
10
0.9414022047244094
20
1.4975803149606299
11
0.9426391732283464
21
1.4963433464566929
0
LINE
8
BLACK
6
CONTINUOUS
10
0.9426391732283464
20
1.4963433464566929
11
0.9465434251968504
21
1.4950419291338581
0
LINE
8
BLACK
6
CONTINUOUS
10
0.9465434251968504
20
1.4950419291338581
11
0.9490320472440945
21
1.4950419291338581
0
LINE
8
BLACK
6
CONTINUOUS
10
0.9490320472440945
20
1.4950419291338581
11
0.9529362992125984
21
1.4963433464566929
0
LINE
8
BLACK
6
CONTINUOUS
10
0.9529362992125984
20
1.4963433464566929
11
0.9554922834645669
21
1.4988993700787401
0
LINE
8
BLACK
6
CONTINUOUS
10
0.9554922834645669
20
1.4988993700787401
11
0.9568005118110235
21
1.5015158267716535
0
LINE
8
BLACK
6
CONTINUOUS
10
0.9568005118110235
20
1.5015158267716535
11
0.9582114566929134
21
1.5071594094488188
0
LINE
8
BLACK
6
CONTINUOUS
10
0.9582114566929134
20
1.5071594094488188
11
0.9582114566929134
21
1.5112709448818897
0
LINE
8
BLACK
6
CONTINUOUS
10
0.9582114566929134
20
1.5112709448818897
11
0.9568005118110235
21
1.5169146456692912
0
LINE
8
BLACK
6
CONTINUOUS
10
0.9568005118110235
20
1.5169146456692912
11
0.9554923228346457
21
1.5195309842519684
0
LINE
8
BLACK
6
CONTINUOUS
10
0.9554923228346457
20
1.5195309842519684
11
0.9529363385826771
21
1.5220869685039369
0
LINE
8
BLACK
6
CONTINUOUS
10
0.9529363385826771
20
1.5220869685039369
11
0.9490320472440945
21
1.5233883858267716
0
LINE
8
BLACK
6
CONTINUOUS
10
0.9490320472440945
20
1.5233883858267716
11
0.9465434251968504
21
1.5233883858267716
0
LINE
8
BLACK
6
CONTINUOUS
10
0.9465434251968504
20
1.5233883858267716
11
0.9426392125984252
21
1.5220870078740156
0
LINE
8
BLACK
6
CONTINUOUS
10
0.9426392125984252
20
1.5220870078740156
11
0.9414022047244094
21
1.52085
0
LINE
8
BLACK
6
CONTINUOUS
10
0.9414022047244094
20
1.52085
11
0.9402886220472441
21
1.520388779527559
0
LINE
8
BLACK
6
CONTINUOUS
10
0.9402886220472441
20
1.520388779527559
11
0.9391750787401575
21
1.5208500393700788
0
LINE
8
BLACK
6
CONTINUOUS
10
0.9391750787401575
20
1.5208500393700788
11
0.9387138582677165
21
1.5219636220472441
0
LINE
8
BLACK
6
CONTINUOUS
10
0.9387138582677165
20
1.5219636220472441
11
0.9391751181102362
21
1.5230771653543307
0
LINE
8
BLACK
6
CONTINUOUS
10
0.9391751181102362
20
1.5230771653543307
11
0.9406749606299213
21
1.524576968503937
0
LINE
8
BLACK
6
CONTINUOUS
10
0.9406749606299213
20
1.524576968503937
11
0.941013622047244
21
1.5247172440944881
0
LINE
8
BLACK
6
CONTINUOUS
10
0.941013622047244
20
1.5247172440944881
11
0.9412905118110236
21
1.5249573622047243
0
LINE
8
BLACK
6
CONTINUOUS
10
0.9412905118110236
20
1.5249573622047243
11
0.9457899212598425
21
1.5264571653543306
0
LINE
8
BLACK
6
CONTINUOUS
10
0.9457899212598425
20
1.5264571653543306
11
0.9460484251968504
21
1.5264388188976377
0
LINE
8
BLACK
6
CONTINUOUS
10
0.9460484251968504
20
1.5264388188976377
11
0.9462879133858267
21
1.5265379921259843
0
LINE
8
BLACK
6
CONTINUOUS
10
0.9462879133858267
20
1.5265379921259843
11
0.9492875590551181
21
1.5265379921259843
0
LINE
8
BLACK
6
CONTINUOUS
10
0.9492875590551181
20
1.5265379921259843
11
0.9495270078740157
21
1.5264388188976377
0
LINE
8
BLACK
6
CONTINUOUS
10
0.9744094488188976
20
1.5344488188976377
11
0.9758013779527559
21
1.5338722440944881
0
LINE
8
BLACK
6
CONTINUOUS
10
0.9758013779527559
20
1.5338722440944881
11
0.9763779527559054
21
1.5324803149606299
0
LINE
8
BLACK
6
CONTINUOUS
10
0.9763779527559054
20
1.5324803149606299
11
0.9763779527559054
21
1.4832677165354331
0
LINE
8
BLACK
6
CONTINUOUS
10
0.9763779527559054
20
1.4832677165354331
11
0.9758013779527559
21
1.4818757874015747
0
LINE
8
BLACK
6
CONTINUOUS
10
0.9758013779527559
20
1.4818757874015747
11
0.9744094488188976
21
1.4812992125984252
0
LINE
8
BLACK
6
CONTINUOUS
10
0.9744094488188976
20
1.4812992125984252
11
0.8956692913385826
21
1.4812992125984252
0
LINE
8
BLACK
6
CONTINUOUS
10
0.8956692913385826
20
1.4812992125984252
11
0.8942773622047244
21
1.4818757874015747
0
LINE
8
BLACK
6
CONTINUOUS
10
0.8942773622047244
20
1.4818757874015747
11
0.8937007874015748
21
1.4832677165354331
0
LINE
8
BLACK
6
CONTINUOUS
10
0.8937007874015748
20
1.4832677165354331
11
0.8937007874015748
21
1.5324803149606299
0
LINE
8
BLACK
6
CONTINUOUS
10
0.8937007874015748
20
1.5324803149606299
11
0.8942773622047244
21
1.5338722440944881
0
LINE
8
BLACK
6
CONTINUOUS
10
0.8942773622047244
20
1.5338722440944881
11
0.8956692913385826
21
1.5344488188976377
0
LINE
8
BLACK
6
CONTINUOUS
10
0.8956692913385826
20
1.5344488188976377
11
0.9744094488188976
21
1.5344488188976377
0
LINE
8
BLACK
6
CONTINUOUS
10
0.8976377952755905
20
1.530511811023622
11
0.8976377952755905
21
1.485236220472441
0
LINE
8
BLACK
6
CONTINUOUS
10
0.8976377952755905
20
1.485236220472441
11
0.9724409448818897
21
1.485236220472441
0
LINE
8
BLACK
6
CONTINUOUS
10
0.9724409448818897
20
1.485236220472441
11
0.9724409448818897
21
1.530511811023622
0
LINE
8
BLACK
6
CONTINUOUS
10
0.9724409448818897
20
1.530511811023622
11
0.8976377952755905
21
1.530511811023622
0
LINE
8
BLACK
6
CONTINUOUS
10
0.9352993307086614
20
1.5940229133858268
11
0.9354345669291338
21
1.5939094488188976
0
LINE
8
BLACK
6
CONTINUOUS
10
0.9354345669291338
20
1.5939094488188976
11
0.9356099212598425
21
1.593889251968504
0
LINE
8
BLACK
6
CONTINUOUS
10
0.9356099212598425
20
1.593889251968504
11
0.9386095669291339
21
1.5923894488188977
0
LINE
8
BLACK
6
CONTINUOUS
10
0.9386095669291339
20
1.5923894488188977
11
0.939318622047244
21
1.5918635433070867
0
LINE
8
BLACK
6
CONTINUOUS
10
0.939318622047244
20
1.5918635433070867
11
0.939376968503937
21
1.591836338582677
0
LINE
8
BLACK
6
CONTINUOUS
10
0.939376968503937
20
1.591836338582677
11
0.9408767716535433
21
1.5903365354330707
0
LINE
8
BLACK
6
CONTINUOUS
10
0.9408767716535433
20
1.5903365354330707
11
0.9413830314960629
21
1.5896134645669291
0
LINE
8
BLACK
6
CONTINUOUS
10
0.9413830314960629
20
1.5896134645669291
11
0.9414298818897637
21
1.5895691338582676
0
LINE
8
BLACK
6
CONTINUOUS
10
0.9414298818897637
20
1.5895691338582676
11
0.94292968503937
21
1.5865694881889763
0
LINE
8
BLACK
6
CONTINUOUS
10
0.94292968503937
20
1.5865694881889763
11
0.9430749606299212
21
1.586081062992126
0
LINE
8
BLACK
6
CONTINUOUS
10
0.9430749606299212
20
1.586081062992126
11
0.9431532677165354
21
1.5859651574803149
0
LINE
8
BLACK
6
CONTINUOUS
10
0.9431532677165354
20
1.5859651574803149
11
0.9446531102362205
21
1.5799658661417322
0
LINE
8
BLACK
6
CONTINUOUS
10
0.9446531102362205
20
1.5799658661417322
11
0.9446945669291338
21
1.5793779921259843
0
LINE
8
BLACK
6
CONTINUOUS
10
0.9446945669291338
20
1.5793779921259843
11
0.9447412598425197
21
1.5792497244094488
0
LINE
8
BLACK
6
CONTINUOUS
10
0.9447412598425197
20
1.5792497244094488
11
0.9447412598425197
21
1.5717506692913386
0
LINE
8
BLACK
6
CONTINUOUS
10
0.9447412598425197
20
1.5717506692913386
11
0.9446388976377953
21
1.57117031496063
0
LINE
8
BLACK
6
CONTINUOUS
10
0.9446388976377953
20
1.57117031496063
11
0.9446531102362205
21
1.5710345275590551
0
LINE
8
BLACK
6
CONTINUOUS
10
0.9446531102362205
20
1.5710345275590551
11
0.9431532677165354
21
1.5650352362204725
0
LINE
8
BLACK
6
CONTINUOUS
10
0.9431532677165354
20
1.5650352362204725
11
0.9429456299212599
21
1.5645697637795275
0
LINE
8
BLACK
6
CONTINUOUS
10
0.9429456299212599
20
1.5645697637795275
11
0.94292968503937
21
1.5644309055118111
0
LINE
8
BLACK
6
CONTINUOUS
10
0.94292968503937
20
1.5644309055118111
11
0.9414298818897637
21
1.5614312992125985
0
LINE
8
BLACK
6
CONTINUOUS
10
0.9414298818897637
20
1.5614312992125985
11
0.9409040157480315
21
1.5607223228346456
0
LINE
8
BLACK
6
CONTINUOUS
10
0.9409040157480315
20
1.5607223228346456
11
0.940876811023622
21
1.5606639370078739
0
LINE
8
BLACK
6
CONTINUOUS
10
0.940876811023622
20
1.5606639370078739
11
0.9393770078740157
21
1.559164094488189
0
LINE
8
BLACK
6
CONTINUOUS
10
0.9393770078740157
20
1.559164094488189
11
0.9386538188976378
21
1.5586577165354329
0
LINE
8
BLACK
6
CONTINUOUS
10
0.9386538188976378
20
1.5586577165354329
11
0.9386095669291339
21
1.5586109448818897
0
LINE
8
BLACK
6
CONTINUOUS
10
0.9386095669291339
20
1.5586109448818897
11
0.9356099212598425
21
1.5571111417322834
0
LINE
8
BLACK
6
CONTINUOUS
10
0.9356099212598425
20
1.5571111417322834
11
0.934626968503937
21
1.5568187401574802
0
LINE
8
BLACK
6
CONTINUOUS
10
0.934626968503937
20
1.5568187401574802
11
0.9344552362204724
21
1.5568598031496064
0
LINE
8
BLACK
6
CONTINUOUS
10
0.9344552362204724
20
1.5568598031496064
11
0.9342894094488189
21
1.5567994094488189
0
LINE
8
BLACK
6
CONTINUOUS
10
0.9342894094488189
20
1.5567994094488189
11
0.9312898031496063
21
1.5567994094488189
0
LINE
8
BLACK
6
CONTINUOUS
10
0.9312898031496063
20
1.5567994094488189
11
0.9302798818897637
21
1.5569774803149605
0
LINE
8
BLACK
6
CONTINUOUS
10
0.9302798818897637
20
1.5569774803149605
11
0.9301446062992126
21
1.5570909842519685
0
LINE
8
BLACK
6
CONTINUOUS
10
0.9301446062992126
20
1.5570909842519685
11
0.9299692913385826
21
1.5571111417322834
0
LINE
8
BLACK
6
CONTINUOUS
10
0.9299692913385826
20
1.5571111417322834
11
0.9269696456692913
21
1.5586109448818897
0
LINE
8
BLACK
6
CONTINUOUS
10
0.9269696456692913
20
1.5586109448818897
11
0.9262605118110236
21
1.5591369291338582
0
LINE
8
BLACK
6
CONTINUOUS
10
0.9262605118110236
20
1.5591369291338582
11
0.9262022047244094
21
1.559164094488189
0
LINE
8
BLACK
6
CONTINUOUS
10
0.9262022047244094
20
1.559164094488189
11
0.9247024015748031
21
1.5606639370078739
0
LINE
8
BLACK
6
CONTINUOUS
10
0.9247024015748031
20
1.5606639370078739
11
0.9241961023622047
21
1.5613870078740157
0
LINE
8
BLACK
6
CONTINUOUS
10
0.9241961023622047
20
1.5613870078740157
11
0.9241493307086613
21
1.5614312992125985
0
LINE
8
BLACK
6
CONTINUOUS
10
0.9241493307086613
20
1.5614312992125985
11
0.922649527559055
21
1.5644309055118111
0
LINE
8
BLACK
6
CONTINUOUS
10
0.922649527559055
20
1.5644309055118111
11
0.9225042125984252
21
1.56491937007874
0
LINE
8
BLACK
6
CONTINUOUS
10
0.9225042125984252
20
1.56491937007874
11
0.9224259448818898
21
1.5650352755905512
0
LINE
8
BLACK
6
CONTINUOUS
10
0.9224259448818898
20
1.5650352755905512
11
0.9209261417322835
21
1.5710345275590551
0
LINE
8
BLACK
6
CONTINUOUS
10
0.9209261417322835
20
1.5710345275590551
11
0.9208846456692913
21
1.5716224409448818
0
LINE
8
BLACK
6
CONTINUOUS
10
0.9208846456692913
20
1.5716224409448818
11
0.9208379921259843
21
1.5717506692913386
0
LINE
8
BLACK
6
CONTINUOUS
10
0.9208379921259843
20
1.5717506692913386
11
0.9208379921259843
21
1.5792497244094488
0
LINE
8
BLACK
6
CONTINUOUS
10
0.9208379921259843
20
1.5792497244094488
11
0.9209403149606299
21
1.5798301181102361
0
LINE
8
BLACK
6
CONTINUOUS
10
0.9209403149606299
20
1.5798301181102361
11
0.9209261417322835
21
1.5799658661417322
0
LINE
8
BLACK
6
CONTINUOUS
10
0.9209261417322835
20
1.5799658661417322
11
0.9224259448818898
21
1.5859651181102361
0
LINE
8
BLACK
6
CONTINUOUS
10
0.9224259448818898
20
1.5859651181102361
11
0.9226335039370078
21
1.5864305905511811
0
LINE
8
BLACK
6
CONTINUOUS
10
0.9226335039370078
20
1.5864305905511811
11
0.922649527559055
21
1.5865694881889763
0
LINE
8
BLACK
6
CONTINUOUS
10
0.922649527559055
20
1.5865694881889763
11
0.9241493307086613
21
1.5895691338582676
0
LINE
8
BLACK
6
CONTINUOUS
10
0.9241493307086613
20
1.5895691338582676
11
0.9246752362204724
21
1.5902782283464567
0
LINE
8
BLACK
6
CONTINUOUS
10
0.9246752362204724
20
1.5902782283464567
11
0.9247024409448819
21
1.5903365354330707
0
LINE
8
BLACK
6
CONTINUOUS
10
0.9247024409448819
20
1.5903365354330707
11
0.9262022440944881
21
1.591836338582677
0
LINE
8
BLACK
6
CONTINUOUS
10
0.9262022440944881
20
1.591836338582677
11
0.9269253149606299
21
1.5923426377952756
0
LINE
8
BLACK
6
CONTINUOUS
10
0.9269253149606299
20
1.5923426377952756
11
0.9269696456692913
21
1.5923894488188977
0
LINE
8
BLACK
6
CONTINUOUS
10
0.9269696456692913
20
1.5923894488188977
11
0.9299692913385826
21
1.593889251968504
0
LINE
8
BLACK
6
CONTINUOUS
10
0.9299692913385826
20
1.593889251968504
11
0.9309522440944882
21
1.5941816535433071
0
LINE
8
BLACK
6
CONTINUOUS
10
0.9309522440944882
20
1.5941816535433071
11
0.931123937007874
21
1.5941406299212597
0
LINE
8
BLACK
6
CONTINUOUS
10
0.931123937007874
20
1.5941406299212597
11
0.9312898031496063
21
1.5942009842519684
0
LINE
8
BLACK
6
CONTINUOUS
10
0.9312898031496063
20
1.5942009842519684
11
0.9342894094488189
21
1.5942009842519684
0
LINE
8
BLACK
6
CONTINUOUS
10
0.9342894094488189
20
1.5942009842519684
11
0.9352993307086614
21
1.5940229133858268
0
LINE
8
BLACK
6
CONTINUOUS
10
0.9300392125984251
20
1.5873216929133858
11
0.9292170866141732
21
1.5864995669291337
0
LINE
8
BLACK
6
CONTINUOUS
10
0.9292170866141732
20
1.5864995669291337
11
0.9280765354330709
21
1.5842184645669291
0
LINE
8
BLACK
6
CONTINUOUS
10
0.9280765354330709
20
1.5842184645669291
11
0.9267435039370079
21
1.578886220472441
0
LINE
8
BLACK
6
CONTINUOUS
10
0.9267435039370079
20
1.578886220472441
11
0.9267435039370079
21
1.5721142125984251
0
LINE
8
BLACK
6
CONTINUOUS
10
0.9267435039370079
20
1.5721142125984251
11
0.9280765354330709
21
1.566781968503937
0
LINE
8
BLACK
6
CONTINUOUS
10
0.9280765354330709
20
1.566781968503937
11
0.9292170866141732
21
1.5645009055118111
0
LINE
8
BLACK
6
CONTINUOUS
10
0.9292170866141732
20
1.5645009055118111
11
0.9300392519685039
21
1.5636787007874016
0
LINE
8
BLACK
6
CONTINUOUS
10
0.9300392519685039
20
1.5636787007874016
11
0.9319868503937008
21
1.5627049212598425
0
LINE
8
BLACK
6
CONTINUOUS
10
0.9319868503937008
20
1.5627049212598425
11
0.9335923622047244
21
1.5627049212598425
0
LINE
8
BLACK
6
CONTINUOUS
10
0.9335923622047244
20
1.5627049212598425
11
0.9355399212598425
21
1.5636787007874016
0
LINE
8
BLACK
6
CONTINUOUS
10
0.9355399212598425
20
1.5636787007874016
11
0.9363620866141732
21
1.5645009055118111
0
LINE
8
BLACK
6
CONTINUOUS
10
0.9363620866141732
20
1.5645009055118111
11
0.9375026377952755
21
1.566781968503937
0
LINE
8
BLACK
6
CONTINUOUS
10
0.9375026377952755
20
1.566781968503937
11
0.9388357480314961
21
1.5721142913385826
0
LINE
8
BLACK
6
CONTINUOUS
10
0.9388357480314961
20
1.5721142913385826
11
0.9388357480314961
21
1.5788861417322835
0
LINE
8
BLACK
6
CONTINUOUS
10
0.9388357480314961
20
1.5788861417322835
11
0.9375026377952755
21
1.5842185039370078
0
LINE
8
BLACK
6
CONTINUOUS
10
0.9375026377952755
20
1.5842185039370078
11
0.9363620866141732
21
1.5864995669291337
0
LINE
8
BLACK
6
CONTINUOUS
10
0.9363620866141732
20
1.5864995669291337
11
0.9355399606299213
21
1.5873216929133858
0
LINE
8
BLACK
6
CONTINUOUS
10
0.9355399606299213
20
1.5873216929133858
11
0.9335923622047244
21
1.5882954724409448
0
LINE
8
BLACK
6
CONTINUOUS
10
0.9335923622047244
20
1.5882954724409448
11
0.9319868503937008
21
1.5882954724409448
0
LINE
8
BLACK
6
CONTINUOUS
10
0.9319868503937008
20
1.5882954724409448
11
0.9300392125984251
21
1.5873216929133858
0
LINE
8
BLACK
6
CONTINUOUS
10
0.9652955905511811
20
1.5940229133858268
11
0.9654308267716535
21
1.5939094488188976
0
LINE
8
BLACK
6
CONTINUOUS
10
0.9654308267716535
20
1.5939094488188976
11
0.9656061811023622
21
1.593889251968504
0
LINE
8
BLACK
6
CONTINUOUS
10
0.9656061811023622
20
1.593889251968504
11
0.9686058267716535
21
1.5923894488188977
0
LINE
8
BLACK
6
CONTINUOUS
10
0.9686058267716535
20
1.5923894488188977
11
0.9693148818897638
21
1.5918635433070867
0
LINE
8
BLACK
6
CONTINUOUS
10
0.9693148818897638
20
1.5918635433070867
11
0.9693732283464567
21
1.591836338582677
0
LINE
8
BLACK
6
CONTINUOUS
10
0.9693732283464567
20
1.591836338582677
11
0.970873031496063
21
1.5903365354330707
0
LINE
8
BLACK
6
CONTINUOUS
10
0.970873031496063
20
1.5903365354330707
11
0.9713792913385827
21
1.5896134645669291
0
LINE
8
BLACK
6
CONTINUOUS
10
0.9713792913385827
20
1.5896134645669291
11
0.9714261417322835
21
1.5895691338582676
0
LINE
8
BLACK
6
CONTINUOUS
10
0.9714261417322835
20
1.5895691338582676
11
0.9729259448818898
21
1.5865694881889763
0
LINE
8
BLACK
6
CONTINUOUS
10
0.9729259448818898
20
1.5865694881889763
11
0.9730712204724409
21
1.586081062992126
0
LINE
8
BLACK
6
CONTINUOUS
10
0.9730712204724409
20
1.586081062992126
11
0.9731495275590551
21
1.5859651574803149
0
LINE
8
BLACK
6
CONTINUOUS
10
0.9731495275590551
20
1.5859651574803149
11
0.9746493700787401
21
1.5799658661417322
0
LINE
8
BLACK
6
CONTINUOUS
10
0.9746493700787401
20
1.5799658661417322
11
0.9746908267716535
21
1.5793779921259843
0
LINE
8
BLACK
6
CONTINUOUS
10
0.9746908267716535
20
1.5793779921259843
11
0.9747375196850393
21
1.5792497244094488
0
LINE
8
BLACK
6
CONTINUOUS
10
0.9747375196850393
20
1.5792497244094488
11
0.9747375196850393
21
1.5717506692913386
0
LINE
8
BLACK
6
CONTINUOUS
10
0.9747375196850393
20
1.5717506692913386
11
0.9746351574803149
21
1.57117031496063
0
LINE
8
BLACK
6
CONTINUOUS
10
0.9746351574803149
20
1.57117031496063
11
0.9746493700787401
21
1.5710345275590551
0
LINE
8
BLACK
6
CONTINUOUS
10
0.9746493700787401
20
1.5710345275590551
11
0.9731495275590551
21
1.5650352362204725
0
LINE
8
BLACK
6
CONTINUOUS
10
0.9731495275590551
20
1.5650352362204725
11
0.9729418897637795
21
1.5645697637795275
0
LINE
8
BLACK
6
CONTINUOUS
10
0.9729418897637795
20
1.5645697637795275
11
0.9729259448818898
21
1.5644309055118111
0
LINE
8
BLACK
6
CONTINUOUS
10
0.9729259448818898
20
1.5644309055118111
11
0.9714261417322835
21
1.5614312992125985
0
LINE
8
BLACK
6
CONTINUOUS
10
0.9714261417322835
20
1.5614312992125985
11
0.9709002755905511
21
1.5607223228346456
0
LINE
8
BLACK
6
CONTINUOUS
10
0.9709002755905511
20
1.5607223228346456
11
0.9708730708661417
21
1.5606639370078739
0
LINE
8
BLACK
6
CONTINUOUS
10
0.9708730708661417
20
1.5606639370078739
11
0.9693732677165354
21
1.559164094488189
0
LINE
8
BLACK
6
CONTINUOUS
10
0.9693732677165354
20
1.559164094488189
11
0.9686500787401574
21
1.5586577165354329
0
LINE
8
BLACK
6
CONTINUOUS
10
0.9686500787401574
20
1.5586577165354329
11
0.9686058267716535
21
1.5586109448818897
0
LINE
8
BLACK
6
CONTINUOUS
10
0.9686058267716535
20
1.5586109448818897
11
0.9656061811023622
21
1.5571111417322834
0
LINE
8
BLACK
6
CONTINUOUS
10
0.9656061811023622
20
1.5571111417322834
11
0.9646232283464566
21
1.5568187401574802
0
LINE
8
BLACK
6
CONTINUOUS
10
0.9646232283464566
20
1.5568187401574802
11
0.9644514960629921
21
1.5568598031496064
0
LINE
8
BLACK
6
CONTINUOUS
10
0.9644514960629921
20
1.5568598031496064
11
0.9642856692913385
21
1.5567994094488189
0
LINE
8
BLACK
6
CONTINUOUS
10
0.9642856692913385
20
1.5567994094488189
11
0.9612860629921259
21
1.5567994094488189
0
LINE
8
BLACK
6
CONTINUOUS
10
0.9612860629921259
20
1.5567994094488189
11
0.9602761417322835
21
1.5569774803149605
0
LINE
8
BLACK
6
CONTINUOUS
10
0.9602761417322835
20
1.5569774803149605
11
0.9601408661417322
21
1.5570909842519685
0
LINE
8
BLACK
6
CONTINUOUS
10
0.9601408661417322
20
1.5570909842519685
11
0.9599655511811024
21
1.5571111417322834
0
LINE
8
BLACK
6
CONTINUOUS
10
0.9599655511811024
20
1.5571111417322834
11
0.956965905511811
21
1.5586109448818897
0
LINE
8
BLACK
6
CONTINUOUS
10
0.956965905511811
20
1.5586109448818897
11
0.9562567716535433
21
1.5591369291338582
0
LINE
8
BLACK
6
CONTINUOUS
10
0.9562567716535433
20
1.5591369291338582
11
0.9561984645669291
21
1.559164094488189
0
LINE
8
BLACK
6
CONTINUOUS
10
0.9561984645669291
20
1.559164094488189
11
0.9546986614173228
21
1.5606639370078739
0
LINE
8
BLACK
6
CONTINUOUS
10
0.9546986614173228
20
1.5606639370078739
11
0.9541923622047244
21
1.5613870078740157
0
LINE
8
BLACK
6
CONTINUOUS
10
0.9541923622047244
20
1.5613870078740157
11
0.9541455905511811
21
1.5614312992125985
0
LINE
8
BLACK
6
CONTINUOUS
10
0.9541455905511811
20
1.5614312992125985
11
0.9526457874015748
21
1.5644309055118111
0
LINE
8
BLACK
6
CONTINUOUS
10
0.9526457874015748
20
1.5644309055118111
11
0.9525004724409448
21
1.56491937007874
0
LINE
8
BLACK
6
CONTINUOUS
10
0.9525004724409448
20
1.56491937007874
11
0.9524222047244094
21
1.5650352755905512
0
LINE
8
BLACK
6
CONTINUOUS
10
0.9524222047244094
20
1.5650352755905512
11
0.9509224015748031
21
1.5710345275590551
0
LINE
8
BLACK
6
CONTINUOUS
10
0.9509224015748031
20
1.5710345275590551
11
0.950880905511811
21
1.5716224409448818
0
LINE
8
BLACK
6
CONTINUOUS
10
0.950880905511811
20
1.5716224409448818
11
0.9508342519685039
21
1.5717506692913386
0
LINE
8
BLACK
6
CONTINUOUS
10
0.9508342519685039
20
1.5717506692913386
11
0.9508342519685039
21
1.5792497244094488
0
LINE
8
BLACK
6
CONTINUOUS
10
0.9508342519685039
20
1.5792497244094488
11
0.9509365748031496
21
1.5798301181102361
0
LINE
8
BLACK
6
CONTINUOUS
10
0.9509365748031496
20
1.5798301181102361
11
0.9509224015748031
21
1.5799658661417322
0
LINE
8
BLACK
6
CONTINUOUS
10
0.9509224015748031
20
1.5799658661417322
11
0.9524222047244094
21
1.5859651181102361
0
LINE
8
BLACK
6
CONTINUOUS
10
0.9524222047244094
20
1.5859651181102361
11
0.9526297637795276
21
1.5864305905511811
0
LINE
8
BLACK
6
CONTINUOUS
10
0.9526297637795276
20
1.5864305905511811
11
0.9526457874015748
21
1.5865694881889763
0
LINE
8
BLACK
6
CONTINUOUS
10
0.9526457874015748
20
1.5865694881889763
11
0.9541455905511811
21
1.5895691338582676
0
LINE
8
BLACK
6
CONTINUOUS
10
0.9541455905511811
20
1.5895691338582676
11
0.9546714960629921
21
1.5902782283464567
0
LINE
8
BLACK
6
CONTINUOUS
10
0.9546714960629921
20
1.5902782283464567
11
0.9546987007874016
21
1.5903365354330707
0
LINE
8
BLACK
6
CONTINUOUS
10
0.9546987007874016
20
1.5903365354330707
11
0.9561985039370079
21
1.591836338582677
0
LINE
8
BLACK
6
CONTINUOUS
10
0.9561985039370079
20
1.591836338582677
11
0.9569215748031495
21
1.5923426377952756
0
LINE
8
BLACK
6
CONTINUOUS
10
0.9569215748031495
20
1.5923426377952756
11
0.956965905511811
21
1.5923894488188977
0
LINE
8
BLACK
6
CONTINUOUS
10
0.956965905511811
20
1.5923894488188977
11
0.9599655511811024
21
1.593889251968504
0
LINE
8
BLACK
6
CONTINUOUS
10
0.9599655511811024
20
1.593889251968504
11
0.9609485039370078
21
1.5941816535433071
0
LINE
8
BLACK
6
CONTINUOUS
10
0.9609485039370078
20
1.5941816535433071
11
0.9611201968503936
21
1.5941406299212597
0
LINE
8
BLACK
6
CONTINUOUS
10
0.9611201968503936
20
1.5941406299212597
11
0.9612860629921259
21
1.5942009842519684
0
LINE
8
BLACK
6
CONTINUOUS
10
0.9612860629921259
20
1.5942009842519684
11
0.9642856692913385
21
1.5942009842519684
0
LINE
8
BLACK
6
CONTINUOUS
10
0.9642856692913385
20
1.5942009842519684
11
0.9652955905511811
21
1.5940229133858268
0
LINE
8
BLACK
6
CONTINUOUS
10
0.9600354724409449
20
1.5873216929133858
11
0.9592133464566929
21
1.5864995669291337
0
LINE
8
BLACK
6
CONTINUOUS
10
0.9592133464566929
20
1.5864995669291337
11
0.9580727952755905
21
1.5842184645669291
0
LINE
8
BLACK
6
CONTINUOUS
10
0.9580727952755905
20
1.5842184645669291
11
0.9567397637795275
21
1.578886220472441
0
LINE
8
BLACK
6
CONTINUOUS
10
0.9567397637795275
20
1.578886220472441
11
0.9567397637795275
21
1.5721142125984251
0
LINE
8
BLACK
6
CONTINUOUS
10
0.9567397637795275
20
1.5721142125984251
11
0.9580727952755905
21
1.566781968503937
0
LINE
8
BLACK
6
CONTINUOUS
10
0.9580727952755905
20
1.566781968503937
11
0.9592133464566929
21
1.5645009055118111
0
LINE
8
BLACK
6
CONTINUOUS
10
0.9592133464566929
20
1.5645009055118111
11
0.9600355118110236
21
1.5636787007874016
0
LINE
8
BLACK
6
CONTINUOUS
10
0.9600355118110236
20
1.5636787007874016
11
0.9619831102362204
21
1.5627049212598425
0
LINE
8
BLACK
6
CONTINUOUS
10
0.9619831102362204
20
1.5627049212598425
11
0.963588622047244
21
1.5627049212598425
0
LINE
8
BLACK
6
CONTINUOUS
10
0.963588622047244
20
1.5627049212598425
11
0.9655361811023622
21
1.5636787007874016
0
LINE
8
BLACK
6
CONTINUOUS
10
0.9655361811023622
20
1.5636787007874016
11
0.9663583464566929
21
1.5645009055118111
0
LINE
8
BLACK
6
CONTINUOUS
10
0.9663583464566929
20
1.5645009055118111
11
0.9674988976377953
21
1.566781968503937
0
LINE
8
BLACK
6
CONTINUOUS
10
0.9674988976377953
20
1.566781968503937
11
0.9688320078740157
21
1.5721142913385826
0
LINE
8
BLACK
6
CONTINUOUS
10
0.9688320078740157
20
1.5721142913385826
11
0.9688320078740157
21
1.5788861417322835
0
LINE
8
BLACK
6
CONTINUOUS
10
0.9688320078740157
20
1.5788861417322835
11
0.9674988976377953
21
1.5842185039370078
0
LINE
8
BLACK
6
CONTINUOUS
10
0.9674988976377953
20
1.5842185039370078
11
0.9663583464566929
21
1.5864995669291337
0
LINE
8
BLACK
6
CONTINUOUS
10
0.9663583464566929
20
1.5864995669291337
11
0.9655362204724409
21
1.5873216929133858
0
LINE
8
BLACK
6
CONTINUOUS
10
0.9655362204724409
20
1.5873216929133858
11
0.963588622047244
21
1.5882954724409448
0
LINE
8
BLACK
6
CONTINUOUS
10
0.963588622047244
20
1.5882954724409448
11
0.9619831102362204
21
1.5882954724409448
0
LINE
8
BLACK
6
CONTINUOUS
10
0.9619831102362204
20
1.5882954724409448
11
0.9600354724409449
21
1.5873216929133858
0
LINE
8
BLACK
6
CONTINUOUS
10
0.9934419291338582
20
1.5940712598425197
11
0.9936113385826771
21
1.5940821653543307
0
LINE
8
BLACK
6
CONTINUOUS
10
0.9936113385826771
20
1.5940821653543307
11
0.9943019291338583
21
1.5935747244094487
0
LINE
8
BLACK
6
CONTINUOUS
10
0.9943019291338583
20
1.5935747244094487
11
0.9950440551181102
21
1.5931462204724409
0
LINE
8
BLACK
6
CONTINUOUS
10
0.9950440551181102
20
1.5931462204724409
11
0.9951020866141732
21
1.5929867322834645
0
LINE
8
BLACK
6
CONTINUOUS
10
0.9951020866141732
20
1.5929867322834645
11
0.9952389763779528
21
1.5928861417322835
0
LINE
8
BLACK
6
CONTINUOUS
10
0.9952389763779528
20
1.5928861417322835
11
0.9980764566929133
21
1.5886299212598425
0
LINE
8
BLACK
6
CONTINUOUS
10
0.9980764566929133
20
1.5886299212598425
11
1.000530472440945
21
1.5861759448818897
0
LINE
8
BLACK
6
CONTINUOUS
10
1.000530472440945
20
1.5861759448818897
11
1.0031015354330708
21
1.5848903937007874
0
LINE
8
BLACK
6
CONTINUOUS
10
1.0031015354330708
20
1.5848903937007874
11
1.0039251968503937
21
1.5842794881889763
0
LINE
8
BLACK
6
CONTINUOUS
10
1.0039251968503937
20
1.5842794881889763
11
1.0047284645669292
21
1.5824262992125984
0
LINE
8
BLACK
6
CONTINUOUS
10
1.0047284645669292
20
1.5824262992125984
11
1.0041526377952756
21
1.58049031496063
0
LINE
8
BLACK
6
CONTINUOUS
10
1.0041526377952756
20
1.58049031496063
11
1.0024670866141732
21
1.5793774409448817
0
LINE
8
BLACK
6
CONTINUOUS
10
1.0024670866141732
20
1.5793774409448817
11
1.0004605118110237
21
1.5796083464566928
0
LINE
8
BLACK
6
CONTINUOUS
10
1.0004605118110237
20
1.5796083464566928
11
0.9974608661417322
21
1.5811081496062991
0
LINE
8
BLACK
6
CONTINUOUS
10
0.9974608661417322
20
1.5811081496062991
11
0.996751811023622
21
1.5816340551181103
0
LINE
8
BLACK
6
CONTINUOUS
10
0.996751811023622
20
1.5816340551181103
11
0.9966934645669291
21
1.5816612598425197
0
LINE
8
BLACK
6
CONTINUOUS
10
0.9966934645669291
20
1.5816612598425197
11
0.9957348818897638
21
1.5826198818897637
0
LINE
8
BLACK
6
CONTINUOUS
10
0.9957348818897638
20
1.5826198818897637
11
0.9957348818897638
21
1.5627049212598425
0
LINE
8
BLACK
6
CONTINUOUS
10
0.9957348818897638
20
1.5627049212598425
11
1.0017810236220472
21
1.5627049212598425
0
LINE
8
BLACK
6
CONTINUOUS
10
1.0017810236220472
20
1.5627049212598425
11
1.0027909448818897
21
1.5625268503937007
0
LINE
8
BLACK
6
CONTINUOUS
10
1.0027909448818897
20
1.5625268503937007
11
1.0043381889763778
21
1.5612285433070865
0
LINE
8
BLACK
6
CONTINUOUS
10
1.0043381889763778
20
1.5612285433070865
11
1.004688937007874
21
1.5592394094488189
0
LINE
8
BLACK
6
CONTINUOUS
10
1.004688937007874
20
1.5592394094488189
11
1.0036790157480315
21
1.5574902362204723
0
LINE
8
BLACK
6
CONTINUOUS
10
1.0036790157480315
20
1.5574902362204723
11
1.0017810236220472
21
1.5567994094488189
0
LINE
8
BLACK
6
CONTINUOUS
10
1.0017810236220472
20
1.5567994094488189
11
0.9837832677165355
21
1.5567994094488189
0
LINE
8
BLACK
6
CONTINUOUS
10
0.9837832677165355
20
1.5567994094488189
11
0.9827733464566929
21
1.5569774803149605
0
LINE
8
BLACK
6
CONTINUOUS
10
0.9827733464566929
20
1.5569774803149605
11
0.9812261023622048
21
1.5582757874015747
0
LINE
8
BLACK
6
CONTINUOUS
10
0.9812261023622048
20
1.5582757874015747
11
0.9808753543307086
21
1.5602649212598425
0
LINE
8
BLACK
6
CONTINUOUS
10
0.9808753543307086
20
1.5602649212598425
11
0.9818852755905512
21
1.5620140944881888
0
LINE
8
BLACK
6
CONTINUOUS
10
0.9818852755905512
20
1.5620140944881888
11
0.9837832677165355
21
1.5627049212598425
0
LINE
8
BLACK
6
CONTINUOUS
10
0.9837832677165355
20
1.5627049212598425
11
0.9898293700787402
21
1.5627049212598425
0
LINE
8
BLACK
6
CONTINUOUS
10
0.9898293700787402
20
1.5627049212598425
11
0.9898293700787402
21
1.5912482283464566
0
LINE
8
BLACK
6
CONTINUOUS
10
0.9898293700787402
20
1.5912482283464566
11
0.9900074409448819
21
1.5922581496062991
0
LINE
8
BLACK
6
CONTINUOUS
10
0.9900074409448819
20
1.5922581496062991
11
0.9901165748031496
21
1.5923882283464565
0
LINE
8
BLACK
6
CONTINUOUS
10
0.9901165748031496
20
1.5923882283464565
11
0.9901352362204724
21
1.5925569685039369
0
LINE
8
BLACK
6
CONTINUOUS
10
0.9901352362204724
20
1.5925569685039369
11
0.9907549212598425
21
1.5931490157480315
0
LINE
8
BLACK
6
CONTINUOUS
10
0.9907549212598425
20
1.5931490157480315
11
0.9913057480314961
21
1.5938053937007874
0
LINE
8
BLACK
6
CONTINUOUS
10
0.9913057480314961
20
1.5938053937007874
11
0.9914729133858268
21
1.5938348818897636
0
LINE
8
BLACK
6
CONTINUOUS
10
0.9914729133858268
20
1.5938348818897636
11
0.9915957086614173
21
1.5939521653543307
0
LINE
8
BLACK
6
CONTINUOUS
10
0.9915957086614173
20
1.5939521653543307
11
0.992450905511811
21
1.5940073228346456
0
LINE
8
BLACK
6
CONTINUOUS
10
0.992450905511811
20
1.5940073228346456
11
0.9932948818897638
21
1.5941561417322834
0
LINE
8
BLACK
6
CONTINUOUS
10
0.9932948818897638
20
1.5941561417322834
11
0.9934419291338582
21
1.5940712598425197
0
LINE
8
BLACK
6
CONTINUOUS
10
0.8821794488188976
20
1.5941333858267717
11
0.8823087007874015
21
1.5941561417322834
0
LINE
8
BLACK
6
CONTINUOUS
10
0.8823087007874015
20
1.5941561417322834
11
0.8824222834645669
21
1.5940905511811023
0
LINE
8
BLACK
6
CONTINUOUS
10
0.8824222834645669
20
1.5940905511811023
11
0.8828058661417323
21
1.5940229133858268
0
LINE
8
BLACK
6
CONTINUOUS
10
0.8828058661417323
20
1.5940229133858268
11
0.8833935433070866
21
1.5935298031496063
0
LINE
8
BLACK
6
CONTINUOUS
10
0.8833935433070866
20
1.5935298031496063
11
0.884057874015748
21
1.5931462204724409
0
LINE
8
BLACK
6
CONTINUOUS
10
0.884057874015748
20
1.5931462204724409
11
0.8841489763779528
21
1.592895905511811
0
LINE
8
BLACK
6
CONTINUOUS
10
0.8841489763779528
20
1.592895905511811
11
0.8843531102362204
21
1.5927246062992126
0
LINE
8
BLACK
6
CONTINUOUS
10
0.8843531102362204
20
1.5927246062992126
11
0.8844863385826771
21
1.5919690551181103
0
LINE
8
BLACK
6
CONTINUOUS
10
0.8844863385826771
20
1.5919690551181103
11
0.8847487007874015
21
1.5912482283464566
0
LINE
8
BLACK
6
CONTINUOUS
10
0.8847487007874015
20
1.5912482283464566
11
0.8847487007874015
21
1.5597521653543307
0
LINE
8
BLACK
6
CONTINUOUS
10
0.8847487007874015
20
1.5597521653543307
11
0.8845706299212598
21
1.5587422440944882
0
LINE
8
BLACK
6
CONTINUOUS
10
0.8845706299212598
20
1.5587422440944882
11
0.8832723228346456
21
1.5571949999999999
0
LINE
8
BLACK
6
CONTINUOUS
10
0.8832723228346456
20
1.5571949999999999
11
0.8812831889763779
21
1.556844251968504
0
LINE
8
BLACK
6
CONTINUOUS
10
0.8812831889763779
20
1.556844251968504
11
0.8795340157480315
21
1.5578541732283464
0
LINE
8
BLACK
6
CONTINUOUS
10
0.8795340157480315
20
1.5578541732283464
11
0.8788431889763779
21
1.5597521653543307
0
LINE
8
BLACK
6
CONTINUOUS
10
0.8788431889763779
20
1.5597521653543307
11
0.8788431889763779
21
1.5732973622047244
0
LINE
8
BLACK
6
CONTINUOUS
10
0.8788431889763779
20
1.5732973622047244
11
0.8712972834645669
21
1.5732973622047244
0
LINE
8
BLACK
6
CONTINUOUS
10
0.8712972834645669
20
1.5732973622047244
11
0.8702873622047244
21
1.573475433070866
0
LINE
8
BLACK
6
CONTINUOUS
10
0.8702873622047244
20
1.573475433070866
11
0.8687401181102362
21
1.5747737401574802
0
LINE
8
BLACK
6
CONTINUOUS
10
0.8687401181102362
20
1.5747737401574802
11
0.8683893700787402
21
1.576762874015748
0
LINE
8
BLACK
6
CONTINUOUS
10
0.8683893700787402
20
1.576762874015748
11
0.8693992913385826
21
1.5785120472440946
0
LINE
8
BLACK
6
CONTINUOUS
10
0.8693992913385826
20
1.5785120472440946
11
0.8712972834645669
21
1.579202874015748
0
LINE
8
BLACK
6
CONTINUOUS
10
0.8712972834645669
20
1.579202874015748
11
0.8788431889763779
21
1.579202874015748
0
LINE
8
BLACK
6
CONTINUOUS
10
0.8788431889763779
20
1.579202874015748
11
0.8788431889763779
21
1.5882954724409448
0
LINE
8
BLACK
6
CONTINUOUS
10
0.8788431889763779
20
1.5882954724409448
11
0.8667978346456693
21
1.5882954724409448
0
LINE
8
BLACK
6
CONTINUOUS
10
0.8667978346456693
20
1.5882954724409448
11
0.8657879133858267
21
1.5884735433070867
0
LINE
8
BLACK
6
CONTINUOUS
10
0.8657879133858267
20
1.5884735433070867
11
0.8642406692913386
21
1.5897718503937008
0
LINE
8
BLACK
6
CONTINUOUS
10
0.8642406692913386
20
1.5897718503937008
11
0.8638899212598425
21
1.5917609842519684
0
LINE
8
BLACK
6
CONTINUOUS
10
0.8638899212598425
20
1.5917609842519684
11
0.864899842519685
21
1.593510157480315
0
LINE
8
BLACK
6
CONTINUOUS
10
0.864899842519685
20
1.593510157480315
11
0.8667978346456693
21
1.5942009842519684
0
LINE
8
BLACK
6
CONTINUOUS
10
0.8667978346456693
20
1.5942009842519684
11
0.8817959448818897
21
1.5942009842519684
0
LINE
8
BLACK
6
CONTINUOUS
10
0.8817959448818897
20
1.5942009842519684
11
0.8821794488188976
21
1.5941333858267717
0
LINE
8
BLACK
6
CONTINUOUS
10
0.9068029133858267
20
1.583524251968504
11
0.9069381496062991
21
1.5834107874015748
0
LINE
8
BLACK
6
CONTINUOUS
10
0.9069381496062991
20
1.5834107874015748
11
0.9071135433070866
21
1.5833905905511811
0
LINE
8
BLACK
6
CONTINUOUS
10
0.9071135433070866
20
1.5833905905511811
11
0.9083624015748031
21
1.5827661417322834
0
LINE
8
BLACK
6
CONTINUOUS
10
0.9083624015748031
20
1.5827661417322834
11
0.9088160236220473
21
1.5833067322834646
0
LINE
8
BLACK
6
CONTINUOUS
10
0.9088160236220473
20
1.5833067322834646
11
0.910805157480315
21
1.5836574803149606
0
LINE
8
BLACK
6
CONTINUOUS
10
0.910805157480315
20
1.5836574803149606
11
0.9125543307086614
21
1.5826475590551181
0
LINE
8
BLACK
6
CONTINUOUS
10
0.9125543307086614
20
1.5826475590551181
11
0.913245157480315
21
1.5807495669291338
0
LINE
8
BLACK
6
CONTINUOUS
10
0.913245157480315
20
1.5807495669291338
11
0.913245157480315
21
1.5597521653543307
0
LINE
8
BLACK
6
CONTINUOUS
10
0.913245157480315
20
1.5597521653543307
11
0.9130670866141732
21
1.5587422440944882
0
LINE
8
BLACK
6
CONTINUOUS
10
0.9130670866141732
20
1.5587422440944882
11
0.9117687795275591
21
1.5571949999999999
0
LINE
8
BLACK
6
CONTINUOUS
10
0.9117687795275591
20
1.5571949999999999
11
0.9097796456692914
21
1.556844251968504
0
LINE
8
BLACK
6
CONTINUOUS
10
0.9097796456692914
20
1.556844251968504
11
0.9080304724409448
21
1.5578541732283464
0
LINE
8
BLACK
6
CONTINUOUS
10
0.9080304724409448
20
1.5578541732283464
11
0.9073396456692914
21
1.5597521653543307
0
LINE
8
BLACK
6
CONTINUOUS
10
0.9073396456692914
20
1.5597521653543307
11
0.9073396456692914
21
1.5765268503937007
0
LINE
8
BLACK
6
CONTINUOUS
10
0.9073396456692914
20
1.5765268503937007
11
0.9070434645669291
21
1.576823031496063
0
LINE
8
BLACK
6
CONTINUOUS
10
0.9070434645669291
20
1.576823031496063
11
0.905095905511811
21
1.577796811023622
0
LINE
8
BLACK
6
CONTINUOUS
10
0.905095905511811
20
1.577796811023622
11
0.9019905905511811
21
1.577796811023622
0
LINE
8
BLACK
6
CONTINUOUS
10
0.9019905905511811
20
1.577796811023622
11
0.9004947244094488
21
1.5770488976377952
0
LINE
8
BLACK
6
CONTINUOUS
10
0.9004947244094488
20
1.5770488976377952
11
0.8997468503937007
21
1.5755530708661416
0
LINE
8
BLACK
6
CONTINUOUS
10
0.8997468503937007
20
1.5755530708661416
11
0.8997468503937007
21
1.5597521653543307
0
LINE
8
BLACK
6
CONTINUOUS
10
0.8997468503937007
20
1.5597521653543307
11
0.899568779527559
21
1.5587422440944882
0
LINE
8
BLACK
6
CONTINUOUS
10
0.899568779527559
20
1.5587422440944882
11
0.8982704724409448
21
1.5571949999999999
0
LINE
8
BLACK
6
CONTINUOUS
10
0.8982704724409448
20
1.5571949999999999
11
0.8962813385826771
21
1.556844251968504
0
LINE
8
BLACK
6
CONTINUOUS
10
0.8962813385826771
20
1.556844251968504
11
0.8945321653543307
21
1.5578541732283464
0
LINE
8
BLACK
6
CONTINUOUS
10
0.8945321653543307
20
1.5578541732283464
11
0.8938413385826771
21
1.5597521653543307
0
LINE
8
BLACK
6
CONTINUOUS
10
0.8938413385826771
20
1.5597521653543307
11
0.8938413385826771
21
1.5762501181102362
0
LINE
8
BLACK
6
CONTINUOUS
10
0.8938413385826771
20
1.5762501181102362
11
0.8940194094488189
21
1.5772600393700786
0
LINE
8
BLACK
6
CONTINUOUS
10
0.8940194094488189
20
1.5772600393700786
11
0.894132874015748
21
1.5773953149606299
0
LINE
8
BLACK
6
CONTINUOUS
10
0.894132874015748
20
1.5773953149606299
11
0.8941530708661417
21
1.5775706299212597
0
LINE
8
BLACK
6
CONTINUOUS
10
0.8941530708661417
20
1.5775706299212597
11
0.895652874015748
21
1.5805702362204723
0
LINE
8
BLACK
6
CONTINUOUS
10
0.895652874015748
20
1.5805702362204723
11
0.8962637795275591
21
1.5813938976377953
0
LINE
8
BLACK
6
CONTINUOUS
10
0.8962637795275591
20
1.5813938976377953
11
0.8966694488188977
21
1.5815697637795276
0
LINE
8
BLACK
6
CONTINUOUS
10
0.8966694488188977
20
1.5815697637795276
11
0.8969733858267717
21
1.5818907480314961
0
LINE
8
BLACK
6
CONTINUOUS
10
0.8969733858267717
20
1.5818907480314961
11
0.8999729921259843
21
1.5833905905511811
0
LINE
8
BLACK
6
CONTINUOUS
10
0.8999729921259843
20
1.5833905905511811
11
0.9009559448818898
21
1.5836829527559055
0
LINE
8
BLACK
6
CONTINUOUS
10
0.9009559448818898
20
1.5836829527559055
11
0.9011276377952756
21
1.5836419685039369
0
LINE
8
BLACK
6
CONTINUOUS
10
0.9011276377952756
20
1.5836419685039369
11
0.9012935433070866
21
1.5837023228346456
0
LINE
8
BLACK
6
CONTINUOUS
10
0.9012935433070866
20
1.5837023228346456
11
0.9057929921259842
21
1.5837023228346456
0
LINE
8
BLACK
6
CONTINUOUS
10
0.9057929921259842
20
1.5837023228346456
11
0.9068029133858267
21
1.583524251968504
  0
ENDSEC
  0
EOF
