  0
SECTION
  2
HEADER
  9
$ANGBASE
  50
0.0
  9
$ANGDIR
  70
1
  9
$MEASUREMENT
  70
0
  0
ENDSEC
  0
SECTION
  2
TABLES
  0
TABLE
  2
LTYPE
  70
4
  0
LTYPE
  5
40F
  2
CONTINUOUS
  70
0
  3
Solid line
  72
65
  73
0
  40
0.0
  0
LTYPE
  5
410
  2
DASHDOT
 70
0
  3
Dash Dot ____ _ ____ _
 72
65
 73
4
 40
2.0
 49
1.25
 49
-0.25
 49
0.25
 49
-0.25
  0
LTYPE
  5
411
  2
DASHED
 70
0
  3
Dashed __ __ __ __ __
 72
65
 73
2
 40
0.75
 49
0.5
 49
-0.25
  0
LTYPE
  5
43B
  2
DOTTED
 70
0
  3
Dotted .  .  .  .
 72
65
 73
2
 40
0.2
 49
0.0
 49
-0.2
  0
ENDTAB
  0
TABLE
  2
STYLE
  70
4
  0
STYLE
  2
KICAD
  70
0
  40
0
  41
1
  42
1
  50
0
  71
0
  3
isocp.shx
  0
STYLE
  2
KICADB
  70
0
  40
0
  41
1
  42
1
  50
0
  71
0
  3
isocp.shx
  0
STYLE
  2
KICADI
  70
0
  40
0
  41
1
  42
1
  50
15
  71
0
  3
isocp.shx
  0
STYLE
  2
KICADBI
  70
0
  40
0
  41
1
  42
1
  50
15
  71
0
  3
isocp.shx
  0
ENDTAB
  0
TABLE
  2
LAYER
  70
1
  0
LAYER
  2
BLACK
  70
0
  62
7
  6
CONTINUOUS
  0
ENDTAB
  0
ENDSEC
  0
SECTION
  2
ENTITIES
0
LINE
8
BLACK
6
CONTINUOUS
10
0.6477068897637795
20
0.3406100393700787
11
0.6482926771653543
21
0.3391958267716536
0
LINE
8
BLACK
6
CONTINUOUS
10
0.6482926771653543
20
0.3391958267716536
11
0.6482926771653543
21
0.2931958267716535
0
LINE
8
BLACK
6
CONTINUOUS
10
0.6482926771653543
20
0.2931958267716535
11
0.6477068897637795
21
0.2917816141732283
0
LINE
8
BLACK
6
CONTINUOUS
10
0.6477068897637795
20
0.2917816141732283
11
0.6462926771653543
21
0.2911958267716535
0
LINE
8
BLACK
6
CONTINUOUS
10
0.6462926771653543
20
0.2911958267716535
11
0.6287688582677166
21
0.2911958267716535
0
LINE
8
BLACK
6
CONTINUOUS
10
0.6287688582677166
20
0.2911958267716535
11
0.628338779527559
21
0.2913739763779528
0
LINE
8
BLACK
6
CONTINUOUS
10
0.628338779527559
20
0.2913739763779528
11
0.6278744094488189
21
0.291406968503937
0
LINE
8
BLACK
6
CONTINUOUS
10
0.6278744094488189
20
0.291406968503937
11
0.6234935039370079
21
0.2935974409448819
0
LINE
8
BLACK
6
CONTINUOUS
10
0.6234935039370079
20
0.2935974409448819
11
0.6232778346456693
21
0.2938461417322835
0
LINE
8
BLACK
6
CONTINUOUS
10
0.6232778346456693
20
0.2938461417322835
11
0.6229737007874016
21
0.2939720866141732
0
LINE
8
BLACK
6
CONTINUOUS
10
0.6229737007874016
20
0.2939720866141732
11
0.6207832283464567
21
0.2961625984251968
0
LINE
8
BLACK
6
CONTINUOUS
10
0.6207832283464567
20
0.2961625984251968
11
0.6206572440944882
21
0.2964667322834645
0
LINE
8
BLACK
6
CONTINUOUS
10
0.6206572440944882
20
0.2964667322834645
11
0.6204085826771654
21
0.2966824015748031
0
LINE
8
BLACK
6
CONTINUOUS
10
0.6204085826771654
20
0.2966824015748031
11
0.6182181102362204
21
0.3010633464566929
0
LINE
8
BLACK
6
CONTINUOUS
10
0.6182181102362204
20
0.3010633464566929
11
0.6181850787401575
21
0.3015277165354331
0
LINE
8
BLACK
6
CONTINUOUS
10
0.6181850787401575
20
0.3015277165354331
11
0.618006968503937
21
0.3019577559055118
0
LINE
8
BLACK
6
CONTINUOUS
10
0.618006968503937
20
0.3019577559055118
11
0.618006968503937
21
0.3085291732283464
0
LINE
8
BLACK
6
CONTINUOUS
10
0.618006968503937
20
0.3085291732283464
11
0.6181850787401575
21
0.3089592519685039
0
LINE
8
BLACK
6
CONTINUOUS
10
0.6181850787401575
20
0.3089592519685039
11
0.6182181102362204
21
0.3094235826771654
0
LINE
8
BLACK
6
CONTINUOUS
10
0.6182181102362204
20
0.3094235826771654
11
0.6204085826771654
21
0.3138045275590551
0
LINE
8
BLACK
6
CONTINUOUS
10
0.6204085826771654
20
0.3138045275590551
11
0.6206572440944882
21
0.3140202362204724
0
LINE
8
BLACK
6
CONTINUOUS
10
0.6206572440944882
20
0.3140202362204724
11
0.6207832283464567
21
0.3143243307086614
0
LINE
8
BLACK
6
CONTINUOUS
10
0.6207832283464567
20
0.3143243307086614
11
0.6229737007874016
21
0.3165148031496063
0
LINE
8
BLACK
6
CONTINUOUS
10
0.6229737007874016
20
0.3165148031496063
11
0.623403779527559
21
0.3166929921259842
0
LINE
8
BLACK
6
CONTINUOUS
10
0.623403779527559
20
0.3166929921259842
11
0.6237554724409449
21
0.3169979527559055
0
LINE
8
BLACK
6
CONTINUOUS
10
0.6237554724409449
20
0.3169979527559055
11
0.6257462598425196
21
0.3176615748031496
0
LINE
8
BLACK
6
CONTINUOUS
10
0.6257462598425196
20
0.3176615748031496
11
0.6256839370078739
21
0.3176927165354331
0
LINE
8
BLACK
6
CONTINUOUS
10
0.6256839370078739
20
0.3176927165354331
11
0.6254682283464567
21
0.3179414173228347
0
LINE
8
BLACK
6
CONTINUOUS
10
0.6254682283464567
20
0.3179414173228347
11
0.6251641732283464
21
0.3180673622047244
0
LINE
8
BLACK
6
CONTINUOUS
10
0.6251641732283464
20
0.3180673622047244
11
0.6229737007874016
21
0.3202578346456693
0
LINE
8
BLACK
6
CONTINUOUS
10
0.6229737007874016
20
0.3202578346456693
11
0.622847716535433
21
0.320561968503937
0
LINE
8
BLACK
6
CONTINUOUS
10
0.622847716535433
20
0.320561968503937
11
0.6225990551181102
21
0.3207776377952756
0
LINE
8
BLACK
6
CONTINUOUS
10
0.6225990551181102
20
0.3207776377952756
11
0.6204085826771654
21
0.3251585826771654
0
LINE
8
BLACK
6
CONTINUOUS
10
0.6204085826771654
20
0.3251585826771654
11
0.6203755511811023
21
0.3256229527559055
0
LINE
8
BLACK
6
CONTINUOUS
10
0.6203755511811023
20
0.3256229527559055
11
0.6201974409448818
21
0.3260529921259843
0
LINE
8
BLACK
6
CONTINUOUS
10
0.6201974409448818
20
0.3260529921259843
11
0.6201974409448818
21
0.330433937007874
0
LINE
8
BLACK
6
CONTINUOUS
10
0.6201974409448818
20
0.330433937007874
11
0.6203755511811023
21
0.3308640157480315
0
LINE
8
BLACK
6
CONTINUOUS
10
0.6203755511811023
20
0.3308640157480315
11
0.6204085826771654
21
0.3313283464566929
0
LINE
8
BLACK
6
CONTINUOUS
10
0.6204085826771654
20
0.3313283464566929
11
0.6225990551181102
21
0.3357092913385827
0
LINE
8
BLACK
6
CONTINUOUS
10
0.6225990551181102
20
0.3357092913385827
11
0.622847716535433
21
0.335925
0
LINE
8
BLACK
6
CONTINUOUS
10
0.622847716535433
20
0.335925
11
0.6229737007874016
21
0.336229094488189
0
LINE
8
BLACK
6
CONTINUOUS
10
0.6229737007874016
20
0.336229094488189
11
0.6251641732283464
21
0.3384195669291338
0
LINE
8
BLACK
6
CONTINUOUS
10
0.6251641732283464
20
0.3384195669291338
11
0.6254683070866142
21
0.3385455511811024
0
LINE
8
BLACK
6
CONTINUOUS
10
0.6254683070866142
20
0.3385455511811024
11
0.6256839763779527
21
0.3387942125984252
0
LINE
8
BLACK
6
CONTINUOUS
10
0.6256839763779527
20
0.3387942125984252
11
0.6300648818897637
21
0.3409846850393701
0
LINE
8
BLACK
6
CONTINUOUS
10
0.6300648818897637
20
0.3409846850393701
11
0.630529251968504
21
0.3410177165354331
0
LINE
8
BLACK
6
CONTINUOUS
10
0.630529251968504
20
0.3410177165354331
11
0.6309593307086614
21
0.3411958267716536
0
LINE
8
BLACK
6
CONTINUOUS
10
0.6309593307086614
20
0.3411958267716536
11
0.6462926771653543
21
0.3411958267716536
0
LINE
8
BLACK
6
CONTINUOUS
10
0.6462926771653543
20
0.3411958267716536
11
0.6477068897637795
21
0.3406100393700787
0
LINE
8
BLACK
6
CONTINUOUS
10
0.6254682677165354
20
0.3133525590551181
11
0.6238411417322834
21
0.3117254330708661
0
LINE
8
BLACK
6
CONTINUOUS
10
0.6238411417322834
20
0.3117254330708661
11
0.622006968503937
21
0.3080570472440945
0
LINE
8
BLACK
6
CONTINUOUS
10
0.622006968503937
20
0.3080570472440945
11
0.622006968503937
21
0.3024299212598425
0
LINE
8
BLACK
6
CONTINUOUS
10
0.622006968503937
20
0.3024299212598425
11
0.6238411417322834
21
0.2987615354330709
0
LINE
8
BLACK
6
CONTINUOUS
10
0.6238411417322834
20
0.2987615354330709
11
0.625572716535433
21
0.2970299606299213
0
LINE
8
BLACK
6
CONTINUOUS
10
0.625572716535433
20
0.2970299606299213
11
0.6292409842519685
21
0.2951958267716535
0
LINE
8
BLACK
6
CONTINUOUS
10
0.6292409842519685
20
0.2951958267716535
11
0.6442926771653543
21
0.2951958267716535
0
LINE
8
BLACK
6
CONTINUOUS
10
0.6442926771653543
20
0.2951958267716535
11
0.6442926771653543
21
0.315291062992126
0
LINE
8
BLACK
6
CONTINUOUS
10
0.6442926771653543
20
0.315291062992126
11
0.6312838976377952
21
0.315291062992126
0
LINE
8
BLACK
6
CONTINUOUS
10
0.6312838976377952
20
0.315291062992126
11
0.6254682677165354
21
0.3133525590551181
0
LINE
8
BLACK
6
CONTINUOUS
10
0.6277631102362204
20
0.3353616535433071
11
0.6260316141732283
21
0.3336301968503937
0
LINE
8
BLACK
6
CONTINUOUS
10
0.6260316141732283
20
0.3336301968503937
11
0.6241974409448818
21
0.329961811023622
0
LINE
8
BLACK
6
CONTINUOUS
10
0.6241974409448818
20
0.329961811023622
11
0.6241974409448818
21
0.326525157480315
0
LINE
8
BLACK
6
CONTINUOUS
10
0.6241974409448818
20
0.326525157480315
11
0.6260316141732283
21
0.3228567716535433
0
LINE
8
BLACK
6
CONTINUOUS
10
0.6260316141732283
20
0.3228567716535433
11
0.6277630708661417
21
0.3211253149606299
0
LINE
8
BLACK
6
CONTINUOUS
10
0.6277630708661417
20
0.3211253149606299
11
0.6314314960629921
21
0.319291062992126
0
LINE
8
BLACK
6
CONTINUOUS
10
0.6314314960629921
20
0.319291062992126
11
0.6442926771653543
21
0.319291062992126
0
LINE
8
BLACK
6
CONTINUOUS
10
0.6442926771653543
20
0.319291062992126
11
0.6442926771653543
21
0.3371958267716536
0
LINE
8
BLACK
6
CONTINUOUS
10
0.6442926771653543
20
0.3371958267716536
11
0.6314314566929133
21
0.3371958267716536
0
LINE
8
BLACK
6
CONTINUOUS
10
0.6314314566929133
20
0.3371958267716536
11
0.6277631102362204
21
0.3353616535433071
0
LINE
8
BLACK
6
CONTINUOUS
10
0.6793400787401574
20
0.3411170472440945
11
0.6795420866141733
21
0.341156968503937
0
LINE
8
BLACK
6
CONTINUOUS
10
0.6795420866141733
20
0.341156968503937
11
0.6800259448818897
21
0.3408329527559055
0
LINE
8
BLACK
6
CONTINUOUS
10
0.6800259448818897
20
0.3408329527559055
11
0.6805640551181102
21
0.3406100393700787
0
LINE
8
BLACK
6
CONTINUOUS
10
0.6805640551181102
20
0.3406100393700787
11
0.6806428346456693
21
0.340419842519685
0
LINE
8
BLACK
6
CONTINUOUS
10
0.6806428346456693
20
0.340419842519685
11
0.680813937007874
21
0.3403052362204724
0
LINE
8
BLACK
6
CONTINUOUS
10
0.680813937007874
20
0.3403052362204724
11
0.6850849606299212
21
0.3338986614173228
0
LINE
8
BLACK
6
CONTINUOUS
10
0.6850849606299212
20
0.3338986614173228
11
0.6890964566929134
21
0.3298871653543307
0
LINE
8
BLACK
6
CONTINUOUS
10
0.6890964566929134
20
0.3298871653543307
11
0.6931870866141732
21
0.3278418503937008
0
LINE
8
BLACK
6
CONTINUOUS
10
0.6931870866141732
20
0.3278418503937008
11
0.6941900393700787
21
0.3266854724409449
0
LINE
8
BLACK
6
CONTINUOUS
10
0.6941900393700787
20
0.3266854724409449
11
0.6940815354330708
21
0.3251585826771654
0
LINE
8
BLACK
6
CONTINUOUS
10
0.6940815354330708
20
0.3251585826771654
11
0.6929251181102362
21
0.3241556299212598
0
LINE
8
BLACK
6
CONTINUOUS
10
0.6929251181102362
20
0.3241556299212598
11
0.6913982283464567
21
0.3242641338582677
0
LINE
8
BLACK
6
CONTINUOUS
10
0.6913982283464567
20
0.3242641338582677
11
0.6870173228346457
21
0.3264546062992126
0
LINE
8
BLACK
6
CONTINUOUS
10
0.6870173228346457
20
0.3264546062992126
11
0.686801653543307
21
0.3267033070866142
0
LINE
8
BLACK
6
CONTINUOUS
10
0.686801653543307
20
0.3267033070866142
11
0.6864975196850394
21
0.3268292519685039
0
LINE
8
BLACK
6
CONTINUOUS
10
0.6864975196850394
20
0.3268292519685039
11
0.6821165748031496
21
0.3312101968503937
0
LINE
8
BLACK
6
CONTINUOUS
10
0.6821165748031496
20
0.3312101968503937
11
0.6820377559055117
21
0.3314004330708661
0
LINE
8
BLACK
6
CONTINUOUS
10
0.6820377559055117
20
0.3314004330708661
11
0.6818666929133859
21
0.331515
0
LINE
8
BLACK
6
CONTINUOUS
10
0.6818666929133859
20
0.331515
11
0.681149842519685
21
0.3325902755905512
0
LINE
8
BLACK
6
CONTINUOUS
10
0.681149842519685
20
0.3325902755905512
11
0.681149842519685
21
0.2951958267716535
0
LINE
8
BLACK
6
CONTINUOUS
10
0.681149842519685
20
0.2951958267716535
11
0.6922926771653544
21
0.2951958267716535
0
LINE
8
BLACK
6
CONTINUOUS
10
0.6922926771653544
20
0.2951958267716535
11
0.6937068897637795
21
0.2946100393700787
0
LINE
8
BLACK
6
CONTINUOUS
10
0.6937068897637795
20
0.2946100393700787
11
0.6942926771653544
21
0.2931958267716535
0
LINE
8
BLACK
6
CONTINUOUS
10
0.6942926771653544
20
0.2931958267716535
11
0.6937068897637795
21
0.2917816141732283
0
LINE
8
BLACK
6
CONTINUOUS
10
0.6937068897637795
20
0.2917816141732283
11
0.6922926771653544
21
0.2911958267716535
0
LINE
8
BLACK
6
CONTINUOUS
10
0.6922926771653544
20
0.2911958267716535
11
0.679149842519685
21
0.2911958267716535
0
LINE
8
BLACK
6
CONTINUOUS
10
0.679149842519685
20
0.2911958267716535
11
0.666006968503937
21
0.2911958267716535
0
LINE
8
BLACK
6
CONTINUOUS
10
0.666006968503937
20
0.2911958267716535
11
0.6645927559055118
21
0.2917816141732283
0
LINE
8
BLACK
6
CONTINUOUS
10
0.6645927559055118
20
0.2917816141732283
11
0.664006968503937
21
0.2931958267716535
0
LINE
8
BLACK
6
CONTINUOUS
10
0.664006968503937
20
0.2931958267716535
11
0.6645927559055118
21
0.2946100393700787
0
LINE
8
BLACK
6
CONTINUOUS
10
0.6645927559055118
20
0.2946100393700787
11
0.666006968503937
21
0.2951958267716535
0
LINE
8
BLACK
6
CONTINUOUS
10
0.666006968503937
20
0.2951958267716535
11
0.677149842519685
21
0.2951958267716535
0
LINE
8
BLACK
6
CONTINUOUS
10
0.677149842519685
20
0.2951958267716535
11
0.677149842519685
21
0.3391958267716536
0
LINE
8
BLACK
6
CONTINUOUS
10
0.677149842519685
20
0.3391958267716536
11
0.6772286220472441
21
0.3393861023622047
0
LINE
8
BLACK
6
CONTINUOUS
10
0.6772286220472441
20
0.3393861023622047
11
0.6771887007874016
21
0.3395880708661417
0
LINE
8
BLACK
6
CONTINUOUS
10
0.6771887007874016
20
0.3395880708661417
11
0.6775127165354331
21
0.340071968503937
0
LINE
8
BLACK
6
CONTINUOUS
10
0.6775127165354331
20
0.340071968503937
11
0.6777356299212598
21
0.3406100393700787
0
LINE
8
BLACK
6
CONTINUOUS
10
0.6777356299212598
20
0.3406100393700787
11
0.6779258267716535
21
0.3406888582677166
0
LINE
8
BLACK
6
CONTINUOUS
10
0.6779258267716535
20
0.3406888582677166
11
0.6780404330708661
21
0.3408599212598425
0
LINE
8
BLACK
6
CONTINUOUS
10
0.6780404330708661
20
0.3408599212598425
11
0.6786116929133859
21
0.3409729527559055
0
LINE
8
BLACK
6
CONTINUOUS
10
0.6786116929133859
20
0.3409729527559055
11
0.679149842519685
21
0.3411958267716536
0
LINE
8
BLACK
6
CONTINUOUS
10
0.679149842519685
20
0.3411958267716536
11
0.6793400787401574
21
0.3411170472440945
0
LINE
8
BLACK
6
CONTINUOUS
10
0.7255798818897637
20
0.3410177165354331
11
0.726044251968504
21
0.3409846850393701
0
LINE
8
BLACK
6
CONTINUOUS
10
0.726044251968504
20
0.3409846850393701
11
0.7304251968503936
21
0.3387942125984252
0
LINE
8
BLACK
6
CONTINUOUS
10
0.7304251968503936
20
0.3387942125984252
11
0.7306408661417323
21
0.3385455511811024
0
LINE
8
BLACK
6
CONTINUOUS
10
0.7306408661417323
20
0.3385455511811024
11
0.730945
21
0.3384195669291338
0
LINE
8
BLACK
6
CONTINUOUS
10
0.730945
20
0.3384195669291338
11
0.7331354724409449
21
0.336229094488189
0
LINE
8
BLACK
6
CONTINUOUS
10
0.7331354724409449
20
0.336229094488189
11
0.7332614173228347
21
0.3359249606299213
0
LINE
8
BLACK
6
CONTINUOUS
10
0.7332614173228347
20
0.3359249606299213
11
0.7335101181102363
21
0.3357092913385827
0
LINE
8
BLACK
6
CONTINUOUS
10
0.7335101181102363
20
0.3357092913385827
11
0.7357005905511811
21
0.3313283858267717
0
LINE
8
BLACK
6
CONTINUOUS
10
0.7357005905511811
20
0.3313283858267717
11
0.7357166929133858
21
0.3311016535433071
0
LINE
8
BLACK
6
CONTINUOUS
10
0.7357166929133858
20
0.3311016535433071
11
0.7358520078740157
21
0.3309190157480315
0
LINE
8
BLACK
6
CONTINUOUS
10
0.7358520078740157
20
0.3309190157480315
11
0.7380424803149606
21
0.3221571259842519
0
LINE
8
BLACK
6
CONTINUOUS
10
0.7380424803149606
20
0.3221571259842519
11
0.7380051574803149
21
0.3219063385826771
0
LINE
8
BLACK
6
CONTINUOUS
10
0.7380051574803149
20
0.3219063385826771
11
0.7381022047244095
21
0.3216720472440945
0
LINE
8
BLACK
6
CONTINUOUS
10
0.7381022047244095
20
0.3216720472440945
11
0.7381022047244095
21
0.3107196456692913
0
LINE
8
BLACK
6
CONTINUOUS
10
0.7381022047244095
20
0.3107196456692913
11
0.7380051574803149
21
0.3104853937007874
0
LINE
8
BLACK
6
CONTINUOUS
10
0.7380051574803149
20
0.3104853937007874
11
0.7380424803149606
21
0.3102345669291339
0
LINE
8
BLACK
6
CONTINUOUS
10
0.7380424803149606
20
0.3102345669291339
11
0.7358520078740157
21
0.3014726771653543
0
LINE
8
BLACK
6
CONTINUOUS
10
0.7358520078740157
20
0.3014726771653543
11
0.7357166929133858
21
0.3012900787401575
0
LINE
8
BLACK
6
CONTINUOUS
10
0.7357166929133858
20
0.3012900787401575
11
0.7357005905511811
21
0.3010633070866142
0
LINE
8
BLACK
6
CONTINUOUS
10
0.7357005905511811
20
0.3010633070866142
11
0.7335101181102363
21
0.2966824015748031
0
LINE
8
BLACK
6
CONTINUOUS
10
0.7335101181102363
20
0.2966824015748031
11
0.7332614566929133
21
0.2964667716535433
0
LINE
8
BLACK
6
CONTINUOUS
10
0.7332614566929133
20
0.2964667716535433
11
0.7331355118110237
21
0.2961625984251968
0
LINE
8
BLACK
6
CONTINUOUS
10
0.7331355118110237
20
0.2961625984251968
11
0.730945
21
0.2939720866141732
0
LINE
8
BLACK
6
CONTINUOUS
10
0.730945
20
0.2939720866141732
11
0.7306408661417323
21
0.2938461417322835
0
LINE
8
BLACK
6
CONTINUOUS
10
0.7306408661417323
20
0.2938461417322835
11
0.7304251968503936
21
0.2935974409448819
0
LINE
8
BLACK
6
CONTINUOUS
10
0.7304251968503936
20
0.2935974409448819
11
0.726044251968504
21
0.291406968503937
0
LINE
8
BLACK
6
CONTINUOUS
10
0.726044251968504
20
0.291406968503937
11
0.7255798818897637
21
0.2913739763779528
0
LINE
8
BLACK
6
CONTINUOUS
10
0.7255798818897637
20
0.2913739763779528
11
0.7251498425196851
21
0.2911958267716535
0
LINE
8
BLACK
6
CONTINUOUS
10
0.7251498425196851
20
0.2911958267716535
11
0.7207688582677165
21
0.2911958267716535
0
LINE
8
BLACK
6
CONTINUOUS
10
0.7207688582677165
20
0.2911958267716535
11
0.7203387795275591
21
0.2913739763779528
0
LINE
8
BLACK
6
CONTINUOUS
10
0.7203387795275591
20
0.2913739763779528
11
0.7198744094488189
21
0.291406968503937
0
LINE
8
BLACK
6
CONTINUOUS
10
0.7198744094488189
20
0.291406968503937
11
0.7154935039370078
21
0.2935974409448819
0
LINE
8
BLACK
6
CONTINUOUS
10
0.7154935039370078
20
0.2935974409448819
11
0.7152778346456693
21
0.2938461417322835
0
LINE
8
BLACK
6
CONTINUOUS
10
0.7152778346456693
20
0.2938461417322835
11
0.7149737007874015
21
0.2939720866141732
0
LINE
8
BLACK
6
CONTINUOUS
10
0.7149737007874015
20
0.2939720866141732
11
0.7127832283464567
21
0.2961625984251968
0
LINE
8
BLACK
6
CONTINUOUS
10
0.7127832283464567
20
0.2961625984251968
11
0.7126572440944882
21
0.2964667322834645
0
LINE
8
BLACK
6
CONTINUOUS
10
0.7126572440944882
20
0.2964667322834645
11
0.7124085826771653
21
0.2966824015748031
0
LINE
8
BLACK
6
CONTINUOUS
10
0.7124085826771653
20
0.2966824015748031
11
0.7102181102362205
21
0.3010633464566929
0
LINE
8
BLACK
6
CONTINUOUS
10
0.7102181102362205
20
0.3010633464566929
11
0.710201968503937
21
0.3012901181102362
0
LINE
8
BLACK
6
CONTINUOUS
10
0.710201968503937
20
0.3012901181102362
11
0.7100666929133858
21
0.3014727165354331
0
LINE
8
BLACK
6
CONTINUOUS
10
0.7100666929133858
20
0.3014727165354331
11
0.7078762204724409
21
0.3102345669291339
0
LINE
8
BLACK
6
CONTINUOUS
10
0.7078762204724409
20
0.3102345669291339
11
0.7079135039370078
21
0.3104853937007874
0
LINE
8
BLACK
6
CONTINUOUS
10
0.7079135039370078
20
0.3104853937007874
11
0.7078164960629921
21
0.3107196456692913
0
LINE
8
BLACK
6
CONTINUOUS
10
0.7078164960629921
20
0.3107196456692913
11
0.7078164960629921
21
0.3216720472440945
0
LINE
8
BLACK
6
CONTINUOUS
10
0.7078164960629921
20
0.3216720472440945
11
0.7079135039370078
21
0.3219063385826771
0
LINE
8
BLACK
6
CONTINUOUS
10
0.7079135039370078
20
0.3219063385826771
11
0.7078762204724409
21
0.3221571259842519
0
LINE
8
BLACK
6
CONTINUOUS
10
0.7078762204724409
20
0.3221571259842519
11
0.7100666929133858
21
0.3309189763779528
0
LINE
8
BLACK
6
CONTINUOUS
10
0.7100666929133858
20
0.3309189763779528
11
0.710201968503937
21
0.3311016141732284
0
LINE
8
BLACK
6
CONTINUOUS
10
0.710201968503937
20
0.3311016141732284
11
0.7102181102362205
21
0.3313283464566929
0
LINE
8
BLACK
6
CONTINUOUS
10
0.7102181102362205
20
0.3313283464566929
11
0.7124085826771653
21
0.3357092913385827
0
LINE
8
BLACK
6
CONTINUOUS
10
0.7124085826771653
20
0.3357092913385827
11
0.7126572440944882
21
0.335925
0
LINE
8
BLACK
6
CONTINUOUS
10
0.7126572440944882
20
0.335925
11
0.7127832283464567
21
0.336229094488189
0
LINE
8
BLACK
6
CONTINUOUS
10
0.7127832283464567
20
0.336229094488189
11
0.7149737007874015
21
0.3384195669291338
0
LINE
8
BLACK
6
CONTINUOUS
10
0.7149737007874015
20
0.3384195669291338
11
0.7152778346456693
21
0.3385455511811024
0
LINE
8
BLACK
6
CONTINUOUS
10
0.7152778346456693
20
0.3385455511811024
11
0.7154935039370078
21
0.3387942125984252
0
LINE
8
BLACK
6
CONTINUOUS
10
0.7154935039370078
20
0.3387942125984252
11
0.7198744094488189
21
0.3409846850393701
0
LINE
8
BLACK
6
CONTINUOUS
10
0.7198744094488189
20
0.3409846850393701
11
0.7203387795275591
21
0.3410177165354331
0
LINE
8
BLACK
6
CONTINUOUS
10
0.7203387795275591
20
0.3410177165354331
11
0.7207688582677165
21
0.3411958267716536
0
LINE
8
BLACK
6
CONTINUOUS
10
0.7207688582677165
20
0.3411958267716536
11
0.7251498425196851
21
0.3411958267716536
0
LINE
8
BLACK
6
CONTINUOUS
10
0.7251498425196851
20
0.3411958267716536
11
0.7255798818897637
21
0.3410177165354331
0
LINE
8
BLACK
6
CONTINUOUS
10
0.7175726377952756
20
0.3353616535433071
11
0.7158411417322834
21
0.3336301968503937
0
LINE
8
BLACK
6
CONTINUOUS
10
0.7158411417322834
20
0.3336301968503937
11
0.7138939763779527
21
0.3297358661417323
0
LINE
8
BLACK
6
CONTINUOUS
10
0.7138939763779527
20
0.3297358661417323
11
0.7118164960629921
21
0.3214258661417323
0
LINE
8
BLACK
6
CONTINUOUS
10
0.7118164960629921
20
0.3214258661417323
11
0.7118164960629921
21
0.3109658267716535
0
LINE
8
BLACK
6
CONTINUOUS
10
0.7118164960629921
20
0.3109658267716535
11
0.7138939763779527
21
0.3026558661417323
0
LINE
8
BLACK
6
CONTINUOUS
10
0.7138939763779527
20
0.3026558661417323
11
0.7158411417322834
21
0.2987615354330709
0
LINE
8
BLACK
6
CONTINUOUS
10
0.7158411417322834
20
0.2987615354330709
11
0.7175727165354331
21
0.2970299606299213
0
LINE
8
BLACK
6
CONTINUOUS
10
0.7175727165354331
20
0.2970299606299213
11
0.7212409842519685
21
0.2951958267716535
0
LINE
8
BLACK
6
CONTINUOUS
10
0.7212409842519685
20
0.2951958267716535
11
0.724677716535433
21
0.2951958267716535
0
LINE
8
BLACK
6
CONTINUOUS
10
0.724677716535433
20
0.2951958267716535
11
0.728346062992126
21
0.2970300393700787
0
LINE
8
BLACK
6
CONTINUOUS
10
0.728346062992126
20
0.2970300393700787
11
0.7300775196850393
21
0.2987615354330709
0
LINE
8
BLACK
6
CONTINUOUS
10
0.7300775196850393
20
0.2987615354330709
11
0.73202468503937
21
0.3026558661417323
0
LINE
8
BLACK
6
CONTINUOUS
10
0.73202468503937
20
0.3026558661417323
11
0.7341022047244095
21
0.3109658267716535
0
LINE
8
BLACK
6
CONTINUOUS
10
0.7341022047244095
20
0.3109658267716535
11
0.7341022047244095
21
0.321425905511811
0
LINE
8
BLACK
6
CONTINUOUS
10
0.7341022047244095
20
0.321425905511811
11
0.73202468503937
21
0.3297358661417323
0
LINE
8
BLACK
6
CONTINUOUS
10
0.73202468503937
20
0.3297358661417323
11
0.7300775590551181
21
0.3336301574803149
0
LINE
8
BLACK
6
CONTINUOUS
10
0.7300775590551181
20
0.3336301574803149
11
0.728346062992126
21
0.3353616535433071
0
LINE
8
BLACK
6
CONTINUOUS
10
0.728346062992126
20
0.3353616535433071
11
0.724677716535433
21
0.3371958267716536
0
LINE
8
BLACK
6
CONTINUOUS
10
0.724677716535433
20
0.3371958267716536
11
0.7212409842519685
21
0.3371958267716536
0
LINE
8
BLACK
6
CONTINUOUS
10
0.7212409842519685
20
0.3371958267716536
11
0.7175726377952756
21
0.3353616535433071
0
LINE
8
BLACK
6
CONTINUOUS
10
0.8241512992125984
20
0.3410177165354331
11
0.8246156692913386
21
0.3409846850393701
0
LINE
8
BLACK
6
CONTINUOUS
10
0.8246156692913386
20
0.3409846850393701
11
0.8289966141732283
21
0.3387942125984252
0
LINE
8
BLACK
6
CONTINUOUS
10
0.8289966141732283
20
0.3387942125984252
11
0.8292122834645669
21
0.3385455511811024
0
LINE
8
BLACK
6
CONTINUOUS
10
0.8292122834645669
20
0.3385455511811024
11
0.8295164173228347
21
0.3384195669291338
0
LINE
8
BLACK
6
CONTINUOUS
10
0.8295164173228347
20
0.3384195669291338
11
0.8317068897637795
21
0.336229094488189
0
LINE
8
BLACK
6
CONTINUOUS
10
0.8317068897637795
20
0.336229094488189
11
0.8318328346456693
21
0.3359249606299213
0
LINE
8
BLACK
6
CONTINUOUS
10
0.8318328346456693
20
0.3359249606299213
11
0.8320815354330708
21
0.3357092913385827
0
LINE
8
BLACK
6
CONTINUOUS
10
0.8320815354330708
20
0.3357092913385827
11
0.8342720078740157
21
0.3313283858267717
0
LINE
8
BLACK
6
CONTINUOUS
10
0.8342720078740157
20
0.3313283858267717
11
0.834305
21
0.3308640157480315
0
LINE
8
BLACK
6
CONTINUOUS
10
0.834305
20
0.3308640157480315
11
0.8344831496062992
21
0.330433937007874
0
LINE
8
BLACK
6
CONTINUOUS
10
0.8344831496062992
20
0.330433937007874
11
0.8344831496062992
21
0.3260529921259843
0
LINE
8
BLACK
6
CONTINUOUS
10
0.8344831496062992
20
0.3260529921259843
11
0.834305
21
0.3256229527559055
0
LINE
8
BLACK
6
CONTINUOUS
10
0.834305
20
0.3256229527559055
11
0.8342720078740157
21
0.3251585433070866
0
LINE
8
BLACK
6
CONTINUOUS
10
0.8342720078740157
20
0.3251585433070866
11
0.8320815354330708
21
0.3207776377952756
0
LINE
8
BLACK
6
CONTINUOUS
10
0.8320815354330708
20
0.3207776377952756
11
0.8318328346456693
21
0.3205620078740157
0
LINE
8
BLACK
6
CONTINUOUS
10
0.8318328346456693
20
0.3205620078740157
11
0.8317068897637795
21
0.3202578346456693
0
LINE
8
BLACK
6
CONTINUOUS
10
0.8317068897637795
20
0.3202578346456693
11
0.8295164173228347
21
0.3180673622047244
0
LINE
8
BLACK
6
CONTINUOUS
10
0.8295164173228347
20
0.3180673622047244
11
0.8292123228346456
21
0.3179414173228347
0
LINE
8
BLACK
6
CONTINUOUS
10
0.8292123228346456
20
0.3179414173228347
11
0.8289966535433071
21
0.3176927165354331
0
LINE
8
BLACK
6
CONTINUOUS
10
0.8289966535433071
20
0.3176927165354331
11
0.8246157086614173
21
0.3155022047244094
0
LINE
8
BLACK
6
CONTINUOUS
10
0.8246157086614173
20
0.3155022047244094
11
0.8243888976377952
21
0.3154861023622047
0
LINE
8
BLACK
6
CONTINUOUS
10
0.8243888976377952
20
0.3154861023622047
11
0.8242062992125984
21
0.3153507874015748
0
LINE
8
BLACK
6
CONTINUOUS
10
0.8242062992125984
20
0.3153507874015748
11
0.8156574015748032
21
0.3132135826771654
0
LINE
8
BLACK
6
CONTINUOUS
10
0.8156574015748032
20
0.3132135826771654
11
0.8117631102362205
21
0.3112664173228347
0
LINE
8
BLACK
6
CONTINUOUS
10
0.8117631102362205
20
0.3112664173228347
11
0.8100316141732283
21
0.3095349606299213
0
LINE
8
BLACK
6
CONTINUOUS
10
0.8100316141732283
20
0.3095349606299213
11
0.8081974409448819
21
0.3058665748031496
0
LINE
8
BLACK
6
CONTINUOUS
10
0.8081974409448819
20
0.3058665748031496
11
0.8081974409448819
21
0.3024299212598425
0
LINE
8
BLACK
6
CONTINUOUS
10
0.8081974409448819
20
0.3024299212598425
11
0.8100316141732283
21
0.2987615354330709
0
LINE
8
BLACK
6
CONTINUOUS
10
0.8100316141732283
20
0.2987615354330709
11
0.8117631889763779
21
0.2970299606299213
0
LINE
8
BLACK
6
CONTINUOUS
10
0.8117631889763779
20
0.2970299606299213
11
0.8154314566929134
21
0.2951958267716535
0
LINE
8
BLACK
6
CONTINUOUS
10
0.8154314566929134
20
0.2951958267716535
11
0.8255872047244094
21
0.2951958267716535
0
LINE
8
BLACK
6
CONTINUOUS
10
0.8255872047244094
20
0.2951958267716535
11
0.8318507086614173
21
0.2972836614173228
0
LINE
8
BLACK
6
CONTINUOUS
10
0.8318507086614173
20
0.2972836614173228
11
0.8333775984251969
21
0.297175157480315
0
LINE
8
BLACK
6
CONTINUOUS
10
0.8333775984251969
20
0.297175157480315
11
0.8343805118110236
21
0.2960187401574803
0
LINE
8
BLACK
6
CONTINUOUS
10
0.8343805118110236
20
0.2960187401574803
11
0.8342720078740157
21
0.2944918897637795
0
LINE
8
BLACK
6
CONTINUOUS
10
0.8342720078740157
20
0.2944918897637795
11
0.8331156299212599
21
0.293488937007874
0
LINE
8
BLACK
6
CONTINUOUS
10
0.8331156299212599
20
0.293488937007874
11
0.8265441732283464
21
0.2912984645669291
0
LINE
8
BLACK
6
CONTINUOUS
10
0.8265441732283464
20
0.2912984645669291
11
0.8262158267716535
21
0.291321811023622
0
LINE
8
BLACK
6
CONTINUOUS
10
0.8262158267716535
20
0.291321811023622
11
0.8259117322834646
21
0.2911958267716535
0
LINE
8
BLACK
6
CONTINUOUS
10
0.8259117322834646
20
0.2911958267716535
11
0.8149593307086614
21
0.2911958267716535
0
LINE
8
BLACK
6
CONTINUOUS
10
0.8149593307086614
20
0.2911958267716535
11
0.8145292519685039
21
0.2913739763779528
0
LINE
8
BLACK
6
CONTINUOUS
10
0.8145292519685039
20
0.2913739763779528
11
0.8140648818897638
21
0.291406968503937
0
LINE
8
BLACK
6
CONTINUOUS
10
0.8140648818897638
20
0.291406968503937
11
0.8096839763779528
21
0.2935974409448819
0
LINE
8
BLACK
6
CONTINUOUS
10
0.8096839763779528
20
0.2935974409448819
11
0.8094683070866141
21
0.2938461417322835
0
LINE
8
BLACK
6
CONTINUOUS
10
0.8094683070866141
20
0.2938461417322835
11
0.8091641732283464
21
0.2939720866141732
0
LINE
8
BLACK
6
CONTINUOUS
10
0.8091641732283464
20
0.2939720866141732
11
0.8069737007874016
21
0.2961625984251968
0
LINE
8
BLACK
6
CONTINUOUS
10
0.8069737007874016
20
0.2961625984251968
11
0.8068477165354331
21
0.2964667322834645
0
LINE
8
BLACK
6
CONTINUOUS
10
0.8068477165354331
20
0.2964667322834645
11
0.8065990551181103
21
0.2966824015748031
0
LINE
8
BLACK
6
CONTINUOUS
10
0.8065990551181103
20
0.2966824015748031
11
0.8044085826771653
21
0.3010633464566929
0
LINE
8
BLACK
6
CONTINUOUS
10
0.8044085826771653
20
0.3010633464566929
11
0.8043755511811024
21
0.3015277165354331
0
LINE
8
BLACK
6
CONTINUOUS
10
0.8043755511811024
20
0.3015277165354331
11
0.8041974409448819
21
0.3019577559055118
0
LINE
8
BLACK
6
CONTINUOUS
10
0.8041974409448819
20
0.3019577559055118
11
0.8041974409448819
21
0.3063387007874016
0
LINE
8
BLACK
6
CONTINUOUS
10
0.8041974409448819
20
0.3063387007874016
11
0.8043755511811024
21
0.306768779527559
0
LINE
8
BLACK
6
CONTINUOUS
10
0.8043755511811024
20
0.306768779527559
11
0.8044085826771653
21
0.3072331102362205
0
LINE
8
BLACK
6
CONTINUOUS
10
0.8044085826771653
20
0.3072331102362205
11
0.8065990551181103
21
0.3116140551181102
0
LINE
8
BLACK
6
CONTINUOUS
10
0.8065990551181103
20
0.3116140551181102
11
0.8068477165354331
21
0.3118297637795275
0
LINE
8
BLACK
6
CONTINUOUS
10
0.8068477165354331
20
0.3118297637795275
11
0.8069737007874016
21
0.3121338582677165
0
LINE
8
BLACK
6
CONTINUOUS
10
0.8069737007874016
20
0.3121338582677165
11
0.8091641732283464
21
0.3143243307086614
0
LINE
8
BLACK
6
CONTINUOUS
10
0.8091641732283464
20
0.3143243307086614
11
0.8094683070866141
21
0.3144503149606299
0
LINE
8
BLACK
6
CONTINUOUS
10
0.8094683070866141
20
0.3144503149606299
11
0.8096839763779528
21
0.3146989763779527
0
LINE
8
BLACK
6
CONTINUOUS
10
0.8096839763779528
20
0.3146989763779527
11
0.8140648818897638
21
0.3168894488188976
0
LINE
8
BLACK
6
CONTINUOUS
10
0.8140648818897638
20
0.3168894488188976
11
0.8142916141732284
21
0.3169055905511811
0
LINE
8
BLACK
6
CONTINUOUS
10
0.8142916141732284
20
0.3169055905511811
11
0.8144742519685039
21
0.3170408661417323
0
LINE
8
BLACK
6
CONTINUOUS
10
0.8144742519685039
20
0.3170408661417323
11
0.8230230708661417
21
0.3191780708661417
0
LINE
8
BLACK
6
CONTINUOUS
10
0.8230230708661417
20
0.3191780708661417
11
0.8269174803149606
21
0.3211253149606299
0
LINE
8
BLACK
6
CONTINUOUS
10
0.8269174803149606
20
0.3211253149606299
11
0.8286489763779528
21
0.3228567716535433
0
LINE
8
BLACK
6
CONTINUOUS
10
0.8286489763779528
20
0.3228567716535433
11
0.8304831496062992
21
0.3265251181102362
0
LINE
8
BLACK
6
CONTINUOUS
10
0.8304831496062992
20
0.3265251181102362
11
0.8304831496062992
21
0.329961811023622
0
LINE
8
BLACK
6
CONTINUOUS
10
0.8304831496062992
20
0.329961811023622
11
0.8286489763779528
21
0.3336301574803149
0
LINE
8
BLACK
6
CONTINUOUS
10
0.8286489763779528
20
0.3336301574803149
11
0.8269174803149606
21
0.3353616535433071
0
LINE
8
BLACK
6
CONTINUOUS
10
0.8269174803149606
20
0.3353616535433071
11
0.8232491338582677
21
0.3371958267716536
0
LINE
8
BLACK
6
CONTINUOUS
10
0.8232491338582677
20
0.3371958267716536
11
0.8130934251968504
21
0.3371958267716536
0
LINE
8
BLACK
6
CONTINUOUS
10
0.8130934251968504
20
0.3371958267716536
11
0.8068298818897638
21
0.3351079921259842
0
LINE
8
BLACK
6
CONTINUOUS
10
0.8068298818897638
20
0.3351079921259842
11
0.805303031496063
21
0.3352164960629921
0
LINE
8
BLACK
6
CONTINUOUS
10
0.805303031496063
20
0.3352164960629921
11
0.8043000787401574
21
0.3363729133858268
0
LINE
8
BLACK
6
CONTINUOUS
10
0.8043000787401574
20
0.3363729133858268
11
0.8044085826771653
21
0.3378997637795276
0
LINE
8
BLACK
6
CONTINUOUS
10
0.8044085826771653
20
0.3378997637795276
11
0.805565
21
0.3389027165354331
0
LINE
8
BLACK
6
CONTINUOUS
10
0.805565
20
0.3389027165354331
11
0.8121364173228346
21
0.341093188976378
0
LINE
8
BLACK
6
CONTINUOUS
10
0.8121364173228346
20
0.341093188976378
11
0.8124647244094488
21
0.3410698818897638
0
LINE
8
BLACK
6
CONTINUOUS
10
0.8124647244094488
20
0.3410698818897638
11
0.8127688582677165
21
0.3411958267716536
0
LINE
8
BLACK
6
CONTINUOUS
10
0.8127688582677165
20
0.3411958267716536
11
0.8237212598425196
21
0.3411958267716536
0
LINE
8
BLACK
6
CONTINUOUS
10
0.8237212598425196
20
0.3411958267716536
11
0.8241512992125984
21
0.3410177165354331
0
LINE
8
BLACK
6
CONTINUOUS
10
0.8633400787401575
20
0.3411170472440945
11
0.8635420866141732
21
0.341156968503937
0
LINE
8
BLACK
6
CONTINUOUS
10
0.8635420866141732
20
0.341156968503937
11
0.8640259448818898
21
0.3408329527559055
0
LINE
8
BLACK
6
CONTINUOUS
10
0.8640259448818898
20
0.3408329527559055
11
0.8645640551181102
21
0.3406100393700787
0
LINE
8
BLACK
6
CONTINUOUS
10
0.8645640551181102
20
0.3406100393700787
11
0.8646428346456693
21
0.340419842519685
0
LINE
8
BLACK
6
CONTINUOUS
10
0.8646428346456693
20
0.340419842519685
11
0.864813937007874
21
0.3403052362204724
0
LINE
8
BLACK
6
CONTINUOUS
10
0.864813937007874
20
0.3403052362204724
11
0.8690849606299212
21
0.3338986614173228
0
LINE
8
BLACK
6
CONTINUOUS
10
0.8690849606299212
20
0.3338986614173228
11
0.8730964566929134
21
0.3298871653543307
0
LINE
8
BLACK
6
CONTINUOUS
10
0.8730964566929134
20
0.3298871653543307
11
0.8771870866141732
21
0.3278418503937008
0
LINE
8
BLACK
6
CONTINUOUS
10
0.8771870866141732
20
0.3278418503937008
11
0.8781900393700787
21
0.3266854724409449
0
LINE
8
BLACK
6
CONTINUOUS
10
0.8781900393700787
20
0.3266854724409449
11
0.8780815354330709
21
0.3251585826771654
0
LINE
8
BLACK
6
CONTINUOUS
10
0.8780815354330709
20
0.3251585826771654
11
0.8769251181102362
21
0.3241556299212598
0
LINE
8
BLACK
6
CONTINUOUS
10
0.8769251181102362
20
0.3241556299212598
11
0.8753982283464566
21
0.3242641338582677
0
LINE
8
BLACK
6
CONTINUOUS
10
0.8753982283464566
20
0.3242641338582677
11
0.8710173228346456
21
0.3264546062992126
0
LINE
8
BLACK
6
CONTINUOUS
10
0.8710173228346456
20
0.3264546062992126
11
0.8708016535433071
21
0.3267033070866142
0
LINE
8
BLACK
6
CONTINUOUS
10
0.8708016535433071
20
0.3267033070866142
11
0.8704975196850393
21
0.3268292519685039
0
LINE
8
BLACK
6
CONTINUOUS
10
0.8704975196850393
20
0.3268292519685039
11
0.8661165748031496
21
0.3312101968503937
0
LINE
8
BLACK
6
CONTINUOUS
10
0.8661165748031496
20
0.3312101968503937
11
0.8660377559055118
21
0.3314004330708661
0
LINE
8
BLACK
6
CONTINUOUS
10
0.8660377559055118
20
0.3314004330708661
11
0.8658666929133858
21
0.331515
0
LINE
8
BLACK
6
CONTINUOUS
10
0.8658666929133858
20
0.331515
11
0.8651498425196851
21
0.3325902755905512
0
LINE
8
BLACK
6
CONTINUOUS
10
0.8651498425196851
20
0.3325902755905512
11
0.8651498425196851
21
0.2951958267716535
0
LINE
8
BLACK
6
CONTINUOUS
10
0.8651498425196851
20
0.2951958267716535
11
0.8762926771653543
21
0.2951958267716535
0
LINE
8
BLACK
6
CONTINUOUS
10
0.8762926771653543
20
0.2951958267716535
11
0.8777068897637795
21
0.2946100393700787
0
LINE
8
BLACK
6
CONTINUOUS
10
0.8777068897637795
20
0.2946100393700787
11
0.8782926771653543
21
0.2931958267716535
0
LINE
8
BLACK
6
CONTINUOUS
10
0.8782926771653543
20
0.2931958267716535
11
0.8777068897637795
21
0.2917816141732283
0
LINE
8
BLACK
6
CONTINUOUS
10
0.8777068897637795
20
0.2917816141732283
11
0.8762926771653543
21
0.2911958267716535
0
LINE
8
BLACK
6
CONTINUOUS
10
0.8762926771653543
20
0.2911958267716535
11
0.8631498425196851
21
0.2911958267716535
0
LINE
8
BLACK
6
CONTINUOUS
10
0.8631498425196851
20
0.2911958267716535
11
0.850006968503937
21
0.2911958267716535
0
LINE
8
BLACK
6
CONTINUOUS
10
0.850006968503937
20
0.2911958267716535
11
0.8485927559055118
21
0.2917816141732283
0
LINE
8
BLACK
6
CONTINUOUS
10
0.8485927559055118
20
0.2917816141732283
11
0.848006968503937
21
0.2931958267716535
0
LINE
8
BLACK
6
CONTINUOUS
10
0.848006968503937
20
0.2931958267716535
11
0.8485927559055118
21
0.2946100393700787
0
LINE
8
BLACK
6
CONTINUOUS
10
0.8485927559055118
20
0.2946100393700787
11
0.850006968503937
21
0.2951958267716535
0
LINE
8
BLACK
6
CONTINUOUS
10
0.850006968503937
20
0.2951958267716535
11
0.8611498425196851
21
0.2951958267716535
0
LINE
8
BLACK
6
CONTINUOUS
10
0.8611498425196851
20
0.2951958267716535
11
0.8611498425196851
21
0.3391958267716536
0
LINE
8
BLACK
6
CONTINUOUS
10
0.8611498425196851
20
0.3391958267716536
11
0.861228622047244
21
0.3393861023622047
0
LINE
8
BLACK
6
CONTINUOUS
10
0.861228622047244
20
0.3393861023622047
11
0.8611887007874015
21
0.3395880708661417
0
LINE
8
BLACK
6
CONTINUOUS
10
0.8611887007874015
20
0.3395880708661417
11
0.861512716535433
21
0.340071968503937
0
LINE
8
BLACK
6
CONTINUOUS
10
0.861512716535433
20
0.340071968503937
11
0.8617356299212598
21
0.3406100393700787
0
LINE
8
BLACK
6
CONTINUOUS
10
0.8617356299212598
20
0.3406100393700787
11
0.8619258267716535
21
0.3406888582677166
0
LINE
8
BLACK
6
CONTINUOUS
10
0.8619258267716535
20
0.3406888582677166
11
0.8620404330708661
21
0.3408599212598425
0
LINE
8
BLACK
6
CONTINUOUS
10
0.8620404330708661
20
0.3408599212598425
11
0.8626116929133858
21
0.3409729527559055
0
LINE
8
BLACK
6
CONTINUOUS
10
0.8626116929133858
20
0.3409729527559055
11
0.8631498425196851
21
0.3411958267716536
0
LINE
8
BLACK
6
CONTINUOUS
10
0.8631498425196851
20
0.3411958267716536
11
0.8633400787401575
21
0.3411170472440945
0
LINE
8
BLACK
6
CONTINUOUS
10
0.9127545275590551
20
0.3406100393700787
11
0.91334031496063
21
0.3391958267716536
0
LINE
8
BLACK
6
CONTINUOUS
10
0.91334031496063
20
0.3391958267716536
11
0.91334031496063
21
0.2931958267716535
0
LINE
8
BLACK
6
CONTINUOUS
10
0.91334031496063
20
0.2931958267716535
11
0.9127545275590551
21
0.2917816141732283
0
LINE
8
BLACK
6
CONTINUOUS
10
0.9127545275590551
20
0.2917816141732283
11
0.9113403149606299
21
0.2911958267716535
0
LINE
8
BLACK
6
CONTINUOUS
10
0.9113403149606299
20
0.2911958267716535
11
0.8894355511811023
21
0.2911958267716535
0
LINE
8
BLACK
6
CONTINUOUS
10
0.8894355511811023
20
0.2911958267716535
11
0.8880213385826772
21
0.2917816141732283
0
LINE
8
BLACK
6
CONTINUOUS
10
0.8880213385826772
20
0.2917816141732283
11
0.8874355511811023
21
0.2931958267716535
0
LINE
8
BLACK
6
CONTINUOUS
10
0.8874355511811023
20
0.2931958267716535
11
0.8880213385826772
21
0.2946100393700787
0
LINE
8
BLACK
6
CONTINUOUS
10
0.8880213385826772
20
0.2946100393700787
11
0.8894355511811023
21
0.2951958267716535
0
LINE
8
BLACK
6
CONTINUOUS
10
0.8894355511811023
20
0.2951958267716535
11
0.9093403149606299
21
0.2951958267716535
0
LINE
8
BLACK
6
CONTINUOUS
10
0.9093403149606299
20
0.2951958267716535
11
0.9093403149606299
21
0.3391958267716536
0
LINE
8
BLACK
6
CONTINUOUS
10
0.9093403149606299
20
0.3391958267716536
11
0.9099261023622047
21
0.3406100393700787
0
LINE
8
BLACK
6
CONTINUOUS
10
0.9099261023622047
20
0.3406100393700787
11
0.9113403149606299
21
0.3411958267716536
0
LINE
8
BLACK
6
CONTINUOUS
10
0.9113403149606299
20
0.3411958267716536
11
0.9127545275590551
21
0.3406100393700787
0
LINE
8
BLACK
6
CONTINUOUS
10
0.9543735826771653
20
0.3406100393700787
11
0.9549593700787401
21
0.3391958267716536
0
LINE
8
BLACK
6
CONTINUOUS
10
0.9549593700787401
20
0.3391958267716536
11
0.9549593700787401
21
0.2931958267716535
0
LINE
8
BLACK
6
CONTINUOUS
10
0.9549593700787401
20
0.2931958267716535
11
0.9543735826771653
21
0.2917816141732283
0
LINE
8
BLACK
6
CONTINUOUS
10
0.9543735826771653
20
0.2917816141732283
11
0.9529593700787401
21
0.2911958267716535
0
LINE
8
BLACK
6
CONTINUOUS
10
0.9529593700787401
20
0.2911958267716535
11
0.9310546062992126
21
0.2911958267716535
0
LINE
8
BLACK
6
CONTINUOUS
10
0.9310546062992126
20
0.2911958267716535
11
0.9296403937007873
21
0.2917816141732283
0
LINE
8
BLACK
6
CONTINUOUS
10
0.9296403937007873
20
0.2917816141732283
11
0.9290546062992125
21
0.2931958267716535
0
LINE
8
BLACK
6
CONTINUOUS
10
0.9290546062992125
20
0.2931958267716535
11
0.9296403937007873
21
0.2946100393700787
0
LINE
8
BLACK
6
CONTINUOUS
10
0.9296403937007873
20
0.2946100393700787
11
0.9310546062992126
21
0.2951958267716535
0
LINE
8
BLACK
6
CONTINUOUS
10
0.9310546062992126
20
0.2951958267716535
11
0.9509593700787401
21
0.2951958267716535
0
LINE
8
BLACK
6
CONTINUOUS
10
0.9509593700787401
20
0.2951958267716535
11
0.9509593700787401
21
0.315291062992126
0
LINE
8
BLACK
6
CONTINUOUS
10
0.9509593700787401
20
0.315291062992126
11
0.9376260236220473
21
0.315291062992126
0
LINE
8
BLACK
6
CONTINUOUS
10
0.9376260236220473
20
0.315291062992126
11
0.9362118110236221
21
0.3158768503937008
0
LINE
8
BLACK
6
CONTINUOUS
10
0.9362118110236221
20
0.3158768503937008
11
0.9356260236220473
21
0.3172910629921259
0
LINE
8
BLACK
6
CONTINUOUS
10
0.9356260236220473
20
0.3172910629921259
11
0.9362118110236221
21
0.3187052755905512
0
LINE
8
BLACK
6
CONTINUOUS
10
0.9362118110236221
20
0.3187052755905512
11
0.9376260236220473
21
0.319291062992126
0
LINE
8
BLACK
6
CONTINUOUS
10
0.9376260236220473
20
0.319291062992126
11
0.9509593700787401
21
0.319291062992126
0
LINE
8
BLACK
6
CONTINUOUS
10
0.9509593700787401
20
0.319291062992126
11
0.9509593700787401
21
0.3371958267716536
0
LINE
8
BLACK
6
CONTINUOUS
10
0.9509593700787401
20
0.3371958267716536
11
0.9310546062992126
21
0.3371958267716536
0
LINE
8
BLACK
6
CONTINUOUS
10
0.9310546062992126
20
0.3371958267716536
11
0.9296403937007873
21
0.3377816141732283
0
LINE
8
BLACK
6
CONTINUOUS
10
0.9296403937007873
20
0.3377816141732283
11
0.9290546062992125
21
0.3391958267716536
0
LINE
8
BLACK
6
CONTINUOUS
10
0.9290546062992125
20
0.3391958267716536
11
0.9296403937007873
21
0.3406100393700787
0
LINE
8
BLACK
6
CONTINUOUS
10
0.9296403937007873
20
0.3406100393700787
11
0.9310546062992126
21
0.3411958267716536
0
LINE
8
BLACK
6
CONTINUOUS
10
0.9310546062992126
20
0.3411958267716536
11
0.9529593700787401
21
0.3411958267716536
0
LINE
8
BLACK
6
CONTINUOUS
10
0.9529593700787401
20
0.3411958267716536
11
0.9543735826771653
21
0.3406100393700787
0
LINE
8
BLACK
6
CONTINUOUS
10
1.0003735826771654
20
0.3406100393700787
11
1.00095937007874
21
0.3391958267716536
0
LINE
8
BLACK
6
CONTINUOUS
10
1.00095937007874
20
0.3391958267716536
11
1.00095937007874
21
0.2931958267716535
0
LINE
8
BLACK
6
CONTINUOUS
10
1.00095937007874
20
0.2931958267716535
11
1.0003735826771654
21
0.2917816141732283
0
LINE
8
BLACK
6
CONTINUOUS
10
1.0003735826771654
20
0.2917816141732283
11
0.9989593700787401
21
0.2911958267716535
0
LINE
8
BLACK
6
CONTINUOUS
10
0.9989593700787401
20
0.2911958267716535
11
0.9975451574803149
21
0.2917816141732283
0
LINE
8
BLACK
6
CONTINUOUS
10
0.9975451574803149
20
0.2917816141732283
11
0.9969593700787401
21
0.2931958267716535
0
LINE
8
BLACK
6
CONTINUOUS
10
0.9969593700787401
20
0.2931958267716535
11
0.9969593700787401
21
0.3131005905511811
0
LINE
8
BLACK
6
CONTINUOUS
10
0.9969593700787401
20
0.3131005905511811
11
0.9890483070866142
21
0.3131005905511811
0
LINE
8
BLACK
6
CONTINUOUS
10
0.9890483070866142
20
0.3131005905511811
11
0.974312125984252
21
0.2920488976377953
0
LINE
8
BLACK
6
CONTINUOUS
10
0.974312125984252
20
0.2920488976377953
11
0.9730212204724409
21
0.2912262598425197
0
LINE
8
BLACK
6
CONTINUOUS
10
0.9730212204724409
20
0.2912262598425197
11
0.9715267322834645
21
0.2915573622047244
0
LINE
8
BLACK
6
CONTINUOUS
10
0.9715267322834645
20
0.2915573622047244
11
0.970704094488189
21
0.2928482677165354
0
LINE
8
BLACK
6
CONTINUOUS
10
0.970704094488189
20
0.2928482677165354
11
0.9710351968503936
21
0.2943427559055118
0
LINE
8
BLACK
6
CONTINUOUS
10
0.9710351968503936
20
0.2943427559055118
11
0.9841657086614173
21
0.3131005905511811
0
LINE
8
BLACK
6
CONTINUOUS
10
0.9841657086614173
20
0.3131005905511811
11
0.9814355511811024
21
0.3131005905511811
0
LINE
8
BLACK
6
CONTINUOUS
10
0.9814355511811024
20
0.3131005905511811
11
0.9810054724409448
21
0.3132787401574803
0
LINE
8
BLACK
6
CONTINUOUS
10
0.9810054724409448
20
0.3132787401574803
11
0.9805411023622047
21
0.3133117322834645
0
LINE
8
BLACK
6
CONTINUOUS
10
0.9805411023622047
20
0.3133117322834645
11
0.9761601968503937
21
0.3155022047244094
0
LINE
8
BLACK
6
CONTINUOUS
10
0.9761601968503937
20
0.3155022047244094
11
0.9759445275590551
21
0.315750905511811
0
LINE
8
BLACK
6
CONTINUOUS
10
0.9759445275590551
20
0.315750905511811
11
0.9756403937007874
21
0.3158768503937008
0
LINE
8
BLACK
6
CONTINUOUS
10
0.9756403937007874
20
0.3158768503937008
11
0.9734499212598425
21
0.3180673622047244
0
LINE
8
BLACK
6
CONTINUOUS
10
0.9734499212598425
20
0.3180673622047244
11
0.973323937007874
21
0.3183714960629921
0
LINE
8
BLACK
6
CONTINUOUS
10
0.973323937007874
20
0.3183714960629921
11
0.9730752755905512
21
0.3185871653543307
0
LINE
8
BLACK
6
CONTINUOUS
10
0.9730752755905512
20
0.3185871653543307
11
0.9708848031496062
21
0.3229681102362205
0
LINE
8
BLACK
6
CONTINUOUS
10
0.9708848031496062
20
0.3229681102362205
11
0.9708517716535433
21
0.3234324803149606
0
LINE
8
BLACK
6
CONTINUOUS
10
0.9708517716535433
20
0.3234324803149606
11
0.9706736614173228
21
0.3238625196850394
0
LINE
8
BLACK
6
CONTINUOUS
10
0.9706736614173228
20
0.3238625196850394
11
0.9706736614173228
21
0.330433937007874
0
LINE
8
BLACK
6
CONTINUOUS
10
0.9706736614173228
20
0.330433937007874
11
0.9708517716535433
21
0.3308640157480315
0
LINE
8
BLACK
6
CONTINUOUS
10
0.9708517716535433
20
0.3308640157480315
11
0.9708848031496062
21
0.3313283464566929
0
LINE
8
BLACK
6
CONTINUOUS
10
0.9708848031496062
20
0.3313283464566929
11
0.9730752755905512
21
0.3357092913385827
0
LINE
8
BLACK
6
CONTINUOUS
10
0.9730752755905512
20
0.3357092913385827
11
0.973323937007874
21
0.335925
0
LINE
8
BLACK
6
CONTINUOUS
10
0.973323937007874
20
0.335925
11
0.9734499212598425
21
0.336229094488189
0
LINE
8
BLACK
6
CONTINUOUS
10
0.9734499212598425
20
0.336229094488189
11
0.9756403937007874
21
0.3384195669291338
0
LINE
8
BLACK
6
CONTINUOUS
10
0.9756403937007874
20
0.3384195669291338
11
0.9759445275590551
21
0.3385455511811024
0
LINE
8
BLACK
6
CONTINUOUS
10
0.9759445275590551
20
0.3385455511811024
11
0.9761601968503937
21
0.3387942125984252
0
LINE
8
BLACK
6
CONTINUOUS
10
0.9761601968503937
20
0.3387942125984252
11
0.9805411023622047
21
0.3409846850393701
0
LINE
8
BLACK
6
CONTINUOUS
10
0.9805411023622047
20
0.3409846850393701
11
0.9810054724409448
21
0.3410177165354331
0
LINE
8
BLACK
6
CONTINUOUS
10
0.9810054724409448
20
0.3410177165354331
11
0.9814355511811024
21
0.3411958267716536
0
LINE
8
BLACK
6
CONTINUOUS
10
0.9814355511811024
20
0.3411958267716536
11
0.9989593700787401
21
0.3411958267716536
0
LINE
8
BLACK
6
CONTINUOUS
10
0.9989593700787401
20
0.3411958267716536
11
1.0003735826771654
21
0.3406100393700787
0
LINE
8
BLACK
6
CONTINUOUS
10
0.9782393307086614
20
0.3353616535433071
11
0.9765078346456693
21
0.3336301968503937
0
LINE
8
BLACK
6
CONTINUOUS
10
0.9765078346456693
20
0.3336301968503937
11
0.9746736614173228
21
0.329961811023622
0
LINE
8
BLACK
6
CONTINUOUS
10
0.9746736614173228
20
0.329961811023622
11
0.9746736614173228
21
0.3243346850393701
0
LINE
8
BLACK
6
CONTINUOUS
10
0.9746736614173228
20
0.3243346850393701
11
0.9765078346456693
21
0.3206662992125984
0
LINE
8
BLACK
6
CONTINUOUS
10
0.9765078346456693
20
0.3206662992125984
11
0.9782394094488189
21
0.3189347244094488
0
LINE
8
BLACK
6
CONTINUOUS
10
0.9782394094488189
20
0.3189347244094488
11
0.9819076771653543
21
0.3171005905511811
0
LINE
8
BLACK
6
CONTINUOUS
10
0.9819076771653543
20
0.3171005905511811
11
0.9969593700787401
21
0.3171005905511811
0
LINE
8
BLACK
6
CONTINUOUS
10
0.9969593700787401
20
0.3171005905511811
11
0.9969593700787401
21
0.3371958267716536
0
LINE
8
BLACK
6
CONTINUOUS
10
0.9969593700787401
20
0.3371958267716536
11
0.9819076771653543
21
0.3371958267716536
0
LINE
8
BLACK
6
CONTINUOUS
10
0.9819076771653543
20
0.3371958267716536
11
0.9782393307086614
21
0.3353616535433071
0
LINE
8
BLACK
6
CONTINUOUS
10
0.7524837401574803
20
0.3408991338582677
11
0.7533811811023622
21
0.3396590551181102
0
LINE
8
BLACK
6
CONTINUOUS
10
0.7533811811023622
20
0.3396590551181102
11
0.7624976771653543
21
0.3013696062992126
0
LINE
8
BLACK
6
CONTINUOUS
10
0.7624976771653543
20
0.3013696062992126
11
0.7692173228346456
21
0.3265683070866142
0
LINE
8
BLACK
6
CONTINUOUS
10
0.7692173228346456
20
0.3265683070866142
11
0.7693829921259843
21
0.3267848031496063
0
LINE
8
BLACK
6
CONTINUOUS
10
0.7693829921259843
20
0.3267848031496063
11
0.769418937007874
21
0.3270550787401575
0
LINE
8
BLACK
6
CONTINUOUS
10
0.769418937007874
20
0.3270550787401575
11
0.7698317322834646
21
0.327371062992126
0
LINE
8
BLACK
6
CONTINUOUS
10
0.7698317322834646
20
0.327371062992126
11
0.770147716535433
21
0.3277838582677166
0
LINE
8
BLACK
6
CONTINUOUS
10
0.770147716535433
20
0.3277838582677166
11
0.7704179921259843
21
0.3278198031496063
0
LINE
8
BLACK
6
CONTINUOUS
10
0.7704179921259843
20
0.3278198031496063
11
0.7706344881889764
21
0.3279854724409449
0
LINE
8
BLACK
6
CONTINUOUS
10
0.7706344881889764
20
0.3279854724409449
11
0.7711498031496062
21
0.3279170078740157
0
LINE
8
BLACK
6
CONTINUOUS
10
0.7711498031496062
20
0.3279170078740157
11
0.7716651181102362
21
0.3279854724409449
0
LINE
8
BLACK
6
CONTINUOUS
10
0.7716651181102362
20
0.3279854724409449
11
0.7718815748031496
21
0.3278198031496063
0
LINE
8
BLACK
6
CONTINUOUS
10
0.7718815748031496
20
0.3278198031496063
11
0.7721518897637795
21
0.3277838582677166
0
LINE
8
BLACK
6
CONTINUOUS
10
0.7721518897637795
20
0.3277838582677166
11
0.7724678346456693
21
0.327371062992126
0
LINE
8
BLACK
6
CONTINUOUS
10
0.7724678346456693
20
0.327371062992126
11
0.7728806692913386
21
0.3270550787401575
0
LINE
8
BLACK
6
CONTINUOUS
10
0.7728806692913386
20
0.3270550787401575
11
0.7729165748031496
21
0.3267848031496063
0
LINE
8
BLACK
6
CONTINUOUS
10
0.7729165748031496
20
0.3267848031496063
11
0.7730822834645669
21
0.3265683070866142
0
LINE
8
BLACK
6
CONTINUOUS
10
0.7730822834645669
20
0.3265683070866142
11
0.7798019291338583
21
0.3013696456692913
0
LINE
8
BLACK
6
CONTINUOUS
10
0.7798019291338583
20
0.3013696456692913
11
0.7889184645669292
21
0.3396590551181102
0
LINE
8
BLACK
6
CONTINUOUS
10
0.7889184645669292
20
0.3396590551181102
11
0.789815905511811
21
0.3408991338582677
0
LINE
8
BLACK
6
CONTINUOUS
10
0.789815905511811
20
0.3408991338582677
11
0.7913273228346457
21
0.3411414173228347
0
LINE
8
BLACK
6
CONTINUOUS
10
0.7913273228346457
20
0.3411414173228347
11
0.7925674015748031
21
0.3402440157480315
0
LINE
8
BLACK
6
CONTINUOUS
10
0.7925674015748031
20
0.3402440157480315
11
0.7928096850393701
21
0.3387325590551181
0
LINE
8
BLACK
6
CONTINUOUS
10
0.7928096850393701
20
0.3387325590551181
11
0.7818573622047243
21
0.2927325984251968
0
LINE
8
BLACK
6
CONTINUOUS
10
0.7818573622047243
20
0.2927325984251968
11
0.781681968503937
21
0.2924902755905512
0
LINE
8
BLACK
6
CONTINUOUS
10
0.781681968503937
20
0.2924902755905512
11
0.7816425984251968
21
0.292193779527559
0
LINE
8
BLACK
6
CONTINUOUS
10
0.7816425984251968
20
0.292193779527559
11
0.781249842519685
21
0.2918931889763779
0
LINE
8
BLACK
6
CONTINUOUS
10
0.781249842519685
20
0.2918931889763779
11
0.7809599212598425
21
0.2914925196850394
0
LINE
8
BLACK
6
CONTINUOUS
10
0.7809599212598425
20
0.2914925196850394
11
0.7806645669291339
21
0.2914451968503937
0
LINE
8
BLACK
6
CONTINUOUS
10
0.7806645669291339
20
0.2914451968503937
11
0.7804270472440945
21
0.2912633464566929
0
LINE
8
BLACK
6
CONTINUOUS
10
0.7804270472440945
20
0.2912633464566929
11
0.779936811023622
21
0.2913285039370079
0
LINE
8
BLACK
6
CONTINUOUS
10
0.779936811023622
20
0.2913285039370079
11
0.7794485039370078
21
0.2912501968503937
0
LINE
8
BLACK
6
CONTINUOUS
10
0.7794485039370078
20
0.2912501968503937
11
0.7792061023622047
21
0.2914256299212598
0
LINE
8
BLACK
6
CONTINUOUS
10
0.7792061023622047
20
0.2914256299212598
11
0.7789096456692913
21
0.291465
0
LINE
8
BLACK
6
CONTINUOUS
10
0.7789096456692913
20
0.291465
11
0.7786090551181102
21
0.2918577165354331
0
LINE
8
BLACK
6
CONTINUOUS
10
0.7786090551181102
20
0.2918577165354331
11
0.7782084251968504
21
0.2921476377952756
0
LINE
8
BLACK
6
CONTINUOUS
10
0.7782084251968504
20
0.2921476377952756
11
0.778161062992126
21
0.2924429921259842
0
LINE
8
BLACK
6
CONTINUOUS
10
0.778161062992126
20
0.2924429921259842
11
0.7779792519685039
21
0.2926805118110236
0
LINE
8
BLACK
6
CONTINUOUS
10
0.7779792519685039
20
0.2926805118110236
11
0.7711498031496062
21
0.318290905511811
0
LINE
8
BLACK
6
CONTINUOUS
10
0.7711498031496062
20
0.318290905511811
11
0.7643203937007874
21
0.2926805118110236
0
LINE
8
BLACK
6
CONTINUOUS
10
0.7643203937007874
20
0.2926805118110236
11
0.7641385433070866
21
0.2924429527559055
0
LINE
8
BLACK
6
CONTINUOUS
10
0.7641385433070866
20
0.2924429527559055
11
0.7640912204724409
21
0.2921476377952756
0
LINE
8
BLACK
6
CONTINUOUS
10
0.7640912204724409
20
0.2921476377952756
11
0.7636906299212598
21
0.2918577952755905
0
LINE
8
BLACK
6
CONTINUOUS
10
0.7636906299212598
20
0.2918577952755905
11
0.76339
21
0.2914649606299213
0
LINE
8
BLACK
6
CONTINUOUS
10
0.76339
20
0.2914649606299213
11
0.7630933858267717
21
0.2914255905511811
0
LINE
8
BLACK
6
CONTINUOUS
10
0.7630933858267717
20
0.2914255905511811
11
0.7628511417322834
21
0.2912502362204724
0
LINE
8
BLACK
6
CONTINUOUS
10
0.7628511417322834
20
0.2912502362204724
11
0.7623629133858267
21
0.2913285039370079
0
LINE
8
BLACK
6
CONTINUOUS
10
0.7623629133858267
20
0.2913285039370079
11
0.7618725984251968
21
0.2912633464566929
0
LINE
8
BLACK
6
CONTINUOUS
10
0.7618725984251968
20
0.2912633464566929
11
0.761635
21
0.2914451968503937
0
LINE
8
BLACK
6
CONTINUOUS
10
0.761635
20
0.2914451968503937
11
0.7613397244094487
21
0.2914925196850394
0
LINE
8
BLACK
6
CONTINUOUS
10
0.7613397244094487
20
0.2914925196850394
11
0.7610498031496062
21
0.2918931102362204
0
LINE
8
BLACK
6
CONTINUOUS
10
0.7610498031496062
20
0.2918931102362204
11
0.7606570472440944
21
0.2921937401574803
0
LINE
8
BLACK
6
CONTINUOUS
10
0.7606570472440944
20
0.2921937401574803
11
0.7606176377952756
21
0.2924903149606299
0
LINE
8
BLACK
6
CONTINUOUS
10
0.7606176377952756
20
0.2924903149606299
11
0.7604422834645669
21
0.2927325984251968
0
LINE
8
BLACK
6
CONTINUOUS
10
0.7604422834645669
20
0.2927325984251968
11
0.7494899212598425
21
0.3387325984251968
0
LINE
8
BLACK
6
CONTINUOUS
10
0.7494899212598425
20
0.3387325984251968
11
0.7497322440944881
21
0.3402440157480315
0
LINE
8
BLACK
6
CONTINUOUS
10
0.7497322440944881
20
0.3402440157480315
11
0.7509723228346457
21
0.3411414566929134
0
LINE
8
BLACK
6
CONTINUOUS
10
0.7509723228346457
20
0.3411414566929134
11
0.7524837401574803
21
0.3408991338582677
0
LINE
8
BLACK
6
CONTINUOUS
10
0.7586354724409449
20
0.4281100393700787
11
0.7592212598425196
21
0.4266958267716535
0
LINE
8
BLACK
6
CONTINUOUS
10
0.7592212598425196
20
0.4266958267716535
11
0.7592212598425196
21
0.3806958267716535
0
LINE
8
BLACK
6
CONTINUOUS
10
0.7592212598425196
20
0.3806958267716535
11
0.7586354724409449
21
0.3792816141732284
0
LINE
8
BLACK
6
CONTINUOUS
10
0.7586354724409449
20
0.3792816141732284
11
0.7572212598425196
21
0.3786958267716535
0
LINE
8
BLACK
6
CONTINUOUS
10
0.7572212598425196
20
0.3786958267716535
11
0.7396974409448819
21
0.3786958267716535
0
LINE
8
BLACK
6
CONTINUOUS
10
0.7396974409448819
20
0.3786958267716535
11
0.7392673622047244
21
0.3788739763779527
0
LINE
8
BLACK
6
CONTINUOUS
10
0.7392673622047244
20
0.3788739763779527
11
0.7388029921259842
21
0.378906968503937
0
LINE
8
BLACK
6
CONTINUOUS
10
0.7388029921259842
20
0.378906968503937
11
0.7344220866141732
21
0.3810974409448819
0
LINE
8
BLACK
6
CONTINUOUS
10
0.7344220866141732
20
0.3810974409448819
11
0.7342064173228346
21
0.3813461417322835
0
LINE
8
BLACK
6
CONTINUOUS
10
0.7342064173228346
20
0.3813461417322835
11
0.7339022834645669
21
0.3814720866141732
0
LINE
8
BLACK
6
CONTINUOUS
10
0.7339022834645669
20
0.3814720866141732
11
0.731711811023622
21
0.3836625984251968
0
LINE
8
BLACK
6
CONTINUOUS
10
0.731711811023622
20
0.3836625984251968
11
0.7315858267716535
21
0.3839667322834646
0
LINE
8
BLACK
6
CONTINUOUS
10
0.7315858267716535
20
0.3839667322834646
11
0.7313371653543307
21
0.3841824015748032
0
LINE
8
BLACK
6
CONTINUOUS
10
0.7313371653543307
20
0.3841824015748032
11
0.7291466929133859
21
0.3885633464566929
0
LINE
8
BLACK
6
CONTINUOUS
10
0.7291466929133859
20
0.3885633464566929
11
0.7291136614173228
21
0.3890277165354331
0
LINE
8
BLACK
6
CONTINUOUS
10
0.7291136614173228
20
0.3890277165354331
11
0.7289355511811023
21
0.3894577559055118
0
LINE
8
BLACK
6
CONTINUOUS
10
0.7289355511811023
20
0.3894577559055118
11
0.7289355511811023
21
0.3960291732283465
0
LINE
8
BLACK
6
CONTINUOUS
10
0.7289355511811023
20
0.3960291732283465
11
0.7291136614173228
21
0.3964592519685039
0
LINE
8
BLACK
6
CONTINUOUS
10
0.7291136614173228
20
0.3964592519685039
11
0.7291466929133859
21
0.3969235826771653
0
LINE
8
BLACK
6
CONTINUOUS
10
0.7291466929133859
20
0.3969235826771653
11
0.7313371653543307
21
0.4013045275590551
0
LINE
8
BLACK
6
CONTINUOUS
10
0.7313371653543307
20
0.4013045275590551
11
0.7315858267716535
21
0.4015202362204724
0
LINE
8
BLACK
6
CONTINUOUS
10
0.7315858267716535
20
0.4015202362204724
11
0.731711811023622
21
0.4018243307086614
0
LINE
8
BLACK
6
CONTINUOUS
10
0.731711811023622
20
0.4018243307086614
11
0.7339022834645669
21
0.4040148031496063
0
LINE
8
BLACK
6
CONTINUOUS
10
0.7339022834645669
20
0.4040148031496063
11
0.7343323622047244
21
0.4041929921259843
0
LINE
8
BLACK
6
CONTINUOUS
10
0.7343323622047244
20
0.4041929921259843
11
0.7346840551181102
21
0.4044979527559055
0
LINE
8
BLACK
6
CONTINUOUS
10
0.7346840551181102
20
0.4044979527559055
11
0.7366748425196851
21
0.4051615748031496
0
LINE
8
BLACK
6
CONTINUOUS
10
0.7366748425196851
20
0.4051615748031496
11
0.7366125196850394
21
0.405192716535433
0
LINE
8
BLACK
6
CONTINUOUS
10
0.7366125196850394
20
0.405192716535433
11
0.736396811023622
21
0.4054414173228346
0
LINE
8
BLACK
6
CONTINUOUS
10
0.736396811023622
20
0.4054414173228346
11
0.7360927559055118
21
0.4055673622047244
0
LINE
8
BLACK
6
CONTINUOUS
10
0.7360927559055118
20
0.4055673622047244
11
0.7339022834645669
21
0.4077578346456693
0
LINE
8
BLACK
6
CONTINUOUS
10
0.7339022834645669
20
0.4077578346456693
11
0.7337762992125985
21
0.408061968503937
0
LINE
8
BLACK
6
CONTINUOUS
10
0.7337762992125985
20
0.408061968503937
11
0.7335276377952755
21
0.4082776377952756
0
LINE
8
BLACK
6
CONTINUOUS
10
0.7335276377952755
20
0.4082776377952756
11
0.7313371653543307
21
0.4126585826771653
0
LINE
8
BLACK
6
CONTINUOUS
10
0.7313371653543307
20
0.4126585826771653
11
0.7313041338582676
21
0.4131229527559055
0
LINE
8
BLACK
6
CONTINUOUS
10
0.7313041338582676
20
0.4131229527559055
11
0.7311260236220473
21
0.4135529921259842
0
LINE
8
BLACK
6
CONTINUOUS
10
0.7311260236220473
20
0.4135529921259842
11
0.7311260236220473
21
0.417933937007874
0
LINE
8
BLACK
6
CONTINUOUS
10
0.7311260236220473
20
0.417933937007874
11
0.7313041338582676
21
0.4183640157480315
0
LINE
8
BLACK
6
CONTINUOUS
10
0.7313041338582676
20
0.4183640157480315
11
0.7313371653543307
21
0.4188283464566929
0
LINE
8
BLACK
6
CONTINUOUS
10
0.7313371653543307
20
0.4188283464566929
11
0.7335276377952755
21
0.4232092913385826
0
LINE
8
BLACK
6
CONTINUOUS
10
0.7335276377952755
20
0.4232092913385826
11
0.7337762992125985
21
0.423425
0
LINE
8
BLACK
6
CONTINUOUS
10
0.7337762992125985
20
0.423425
11
0.7339022834645669
21
0.423729094488189
0
LINE
8
BLACK
6
CONTINUOUS
10
0.7339022834645669
20
0.423729094488189
11
0.7360927559055118
21
0.4259195669291339
0
LINE
8
BLACK
6
CONTINUOUS
10
0.7360927559055118
20
0.4259195669291339
11
0.7363968897637795
21
0.4260455511811024
0
LINE
8
BLACK
6
CONTINUOUS
10
0.7363968897637795
20
0.4260455511811024
11
0.7366125590551181
21
0.4262942125984252
0
LINE
8
BLACK
6
CONTINUOUS
10
0.7366125590551181
20
0.4262942125984252
11
0.7409934645669292
21
0.4284846850393701
0
LINE
8
BLACK
6
CONTINUOUS
10
0.7409934645669292
20
0.4284846850393701
11
0.7414578346456693
21
0.4285177165354331
0
LINE
8
BLACK
6
CONTINUOUS
10
0.7414578346456693
20
0.4285177165354331
11
0.7418879133858267
21
0.4286958267716535
0
LINE
8
BLACK
6
CONTINUOUS
10
0.7418879133858267
20
0.4286958267716535
11
0.7572212598425196
21
0.4286958267716535
0
LINE
8
BLACK
6
CONTINUOUS
10
0.7572212598425196
20
0.4286958267716535
11
0.7586354724409449
21
0.4281100393700787
0
LINE
8
BLACK
6
CONTINUOUS
10
0.7363968503937007
20
0.4008525590551181
11
0.7347697244094488
21
0.3992254330708661
0
LINE
8
BLACK
6
CONTINUOUS
10
0.7347697244094488
20
0.3992254330708661
11
0.7329355511811023
21
0.3955570472440945
0
LINE
8
BLACK
6
CONTINUOUS
10
0.7329355511811023
20
0.3955570472440945
11
0.7329355511811023
21
0.3899299212598425
0
LINE
8
BLACK
6
CONTINUOUS
10
0.7329355511811023
20
0.3899299212598425
11
0.7347697244094488
21
0.3862615354330708
0
LINE
8
BLACK
6
CONTINUOUS
10
0.7347697244094488
20
0.3862615354330708
11
0.7365012992125984
21
0.3845299606299212
0
LINE
8
BLACK
6
CONTINUOUS
10
0.7365012992125984
20
0.3845299606299212
11
0.7401695669291338
21
0.3826958267716535
0
LINE
8
BLACK
6
CONTINUOUS
10
0.7401695669291338
20
0.3826958267716535
11
0.7552212598425196
21
0.3826958267716535
0
LINE
8
BLACK
6
CONTINUOUS
10
0.7552212598425196
20
0.3826958267716535
11
0.7552212598425196
21
0.402791062992126
0
LINE
8
BLACK
6
CONTINUOUS
10
0.7552212598425196
20
0.402791062992126
11
0.7422124803149606
21
0.402791062992126
0
LINE
8
BLACK
6
CONTINUOUS
10
0.7422124803149606
20
0.402791062992126
11
0.7363968503937007
21
0.4008525590551181
0
LINE
8
BLACK
6
CONTINUOUS
10
0.7386916929133858
20
0.4228616535433071
11
0.7369601968503937
21
0.4211301968503937
0
LINE
8
BLACK
6
CONTINUOUS
10
0.7369601968503937
20
0.4211301968503937
11
0.7351260236220473
21
0.4174618110236221
0
LINE
8
BLACK
6
CONTINUOUS
10
0.7351260236220473
20
0.4174618110236221
11
0.7351260236220473
21
0.4140251574803149
0
LINE
8
BLACK
6
CONTINUOUS
10
0.7351260236220473
20
0.4140251574803149
11
0.7369601968503937
21
0.4103567716535433
0
LINE
8
BLACK
6
CONTINUOUS
10
0.7369601968503937
20
0.4103567716535433
11
0.7386916535433071
21
0.4086253149606299
0
LINE
8
BLACK
6
CONTINUOUS
10
0.7386916535433071
20
0.4086253149606299
11
0.7423600787401574
21
0.406791062992126
0
LINE
8
BLACK
6
CONTINUOUS
10
0.7423600787401574
20
0.406791062992126
11
0.7552212598425196
21
0.406791062992126
0
LINE
8
BLACK
6
CONTINUOUS
10
0.7552212598425196
20
0.406791062992126
11
0.7552212598425196
21
0.4246958267716535
0
LINE
8
BLACK
6
CONTINUOUS
10
0.7552212598425196
20
0.4246958267716535
11
0.7423600393700788
21
0.4246958267716535
0
LINE
8
BLACK
6
CONTINUOUS
10
0.7423600393700788
20
0.4246958267716535
11
0.7386916929133858
21
0.4228616535433071
0
LINE
8
BLACK
6
CONTINUOUS
10
0.8353021653543307
20
0.4281100393700787
11
0.8358879527559054
21
0.4266958267716535
0
LINE
8
BLACK
6
CONTINUOUS
10
0.8358879527559054
20
0.4266958267716535
11
0.8358879527559054
21
0.3806958267716535
0
LINE
8
BLACK
6
CONTINUOUS
10
0.8358879527559054
20
0.3806958267716535
11
0.8353021653543307
21
0.3792816141732284
0
LINE
8
BLACK
6
CONTINUOUS
10
0.8353021653543307
20
0.3792816141732284
11
0.8338879527559055
21
0.3786958267716535
0
LINE
8
BLACK
6
CONTINUOUS
10
0.8338879527559055
20
0.3786958267716535
11
0.8119831889763779
21
0.3786958267716535
0
LINE
8
BLACK
6
CONTINUOUS
10
0.8119831889763779
20
0.3786958267716535
11
0.8105689763779528
21
0.3792816141732284
0
LINE
8
BLACK
6
CONTINUOUS
10
0.8105689763779528
20
0.3792816141732284
11
0.8099831889763779
21
0.3806958267716535
0
LINE
8
BLACK
6
CONTINUOUS
10
0.8099831889763779
20
0.3806958267716535
11
0.8105689763779528
21
0.3821100393700788
0
LINE
8
BLACK
6
CONTINUOUS
10
0.8105689763779528
20
0.3821100393700788
11
0.8119831889763779
21
0.3826958267716535
0
LINE
8
BLACK
6
CONTINUOUS
10
0.8119831889763779
20
0.3826958267716535
11
0.8318879527559055
21
0.3826958267716535
0
LINE
8
BLACK
6
CONTINUOUS
10
0.8318879527559055
20
0.3826958267716535
11
0.8318879527559055
21
0.4266958267716535
0
LINE
8
BLACK
6
CONTINUOUS
10
0.8318879527559055
20
0.4266958267716535
11
0.8324737401574803
21
0.4281100393700787
0
LINE
8
BLACK
6
CONTINUOUS
10
0.8324737401574803
20
0.4281100393700787
11
0.8338879527559055
21
0.4286958267716535
0
LINE
8
BLACK
6
CONTINUOUS
10
0.8338879527559055
20
0.4286958267716535
11
0.8353021653543307
21
0.4281100393700787
0
LINE
8
BLACK
6
CONTINUOUS
10
0.8868657480314961
20
0.4285275196850394
11
0.8873051574803149
21
0.4285081889763779
0
LINE
8
BLACK
6
CONTINUOUS
10
0.8873051574803149
20
0.4285081889763779
11
0.8875451968503937
21
0.428246062992126
0
LINE
8
BLACK
6
CONTINUOUS
10
0.8875451968503937
20
0.428246062992126
11
0.8878735826771653
21
0.4281100393700787
0
LINE
8
BLACK
6
CONTINUOUS
10
0.8878735826771653
20
0.4281100393700787
11
0.8880418897637795
21
0.4277036614173228
0
LINE
8
BLACK
6
CONTINUOUS
10
0.8880418897637795
20
0.4277036614173228
11
0.888338937007874
21
0.4273792913385827
0
LINE
8
BLACK
6
CONTINUOUS
10
0.888338937007874
20
0.4273792913385827
11
0.8883233070866141
21
0.4270242519685039
0
LINE
8
BLACK
6
CONTINUOUS
10
0.8883233070866141
20
0.4270242519685039
11
0.8884593700787401
21
0.4266958267716535
0
LINE
8
BLACK
6
CONTINUOUS
10
0.8884593700787401
20
0.4266958267716535
11
0.8884593700787401
21
0.3806958267716535
0
LINE
8
BLACK
6
CONTINUOUS
10
0.8884593700787401
20
0.3806958267716535
11
0.8878735826771653
21
0.3792816141732284
0
LINE
8
BLACK
6
CONTINUOUS
10
0.8878735826771653
20
0.3792816141732284
11
0.8864593700787401
21
0.3786958267716535
0
LINE
8
BLACK
6
CONTINUOUS
10
0.8864593700787401
20
0.3786958267716535
11
0.885045157480315
21
0.3792816141732284
0
LINE
8
BLACK
6
CONTINUOUS
10
0.885045157480315
20
0.3792816141732284
11
0.8844593700787401
21
0.3806958267716535
0
LINE
8
BLACK
6
CONTINUOUS
10
0.8844593700787401
20
0.3806958267716535
11
0.8844593700787401
21
0.4176807086614173
0
LINE
8
BLACK
6
CONTINUOUS
10
0.8844593700787401
20
0.4176807086614173
11
0.8729383858267716
21
0.3929929133858268
0
LINE
8
BLACK
6
CONTINUOUS
10
0.8729383858267716
20
0.3929929133858268
11
0.872433937007874
21
0.3925309842519685
0
LINE
8
BLACK
6
CONTINUOUS
10
0.872433937007874
20
0.3925309842519685
11
0.871971811023622
21
0.3920263385826772
0
LINE
8
BLACK
6
CONTINUOUS
10
0.871971811023622
20
0.3920263385826772
11
0.8718784251968503
21
0.3920222440944882
0
LINE
8
BLACK
6
CONTINUOUS
10
0.8718784251968503
20
0.3920222440944882
11
0.8718095275590551
21
0.3919591338582677
0
LINE
8
BLACK
6
CONTINUOUS
10
0.8718095275590551
20
0.3919591338582677
11
0.8711262598425197
21
0.3919891732283464
0
LINE
8
BLACK
6
CONTINUOUS
10
0.8711262598425197
20
0.3919891732283464
11
0.8704425590551181
21
0.3919590944881889
0
LINE
8
BLACK
6
CONTINUOUS
10
0.8704425590551181
20
0.3919590944881889
11
0.8703735826771654
21
0.3920222440944882
0
LINE
8
BLACK
6
CONTINUOUS
10
0.8703735826771654
20
0.3920222440944882
11
0.8702802362204725
21
0.3920263385826772
0
LINE
8
BLACK
6
CONTINUOUS
10
0.8702802362204725
20
0.3920263385826772
11
0.869818188976378
21
0.3925308661417323
0
LINE
8
BLACK
6
CONTINUOUS
10
0.869818188976378
20
0.3925308661417323
11
0.8693136614173228
21
0.3929929133858268
0
LINE
8
BLACK
6
CONTINUOUS
10
0.8693136614173228
20
0.3929929133858268
11
0.8577927165354331
21
0.4176807086614173
0
LINE
8
BLACK
6
CONTINUOUS
10
0.8577927165354331
20
0.4176807086614173
11
0.8577927165354331
21
0.3806958267716535
0
LINE
8
BLACK
6
CONTINUOUS
10
0.8577927165354331
20
0.3806958267716535
11
0.8572069291338582
21
0.3792816141732284
0
LINE
8
BLACK
6
CONTINUOUS
10
0.8572069291338582
20
0.3792816141732284
11
0.8557927165354331
21
0.3786958267716535
0
LINE
8
BLACK
6
CONTINUOUS
10
0.8557927165354331
20
0.3786958267716535
11
0.8543785039370079
21
0.3792816141732284
0
LINE
8
BLACK
6
CONTINUOUS
10
0.8543785039370079
20
0.3792816141732284
11
0.8537927165354331
21
0.3806958267716535
0
LINE
8
BLACK
6
CONTINUOUS
10
0.8537927165354331
20
0.3806958267716535
11
0.8537927165354331
21
0.4266958267716535
0
LINE
8
BLACK
6
CONTINUOUS
10
0.8537927165354331
20
0.4266958267716535
11
0.8539287401574803
21
0.4270242519685039
0
LINE
8
BLACK
6
CONTINUOUS
10
0.8539287401574803
20
0.4270242519685039
11
0.8539131496062992
21
0.4273793307086614
0
LINE
8
BLACK
6
CONTINUOUS
10
0.8539131496062992
20
0.4273793307086614
11
0.8542101574803149
21
0.4277037007874016
0
LINE
8
BLACK
6
CONTINUOUS
10
0.8542101574803149
20
0.4277037007874016
11
0.8543785039370079
21
0.4281100393700787
0
LINE
8
BLACK
6
CONTINUOUS
10
0.8543785039370079
20
0.4281100393700787
11
0.8547068503937008
21
0.428246062992126
0
LINE
8
BLACK
6
CONTINUOUS
10
0.8547068503937008
20
0.428246062992126
11
0.8549469291338583
21
0.4285081889763779
0
LINE
8
BLACK
6
CONTINUOUS
10
0.8549469291338583
20
0.4285081889763779
11
0.8553862992125985
21
0.4285275196850394
0
LINE
8
BLACK
6
CONTINUOUS
10
0.8553862992125985
20
0.4285275196850394
11
0.8557927165354331
21
0.4286958267716535
0
LINE
8
BLACK
6
CONTINUOUS
10
0.8557927165354331
20
0.4286958267716535
11
0.8561211023622047
21
0.4285598031496063
0
LINE
8
BLACK
6
CONTINUOUS
10
0.8561211023622047
20
0.4285598031496063
11
0.8564762204724409
21
0.4285753937007874
0
LINE
8
BLACK
6
CONTINUOUS
10
0.8564762204724409
20
0.4285753937007874
11
0.8568005511811023
21
0.4282783858267716
0
LINE
8
BLACK
6
CONTINUOUS
10
0.8568005511811023
20
0.4282783858267716
11
0.8572069291338582
21
0.4281100393700787
0
LINE
8
BLACK
6
CONTINUOUS
10
0.8572069291338582
20
0.4281100393700787
11
0.8573429133858268
21
0.4277816929133858
0
LINE
8
BLACK
6
CONTINUOUS
10
0.8573429133858268
20
0.4277816929133858
11
0.8576050787401575
21
0.4275416141732283
0
LINE
8
BLACK
6
CONTINUOUS
10
0.8576050787401575
20
0.4275416141732283
11
0.8711259842519685
21
0.3985681102362205
0
LINE
8
BLACK
6
CONTINUOUS
10
0.8711259842519685
20
0.3985681102362205
11
0.8846470078740157
21
0.4275416141732283
0
LINE
8
BLACK
6
CONTINUOUS
10
0.8846470078740157
20
0.4275416141732283
11
0.8849091338582677
21
0.4277816929133858
0
LINE
8
BLACK
6
CONTINUOUS
10
0.8849091338582677
20
0.4277816929133858
11
0.885045157480315
21
0.4281100393700787
0
LINE
8
BLACK
6
CONTINUOUS
10
0.885045157480315
20
0.4281100393700787
11
0.8854514960629921
21
0.4282783858267716
0
LINE
8
BLACK
6
CONTINUOUS
10
0.8854514960629921
20
0.4282783858267716
11
0.8857758661417323
21
0.4285753937007874
0
LINE
8
BLACK
6
CONTINUOUS
10
0.8857758661417323
20
0.4285753937007874
11
0.8861309448818897
21
0.4285598031496063
0
LINE
8
BLACK
6
CONTINUOUS
10
0.8861309448818897
20
0.4285598031496063
11
0.8864593700787401
21
0.4286958267716535
0
LINE
8
BLACK
6
CONTINUOUS
10
0.8864593700787401
20
0.4286958267716535
11
0.8868657480314961
21
0.4285275196850394
0
LINE
8
BLACK
6
CONTINUOUS
10
0.7886332677165354
20
0.4284953149606299
11
0.7887823622047244
21
0.4284846850393701
0
LINE
8
BLACK
6
CONTINUOUS
10
0.7887823622047244
20
0.4284846850393701
11
0.789197716535433
21
0.4280057874015748
0
LINE
8
BLACK
6
CONTINUOUS
10
0.789197716535433
20
0.4280057874015748
11
0.7896768110236221
21
0.4275902755905512
0
LINE
8
BLACK
6
CONTINUOUS
10
0.7896768110236221
20
0.4275902755905512
11
0.7896874015748031
21
0.4274411811023622
0
LINE
8
BLACK
6
CONTINUOUS
10
0.7896874015748031
20
0.4274411811023622
11
0.7897853149606299
21
0.4273282677165354
0
LINE
8
BLACK
6
CONTINUOUS
10
0.7897853149606299
20
0.4273282677165354
11
0.805118622047244
21
0.3813282677165354
0
LINE
8
BLACK
6
CONTINUOUS
10
0.805118622047244
20
0.3813282677165354
11
0.8050101181102362
21
0.3798013779527559
0
LINE
8
BLACK
6
CONTINUOUS
10
0.8050101181102362
20
0.3798013779527559
11
0.8038537007874016
21
0.3787984251968504
0
LINE
8
BLACK
6
CONTINUOUS
10
0.8038537007874016
20
0.3787984251968504
11
0.8023268503937008
21
0.378906968503937
0
LINE
8
BLACK
6
CONTINUOUS
10
0.8023268503937008
20
0.378906968503937
11
0.8013238976377952
21
0.3800633464566929
0
LINE
8
BLACK
6
CONTINUOUS
10
0.8013238976377952
20
0.3800633464566929
11
0.797398779527559
21
0.3918387007874016
0
LINE
8
BLACK
6
CONTINUOUS
10
0.797398779527559
20
0.3918387007874016
11
0.7783770866141733
21
0.3918387007874016
0
LINE
8
BLACK
6
CONTINUOUS
10
0.7783770866141733
20
0.3918387007874016
11
0.7744519685039369
21
0.3800633858267716
0
LINE
8
BLACK
6
CONTINUOUS
10
0.7744519685039369
20
0.3800633858267716
11
0.7734490157480315
21
0.378906968503937
0
LINE
8
BLACK
6
CONTINUOUS
10
0.7734490157480315
20
0.378906968503937
11
0.7719221653543307
21
0.3787984645669291
0
LINE
8
BLACK
6
CONTINUOUS
10
0.7719221653543307
20
0.3787984645669291
11
0.770765748031496
21
0.3798014173228346
0
LINE
8
BLACK
6
CONTINUOUS
10
0.770765748031496
20
0.3798014173228346
11
0.7706572440944882
21
0.3813282677165354
0
LINE
8
BLACK
6
CONTINUOUS
10
0.7706572440944882
20
0.3813282677165354
11
0.785990590551181
21
0.4273283070866142
0
LINE
8
BLACK
6
CONTINUOUS
10
0.785990590551181
20
0.4273283070866142
11
0.7860884645669292
21
0.4274412204724409
0
LINE
8
BLACK
6
CONTINUOUS
10
0.7860884645669292
20
0.4274412204724409
11
0.7860990944881889
21
0.4275902362204724
0
LINE
8
BLACK
6
CONTINUOUS
10
0.7860990944881889
20
0.4275902362204724
11
0.786578031496063
21
0.4280056299212598
0
LINE
8
BLACK
6
CONTINUOUS
10
0.786578031496063
20
0.4280056299212598
11
0.7869935433070866
21
0.4284846850393701
0
LINE
8
BLACK
6
CONTINUOUS
10
0.7869935433070866
20
0.4284846850393701
11
0.7871425984251968
21
0.4284953149606299
0
LINE
8
BLACK
6
CONTINUOUS
10
0.7871425984251968
20
0.4284953149606299
11
0.7872555118110236
21
0.4285931889763779
0
LINE
8
BLACK
6
CONTINUOUS
10
0.7872555118110236
20
0.4285931889763779
11
0.7878879527559055
21
0.4285482677165354
0
LINE
8
BLACK
6
CONTINUOUS
10
0.7878879527559055
20
0.4285482677165354
11
0.7885203937007874
21
0.4285931889763779
0
LINE
8
BLACK
6
CONTINUOUS
10
0.7885203937007874
20
0.4285931889763779
11
0.7886332677165354
21
0.4284953149606299
0
LINE
8
BLACK
6
CONTINUOUS
10
0.7797103937007874
20
0.3958387007874016
11
0.7960654724409448
21
0.3958387007874016
0
LINE
8
BLACK
6
CONTINUOUS
10
0.7960654724409448
20
0.3958387007874016
11
0.7878879133858268
21
0.4203712992125984
0
LINE
8
BLACK
6
CONTINUOUS
10
0.7878879133858268
20
0.4203712992125984
11
0.7797103937007874
21
0.3958387007874016
0
LINE
8
BLACK
6
CONTINUOUS
10
0.8373220866141732
20
0.4908037401574803
11
0.8377907086614172
21
0.4896723622047244
0
LINE
8
BLACK
6
CONTINUOUS
10
0.8377907086614172
20
0.4896723622047244
11
0.8377907086614172
21
0.4861675984251969
0
LINE
8
BLACK
6
CONTINUOUS
10
0.8377907086614172
20
0.4861675984251969
11
0.8376481889763779
21
0.4858235826771654
0
LINE
8
BLACK
6
CONTINUOUS
10
0.8376481889763779
20
0.4858235826771654
11
0.837621811023622
21
0.4854520472440945
0
LINE
8
BLACK
6
CONTINUOUS
10
0.837621811023622
20
0.4854520472440945
11
0.8358693700787402
21
0.4819472834645669
0
LINE
8
BLACK
6
CONTINUOUS
10
0.8358693700787402
20
0.4819472834645669
11
0.8356704330708661
21
0.4817748031496063
0
LINE
8
BLACK
6
CONTINUOUS
10
0.8356704330708661
20
0.4817748031496063
11
0.83556968503937
21
0.4815314566929134
0
LINE
8
BLACK
6
CONTINUOUS
10
0.83556968503937
20
0.4815314566929134
11
0.8347962992125985
21
0.4807580708661417
0
LINE
8
BLACK
6
CONTINUOUS
10
0.8347962992125985
20
0.4807580708661417
11
0.8361907086614173
21
0.4807580708661417
0
LINE
8
BLACK
6
CONTINUOUS
10
0.8361907086614173
20
0.4807580708661417
11
0.8373220866141732
21
0.4802894488188976
0
LINE
8
BLACK
6
CONTINUOUS
10
0.8373220866141732
20
0.4802894488188976
11
0.8377907086614172
21
0.4791580708661417
0
LINE
8
BLACK
6
CONTINUOUS
10
0.8377907086614172
20
0.4791580708661417
11
0.8373220866141732
21
0.4780266929133858
0
LINE
8
BLACK
6
CONTINUOUS
10
0.8373220866141732
20
0.4780266929133858
11
0.8361907086614173
21
0.4775580708661417
0
LINE
8
BLACK
6
CONTINUOUS
10
0.8361907086614173
20
0.4775580708661417
11
0.8116573622047244
21
0.4775580708661417
0
LINE
8
BLACK
6
CONTINUOUS
10
0.8116573622047244
20
0.4775580708661417
11
0.8105259842519685
21
0.4780266929133858
0
LINE
8
BLACK
6
CONTINUOUS
10
0.8105259842519685
20
0.4780266929133858
11
0.8100573622047244
21
0.4791580708661417
0
LINE
8
BLACK
6
CONTINUOUS
10
0.8100573622047244
20
0.4791580708661417
11
0.8105259842519685
21
0.4802894488188976
0
LINE
8
BLACK
6
CONTINUOUS
10
0.8105259842519685
20
0.4802894488188976
11
0.8116573622047244
21
0.4807580708661417
0
LINE
8
BLACK
6
CONTINUOUS
10
0.8116573622047244
20
0.4807580708661417
11
0.8288034251968504
21
0.4807580708661417
0
LINE
8
BLACK
6
CONTINUOUS
10
0.8288034251968504
20
0.4807580708661417
11
0.8317381496062992
21
0.4822254330708661
0
LINE
8
BLACK
6
CONTINUOUS
10
0.8317381496062992
20
0.4822254330708661
11
0.8331233070866142
21
0.4836105905511811
0
LINE
8
BLACK
6
CONTINUOUS
10
0.8331233070866142
20
0.4836105905511811
11
0.8345907086614173
21
0.4865453149606299
0
LINE
8
BLACK
6
CONTINUOUS
10
0.8345907086614173
20
0.4865453149606299
11
0.8345907086614173
21
0.4896723622047244
0
LINE
8
BLACK
6
CONTINUOUS
10
0.8345907086614173
20
0.4896723622047244
11
0.8350593307086615
21
0.4908037401574803
0
LINE
8
BLACK
6
CONTINUOUS
10
0.8350593307086615
20
0.4908037401574803
11
0.8361907086614173
21
0.4912723622047244
0
LINE
8
BLACK
6
CONTINUOUS
10
0.8361907086614173
20
0.4912723622047244
11
0.8373220866141732
21
0.4908037401574803
0
LINE
8
BLACK
6
CONTINUOUS
10
0.8295252755905511
20
0.52092031496063
11
0.8298967322834645
21
0.5208938976377953
0
LINE
8
BLACK
6
CONTINUOUS
10
0.8298967322834645
20
0.5208938976377953
11
0.8334014960629921
21
0.5191414960629921
0
LINE
8
BLACK
6
CONTINUOUS
10
0.8334014960629921
20
0.5191414960629921
11
0.8335739763779527
21
0.5189425984251969
0
LINE
8
BLACK
6
CONTINUOUS
10
0.8335739763779527
20
0.5189425984251969
11
0.8338173228346456
21
0.518841811023622
0
LINE
8
BLACK
6
CONTINUOUS
10
0.8338173228346456
20
0.518841811023622
11
0.83556968503937
21
0.5170894488188976
0
LINE
8
BLACK
6
CONTINUOUS
10
0.83556968503937
20
0.5170894488188976
11
0.8356704724409448
21
0.5168461417322835
0
LINE
8
BLACK
6
CONTINUOUS
10
0.8356704724409448
20
0.5168461417322835
11
0.8358693700787402
21
0.5166736220472441
0
LINE
8
BLACK
6
CONTINUOUS
10
0.8358693700787402
20
0.5166736220472441
11
0.837621811023622
21
0.5131688582677165
0
LINE
8
BLACK
6
CONTINUOUS
10
0.837621811023622
20
0.5131688582677165
11
0.8376481889763779
21
0.5127973622047244
0
LINE
8
BLACK
6
CONTINUOUS
10
0.8376481889763779
20
0.5127973622047244
11
0.8377907086614172
21
0.5124533070866142
0
LINE
8
BLACK
6
CONTINUOUS
10
0.8377907086614172
20
0.5124533070866142
11
0.8377907086614172
21
0.5071961417322834
0
LINE
8
BLACK
6
CONTINUOUS
10
0.8377907086614172
20
0.5071961417322834
11
0.8376481889763779
21
0.506852125984252
0
LINE
8
BLACK
6
CONTINUOUS
10
0.8376481889763779
20
0.506852125984252
11
0.837621811023622
21
0.5064805905511811
0
LINE
8
BLACK
6
CONTINUOUS
10
0.837621811023622
20
0.5064805905511811
11
0.8358693700787402
21
0.5029758267716535
0
LINE
8
BLACK
6
CONTINUOUS
10
0.8358693700787402
20
0.5029758267716535
11
0.8356704724409448
21
0.5028033464566929
0
LINE
8
BLACK
6
CONTINUOUS
10
0.8356704724409448
20
0.5028033464566929
11
0.83556968503937
21
0.50256
0
LINE
8
BLACK
6
CONTINUOUS
10
0.83556968503937
20
0.50256
11
0.8338173228346456
21
0.5008076377952756
0
LINE
8
BLACK
6
CONTINUOUS
10
0.8338173228346456
20
0.5008076377952756
11
0.8335739763779527
21
0.5007068897637795
0
LINE
8
BLACK
6
CONTINUOUS
10
0.8335739763779527
20
0.5007068897637795
11
0.8334014960629921
21
0.5005079527559055
0
LINE
8
BLACK
6
CONTINUOUS
10
0.8334014960629921
20
0.5005079527559055
11
0.8298967322834645
21
0.4987555511811024
0
LINE
8
BLACK
6
CONTINUOUS
10
0.8298967322834645
20
0.4987555511811024
11
0.8295252755905511
21
0.4987291732283464
0
LINE
8
BLACK
6
CONTINUOUS
10
0.8295252755905511
20
0.4987291732283464
11
0.8291811811023622
21
0.4985866141732284
0
LINE
8
BLACK
6
CONTINUOUS
10
0.8291811811023622
20
0.4985866141732284
11
0.8186668897637795
21
0.4985866141732284
0
LINE
8
BLACK
6
CONTINUOUS
10
0.8186668897637795
20
0.4985866141732284
11
0.8183228346456692
21
0.4987291338582677
0
LINE
8
BLACK
6
CONTINUOUS
10
0.8183228346456692
20
0.4987291338582677
11
0.8179513385826771
21
0.4987555118110236
0
LINE
8
BLACK
6
CONTINUOUS
10
0.8179513385826771
20
0.4987555118110236
11
0.8144465748031496
21
0.5005079527559055
0
LINE
8
BLACK
6
CONTINUOUS
10
0.8144465748031496
20
0.5005079527559055
11
0.8142740551181102
21
0.5007068503937008
0
LINE
8
BLACK
6
CONTINUOUS
10
0.8142740551181102
20
0.5007068503937008
11
0.814030748031496
21
0.5008076377952756
0
LINE
8
BLACK
6
CONTINUOUS
10
0.814030748031496
20
0.5008076377952756
11
0.8122783858267716
21
0.50256
0
LINE
8
BLACK
6
CONTINUOUS
10
0.8122783858267716
20
0.50256
11
0.8121775984251969
21
0.5028033464566929
0
LINE
8
BLACK
6
CONTINUOUS
10
0.8121775984251969
20
0.5028033464566929
11
0.8119787007874015
21
0.5029758267716535
0
LINE
8
BLACK
6
CONTINUOUS
10
0.8119787007874015
20
0.5029758267716535
11
0.8102262992125984
21
0.5064805905511811
0
LINE
8
BLACK
6
CONTINUOUS
10
0.8102262992125984
20
0.5064805905511811
11
0.8101998818897638
21
0.5068520472440945
0
LINE
8
BLACK
6
CONTINUOUS
10
0.8101998818897638
20
0.5068520472440945
11
0.8100573622047244
21
0.5071961417322834
0
LINE
8
BLACK
6
CONTINUOUS
10
0.8100573622047244
20
0.5071961417322834
11
0.8100573622047244
21
0.5124533070866142
0
LINE
8
BLACK
6
CONTINUOUS
10
0.8100573622047244
20
0.5124533070866142
11
0.8101998818897638
21
0.5127974409448819
0
LINE
8
BLACK
6
CONTINUOUS
10
0.8101998818897638
20
0.5127974409448819
11
0.8102262992125984
21
0.5131688582677165
0
LINE
8
BLACK
6
CONTINUOUS
10
0.8102262992125984
20
0.5131688582677165
11
0.8119787007874015
21
0.5166736220472441
0
LINE
8
BLACK
6
CONTINUOUS
10
0.8119787007874015
20
0.5166736220472441
11
0.8121775984251969
21
0.5168461417322835
0
LINE
8
BLACK
6
CONTINUOUS
10
0.8121775984251969
20
0.5168461417322835
11
0.8122783858267716
21
0.5170894488188976
0
LINE
8
BLACK
6
CONTINUOUS
10
0.8122783858267716
20
0.5170894488188976
11
0.814030748031496
21
0.518841811023622
0
LINE
8
BLACK
6
CONTINUOUS
10
0.814030748031496
20
0.518841811023622
11
0.8142740551181102
21
0.5189426377952756
0
LINE
8
BLACK
6
CONTINUOUS
10
0.8142740551181102
20
0.5189426377952756
11
0.8144465748031496
21
0.5191414960629921
0
LINE
8
BLACK
6
CONTINUOUS
10
0.8144465748031496
20
0.5191414960629921
11
0.8179513385826771
21
0.520893937007874
0
LINE
8
BLACK
6
CONTINUOUS
10
0.8179513385826771
20
0.520893937007874
11
0.8183228346456692
21
0.5209203543307086
0
LINE
8
BLACK
6
CONTINUOUS
10
0.8183228346456692
20
0.5209203543307086
11
0.8186668897637795
21
0.5210628346456693
0
LINE
8
BLACK
6
CONTINUOUS
10
0.8186668897637795
20
0.5210628346456693
11
0.8291811811023622
21
0.5210628346456693
0
LINE
8
BLACK
6
CONTINUOUS
10
0.8291811811023622
20
0.5210628346456693
11
0.8295252755905511
21
0.52092031496063
0
LINE
8
BLACK
6
CONTINUOUS
10
0.8161099606299212
20
0.5163955511811024
11
0.8147247244094488
21
0.5150103149606299
0
LINE
8
BLACK
6
CONTINUOUS
10
0.8147247244094488
20
0.5150103149606299
11
0.8132573622047244
21
0.5120756299212599
0
LINE
8
BLACK
6
CONTINUOUS
10
0.8132573622047244
20
0.5120756299212599
11
0.8132573622047244
21
0.5075738582677165
0
LINE
8
BLACK
6
CONTINUOUS
10
0.8132573622047244
20
0.5075738582677165
11
0.8147247244094488
21
0.5046391732283464
0
LINE
8
BLACK
6
CONTINUOUS
10
0.8147247244094488
20
0.5046391732283464
11
0.8161099606299212
21
0.503253937007874
0
LINE
8
BLACK
6
CONTINUOUS
10
0.8161099606299212
20
0.503253937007874
11
0.8190445669291339
21
0.5017866141732283
0
LINE
8
BLACK
6
CONTINUOUS
10
0.8190445669291339
20
0.5017866141732283
11
0.8288035039370079
21
0.5017866141732283
0
LINE
8
BLACK
6
CONTINUOUS
10
0.8288035039370079
20
0.5017866141732283
11
0.8317381496062992
21
0.5032540157480315
0
LINE
8
BLACK
6
CONTINUOUS
10
0.8317381496062992
20
0.5032540157480315
11
0.8331233858267716
21
0.5046392519685039
0
LINE
8
BLACK
6
CONTINUOUS
10
0.8331233858267716
20
0.5046392519685039
11
0.8345907086614173
21
0.5075738582677165
0
LINE
8
BLACK
6
CONTINUOUS
10
0.8345907086614173
20
0.5075738582677165
11
0.8345907086614173
21
0.5120756299212599
0
LINE
8
BLACK
6
CONTINUOUS
10
0.8345907086614173
20
0.5120756299212599
11
0.8331233858267716
21
0.5150102362204725
0
LINE
8
BLACK
6
CONTINUOUS
10
0.8331233858267716
20
0.5150102362204725
11
0.8317381496062992
21
0.5163954724409449
0
LINE
8
BLACK
6
CONTINUOUS
10
0.8317381496062992
20
0.5163954724409449
11
0.8288035039370079
21
0.5178628346456693
0
LINE
8
BLACK
6
CONTINUOUS
10
0.8288035039370079
20
0.5178628346456693
11
0.8190445669291339
21
0.5178628346456693
0
LINE
8
BLACK
6
CONTINUOUS
10
0.8190445669291339
20
0.5178628346456693
11
0.8161099606299212
21
0.5163955511811024
0
LINE
8
BLACK
6
CONTINUOUS
10
0.8312775590551181
20
0.5682346062992126
11
0.8316490944881889
21
0.5682081889763779
0
LINE
8
BLACK
6
CONTINUOUS
10
0.8316490944881889
20
0.5682081889763779
11
0.8351538188976377
21
0.5664558267716535
0
LINE
8
BLACK
6
CONTINUOUS
10
0.8351538188976377
20
0.5664558267716535
11
0.8354861417322834
21
0.5660726377952756
0
LINE
8
BLACK
6
CONTINUOUS
10
0.8354861417322834
20
0.5660726377952756
11
0.8358693700787402
21
0.5657402755905512
0
LINE
8
BLACK
6
CONTINUOUS
10
0.8358693700787402
20
0.5657402755905512
11
0.837621811023622
21
0.5622355118110236
0
LINE
8
BLACK
6
CONTINUOUS
10
0.837621811023622
20
0.5622355118110236
11
0.8376481889763779
21
0.5618640157480315
0
LINE
8
BLACK
6
CONTINUOUS
10
0.8376481889763779
20
0.5618640157480315
11
0.8377907086614172
21
0.5615199606299213
0
LINE
8
BLACK
6
CONTINUOUS
10
0.8377907086614172
20
0.5615199606299213
11
0.8377907086614172
21
0.5562628346456693
0
LINE
8
BLACK
6
CONTINUOUS
10
0.8377907086614172
20
0.5562628346456693
11
0.8376481889763779
21
0.5559188188976378
0
LINE
8
BLACK
6
CONTINUOUS
10
0.8376481889763779
20
0.5559188188976378
11
0.837621811023622
21
0.5555472834645669
0
LINE
8
BLACK
6
CONTINUOUS
10
0.837621811023622
20
0.5555472834645669
11
0.8358693700787402
21
0.5520425196850394
0
LINE
8
BLACK
6
CONTINUOUS
10
0.8358693700787402
20
0.5520425196850394
11
0.8354861811023622
21
0.5517101968503937
0
LINE
8
BLACK
6
CONTINUOUS
10
0.8354861811023622
20
0.5517101968503937
11
0.8351538582677165
21
0.5513270078740158
0
LINE
8
BLACK
6
CONTINUOUS
10
0.8351538582677165
20
0.5513270078740158
11
0.834511220472441
21
0.5510057086614173
0
LINE
8
BLACK
6
CONTINUOUS
10
0.834511220472441
20
0.5510057086614173
11
0.8351538188976377
21
0.5506844094488189
0
LINE
8
BLACK
6
CONTINUOUS
10
0.8351538188976377
20
0.5506844094488189
11
0.8354861417322834
21
0.5503012204724409
0
LINE
8
BLACK
6
CONTINUOUS
10
0.8354861417322834
20
0.5503012204724409
11
0.8358693700787402
21
0.5499688582677166
0
LINE
8
BLACK
6
CONTINUOUS
10
0.8358693700787402
20
0.5499688582677166
11
0.837621811023622
21
0.546464094488189
0
LINE
8
BLACK
6
CONTINUOUS
10
0.837621811023622
20
0.546464094488189
11
0.8376481889763779
21
0.5460925984251969
0
LINE
8
BLACK
6
CONTINUOUS
10
0.8376481889763779
20
0.5460925984251969
11
0.8377907086614172
21
0.5457485433070866
0
LINE
8
BLACK
6
CONTINUOUS
10
0.8377907086614172
20
0.5457485433070866
11
0.8377907086614172
21
0.5404913779527559
0
LINE
8
BLACK
6
CONTINUOUS
10
0.8377907086614172
20
0.5404913779527559
11
0.8376481889763779
21
0.5401473622047244
0
LINE
8
BLACK
6
CONTINUOUS
10
0.8376481889763779
20
0.5401473622047244
11
0.837621811023622
21
0.5397758267716535
0
LINE
8
BLACK
6
CONTINUOUS
10
0.837621811023622
20
0.5397758267716535
11
0.8361509842519684
21
0.5368342519685039
0
LINE
8
BLACK
6
CONTINUOUS
10
0.8361509842519684
20
0.5368342519685039
11
0.8361907086614173
21
0.5368342519685039
0
LINE
8
BLACK
6
CONTINUOUS
10
0.8361907086614173
20
0.5368342519685039
11
0.8373220866141732
21
0.5363656299212598
0
LINE
8
BLACK
6
CONTINUOUS
10
0.8373220866141732
20
0.5363656299212598
11
0.8377907086614172
21
0.5352342519685039
0
LINE
8
BLACK
6
CONTINUOUS
10
0.8377907086614172
20
0.5352342519685039
11
0.8373220866141732
21
0.5341028740157481
0
LINE
8
BLACK
6
CONTINUOUS
10
0.8373220866141732
20
0.5341028740157481
11
0.8361907086614173
21
0.5336342519685039
0
LINE
8
BLACK
6
CONTINUOUS
10
0.8361907086614173
20
0.5336342519685039
11
0.8326859448818897
21
0.5336342519685039
0
LINE
8
BLACK
6
CONTINUOUS
10
0.8326859448818897
20
0.5336342519685039
11
0.8116573622047244
21
0.5336342519685039
0
LINE
8
BLACK
6
CONTINUOUS
10
0.8116573622047244
20
0.5336342519685039
11
0.8105259842519685
21
0.5341028740157481
0
LINE
8
BLACK
6
CONTINUOUS
10
0.8105259842519685
20
0.5341028740157481
11
0.8100573622047244
21
0.5352342519685039
0
LINE
8
BLACK
6
CONTINUOUS
10
0.8100573622047244
20
0.5352342519685039
11
0.8105259842519685
21
0.5363656299212598
0
LINE
8
BLACK
6
CONTINUOUS
10
0.8105259842519685
20
0.5363656299212598
11
0.8116573622047244
21
0.5368342519685039
0
LINE
8
BLACK
6
CONTINUOUS
10
0.8116573622047244
20
0.5368342519685039
11
0.8320231889763779
21
0.5368342519685039
0
LINE
8
BLACK
6
CONTINUOUS
10
0.8320231889763779
20
0.5368342519685039
11
0.8331233858267716
21
0.5379344881889764
0
LINE
8
BLACK
6
CONTINUOUS
10
0.8331233858267716
20
0.5379344881889764
11
0.8345907086614173
21
0.540869094488189
0
LINE
8
BLACK
6
CONTINUOUS
10
0.8345907086614173
20
0.540869094488189
11
0.8345907086614173
21
0.5453708661417322
0
LINE
8
BLACK
6
CONTINUOUS
10
0.8345907086614173
20
0.5453708661417322
11
0.8332457480314961
21
0.5480607480314961
0
LINE
8
BLACK
6
CONTINUOUS
10
0.8332457480314961
20
0.5480607480314961
11
0.8305557874015748
21
0.5494056692913386
0
LINE
8
BLACK
6
CONTINUOUS
10
0.8305557874015748
20
0.5494056692913386
11
0.8116573622047244
21
0.5494056692913386
0
LINE
8
BLACK
6
CONTINUOUS
10
0.8116573622047244
20
0.5494056692913386
11
0.8105259842519685
21
0.5498742913385827
0
LINE
8
BLACK
6
CONTINUOUS
10
0.8105259842519685
20
0.5498742913385827
11
0.8100573622047244
21
0.5510056692913385
0
LINE
8
BLACK
6
CONTINUOUS
10
0.8100573622047244
20
0.5510056692913385
11
0.8105259842519685
21
0.5521370472440945
0
LINE
8
BLACK
6
CONTINUOUS
10
0.8105259842519685
20
0.5521370472440945
11
0.8116573622047244
21
0.5526056692913386
0
LINE
8
BLACK
6
CONTINUOUS
10
0.8116573622047244
20
0.5526056692913386
11
0.8305558661417323
21
0.5526056692913386
0
LINE
8
BLACK
6
CONTINUOUS
10
0.8305558661417323
20
0.5526056692913386
11
0.8332457480314961
21
0.5539507086614173
0
LINE
8
BLACK
6
CONTINUOUS
10
0.8332457480314961
20
0.5539507086614173
11
0.8345907086614173
21
0.5566405511811023
0
LINE
8
BLACK
6
CONTINUOUS
10
0.8345907086614173
20
0.5566405511811023
11
0.8345907086614173
21
0.561142283464567
0
LINE
8
BLACK
6
CONTINUOUS
10
0.8345907086614173
20
0.561142283464567
11
0.8332457480314961
21
0.5638321653543307
0
LINE
8
BLACK
6
CONTINUOUS
10
0.8332457480314961
20
0.5638321653543307
11
0.8305557874015748
21
0.5651770866141732
0
LINE
8
BLACK
6
CONTINUOUS
10
0.8305557874015748
20
0.5651770866141732
11
0.8116573622047244
21
0.5651770866141732
0
LINE
8
BLACK
6
CONTINUOUS
10
0.8116573622047244
20
0.5651770866141732
11
0.8105259842519685
21
0.5656457086614173
0
LINE
8
BLACK
6
CONTINUOUS
10
0.8105259842519685
20
0.5656457086614173
11
0.8100573622047244
21
0.5667770866141733
0
LINE
8
BLACK
6
CONTINUOUS
10
0.8100573622047244
20
0.5667770866141733
11
0.8105259842519685
21
0.5679084645669291
0
LINE
8
BLACK
6
CONTINUOUS
10
0.8105259842519685
20
0.5679084645669291
11
0.8116573622047244
21
0.5683770866141732
0
LINE
8
BLACK
6
CONTINUOUS
10
0.8116573622047244
20
0.5683770866141732
11
0.8309335433070866
21
0.5683770866141732
0
LINE
8
BLACK
6
CONTINUOUS
10
0.8309335433070866
20
0.5683770866141732
11
0.8312775590551181
21
0.5682346062992126
0
LINE
8
BLACK
6
CONTINUOUS
10
0.8312775590551181
20
0.601529842519685
11
0.8316490944881889
21
0.6015034251968504
0
LINE
8
BLACK
6
CONTINUOUS
10
0.8316490944881889
20
0.6015034251968504
11
0.8351538188976377
21
0.599751062992126
0
LINE
8
BLACK
6
CONTINUOUS
10
0.8351538188976377
20
0.599751062992126
11
0.8354861417322834
21
0.599367874015748
0
LINE
8
BLACK
6
CONTINUOUS
10
0.8354861417322834
20
0.599367874015748
11
0.8358693700787402
21
0.5990355118110237
0
LINE
8
BLACK
6
CONTINUOUS
10
0.8358693700787402
20
0.5990355118110237
11
0.837621811023622
21
0.5955307480314961
0
LINE
8
BLACK
6
CONTINUOUS
10
0.837621811023622
20
0.5955307480314961
11
0.8376481889763779
21
0.5951592519685039
0
LINE
8
BLACK
6
CONTINUOUS
10
0.8376481889763779
20
0.5951592519685039
11
0.8377907086614172
21
0.5948151968503936
0
LINE
8
BLACK
6
CONTINUOUS
10
0.8377907086614172
20
0.5948151968503936
11
0.8377907086614172
21
0.5878056692913386
0
LINE
8
BLACK
6
CONTINUOUS
10
0.8377907086614172
20
0.5878056692913386
11
0.8376481889763779
21
0.587461653543307
0
LINE
8
BLACK
6
CONTINUOUS
10
0.8376481889763779
20
0.587461653543307
11
0.837621811023622
21
0.5870901181102363
0
LINE
8
BLACK
6
CONTINUOUS
10
0.837621811023622
20
0.5870901181102363
11
0.8358693700787402
21
0.5835853543307087
0
LINE
8
BLACK
6
CONTINUOUS
10
0.8358693700787402
20
0.5835853543307087
11
0.834944251968504
21
0.5827829921259843
0
LINE
8
BLACK
6
CONTINUOUS
10
0.834944251968504
20
0.5827829921259843
11
0.8337227559055118
21
0.582869842519685
0
LINE
8
BLACK
6
CONTINUOUS
10
0.8337227559055118
20
0.582869842519685
11
0.8329203937007874
21
0.5837949606299212
0
LINE
8
BLACK
6
CONTINUOUS
10
0.8329203937007874
20
0.5837949606299212
11
0.8330072440944881
21
0.5850164566929134
0
LINE
8
BLACK
6
CONTINUOUS
10
0.8330072440944881
20
0.5850164566929134
11
0.8345907086614173
21
0.5881833858267717
0
LINE
8
BLACK
6
CONTINUOUS
10
0.8345907086614173
20
0.5881833858267717
11
0.8345907086614173
21
0.5944375196850393
0
LINE
8
BLACK
6
CONTINUOUS
10
0.8345907086614173
20
0.5944375196850393
11
0.8332457480314961
21
0.5971274015748032
0
LINE
8
BLACK
6
CONTINUOUS
10
0.8332457480314961
20
0.5971274015748032
11
0.8305557874015748
21
0.5984723228346457
0
LINE
8
BLACK
6
CONTINUOUS
10
0.8305557874015748
20
0.5984723228346457
11
0.8284176377952756
21
0.5984723228346457
0
LINE
8
BLACK
6
CONTINUOUS
10
0.8284176377952756
20
0.5984723228346457
11
0.8272764173228346
21
0.596189842519685
0
LINE
8
BLACK
6
CONTINUOUS
10
0.8272764173228346
20
0.596189842519685
11
0.8272764173228346
21
0.5878056692913386
0
LINE
8
BLACK
6
CONTINUOUS
10
0.8272764173228346
20
0.5878056692913386
11
0.8271338976377952
21
0.587461653543307
0
LINE
8
BLACK
6
CONTINUOUS
10
0.8271338976377952
20
0.587461653543307
11
0.8271075196850394
21
0.5870901181102363
0
LINE
8
BLACK
6
CONTINUOUS
10
0.8271075196850394
20
0.5870901181102363
11
0.8253550787401575
21
0.5835853543307087
0
LINE
8
BLACK
6
CONTINUOUS
10
0.8253550787401575
20
0.5835853543307087
11
0.8249718897637796
21
0.583253031496063
0
LINE
8
BLACK
6
CONTINUOUS
10
0.8249718897637796
20
0.583253031496063
11
0.8246395669291339
21
0.582869842519685
0
LINE
8
BLACK
6
CONTINUOUS
10
0.8246395669291339
20
0.582869842519685
11
0.8211348031496063
21
0.5811174409448818
0
LINE
8
BLACK
6
CONTINUOUS
10
0.8211348031496063
20
0.5811174409448818
11
0.8207633464566929
21
0.581091062992126
0
LINE
8
BLACK
6
CONTINUOUS
10
0.8207633464566929
20
0.581091062992126
11
0.820419251968504
21
0.5809485039370078
0
LINE
8
BLACK
6
CONTINUOUS
10
0.820419251968504
20
0.5809485039370078
11
0.8169144881889764
21
0.5809485039370078
0
LINE
8
BLACK
6
CONTINUOUS
10
0.8169144881889764
20
0.5809485039370078
11
0.8165703543307087
21
0.581091062992126
0
LINE
8
BLACK
6
CONTINUOUS
10
0.8165703543307087
20
0.581091062992126
11
0.816198937007874
21
0.5811174409448818
0
LINE
8
BLACK
6
CONTINUOUS
10
0.816198937007874
20
0.5811174409448818
11
0.8126942125984252
21
0.582869842519685
0
LINE
8
BLACK
6
CONTINUOUS
10
0.8126942125984252
20
0.582869842519685
11
0.8123618503937008
21
0.583253031496063
0
LINE
8
BLACK
6
CONTINUOUS
10
0.8123618503937008
20
0.583253031496063
11
0.8119787007874015
21
0.5835853543307087
0
LINE
8
BLACK
6
CONTINUOUS
10
0.8119787007874015
20
0.5835853543307087
11
0.8102262992125984
21
0.5870901181102363
0
LINE
8
BLACK
6
CONTINUOUS
10
0.8102262992125984
20
0.5870901181102363
11
0.8101998818897638
21
0.5874615748031496
0
LINE
8
BLACK
6
CONTINUOUS
10
0.8101998818897638
20
0.5874615748031496
11
0.8100573622047244
21
0.5878056692913386
0
LINE
8
BLACK
6
CONTINUOUS
10
0.8100573622047244
20
0.5878056692913386
11
0.8100573622047244
21
0.596567559055118
0
LINE
8
BLACK
6
CONTINUOUS
10
0.8100573622047244
20
0.596567559055118
11
0.8101998818897638
21
0.5969116929133859
0
LINE
8
BLACK
6
CONTINUOUS
10
0.8101998818897638
20
0.5969116929133859
11
0.8102262992125984
21
0.5972831102362205
0
LINE
8
BLACK
6
CONTINUOUS
10
0.8102262992125984
20
0.5972831102362205
11
0.8109644094488189
21
0.5987593700787401
0
LINE
8
BLACK
6
CONTINUOUS
10
0.8109644094488189
20
0.5987593700787401
11
0.8105259842519685
21
0.5989409448818898
0
LINE
8
BLACK
6
CONTINUOUS
10
0.8105259842519685
20
0.5989409448818898
11
0.8100573622047244
21
0.6000723228346456
0
LINE
8
BLACK
6
CONTINUOUS
10
0.8100573622047244
20
0.6000723228346456
11
0.8105259842519685
21
0.6012037007874016
0
LINE
8
BLACK
6
CONTINUOUS
10
0.8105259842519685
20
0.6012037007874016
11
0.8116573622047244
21
0.6016723228346457
0
LINE
8
BLACK
6
CONTINUOUS
10
0.8116573622047244
20
0.6016723228346457
11
0.8309335433070866
21
0.6016723228346457
0
LINE
8
BLACK
6
CONTINUOUS
10
0.8309335433070866
20
0.6016723228346457
11
0.8312775590551181
21
0.601529842519685
0
LINE
8
BLACK
6
CONTINUOUS
10
0.8132573622047244
20
0.5961898818897637
11
0.8132573622047244
21
0.5881833858267717
0
LINE
8
BLACK
6
CONTINUOUS
10
0.8132573622047244
20
0.5881833858267717
11
0.8146023622047244
21
0.5854934645669291
0
LINE
8
BLACK
6
CONTINUOUS
10
0.8146023622047244
20
0.5854934645669291
11
0.8172921653543307
21
0.5841485039370079
0
LINE
8
BLACK
6
CONTINUOUS
10
0.8172921653543307
20
0.5841485039370079
11
0.8200415748031495
21
0.5841485039370079
0
LINE
8
BLACK
6
CONTINUOUS
10
0.8200415748031495
20
0.5841485039370079
11
0.8227314566929134
21
0.5854935433070866
0
LINE
8
BLACK
6
CONTINUOUS
10
0.8227314566929134
20
0.5854935433070866
11
0.8240764173228347
21
0.5881833858267717
0
LINE
8
BLACK
6
CONTINUOUS
10
0.8240764173228347
20
0.5881833858267717
11
0.8240764173228347
21
0.596567559055118
0
LINE
8
BLACK
6
CONTINUOUS
10
0.8240764173228347
20
0.596567559055118
11
0.8242188976377952
21
0.5969116141732284
0
LINE
8
BLACK
6
CONTINUOUS
10
0.8242188976377952
20
0.5969116141732284
11
0.8242453149606299
21
0.5972831102362205
0
LINE
8
BLACK
6
CONTINUOUS
10
0.8242453149606299
20
0.5972831102362205
11
0.8248399212598425
21
0.5984723228346457
0
LINE
8
BLACK
6
CONTINUOUS
10
0.8248399212598425
20
0.5984723228346457
11
0.8143986220472441
21
0.5984723228346457
0
LINE
8
BLACK
6
CONTINUOUS
10
0.8143986220472441
20
0.5984723228346457
11
0.8132573622047244
21
0.5961898818897637
0
LINE
8
BLACK
6
CONTINUOUS
10
0.7917918503937008
20
0.6273573228346456
11
0.7921633858267716
21
0.627330905511811
0
LINE
8
BLACK
6
CONTINUOUS
10
0.7921633858267716
20
0.627330905511811
11
0.7956681102362204
21
0.6255785433070866
0
LINE
8
BLACK
6
CONTINUOUS
10
0.7956681102362204
20
0.6255785433070866
11
0.7958406299212598
21
0.6253796062992126
0
LINE
8
BLACK
6
CONTINUOUS
10
0.7958406299212598
20
0.6253796062992126
11
0.7960839763779527
21
0.6252788188976378
0
LINE
8
BLACK
6
CONTINUOUS
10
0.7960839763779527
20
0.6252788188976378
11
0.7978363779527559
21
0.6235264173228346
0
LINE
8
BLACK
6
CONTINUOUS
10
0.7978363779527559
20
0.6235264173228346
11
0.7979371259842519
21
0.6232831889763779
0
LINE
8
BLACK
6
CONTINUOUS
10
0.7979371259842519
20
0.6232831889763779
11
0.7981361023622047
21
0.6231105905511811
0
LINE
8
BLACK
6
CONTINUOUS
10
0.7981361023622047
20
0.6231105905511811
11
0.7998884251968503
21
0.6196058267716535
0
LINE
8
BLACK
6
CONTINUOUS
10
0.7998884251968503
20
0.6196058267716535
11
0.7999148031496063
21
0.6192344094488189
0
LINE
8
BLACK
6
CONTINUOUS
10
0.7999148031496063
20
0.6192344094488189
11
0.8000573622047243
21
0.6188902755905512
0
LINE
8
BLACK
6
CONTINUOUS
10
0.8000573622047243
20
0.6188902755905512
11
0.8000573622047243
21
0.6101283858267716
0
LINE
8
BLACK
6
CONTINUOUS
10
0.8000573622047243
20
0.6101283858267716
11
0.7999148031496063
21
0.6097842913385827
0
LINE
8
BLACK
6
CONTINUOUS
10
0.7999148031496063
20
0.6097842913385827
11
0.7998884251968503
21
0.6094128346456693
0
LINE
8
BLACK
6
CONTINUOUS
10
0.7998884251968503
20
0.6094128346456693
11
0.7981361023622047
21
0.6059080708661417
0
LINE
8
BLACK
6
CONTINUOUS
10
0.7981361023622047
20
0.6059080708661417
11
0.7979371259842519
21
0.6057355118110236
0
LINE
8
BLACK
6
CONTINUOUS
10
0.7979371259842519
20
0.6057355118110236
11
0.7978363779527559
21
0.6054922440944882
0
LINE
8
BLACK
6
CONTINUOUS
10
0.7978363779527559
20
0.6054922440944882
11
0.7960839763779527
21
0.603739842519685
0
LINE
8
BLACK
6
CONTINUOUS
10
0.7960839763779527
20
0.603739842519685
11
0.7949525984251968
21
0.603271220472441
0
LINE
8
BLACK
6
CONTINUOUS
10
0.7949525984251968
20
0.603271220472441
11
0.793821220472441
21
0.603739842519685
0
LINE
8
BLACK
6
CONTINUOUS
10
0.793821220472441
20
0.603739842519685
11
0.7933525984251968
21
0.6048712204724409
0
LINE
8
BLACK
6
CONTINUOUS
10
0.7933525984251968
20
0.6048712204724409
11
0.793821220472441
21
0.6060025984251969
0
LINE
8
BLACK
6
CONTINUOUS
10
0.793821220472441
20
0.6060025984251969
11
0.7953899999999999
21
0.6075713779527558
0
LINE
8
BLACK
6
CONTINUOUS
10
0.7953899999999999
20
0.6075713779527558
11
0.7968573622047244
21
0.6105061023622047
0
LINE
8
BLACK
6
CONTINUOUS
10
0.7968573622047244
20
0.6105061023622047
11
0.7968573622047244
21
0.6185125590551181
0
LINE
8
BLACK
6
CONTINUOUS
10
0.7968573622047244
20
0.6185125590551181
11
0.7953899999999999
21
0.6214472834645669
0
LINE
8
BLACK
6
CONTINUOUS
10
0.7953899999999999
20
0.6214472834645669
11
0.7940047637795276
21
0.6228325196850394
0
LINE
8
BLACK
6
CONTINUOUS
10
0.7940047637795276
20
0.6228325196850394
11
0.7910700787401574
21
0.6242998031496063
0
LINE
8
BLACK
6
CONTINUOUS
10
0.7910700787401574
20
0.6242998031496063
11
0.7882026377952756
21
0.6242998031496063
0
LINE
8
BLACK
6
CONTINUOUS
10
0.7882026377952756
20
0.6242998031496063
11
0.7835502362204724
21
0.6227490157480314
0
LINE
8
BLACK
6
CONTINUOUS
10
0.7835502362204724
20
0.6227490157480314
11
0.7627887401574803
21
0.6019874803149606
0
LINE
8
BLACK
6
CONTINUOUS
10
0.7627887401574803
20
0.6019874803149606
11
0.7616573622047244
21
0.6015188582677166
0
LINE
8
BLACK
6
CONTINUOUS
10
0.7616573622047244
20
0.6015188582677166
11
0.7605259842519685
21
0.6019874803149606
0
LINE
8
BLACK
6
CONTINUOUS
10
0.7605259842519685
20
0.6019874803149606
11
0.7600573622047244
21
0.6031188582677165
0
LINE
8
BLACK
6
CONTINUOUS
10
0.7600573622047244
20
0.6031188582677165
11
0.7600573622047244
21
0.6258998031496062
0
LINE
8
BLACK
6
CONTINUOUS
10
0.7600573622047244
20
0.6258998031496062
11
0.7605259842519685
21
0.6270311811023622
0
LINE
8
BLACK
6
CONTINUOUS
10
0.7605259842519685
20
0.6270311811023622
11
0.7616573622047244
21
0.6274998031496063
0
LINE
8
BLACK
6
CONTINUOUS
10
0.7616573622047244
20
0.6274998031496063
11
0.7627887401574803
21
0.6270311811023622
0
LINE
8
BLACK
6
CONTINUOUS
10
0.7627887401574803
20
0.6270311811023622
11
0.7632573622047244
21
0.6258998031496062
0
LINE
8
BLACK
6
CONTINUOUS
10
0.7632573622047244
20
0.6258998031496062
11
0.7632573622047244
21
0.6069816141732284
0
LINE
8
BLACK
6
CONTINUOUS
10
0.7632573622047244
20
0.6069816141732284
11
0.7815545669291338
21
0.6252788188976378
0
LINE
8
BLACK
6
CONTINUOUS
10
0.7815545669291338
20
0.6252788188976378
11
0.781898622047244
21
0.6254213385826771
0
LINE
8
BLACK
6
CONTINUOUS
10
0.781898622047244
20
0.6254213385826771
11
0.78218
21
0.6256653543307087
0
LINE
8
BLACK
6
CONTINUOUS
10
0.78218
20
0.6256653543307087
11
0.787437125984252
21
0.6274177165354331
0
LINE
8
BLACK
6
CONTINUOUS
10
0.787437125984252
20
0.6274177165354331
11
0.7876998031496063
21
0.6273990551181102
0
LINE
8
BLACK
6
CONTINUOUS
10
0.7876998031496063
20
0.6273990551181102
11
0.7879430708661417
21
0.6274998031496063
0
LINE
8
BLACK
6
CONTINUOUS
10
0.7879430708661417
20
0.6274998031496063
11
0.7914478346456693
21
0.6274998031496063
0
LINE
8
BLACK
6
CONTINUOUS
10
0.7914478346456693
20
0.6274998031496063
11
0.7917918503937008
21
0.6273573228346456
0
LINE
8
BLACK
6
CONTINUOUS
10
0.8312775590551181
20
0.6348250787401575
11
0.8316490944881889
21
0.6347986614173228
0
LINE
8
BLACK
6
CONTINUOUS
10
0.8316490944881889
20
0.6347986614173228
11
0.8351538188976377
21
0.6330462992125984
0
LINE
8
BLACK
6
CONTINUOUS
10
0.8351538188976377
20
0.6330462992125984
11
0.8354861417322834
21
0.6326631102362205
0
LINE
8
BLACK
6
CONTINUOUS
10
0.8354861417322834
20
0.6326631102362205
11
0.8358693700787402
21
0.632330748031496
0
LINE
8
BLACK
6
CONTINUOUS
10
0.8358693700787402
20
0.632330748031496
11
0.837621811023622
21
0.6288259842519685
0
LINE
8
BLACK
6
CONTINUOUS
10
0.837621811023622
20
0.6288259842519685
11
0.8376481889763779
21
0.6284544881889763
0
LINE
8
BLACK
6
CONTINUOUS
10
0.8376481889763779
20
0.6284544881889763
11
0.8377907086614172
21
0.6281104330708661
0
LINE
8
BLACK
6
CONTINUOUS
10
0.8377907086614172
20
0.6281104330708661
11
0.8377907086614172
21
0.6228532677165354
0
LINE
8
BLACK
6
CONTINUOUS
10
0.8377907086614172
20
0.6228532677165354
11
0.8376481889763779
21
0.6225092519685039
0
LINE
8
BLACK
6
CONTINUOUS
10
0.8376481889763779
20
0.6225092519685039
11
0.837621811023622
21
0.622137716535433
0
LINE
8
BLACK
6
CONTINUOUS
10
0.837621811023622
20
0.622137716535433
11
0.8361509842519684
21
0.6191961417322834
0
LINE
8
BLACK
6
CONTINUOUS
10
0.8361509842519684
20
0.6191961417322834
11
0.8361907086614173
21
0.6191961417322834
0
LINE
8
BLACK
6
CONTINUOUS
10
0.8361907086614173
20
0.6191961417322834
11
0.8373220866141732
21
0.6187275196850394
0
LINE
8
BLACK
6
CONTINUOUS
10
0.8373220866141732
20
0.6187275196850394
11
0.8377907086614172
21
0.6175961417322835
0
LINE
8
BLACK
6
CONTINUOUS
10
0.8377907086614172
20
0.6175961417322835
11
0.8373220866141732
21
0.6164647637795275
0
LINE
8
BLACK
6
CONTINUOUS
10
0.8373220866141732
20
0.6164647637795275
11
0.8361907086614173
21
0.6159961417322835
0
LINE
8
BLACK
6
CONTINUOUS
10
0.8361907086614173
20
0.6159961417322835
11
0.8326859448818897
21
0.6159961417322835
0
LINE
8
BLACK
6
CONTINUOUS
10
0.8326859448818897
20
0.6159961417322835
11
0.8116573622047244
21
0.6159961417322835
0
LINE
8
BLACK
6
CONTINUOUS
10
0.8116573622047244
20
0.6159961417322835
11
0.8105259842519685
21
0.6164647637795275
0
LINE
8
BLACK
6
CONTINUOUS
10
0.8105259842519685
20
0.6164647637795275
11
0.8100573622047244
21
0.6175961417322835
0
LINE
8
BLACK
6
CONTINUOUS
10
0.8100573622047244
20
0.6175961417322835
11
0.8105259842519685
21
0.6187275196850394
0
LINE
8
BLACK
6
CONTINUOUS
10
0.8105259842519685
20
0.6187275196850394
11
0.8116573622047244
21
0.6191961417322834
0
LINE
8
BLACK
6
CONTINUOUS
10
0.8116573622047244
20
0.6191961417322834
11
0.8320231889763779
21
0.6191961417322834
0
LINE
8
BLACK
6
CONTINUOUS
10
0.8320231889763779
20
0.6191961417322834
11
0.8331233858267716
21
0.6202963779527559
0
LINE
8
BLACK
6
CONTINUOUS
10
0.8331233858267716
20
0.6202963779527559
11
0.8345907086614173
21
0.6232309842519685
0
LINE
8
BLACK
6
CONTINUOUS
10
0.8345907086614173
20
0.6232309842519685
11
0.8345907086614173
21
0.6277327559055118
0
LINE
8
BLACK
6
CONTINUOUS
10
0.8345907086614173
20
0.6277327559055118
11
0.8332457480314961
21
0.6304226377952756
0
LINE
8
BLACK
6
CONTINUOUS
10
0.8332457480314961
20
0.6304226377952756
11
0.8305557874015748
21
0.6317675590551181
0
LINE
8
BLACK
6
CONTINUOUS
10
0.8305557874015748
20
0.6317675590551181
11
0.8116573622047244
21
0.6317675590551181
0
LINE
8
BLACK
6
CONTINUOUS
10
0.8116573622047244
20
0.6317675590551181
11
0.8105259842519685
21
0.6322361811023622
0
LINE
8
BLACK
6
CONTINUOUS
10
0.8105259842519685
20
0.6322361811023622
11
0.8100573622047244
21
0.6333675590551181
0
LINE
8
BLACK
6
CONTINUOUS
10
0.8100573622047244
20
0.6333675590551181
11
0.8105259842519685
21
0.634498937007874
0
LINE
8
BLACK
6
CONTINUOUS
10
0.8105259842519685
20
0.634498937007874
11
0.8116573622047244
21
0.6349675590551181
0
LINE
8
BLACK
6
CONTINUOUS
10
0.8116573622047244
20
0.6349675590551181
11
0.8309335433070866
21
0.6349675590551181
0
LINE
8
BLACK
6
CONTINUOUS
10
0.8309335433070866
20
0.6349675590551181
11
0.8312775590551181
21
0.6348250787401575
0
LINE
8
BLACK
6
CONTINUOUS
10
0.7846256692913386
20
0.662469842519685
11
0.7848263779527559
21
0.6624996850393701
0
LINE
8
BLACK
6
CONTINUOUS
10
0.7848263779527559
20
0.6624996850393701
11
0.7918358661417323
21
0.6607473228346457
0
LINE
8
BLACK
6
CONTINUOUS
10
0.7918358661417323
20
0.6607473228346457
11
0.7919820078740157
21
0.6606390551181103
0
LINE
8
BLACK
6
CONTINUOUS
10
0.7919820078740157
20
0.6606390551181103
11
0.7921633858267716
21
0.6606261417322834
0
LINE
8
BLACK
6
CONTINUOUS
10
0.7921633858267716
20
0.6606261417322834
11
0.7956681496062992
21
0.6588737401574803
0
LINE
8
BLACK
6
CONTINUOUS
10
0.7956681496062992
20
0.6588737401574803
11
0.7958406692913386
21
0.658674842519685
0
LINE
8
BLACK
6
CONTINUOUS
10
0.7958406692913386
20
0.658674842519685
11
0.7960839370078739
21
0.6585740551181102
0
LINE
8
BLACK
6
CONTINUOUS
10
0.7960839370078739
20
0.6585740551181102
11
0.7978363385826771
21
0.6568216929133858
0
LINE
8
BLACK
6
CONTINUOUS
10
0.7978363385826771
20
0.6568216929133858
11
0.7979370866141732
21
0.6565785039370079
0
LINE
8
BLACK
6
CONTINUOUS
10
0.7979370866141732
20
0.6565785039370079
11
0.7981361023622047
21
0.6564058661417322
0
LINE
8
BLACK
6
CONTINUOUS
10
0.7981361023622047
20
0.6564058661417322
11
0.7998884251968503
21
0.6529011023622047
0
LINE
8
BLACK
6
CONTINUOUS
10
0.7998884251968503
20
0.6529011023622047
11
0.7999148031496063
21
0.65252968503937
0
LINE
8
BLACK
6
CONTINUOUS
10
0.7999148031496063
20
0.65252968503937
11
0.8000573622047243
21
0.6521855511811023
0
LINE
8
BLACK
6
CONTINUOUS
10
0.8000573622047243
20
0.6521855511811023
11
0.8000573622047243
21
0.6486807874015748
0
LINE
8
BLACK
6
CONTINUOUS
10
0.8000573622047243
20
0.6486807874015748
11
0.7999148031496063
21
0.6483366929133858
0
LINE
8
BLACK
6
CONTINUOUS
10
0.7999148031496063
20
0.6483366929133858
11
0.7998884251968503
21
0.6479652362204724
0
LINE
8
BLACK
6
CONTINUOUS
10
0.7998884251968503
20
0.6479652362204724
11
0.7981361023622047
21
0.6444604724409448
0
LINE
8
BLACK
6
CONTINUOUS
10
0.7981361023622047
20
0.6444604724409448
11
0.7979371259842519
21
0.6442879133858268
0
LINE
8
BLACK
6
CONTINUOUS
10
0.7979371259842519
20
0.6442879133858268
11
0.7978363779527559
21
0.6440446456692913
0
LINE
8
BLACK
6
CONTINUOUS
10
0.7978363779527559
20
0.6440446456692913
11
0.7960839763779527
21
0.6422922440944882
0
LINE
8
BLACK
6
CONTINUOUS
10
0.7960839763779527
20
0.6422922440944882
11
0.7958406299212598
21
0.6421914960629921
0
LINE
8
BLACK
6
CONTINUOUS
10
0.7958406299212598
20
0.6421914960629921
11
0.7956681102362204
21
0.6419925196850393
0
LINE
8
BLACK
6
CONTINUOUS
10
0.7956681102362204
20
0.6419925196850393
11
0.7921633858267716
21
0.6402401574803149
0
LINE
8
BLACK
6
CONTINUOUS
10
0.7921633858267716
20
0.6402401574803149
11
0.7919819291338582
21
0.6402272834645669
0
LINE
8
BLACK
6
CONTINUOUS
10
0.7919819291338582
20
0.6402272834645669
11
0.791835905511811
21
0.6401190551181102
0
LINE
8
BLACK
6
CONTINUOUS
10
0.791835905511811
20
0.6401190551181102
11
0.7848263779527559
21
0.6383666141732284
0
LINE
8
BLACK
6
CONTINUOUS
10
0.7848263779527559
20
0.6383666141732284
11
0.7846256692913386
21
0.6383964960629921
0
LINE
8
BLACK
6
CONTINUOUS
10
0.7846256692913386
20
0.6383964960629921
11
0.7844383070866141
21
0.6383188582677165
0
LINE
8
BLACK
6
CONTINUOUS
10
0.7844383070866141
20
0.6383188582677165
11
0.7756764173228347
21
0.6383188582677165
0
LINE
8
BLACK
6
CONTINUOUS
10
0.7756764173228347
20
0.6383188582677165
11
0.7754890157480315
21
0.6383964960629921
0
LINE
8
BLACK
6
CONTINUOUS
10
0.7754890157480315
20
0.6383964960629921
11
0.7752883858267716
21
0.6383666141732284
0
LINE
8
BLACK
6
CONTINUOUS
10
0.7752883858267716
20
0.6383666141732284
11
0.7682788188976378
21
0.6401190157480314
0
LINE
8
BLACK
6
CONTINUOUS
10
0.7682788188976378
20
0.6401190157480314
11
0.7681326377952755
21
0.6402273228346457
0
LINE
8
BLACK
6
CONTINUOUS
10
0.7681326377952755
20
0.6402273228346457
11
0.7679513385826772
21
0.6402401968503937
0
LINE
8
BLACK
6
CONTINUOUS
10
0.7679513385826772
20
0.6402401968503937
11
0.7644465748031496
21
0.6419925196850393
0
LINE
8
BLACK
6
CONTINUOUS
10
0.7644465748031496
20
0.6419925196850393
11
0.764273937007874
21
0.6421915354330708
0
LINE
8
BLACK
6
CONTINUOUS
10
0.764273937007874
20
0.6421915354330708
11
0.7640307480314961
21
0.6422922834645669
0
LINE
8
BLACK
6
CONTINUOUS
10
0.7640307480314961
20
0.6422922834645669
11
0.7622783858267717
21
0.6440446850393701
0
LINE
8
BLACK
6
CONTINUOUS
10
0.7622783858267717
20
0.6440446850393701
11
0.7621775984251968
21
0.6442879527559054
0
LINE
8
BLACK
6
CONTINUOUS
10
0.7621775984251968
20
0.6442879527559054
11
0.7619787007874016
21
0.6444604724409448
0
LINE
8
BLACK
6
CONTINUOUS
10
0.7619787007874016
20
0.6444604724409448
11
0.7602262992125984
21
0.6479652362204724
0
LINE
8
BLACK
6
CONTINUOUS
10
0.7602262992125984
20
0.6479652362204724
11
0.7601998818897637
21
0.6483366929133858
0
LINE
8
BLACK
6
CONTINUOUS
10
0.7601998818897637
20
0.6483366929133858
11
0.7600573622047244
21
0.6486807874015748
0
LINE
8
BLACK
6
CONTINUOUS
10
0.7600573622047244
20
0.6486807874015748
11
0.7600573622047244
21
0.6521855511811023
0
LINE
8
BLACK
6
CONTINUOUS
10
0.7600573622047244
20
0.6521855511811023
11
0.7601998818897637
21
0.65252968503937
0
LINE
8
BLACK
6
CONTINUOUS
10
0.7601998818897637
20
0.65252968503937
11
0.7602262992125984
21
0.6529011023622047
0
LINE
8
BLACK
6
CONTINUOUS
10
0.7602262992125984
20
0.6529011023622047
11
0.7619787007874016
21
0.6564058661417322
0
LINE
8
BLACK
6
CONTINUOUS
10
0.7619787007874016
20
0.6564058661417322
11
0.7621775984251968
21
0.6565783858267716
0
LINE
8
BLACK
6
CONTINUOUS
10
0.7621775984251968
20
0.6565783858267716
11
0.7622783858267717
21
0.6568216929133858
0
LINE
8
BLACK
6
CONTINUOUS
10
0.7622783858267717
20
0.6568216929133858
11
0.7640307480314961
21
0.6585740551181102
0
LINE
8
BLACK
6
CONTINUOUS
10
0.7640307480314961
20
0.6585740551181102
11
0.7642740551181102
21
0.6586748818897638
0
LINE
8
BLACK
6
CONTINUOUS
10
0.7642740551181102
20
0.6586748818897638
11
0.7644465748031496
21
0.6588737401574803
0
LINE
8
BLACK
6
CONTINUOUS
10
0.7644465748031496
20
0.6588737401574803
11
0.7679513385826772
21
0.6606261811023622
0
LINE
8
BLACK
6
CONTINUOUS
10
0.7679513385826772
20
0.6606261811023622
11
0.768132716535433
21
0.6606390944881889
0
LINE
8
BLACK
6
CONTINUOUS
10
0.768132716535433
20
0.6606390944881889
11
0.7682788188976378
21
0.6607473228346457
0
LINE
8
BLACK
6
CONTINUOUS
10
0.7682788188976378
20
0.6607473228346457
11
0.7752883464566929
21
0.6624996850393701
0
LINE
8
BLACK
6
CONTINUOUS
10
0.7752883464566929
20
0.6624996850393701
11
0.7754890157480315
21
0.662469842519685
0
LINE
8
BLACK
6
CONTINUOUS
10
0.7754890157480315
20
0.662469842519685
11
0.7756764173228347
21
0.6625474409448818
0
LINE
8
BLACK
6
CONTINUOUS
10
0.7756764173228347
20
0.6625474409448818
11
0.7844383070866141
21
0.6625474409448818
0
LINE
8
BLACK
6
CONTINUOUS
10
0.7844383070866141
20
0.6625474409448818
11
0.7846256692913386
21
0.662469842519685
0
LINE
8
BLACK
6
CONTINUOUS
10
0.7692251968503937
20
0.6576854330708661
11
0.7661099606299212
21
0.6561277952755905
0
LINE
8
BLACK
6
CONTINUOUS
10
0.7661099606299212
20
0.6561277952755905
11
0.7647247244094488
21
0.6547425590551181
0
LINE
8
BLACK
6
CONTINUOUS
10
0.7647247244094488
20
0.6547425590551181
11
0.7632573622047244
21
0.651807874015748
0
LINE
8
BLACK
6
CONTINUOUS
10
0.7632573622047244
20
0.651807874015748
11
0.7632573622047244
21
0.6490585039370078
0
LINE
8
BLACK
6
CONTINUOUS
10
0.7632573622047244
20
0.6490585039370078
11
0.7647247637795276
21
0.6461237401574803
0
LINE
8
BLACK
6
CONTINUOUS
10
0.7647247637795276
20
0.6461237401574803
11
0.7661098818897638
21
0.6447386220472441
0
LINE
8
BLACK
6
CONTINUOUS
10
0.7661098818897638
20
0.6447386220472441
11
0.7692252755905512
21
0.6431809448818897
0
LINE
8
BLACK
6
CONTINUOUS
10
0.7692252755905512
20
0.6431809448818897
11
0.7758733070866142
21
0.6415188582677165
0
LINE
8
BLACK
6
CONTINUOUS
10
0.7758733070866142
20
0.6415188582677165
11
0.7842412598425197
21
0.6415188582677165
0
LINE
8
BLACK
6
CONTINUOUS
10
0.7842412598425197
20
0.6415188582677165
11
0.7908893307086614
21
0.6431809055118111
0
LINE
8
BLACK
6
CONTINUOUS
10
0.7908893307086614
20
0.6431809055118111
11
0.7940047637795276
21
0.6447385826771653
0
LINE
8
BLACK
6
CONTINUOUS
10
0.7940047637795276
20
0.6447385826771653
11
0.7953899999999999
21
0.6461237795275591
0
LINE
8
BLACK
6
CONTINUOUS
10
0.7953899999999999
20
0.6461237795275591
11
0.7968573622047244
21
0.6490585039370078
0
LINE
8
BLACK
6
CONTINUOUS
10
0.7968573622047244
20
0.6490585039370078
11
0.7968573622047244
21
0.6518078346456693
0
LINE
8
BLACK
6
CONTINUOUS
10
0.7968573622047244
20
0.6518078346456693
11
0.7953899999999999
21
0.6547425590551181
0
LINE
8
BLACK
6
CONTINUOUS
10
0.7953899999999999
20
0.6547425590551181
11
0.7940048818897638
21
0.6561276771653544
0
LINE
8
BLACK
6
CONTINUOUS
10
0.7940048818897638
20
0.6561276771653544
11
0.7908894881889763
21
0.6576854330708661
0
LINE
8
BLACK
6
CONTINUOUS
10
0.7908894881889763
20
0.6576854330708661
11
0.7842412598425197
21
0.6593474409448818
0
LINE
8
BLACK
6
CONTINUOUS
10
0.7842412598425197
20
0.6593474409448818
11
0.7758734251968504
21
0.6593474409448818
0
LINE
8
BLACK
6
CONTINUOUS
10
0.7758734251968504
20
0.6593474409448818
11
0.7692251968503937
21
0.6576854330708661
0
LINE
8
BLACK
6
CONTINUOUS
10
0.8268077952755906
20
0.6800608267716536
11
0.8272764173228346
21
0.6789294488188976
0
LINE
8
BLACK
6
CONTINUOUS
10
0.8272764173228346
20
0.6789294488188976
11
0.8272764173228346
21
0.6508913779527559
0
LINE
8
BLACK
6
CONTINUOUS
10
0.8272764173228346
20
0.6508913779527559
11
0.8268077952755906
21
0.64976
0
LINE
8
BLACK
6
CONTINUOUS
10
0.8268077952755906
20
0.64976
11
0.8256764173228346
21
0.6492913779527559
0
LINE
8
BLACK
6
CONTINUOUS
10
0.8256764173228346
20
0.6492913779527559
11
0.8245450393700787
21
0.64976
0
LINE
8
BLACK
6
CONTINUOUS
10
0.8245450393700787
20
0.64976
11
0.8240764173228347
21
0.6508913779527559
0
LINE
8
BLACK
6
CONTINUOUS
10
0.8240764173228347
20
0.6508913779527559
11
0.8240764173228347
21
0.6789294488188976
0
LINE
8
BLACK
6
CONTINUOUS
10
0.8240764173228347
20
0.6789294488188976
11
0.8245450393700787
21
0.6800608267716536
0
LINE
8
BLACK
6
CONTINUOUS
10
0.8245450393700787
20
0.6800608267716536
11
0.8256764173228346
21
0.6805294488188977
0
LINE
8
BLACK
6
CONTINUOUS
10
0.8256764173228346
20
0.6805294488188977
11
0.8268077952755906
21
0.6800608267716536
0
LINE
8
BLACK
6
CONTINUOUS
10
0.7917918503937008
20
0.6974525984251968
11
0.7921633858267716
21
0.6974261811023622
0
LINE
8
BLACK
6
CONTINUOUS
10
0.7921633858267716
20
0.6974261811023622
11
0.7956681102362204
21
0.6956738188976378
0
LINE
8
BLACK
6
CONTINUOUS
10
0.7956681102362204
20
0.6956738188976378
11
0.7958406299212598
21
0.6954748818897638
0
LINE
8
BLACK
6
CONTINUOUS
10
0.7958406299212598
20
0.6954748818897638
11
0.7960839763779527
21
0.695374094488189
0
LINE
8
BLACK
6
CONTINUOUS
10
0.7960839763779527
20
0.695374094488189
11
0.7978363779527559
21
0.6936216929133858
0
LINE
8
BLACK
6
CONTINUOUS
10
0.7978363779527559
20
0.6936216929133858
11
0.7979371259842519
21
0.6933784645669291
0
LINE
8
BLACK
6
CONTINUOUS
10
0.7979371259842519
20
0.6933784645669291
11
0.7981361023622047
21
0.6932058661417323
0
LINE
8
BLACK
6
CONTINUOUS
10
0.7981361023622047
20
0.6932058661417323
11
0.7998884251968503
21
0.6897011023622047
0
LINE
8
BLACK
6
CONTINUOUS
10
0.7998884251968503
20
0.6897011023622047
11
0.7999148031496063
21
0.6893296850393701
0
LINE
8
BLACK
6
CONTINUOUS
10
0.7999148031496063
20
0.6893296850393701
11
0.8000573622047243
21
0.6889855511811024
0
LINE
8
BLACK
6
CONTINUOUS
10
0.8000573622047243
20
0.6889855511811024
11
0.8000573622047243
21
0.6802236614173228
0
LINE
8
BLACK
6
CONTINUOUS
10
0.8000573622047243
20
0.6802236614173228
11
0.7999148031496063
21
0.6798795669291339
0
LINE
8
BLACK
6
CONTINUOUS
10
0.7999148031496063
20
0.6798795669291339
11
0.7998884251968503
21
0.6795081102362205
0
LINE
8
BLACK
6
CONTINUOUS
10
0.7998884251968503
20
0.6795081102362205
11
0.7981361023622047
21
0.6760033464566929
0
LINE
8
BLACK
6
CONTINUOUS
10
0.7981361023622047
20
0.6760033464566929
11
0.7979371259842519
21
0.6758307874015748
0
LINE
8
BLACK
6
CONTINUOUS
10
0.7979371259842519
20
0.6758307874015748
11
0.7978363779527559
21
0.6755875196850394
0
LINE
8
BLACK
6
CONTINUOUS
10
0.7978363779527559
20
0.6755875196850394
11
0.7960839763779527
21
0.6738351181102362
0
LINE
8
BLACK
6
CONTINUOUS
10
0.7960839763779527
20
0.6738351181102362
11
0.7949525984251968
21
0.6733664960629921
0
LINE
8
BLACK
6
CONTINUOUS
10
0.7949525984251968
20
0.6733664960629921
11
0.793821220472441
21
0.6738351181102362
0
LINE
8
BLACK
6
CONTINUOUS
10
0.793821220472441
20
0.6738351181102362
11
0.7933525984251968
21
0.6749664960629921
0
LINE
8
BLACK
6
CONTINUOUS
10
0.7933525984251968
20
0.6749664960629921
11
0.793821220472441
21
0.6760978740157481
0
LINE
8
BLACK
6
CONTINUOUS
10
0.793821220472441
20
0.6760978740157481
11
0.7953899999999999
21
0.677666653543307
0
LINE
8
BLACK
6
CONTINUOUS
10
0.7953899999999999
20
0.677666653543307
11
0.7968573622047244
21
0.6806013779527559
0
LINE
8
BLACK
6
CONTINUOUS
10
0.7968573622047244
20
0.6806013779527559
11
0.7968573622047244
21
0.6886078346456693
0
LINE
8
BLACK
6
CONTINUOUS
10
0.7968573622047244
20
0.6886078346456693
11
0.7953899999999999
21
0.6915425590551181
0
LINE
8
BLACK
6
CONTINUOUS
10
0.7953899999999999
20
0.6915425590551181
11
0.7940047637795276
21
0.6929277952755906
0
LINE
8
BLACK
6
CONTINUOUS
10
0.7940047637795276
20
0.6929277952755906
11
0.7910700787401574
21
0.6943950787401575
0
LINE
8
BLACK
6
CONTINUOUS
10
0.7910700787401574
20
0.6943950787401575
11
0.7882026377952756
21
0.6943950787401575
0
LINE
8
BLACK
6
CONTINUOUS
10
0.7882026377952756
20
0.6943950787401575
11
0.7835502362204724
21
0.6928442913385826
0
LINE
8
BLACK
6
CONTINUOUS
10
0.7835502362204724
20
0.6928442913385826
11
0.7627887401574803
21
0.6720827559055118
0
LINE
8
BLACK
6
CONTINUOUS
10
0.7627887401574803
20
0.6720827559055118
11
0.7616573622047244
21
0.6716141338582677
0
LINE
8
BLACK
6
CONTINUOUS
10
0.7616573622047244
20
0.6716141338582677
11
0.7605259842519685
21
0.6720827559055118
0
LINE
8
BLACK
6
CONTINUOUS
10
0.7605259842519685
20
0.6720827559055118
11
0.7600573622047244
21
0.6732141338582677
0
LINE
8
BLACK
6
CONTINUOUS
10
0.7600573622047244
20
0.6732141338582677
11
0.7600573622047244
21
0.6959950787401574
0
LINE
8
BLACK
6
CONTINUOUS
10
0.7600573622047244
20
0.6959950787401574
11
0.7605259842519685
21
0.6971264566929134
0
LINE
8
BLACK
6
CONTINUOUS
10
0.7605259842519685
20
0.6971264566929134
11
0.7616573622047244
21
0.6975950787401575
0
LINE
8
BLACK
6
CONTINUOUS
10
0.7616573622047244
20
0.6975950787401575
11
0.7627887401574803
21
0.6971264566929134
0
LINE
8
BLACK
6
CONTINUOUS
10
0.7627887401574803
20
0.6971264566929134
11
0.7632573622047244
21
0.6959950787401574
0
LINE
8
BLACK
6
CONTINUOUS
10
0.7632573622047244
20
0.6959950787401574
11
0.7632573622047244
21
0.6770768897637796
0
LINE
8
BLACK
6
CONTINUOUS
10
0.7632573622047244
20
0.6770768897637796
11
0.7815545669291338
21
0.695374094488189
0
LINE
8
BLACK
6
CONTINUOUS
10
0.7815545669291338
20
0.695374094488189
11
0.781898622047244
21
0.6955166141732283
0
LINE
8
BLACK
6
CONTINUOUS
10
0.781898622047244
20
0.6955166141732283
11
0.78218
21
0.6957606299212599
0
LINE
8
BLACK
6
CONTINUOUS
10
0.78218
20
0.6957606299212599
11
0.787437125984252
21
0.6975129921259843
0
LINE
8
BLACK
6
CONTINUOUS
10
0.787437125984252
20
0.6975129921259843
11
0.7876998031496063
21
0.6974943307086614
0
LINE
8
BLACK
6
CONTINUOUS
10
0.7876998031496063
20
0.6974943307086614
11
0.7879430708661417
21
0.6975950787401575
0
LINE
8
BLACK
6
CONTINUOUS
10
0.7879430708661417
20
0.6975950787401575
11
0.7914478346456693
21
0.6975950787401575
0
LINE
8
BLACK
6
CONTINUOUS
10
0.7914478346456693
20
0.6975950787401575
11
0.7917918503937008
21
0.6974525984251968
0
LINE
8
BLACK
6
CONTINUOUS
10
0.8495887401574803
20
0.7133560629921259
11
0.8500573622047244
21
0.7122246850393701
0
LINE
8
BLACK
6
CONTINUOUS
10
0.8500573622047244
20
0.7122246850393701
11
0.8495887401574803
21
0.7110933070866141
0
LINE
8
BLACK
6
CONTINUOUS
10
0.8495887401574803
20
0.7110933070866141
11
0.8484573622047243
21
0.71062468503937
0
LINE
8
BLACK
6
CONTINUOUS
10
0.8484573622047243
20
0.71062468503937
11
0.8370271653543306
21
0.71062468503937
0
LINE
8
BLACK
6
CONTINUOUS
10
0.8370271653543306
20
0.71062468503937
11
0.837621811023622
21
0.7094354724409448
0
LINE
8
BLACK
6
CONTINUOUS
10
0.837621811023622
20
0.7094354724409448
11
0.8376481889763779
21
0.7090639763779527
0
LINE
8
BLACK
6
CONTINUOUS
10
0.8376481889763779
20
0.7090639763779527
11
0.8377907086614172
21
0.7087199212598425
0
LINE
8
BLACK
6
CONTINUOUS
10
0.8377907086614172
20
0.7087199212598425
11
0.8377907086614172
21
0.7017103937007874
0
LINE
8
BLACK
6
CONTINUOUS
10
0.8377907086614172
20
0.7017103937007874
11
0.8376481889763779
21
0.7013663779527559
0
LINE
8
BLACK
6
CONTINUOUS
10
0.8376481889763779
20
0.7013663779527559
11
0.837621811023622
21
0.700994842519685
0
LINE
8
BLACK
6
CONTINUOUS
10
0.837621811023622
20
0.700994842519685
11
0.8358693700787402
21
0.6974900787401574
0
LINE
8
BLACK
6
CONTINUOUS
10
0.8358693700787402
20
0.6974900787401574
11
0.8356704724409448
21
0.6973175984251968
0
LINE
8
BLACK
6
CONTINUOUS
10
0.8356704724409448
20
0.6973175984251968
11
0.83556968503937
21
0.6970742519685039
0
LINE
8
BLACK
6
CONTINUOUS
10
0.83556968503937
20
0.6970742519685039
11
0.8338173228346456
21
0.6953218897637795
0
LINE
8
BLACK
6
CONTINUOUS
10
0.8338173228346456
20
0.6953218897637795
11
0.8335739763779527
21
0.6952211417322834
0
LINE
8
BLACK
6
CONTINUOUS
10
0.8335739763779527
20
0.6952211417322834
11
0.8334014960629921
21
0.6950222047244095
0
LINE
8
BLACK
6
CONTINUOUS
10
0.8334014960629921
20
0.6950222047244095
11
0.8298967322834645
21
0.6932698031496063
0
LINE
8
BLACK
6
CONTINUOUS
10
0.8298967322834645
20
0.6932698031496063
11
0.8295252755905511
21
0.6932434251968503
0
LINE
8
BLACK
6
CONTINUOUS
10
0.8295252755905511
20
0.6932434251968503
11
0.8291811811023622
21
0.6931008661417323
0
LINE
8
BLACK
6
CONTINUOUS
10
0.8291811811023622
20
0.6931008661417323
11
0.8186668897637795
21
0.6931008661417323
0
LINE
8
BLACK
6
CONTINUOUS
10
0.8186668897637795
20
0.6931008661417323
11
0.8183228346456692
21
0.6932433858267716
0
LINE
8
BLACK
6
CONTINUOUS
10
0.8183228346456692
20
0.6932433858267716
11
0.8179513385826771
21
0.6932697637795275
0
LINE
8
BLACK
6
CONTINUOUS
10
0.8179513385826771
20
0.6932697637795275
11
0.8144465748031496
21
0.6950222047244095
0
LINE
8
BLACK
6
CONTINUOUS
10
0.8144465748031496
20
0.6950222047244095
11
0.8142740551181102
21
0.6952211023622047
0
LINE
8
BLACK
6
CONTINUOUS
10
0.8142740551181102
20
0.6952211023622047
11
0.814030748031496
21
0.6953218897637795
0
LINE
8
BLACK
6
CONTINUOUS
10
0.814030748031496
20
0.6953218897637795
11
0.8122783858267716
21
0.6970742519685039
0
LINE
8
BLACK
6
CONTINUOUS
10
0.8122783858267716
20
0.6970742519685039
11
0.8121775984251969
21
0.6973175984251968
0
LINE
8
BLACK
6
CONTINUOUS
10
0.8121775984251969
20
0.6973175984251968
11
0.8119787007874015
21
0.6974900787401574
0
LINE
8
BLACK
6
CONTINUOUS
10
0.8119787007874015
20
0.6974900787401574
11
0.8102262992125984
21
0.700994842519685
0
LINE
8
BLACK
6
CONTINUOUS
10
0.8102262992125984
20
0.700994842519685
11
0.8101998818897638
21
0.7013662992125984
0
LINE
8
BLACK
6
CONTINUOUS
10
0.8101998818897638
20
0.7013662992125984
11
0.8100573622047244
21
0.7017103937007874
0
LINE
8
BLACK
6
CONTINUOUS
10
0.8100573622047244
20
0.7017103937007874
11
0.8100573622047244
21
0.7087199212598425
0
LINE
8
BLACK
6
CONTINUOUS
10
0.8100573622047244
20
0.7087199212598425
11
0.8101998818897638
21
0.7090640551181102
0
LINE
8
BLACK
6
CONTINUOUS
10
0.8101998818897638
20
0.7090640551181102
11
0.8102262992125984
21
0.7094354724409448
0
LINE
8
BLACK
6
CONTINUOUS
10
0.8102262992125984
20
0.7094354724409448
11
0.8109644094488189
21
0.7109117322834646
0
LINE
8
BLACK
6
CONTINUOUS
10
0.8109644094488189
20
0.7109117322834646
11
0.8105259842519685
21
0.7110933070866141
0
LINE
8
BLACK
6
CONTINUOUS
10
0.8105259842519685
20
0.7110933070866141
11
0.8100573622047244
21
0.7122246850393701
0
LINE
8
BLACK
6
CONTINUOUS
10
0.8100573622047244
20
0.7122246850393701
11
0.8105259842519685
21
0.7133560629921259
0
LINE
8
BLACK
6
CONTINUOUS
10
0.8105259842519685
20
0.7133560629921259
11
0.8116573622047244
21
0.71382468503937
0
LINE
8
BLACK
6
CONTINUOUS
10
0.8116573622047244
20
0.71382468503937
11
0.8484573622047243
21
0.71382468503937
0
LINE
8
BLACK
6
CONTINUOUS
10
0.8484573622047243
20
0.71382468503937
11
0.8495887401574803
21
0.7133560629921259
0
LINE
8
BLACK
6
CONTINUOUS
10
0.8132573622047244
20
0.7083422440944882
11
0.8132573622047244
21
0.7020881102362204
0
LINE
8
BLACK
6
CONTINUOUS
10
0.8132573622047244
20
0.7020881102362204
11
0.8147247244094488
21
0.6991534251968504
0
LINE
8
BLACK
6
CONTINUOUS
10
0.8147247244094488
20
0.6991534251968504
11
0.8161099606299212
21
0.6977681889763779
0
LINE
8
BLACK
6
CONTINUOUS
10
0.8161099606299212
20
0.6977681889763779
11
0.8190445669291339
21
0.6963008661417323
0
LINE
8
BLACK
6
CONTINUOUS
10
0.8190445669291339
20
0.6963008661417323
11
0.8288035039370079
21
0.6963008661417323
0
LINE
8
BLACK
6
CONTINUOUS
10
0.8288035039370079
20
0.6963008661417323
11
0.8317381496062992
21
0.6977682677165354
0
LINE
8
BLACK
6
CONTINUOUS
10
0.8317381496062992
20
0.6977682677165354
11
0.8331233858267716
21
0.6991535039370078
0
LINE
8
BLACK
6
CONTINUOUS
10
0.8331233858267716
20
0.6991535039370078
11
0.8345907086614173
21
0.7020881102362204
0
LINE
8
BLACK
6
CONTINUOUS
10
0.8345907086614173
20
0.7020881102362204
11
0.8345907086614173
21
0.7083422440944882
0
LINE
8
BLACK
6
CONTINUOUS
10
0.8345907086614173
20
0.7083422440944882
11
0.8334494881889764
21
0.71062468503937
0
LINE
8
BLACK
6
CONTINUOUS
10
0.8334494881889764
20
0.71062468503937
11
0.8143986220472441
21
0.71062468503937
0
LINE
8
BLACK
6
CONTINUOUS
10
0.8143986220472441
20
0.71062468503937
11
0.8132573622047244
21
0.7083422440944882
0
LINE
8
BLACK
6
CONTINUOUS
10
0.7750553937007874
20
0.7339264960629921
11
0.7755240157480314
21
0.7327951181102362
0
LINE
8
BLACK
6
CONTINUOUS
10
0.7755240157480314
20
0.7327951181102362
11
0.7755240157480314
21
0.7291379527559055
0
LINE
8
BLACK
6
CONTINUOUS
10
0.7755240157480314
20
0.7291379527559055
11
0.7861907086614173
21
0.7291379527559055
0
LINE
8
BLACK
6
CONTINUOUS
10
0.7861907086614173
20
0.7291379527559055
11
0.7873220866141732
21
0.7286693307086614
0
LINE
8
BLACK
6
CONTINUOUS
10
0.7873220866141732
20
0.7286693307086614
11
0.7877907086614173
21
0.7275379527559055
0
LINE
8
BLACK
6
CONTINUOUS
10
0.7877907086614173
20
0.7275379527559055
11
0.7873220866141732
21
0.7264065748031496
0
LINE
8
BLACK
6
CONTINUOUS
10
0.7873220866141732
20
0.7264065748031496
11
0.7861907086614173
21
0.7259379527559054
0
LINE
8
BLACK
6
CONTINUOUS
10
0.7861907086614173
20
0.7259379527559054
11
0.7755240157480314
21
0.7259379527559054
0
LINE
8
BLACK
6
CONTINUOUS
10
0.7755240157480314
20
0.7259379527559054
11
0.7755240157480314
21
0.7122340157480315
0
LINE
8
BLACK
6
CONTINUOUS
10
0.7755240157480314
20
0.7122340157480315
11
0.799703779527559
21
0.720293937007874
0
LINE
8
BLACK
6
CONTINUOUS
10
0.799703779527559
20
0.720293937007874
11
0.8009252755905512
21
0.7202071653543307
0
LINE
8
BLACK
6
CONTINUOUS
10
0.8009252755905512
20
0.7202071653543307
11
0.8017276377952756
21
0.7192820078740157
0
LINE
8
BLACK
6
CONTINUOUS
10
0.8017276377952756
20
0.7192820078740157
11
0.8016408267716535
21
0.7180605118110236
0
LINE
8
BLACK
6
CONTINUOUS
10
0.8016408267716535
20
0.7180605118110236
11
0.8007157086614173
21
0.7172581496062992
0
LINE
8
BLACK
6
CONTINUOUS
10
0.8007157086614173
20
0.7172581496062992
11
0.77443
21
0.7084962598425196
0
LINE
8
BLACK
6
CONTINUOUS
10
0.77443
20
0.7084962598425196
11
0.7741673228346456
21
0.7085149212598425
0
LINE
8
BLACK
6
CONTINUOUS
10
0.7741673228346456
20
0.7085149212598425
11
0.7739240157480315
21
0.7084141338582677
0
LINE
8
BLACK
6
CONTINUOUS
10
0.7739240157480315
20
0.7084141338582677
11
0.7735799606299213
21
0.7085566535433071
0
LINE
8
BLACK
6
CONTINUOUS
10
0.7735799606299213
20
0.7085566535433071
11
0.7732084645669292
21
0.7085830314960629
0
LINE
8
BLACK
6
CONTINUOUS
10
0.7732084645669292
20
0.7085830314960629
11
0.773035905511811
21
0.7087820078740157
0
LINE
8
BLACK
6
CONTINUOUS
10
0.773035905511811
20
0.7087820078740157
11
0.7727926377952756
21
0.7088827559055118
0
LINE
8
BLACK
6
CONTINUOUS
10
0.7727926377952756
20
0.7088827559055118
11
0.7726501181102362
21
0.7092268503937008
0
LINE
8
BLACK
6
CONTINUOUS
10
0.7726501181102362
20
0.7092268503937008
11
0.7724061417322835
21
0.7095081496062992
0
LINE
8
BLACK
6
CONTINUOUS
10
0.7724061417322835
20
0.7095081496062992
11
0.7724247637795275
21
0.7097708267716535
0
LINE
8
BLACK
6
CONTINUOUS
10
0.7724247637795275
20
0.7097708267716535
11
0.7723240157480314
21
0.7100141338582677
0
LINE
8
BLACK
6
CONTINUOUS
10
0.7723240157480314
20
0.7100141338582677
11
0.7723240157480314
21
0.7259379527559054
0
LINE
8
BLACK
6
CONTINUOUS
10
0.7723240157480314
20
0.7259379527559054
11
0.7616573622047244
21
0.7259379527559054
0
LINE
8
BLACK
6
CONTINUOUS
10
0.7616573622047244
20
0.7259379527559054
11
0.7605259842519685
21
0.7264065748031496
0
LINE
8
BLACK
6
CONTINUOUS
10
0.7605259842519685
20
0.7264065748031496
11
0.7600573622047244
21
0.7275379527559055
0
LINE
8
BLACK
6
CONTINUOUS
10
0.7600573622047244
20
0.7275379527559055
11
0.7605259842519685
21
0.7286693307086614
0
LINE
8
BLACK
6
CONTINUOUS
10
0.7605259842519685
20
0.7286693307086614
11
0.7616573622047244
21
0.7291379527559055
0
LINE
8
BLACK
6
CONTINUOUS
10
0.7616573622047244
20
0.7291379527559055
11
0.7723240157480314
21
0.7291379527559055
0
LINE
8
BLACK
6
CONTINUOUS
10
0.7723240157480314
20
0.7291379527559055
11
0.7723240157480314
21
0.7327951181102362
0
LINE
8
BLACK
6
CONTINUOUS
10
0.7723240157480314
20
0.7327951181102362
11
0.7727926377952756
21
0.7339264960629921
0
LINE
8
BLACK
6
CONTINUOUS
10
0.7727926377952756
20
0.7339264960629921
11
0.7739240157480315
21
0.7343951181102362
0
LINE
8
BLACK
6
CONTINUOUS
10
0.7739240157480315
20
0.7343951181102362
11
0.7750553937007874
21
0.7339264960629921
0
LINE
8
BLACK
6
CONTINUOUS
10
0.8368756299212599
20
0.7452135433070866
11
0.8376974803149606
21
0.7443057086614173
0
LINE
8
BLACK
6
CONTINUOUS
10
0.8376974803149606
20
0.7443057086614173
11
0.8376366929133858
21
0.7430825984251969
0
LINE
8
BLACK
6
CONTINUOUS
10
0.8376366929133858
20
0.7430825984251969
11
0.8367288188976377
21
0.7422607874015748
0
LINE
8
BLACK
6
CONTINUOUS
10
0.8367288188976377
20
0.7422607874015748
11
0.8164144488188976
21
0.7350056692913386
0
LINE
8
BLACK
6
CONTINUOUS
10
0.8164144488188976
20
0.7350056692913386
11
0.8367288582677165
21
0.7277505118110236
0
LINE
8
BLACK
6
CONTINUOUS
10
0.8367288582677165
20
0.7277505118110236
11
0.8376366929133858
21
0.7269287007874016
0
LINE
8
BLACK
6
CONTINUOUS
10
0.8376366929133858
20
0.7269287007874016
11
0.8376974803149606
21
0.7257055905511811
0
LINE
8
BLACK
6
CONTINUOUS
10
0.8376974803149606
20
0.7257055905511811
11
0.8368756692913386
21
0.7247977559055118
0
LINE
8
BLACK
6
CONTINUOUS
10
0.8368756692913386
20
0.7247977559055118
11
0.835652559055118
21
0.724736968503937
0
LINE
8
BLACK
6
CONTINUOUS
10
0.835652559055118
20
0.724736968503937
11
0.8111192125984252
21
0.7334988582677165
0
LINE
8
BLACK
6
CONTINUOUS
10
0.8111192125984252
20
0.7334988582677165
11
0.811056653543307
21
0.7335554724409449
0
LINE
8
BLACK
6
CONTINUOUS
10
0.811056653543307
20
0.7335554724409449
11
0.8109724015748031
21
0.7335596456692913
0
LINE
8
BLACK
6
CONTINUOUS
10
0.8109724015748031
20
0.7335596456692913
11
0.8106107874015748
21
0.733959094488189
0
LINE
8
BLACK
6
CONTINUOUS
10
0.8106107874015748
20
0.733959094488189
11
0.8102113779527559
21
0.7343206692913385
0
LINE
8
BLACK
6
CONTINUOUS
10
0.8102113779527559
20
0.7343206692913385
11
0.8102071653543307
21
0.7344049606299212
0
LINE
8
BLACK
6
CONTINUOUS
10
0.8102071653543307
20
0.7344049606299212
11
0.8101505905511811
21
0.7344674803149606
0
LINE
8
BLACK
6
CONTINUOUS
10
0.8101505905511811
20
0.7344674803149606
11
0.8101773228346456
21
0.7350056299212598
0
LINE
8
BLACK
6
CONTINUOUS
10
0.8101773228346456
20
0.7350056299212598
11
0.8101505905511811
21
0.735543779527559
0
LINE
8
BLACK
6
CONTINUOUS
10
0.8101505905511811
20
0.735543779527559
11
0.8102071653543307
21
0.7356063385826771
0
LINE
8
BLACK
6
CONTINUOUS
10
0.8102071653543307
20
0.7356063385826771
11
0.8102113779527559
21
0.7356905905511811
0
LINE
8
BLACK
6
CONTINUOUS
10
0.8102113779527559
20
0.7356905905511811
11
0.8106107874015748
21
0.7360522047244095
0
LINE
8
BLACK
6
CONTINUOUS
10
0.8106107874015748
20
0.7360522047244095
11
0.8109724015748031
21
0.7364516141732284
0
LINE
8
BLACK
6
CONTINUOUS
10
0.8109724015748031
20
0.7364516141732284
11
0.811056653543307
21
0.7364558267716536
0
LINE
8
BLACK
6
CONTINUOUS
10
0.811056653543307
20
0.7364558267716536
11
0.8111192125984252
21
0.7365124015748031
0
LINE
8
BLACK
6
CONTINUOUS
10
0.8111192125984252
20
0.7365124015748031
11
0.835652559055118
21
0.7452743307086614
0
LINE
8
BLACK
6
CONTINUOUS
10
0.835652559055118
20
0.7452743307086614
11
0.8368756299212599
21
0.7452135433070866
0
LINE
8
BLACK
6
CONTINUOUS
10
0.8295252755905511
20
0.7767679133858267
11
0.8298967322834645
21
0.7767414960629921
0
LINE
8
BLACK
6
CONTINUOUS
10
0.8298967322834645
20
0.7767414960629921
11
0.8334014960629921
21
0.774989094488189
0
LINE
8
BLACK
6
CONTINUOUS
10
0.8334014960629921
20
0.774989094488189
11
0.8335739763779527
21
0.7747901968503936
0
LINE
8
BLACK
6
CONTINUOUS
10
0.8335739763779527
20
0.7747901968503936
11
0.8338173228346456
21
0.7746894094488189
0
LINE
8
BLACK
6
CONTINUOUS
10
0.8338173228346456
20
0.7746894094488189
11
0.83556968503937
21
0.7729370472440945
0
LINE
8
BLACK
6
CONTINUOUS
10
0.83556968503937
20
0.7729370472440945
11
0.8356704724409448
21
0.7726937401574803
0
LINE
8
BLACK
6
CONTINUOUS
10
0.8356704724409448
20
0.7726937401574803
11
0.8358693700787402
21
0.7725212204724409
0
LINE
8
BLACK
6
CONTINUOUS
10
0.8358693700787402
20
0.7725212204724409
11
0.837621811023622
21
0.7690164566929134
0
LINE
8
BLACK
6
CONTINUOUS
10
0.837621811023622
20
0.7690164566929134
11
0.8376481889763779
21
0.7686449606299213
0
LINE
8
BLACK
6
CONTINUOUS
10
0.8376481889763779
20
0.7686449606299213
11
0.8377907086614172
21
0.768300905511811
0
LINE
8
BLACK
6
CONTINUOUS
10
0.8377907086614172
20
0.768300905511811
11
0.8377907086614172
21
0.7630437401574803
0
LINE
8
BLACK
6
CONTINUOUS
10
0.8377907086614172
20
0.7630437401574803
11
0.8376481889763779
21
0.7626997244094488
0
LINE
8
BLACK
6
CONTINUOUS
10
0.8376481889763779
20
0.7626997244094488
11
0.837621811023622
21
0.7623281889763779
0
LINE
8
BLACK
6
CONTINUOUS
10
0.837621811023622
20
0.7623281889763779
11
0.8358693700787402
21
0.7588234251968504
0
LINE
8
BLACK
6
CONTINUOUS
10
0.8358693700787402
20
0.7588234251968504
11
0.8356704724409448
21
0.7586509448818898
0
LINE
8
BLACK
6
CONTINUOUS
10
0.8356704724409448
20
0.7586509448818898
11
0.83556968503937
21
0.7584075984251968
0
LINE
8
BLACK
6
CONTINUOUS
10
0.83556968503937
20
0.7584075984251968
11
0.8338173228346456
21
0.7566552362204724
0
LINE
8
BLACK
6
CONTINUOUS
10
0.8338173228346456
20
0.7566552362204724
11
0.8335739763779527
21
0.7565544881889764
0
LINE
8
BLACK
6
CONTINUOUS
10
0.8335739763779527
20
0.7565544881889764
11
0.8334014960629921
21
0.7563555511811023
0
LINE
8
BLACK
6
CONTINUOUS
10
0.8334014960629921
20
0.7563555511811023
11
0.8298967322834645
21
0.7546031496062992
0
LINE
8
BLACK
6
CONTINUOUS
10
0.8298967322834645
20
0.7546031496062992
11
0.8295252755905511
21
0.7545767716535433
0
LINE
8
BLACK
6
CONTINUOUS
10
0.8295252755905511
20
0.7545767716535433
11
0.8291811811023622
21
0.7544342125984251
0
LINE
8
BLACK
6
CONTINUOUS
10
0.8291811811023622
20
0.7544342125984251
11
0.8186668897637795
21
0.7544342125984251
0
LINE
8
BLACK
6
CONTINUOUS
10
0.8186668897637795
20
0.7544342125984251
11
0.8183228346456692
21
0.7545767322834646
0
LINE
8
BLACK
6
CONTINUOUS
10
0.8183228346456692
20
0.7545767322834646
11
0.8179513385826771
21
0.7546031102362205
0
LINE
8
BLACK
6
CONTINUOUS
10
0.8179513385826771
20
0.7546031102362205
11
0.8144465748031496
21
0.7563555511811023
0
LINE
8
BLACK
6
CONTINUOUS
10
0.8144465748031496
20
0.7563555511811023
11
0.8142740551181102
21
0.7565544488188977
0
LINE
8
BLACK
6
CONTINUOUS
10
0.8142740551181102
20
0.7565544488188977
11
0.814030748031496
21
0.7566552362204724
0
LINE
8
BLACK
6
CONTINUOUS
10
0.814030748031496
20
0.7566552362204724
11
0.8122783858267716
21
0.7584075984251968
0
LINE
8
BLACK
6
CONTINUOUS
10
0.8122783858267716
20
0.7584075984251968
11
0.8121775984251969
21
0.7586509448818898
0
LINE
8
BLACK
6
CONTINUOUS
10
0.8121775984251969
20
0.7586509448818898
11
0.8119787007874015
21
0.7588234251968504
0
LINE
8
BLACK
6
CONTINUOUS
10
0.8119787007874015
20
0.7588234251968504
11
0.8102262992125984
21
0.7623281889763779
0
LINE
8
BLACK
6
CONTINUOUS
10
0.8102262992125984
20
0.7623281889763779
11
0.8101998818897638
21
0.7626996456692913
0
LINE
8
BLACK
6
CONTINUOUS
10
0.8101998818897638
20
0.7626996456692913
11
0.8100573622047244
21
0.7630437401574803
0
LINE
8
BLACK
6
CONTINUOUS
10
0.8100573622047244
20
0.7630437401574803
11
0.8100573622047244
21
0.768300905511811
0
LINE
8
BLACK
6
CONTINUOUS
10
0.8100573622047244
20
0.768300905511811
11
0.8101998818897638
21
0.7686450393700788
0
LINE
8
BLACK
6
CONTINUOUS
10
0.8101998818897638
20
0.7686450393700788
11
0.8102262992125984
21
0.7690164566929134
0
LINE
8
BLACK
6
CONTINUOUS
10
0.8102262992125984
20
0.7690164566929134
11
0.8119787007874015
21
0.7725212204724409
0
LINE
8
BLACK
6
CONTINUOUS
10
0.8119787007874015
20
0.7725212204724409
11
0.8121775984251969
21
0.7726937401574803
0
LINE
8
BLACK
6
CONTINUOUS
10
0.8121775984251969
20
0.7726937401574803
11
0.8122783858267716
21
0.7729370472440945
0
LINE
8
BLACK
6
CONTINUOUS
10
0.8122783858267716
20
0.7729370472440945
11
0.814030748031496
21
0.7746894094488189
0
LINE
8
BLACK
6
CONTINUOUS
10
0.814030748031496
20
0.7746894094488189
11
0.8142740551181102
21
0.7747902362204724
0
LINE
8
BLACK
6
CONTINUOUS
10
0.8142740551181102
20
0.7747902362204724
11
0.8144465748031496
21
0.774989094488189
0
LINE
8
BLACK
6
CONTINUOUS
10
0.8144465748031496
20
0.774989094488189
11
0.8179513385826771
21
0.7767415354330709
0
LINE
8
BLACK
6
CONTINUOUS
10
0.8179513385826771
20
0.7767415354330709
11
0.8183228346456692
21
0.7767679527559055
0
LINE
8
BLACK
6
CONTINUOUS
10
0.8183228346456692
20
0.7767679527559055
11
0.8186668897637795
21
0.7769104330708662
0
LINE
8
BLACK
6
CONTINUOUS
10
0.8186668897637795
20
0.7769104330708662
11
0.8291811811023622
21
0.7769104330708662
0
LINE
8
BLACK
6
CONTINUOUS
10
0.8291811811023622
20
0.7769104330708662
11
0.8295252755905511
21
0.7767679133858267
0
LINE
8
BLACK
6
CONTINUOUS
10
0.8161099606299212
20
0.7722431496062991
11
0.8147247244094488
21
0.7708579133858268
0
LINE
8
BLACK
6
CONTINUOUS
10
0.8147247244094488
20
0.7708579133858268
11
0.8132573622047244
21
0.7679232283464567
0
LINE
8
BLACK
6
CONTINUOUS
10
0.8132573622047244
20
0.7679232283464567
11
0.8132573622047244
21
0.7634214566929134
0
LINE
8
BLACK
6
CONTINUOUS
10
0.8132573622047244
20
0.7634214566929134
11
0.8147247244094488
21
0.7604867716535433
0
LINE
8
BLACK
6
CONTINUOUS
10
0.8147247244094488
20
0.7604867716535433
11
0.8161099606299212
21
0.7591015354330708
0
LINE
8
BLACK
6
CONTINUOUS
10
0.8161099606299212
20
0.7591015354330708
11
0.8190445669291339
21
0.7576342125984252
0
LINE
8
BLACK
6
CONTINUOUS
10
0.8190445669291339
20
0.7576342125984252
11
0.8288035039370079
21
0.7576342125984252
0
LINE
8
BLACK
6
CONTINUOUS
10
0.8288035039370079
20
0.7576342125984252
11
0.8317381496062992
21
0.7591016141732283
0
LINE
8
BLACK
6
CONTINUOUS
10
0.8317381496062992
20
0.7591016141732283
11
0.8331233858267716
21
0.7604868503937008
0
LINE
8
BLACK
6
CONTINUOUS
10
0.8331233858267716
20
0.7604868503937008
11
0.8345907086614173
21
0.7634214566929134
0
LINE
8
BLACK
6
CONTINUOUS
10
0.8345907086614173
20
0.7634214566929134
11
0.8345907086614173
21
0.7679232283464567
0
LINE
8
BLACK
6
CONTINUOUS
10
0.8345907086614173
20
0.7679232283464567
11
0.8331233858267716
21
0.7708578346456693
0
LINE
8
BLACK
6
CONTINUOUS
10
0.8331233858267716
20
0.7708578346456693
11
0.8317381496062992
21
0.7722430708661417
0
LINE
8
BLACK
6
CONTINUOUS
10
0.8317381496062992
20
0.7722430708661417
11
0.8288035039370079
21
0.7737104330708662
0
LINE
8
BLACK
6
CONTINUOUS
10
0.8288035039370079
20
0.7737104330708662
11
0.8190445669291339
21
0.7737104330708662
0
LINE
8
BLACK
6
CONTINUOUS
10
0.8190445669291339
20
0.7737104330708662
11
0.8161099606299212
21
0.7722431496062991
0
LINE
8
BLACK
6
CONTINUOUS
10
0.8373220866141732
20
0.8027275196850393
11
0.8377907086614172
21
0.8015961417322834
0
LINE
8
BLACK
6
CONTINUOUS
10
0.8377907086614172
20
0.8015961417322834
11
0.8377907086614172
21
0.7980913779527559
0
LINE
8
BLACK
6
CONTINUOUS
10
0.8377907086614172
20
0.7980913779527559
11
0.8376481889763779
21
0.7977473622047244
0
LINE
8
BLACK
6
CONTINUOUS
10
0.8376481889763779
20
0.7977473622047244
11
0.837621811023622
21
0.7973758267716535
0
LINE
8
BLACK
6
CONTINUOUS
10
0.837621811023622
20
0.7973758267716535
11
0.8358693700787402
21
0.793871062992126
0
LINE
8
BLACK
6
CONTINUOUS
10
0.8358693700787402
20
0.793871062992126
11
0.8356704330708661
21
0.7936985826771653
0
LINE
8
BLACK
6
CONTINUOUS
10
0.8356704330708661
20
0.7936985826771653
11
0.83556968503937
21
0.7934552362204724
0
LINE
8
BLACK
6
CONTINUOUS
10
0.83556968503937
20
0.7934552362204724
11
0.8347962992125985
21
0.7926818503937008
0
LINE
8
BLACK
6
CONTINUOUS
10
0.8347962992125985
20
0.7926818503937008
11
0.8361907086614173
21
0.7926818503937008
0
LINE
8
BLACK
6
CONTINUOUS
10
0.8361907086614173
20
0.7926818503937008
11
0.8373220866141732
21
0.7922132283464567
0
LINE
8
BLACK
6
CONTINUOUS
10
0.8373220866141732
20
0.7922132283464567
11
0.8377907086614172
21
0.7910818503937007
0
LINE
8
BLACK
6
CONTINUOUS
10
0.8377907086614172
20
0.7910818503937007
11
0.8373220866141732
21
0.7899504724409449
0
LINE
8
BLACK
6
CONTINUOUS
10
0.8373220866141732
20
0.7899504724409449
11
0.8361907086614173
21
0.7894818503937008
0
LINE
8
BLACK
6
CONTINUOUS
10
0.8361907086614173
20
0.7894818503937008
11
0.8116573622047244
21
0.7894818503937008
0
LINE
8
BLACK
6
CONTINUOUS
10
0.8116573622047244
20
0.7894818503937008
11
0.8105259842519685
21
0.7899504724409449
0
LINE
8
BLACK
6
CONTINUOUS
10
0.8105259842519685
20
0.7899504724409449
11
0.8100573622047244
21
0.7910818503937007
0
LINE
8
BLACK
6
CONTINUOUS
10
0.8100573622047244
20
0.7910818503937007
11
0.8105259842519685
21
0.7922132283464567
0
LINE
8
BLACK
6
CONTINUOUS
10
0.8105259842519685
20
0.7922132283464567
11
0.8116573622047244
21
0.7926818503937008
0
LINE
8
BLACK
6
CONTINUOUS
10
0.8116573622047244
20
0.7926818503937008
11
0.8288034251968504
21
0.7926818503937008
0
LINE
8
BLACK
6
CONTINUOUS
10
0.8288034251968504
20
0.7926818503937008
11
0.8317381496062992
21
0.7941492125984252
0
LINE
8
BLACK
6
CONTINUOUS
10
0.8317381496062992
20
0.7941492125984252
11
0.8331233070866142
21
0.7955343700787402
0
LINE
8
BLACK
6
CONTINUOUS
10
0.8331233070866142
20
0.7955343700787402
11
0.8345907086614173
21
0.7984690944881889
0
LINE
8
BLACK
6
CONTINUOUS
10
0.8345907086614173
20
0.7984690944881889
11
0.8345907086614173
21
0.8015961417322834
0
LINE
8
BLACK
6
CONTINUOUS
10
0.8345907086614173
20
0.8015961417322834
11
0.8350593307086615
21
0.8027275196850393
0
LINE
8
BLACK
6
CONTINUOUS
10
0.8350593307086615
20
0.8027275196850393
11
0.8361907086614173
21
0.8031961417322835
0
LINE
8
BLACK
6
CONTINUOUS
10
0.8361907086614173
20
0.8031961417322835
11
0.8373220866141732
21
0.8027275196850393
0
LINE
8
BLACK
6
CONTINUOUS
10
0.8312775590551181
20
0.8310917322834646
11
0.8316490944881889
21
0.8310653149606299
0
LINE
8
BLACK
6
CONTINUOUS
10
0.8316490944881889
20
0.8310653149606299
11
0.8351538188976377
21
0.8293129527559054
0
LINE
8
BLACK
6
CONTINUOUS
10
0.8351538188976377
20
0.8293129527559054
11
0.8354861417322834
21
0.8289297637795275
0
LINE
8
BLACK
6
CONTINUOUS
10
0.8354861417322834
20
0.8289297637795275
11
0.8358693700787402
21
0.8285974015748031
0
LINE
8
BLACK
6
CONTINUOUS
10
0.8358693700787402
20
0.8285974015748031
11
0.837621811023622
21
0.8250926377952755
0
LINE
8
BLACK
6
CONTINUOUS
10
0.837621811023622
20
0.8250926377952755
11
0.8376481889763779
21
0.8247211417322834
0
LINE
8
BLACK
6
CONTINUOUS
10
0.8376481889763779
20
0.8247211417322834
11
0.8377907086614172
21
0.8243770866141732
0
LINE
8
BLACK
6
CONTINUOUS
10
0.8377907086614172
20
0.8243770866141732
11
0.8377907086614172
21
0.817367559055118
0
LINE
8
BLACK
6
CONTINUOUS
10
0.8377907086614172
20
0.817367559055118
11
0.8376481889763779
21
0.8170235433070866
0
LINE
8
BLACK
6
CONTINUOUS
10
0.8376481889763779
20
0.8170235433070866
11
0.837621811023622
21
0.8166520078740157
0
LINE
8
BLACK
6
CONTINUOUS
10
0.837621811023622
20
0.8166520078740157
11
0.8358693700787402
21
0.8131472440944881
0
LINE
8
BLACK
6
CONTINUOUS
10
0.8358693700787402
20
0.8131472440944881
11
0.834944251968504
21
0.8123448818897637
0
LINE
8
BLACK
6
CONTINUOUS
10
0.834944251968504
20
0.8123448818897637
11
0.8337227559055118
21
0.8124317322834645
0
LINE
8
BLACK
6
CONTINUOUS
10
0.8337227559055118
20
0.8124317322834645
11
0.8329203937007874
21
0.8133568503937008
0
LINE
8
BLACK
6
CONTINUOUS
10
0.8329203937007874
20
0.8133568503937008
11
0.8330072440944881
21
0.8145783464566929
0
LINE
8
BLACK
6
CONTINUOUS
10
0.8330072440944881
20
0.8145783464566929
11
0.8345907086614173
21
0.8177452755905512
0
LINE
8
BLACK
6
CONTINUOUS
10
0.8345907086614173
20
0.8177452755905512
11
0.8345907086614173
21
0.8239994094488189
0
LINE
8
BLACK
6
CONTINUOUS
10
0.8345907086614173
20
0.8239994094488189
11
0.8332457480314961
21
0.8266892913385827
0
LINE
8
BLACK
6
CONTINUOUS
10
0.8332457480314961
20
0.8266892913385827
11
0.8305557874015748
21
0.8280342125984251
0
LINE
8
BLACK
6
CONTINUOUS
10
0.8305557874015748
20
0.8280342125984251
11
0.8284176377952756
21
0.8280342125984251
0
LINE
8
BLACK
6
CONTINUOUS
10
0.8284176377952756
20
0.8280342125984251
11
0.8272764173228346
21
0.8257517322834645
0
LINE
8
BLACK
6
CONTINUOUS
10
0.8272764173228346
20
0.8257517322834645
11
0.8272764173228346
21
0.817367559055118
0
LINE
8
BLACK
6
CONTINUOUS
10
0.8272764173228346
20
0.817367559055118
11
0.8271338976377952
21
0.8170235433070866
0
LINE
8
BLACK
6
CONTINUOUS
10
0.8271338976377952
20
0.8170235433070866
11
0.8271075196850394
21
0.8166520078740157
0
LINE
8
BLACK
6
CONTINUOUS
10
0.8271075196850394
20
0.8166520078740157
11
0.8253550787401575
21
0.8131472440944881
0
LINE
8
BLACK
6
CONTINUOUS
10
0.8253550787401575
20
0.8131472440944881
11
0.8249718897637796
21
0.8128149212598424
0
LINE
8
BLACK
6
CONTINUOUS
10
0.8249718897637796
20
0.8128149212598424
11
0.8246395669291339
21
0.8124317322834645
0
LINE
8
BLACK
6
CONTINUOUS
10
0.8246395669291339
20
0.8124317322834645
11
0.8211348031496063
21
0.8106793307086614
0
LINE
8
BLACK
6
CONTINUOUS
10
0.8211348031496063
20
0.8106793307086614
11
0.8207633464566929
21
0.8106529527559055
0
LINE
8
BLACK
6
CONTINUOUS
10
0.8207633464566929
20
0.8106529527559055
11
0.820419251968504
21
0.8105103937007874
0
LINE
8
BLACK
6
CONTINUOUS
10
0.820419251968504
20
0.8105103937007874
11
0.8169144881889764
21
0.8105103937007874
0
LINE
8
BLACK
6
CONTINUOUS
10
0.8169144881889764
20
0.8105103937007874
11
0.8165703543307087
21
0.8106529527559055
0
LINE
8
BLACK
6
CONTINUOUS
10
0.8165703543307087
20
0.8106529527559055
11
0.816198937007874
21
0.8106793307086614
0
LINE
8
BLACK
6
CONTINUOUS
10
0.816198937007874
20
0.8106793307086614
11
0.8126942125984252
21
0.8124317322834645
0
LINE
8
BLACK
6
CONTINUOUS
10
0.8126942125984252
20
0.8124317322834645
11
0.8123618503937008
21
0.8128149212598424
0
LINE
8
BLACK
6
CONTINUOUS
10
0.8123618503937008
20
0.8128149212598424
11
0.8119787007874015
21
0.8131472440944881
0
LINE
8
BLACK
6
CONTINUOUS
10
0.8119787007874015
20
0.8131472440944881
11
0.8102262992125984
21
0.8166520078740157
0
LINE
8
BLACK
6
CONTINUOUS
10
0.8102262992125984
20
0.8166520078740157
11
0.8101998818897638
21
0.8170234645669291
0
LINE
8
BLACK
6
CONTINUOUS
10
0.8101998818897638
20
0.8170234645669291
11
0.8100573622047244
21
0.817367559055118
0
LINE
8
BLACK
6
CONTINUOUS
10
0.8100573622047244
20
0.817367559055118
11
0.8100573622047244
21
0.8261294488188976
0
LINE
8
BLACK
6
CONTINUOUS
10
0.8100573622047244
20
0.8261294488188976
11
0.8101998818897638
21
0.8264735826771653
0
LINE
8
BLACK
6
CONTINUOUS
10
0.8101998818897638
20
0.8264735826771653
11
0.8102262992125984
21
0.8268449999999999
0
LINE
8
BLACK
6
CONTINUOUS
10
0.8102262992125984
20
0.8268449999999999
11
0.8109644094488189
21
0.8283212598425197
0
LINE
8
BLACK
6
CONTINUOUS
10
0.8109644094488189
20
0.8283212598425197
11
0.8105259842519685
21
0.8285028346456693
0
LINE
8
BLACK
6
CONTINUOUS
10
0.8105259842519685
20
0.8285028346456693
11
0.8100573622047244
21
0.8296342125984252
0
LINE
8
BLACK
6
CONTINUOUS
10
0.8100573622047244
20
0.8296342125984252
11
0.8105259842519685
21
0.830765590551181
0
LINE
8
BLACK
6
CONTINUOUS
10
0.8105259842519685
20
0.830765590551181
11
0.8116573622047244
21
0.8312342125984252
0
LINE
8
BLACK
6
CONTINUOUS
10
0.8116573622047244
20
0.8312342125984252
11
0.8309335433070866
21
0.8312342125984252
0
LINE
8
BLACK
6
CONTINUOUS
10
0.8309335433070866
20
0.8312342125984252
11
0.8312775590551181
21
0.8310917322834646
0
LINE
8
BLACK
6
CONTINUOUS
10
0.8132573622047244
20
0.8257517716535433
11
0.8132573622047244
21
0.8177452755905512
0
LINE
8
BLACK
6
CONTINUOUS
10
0.8132573622047244
20
0.8177452755905512
11
0.8146023622047244
21
0.8150553543307086
0
LINE
8
BLACK
6
CONTINUOUS
10
0.8146023622047244
20
0.8150553543307086
11
0.8172921653543307
21
0.8137103937007873
0
LINE
8
BLACK
6
CONTINUOUS
10
0.8172921653543307
20
0.8137103937007873
11
0.8200415748031495
21
0.8137103937007873
0
LINE
8
BLACK
6
CONTINUOUS
10
0.8200415748031495
20
0.8137103937007873
11
0.8227314566929134
21
0.8150554330708661
0
LINE
8
BLACK
6
CONTINUOUS
10
0.8227314566929134
20
0.8150554330708661
11
0.8240764173228347
21
0.8177452755905512
0
LINE
8
BLACK
6
CONTINUOUS
10
0.8240764173228347
20
0.8177452755905512
11
0.8240764173228347
21
0.8261294488188976
0
LINE
8
BLACK
6
CONTINUOUS
10
0.8240764173228347
20
0.8261294488188976
11
0.8242188976377952
21
0.8264735039370078
0
LINE
8
BLACK
6
CONTINUOUS
10
0.8242188976377952
20
0.8264735039370078
11
0.8242453149606299
21
0.8268449999999999
0
LINE
8
BLACK
6
CONTINUOUS
10
0.8242453149606299
20
0.8268449999999999
11
0.8248399212598425
21
0.8280342125984251
0
LINE
8
BLACK
6
CONTINUOUS
10
0.8248399212598425
20
0.8280342125984251
11
0.8143986220472441
21
0.8280342125984251
0
LINE
8
BLACK
6
CONTINUOUS
10
0.8143986220472441
20
0.8280342125984251
11
0.8132573622047244
21
0.8257517716535433
0
LINE
8
BLACK
6
CONTINUOUS
10
0.8373220866141732
20
0.8623084645669291
11
0.8377907086614172
21
0.8611770866141732
0
LINE
8
BLACK
6
CONTINUOUS
10
0.8377907086614172
20
0.8611770866141732
11
0.8373220866141732
21
0.8600457086614173
0
LINE
8
BLACK
6
CONTINUOUS
10
0.8373220866141732
20
0.8600457086614173
11
0.8260344094488189
21
0.848758031496063
0
LINE
8
BLACK
6
CONTINUOUS
10
0.8260344094488189
20
0.848758031496063
11
0.8484573622047243
21
0.848758031496063
0
LINE
8
BLACK
6
CONTINUOUS
10
0.8484573622047243
20
0.848758031496063
11
0.8495887401574803
21
0.8482894094488189
0
LINE
8
BLACK
6
CONTINUOUS
10
0.8495887401574803
20
0.8482894094488189
11
0.8500573622047244
21
0.8471580314960629
0
LINE
8
BLACK
6
CONTINUOUS
10
0.8500573622047244
20
0.8471580314960629
11
0.8495887401574803
21
0.8460266535433071
0
LINE
8
BLACK
6
CONTINUOUS
10
0.8495887401574803
20
0.8460266535433071
11
0.8484573622047243
21
0.845558031496063
0
LINE
8
BLACK
6
CONTINUOUS
10
0.8484573622047243
20
0.845558031496063
11
0.822171653543307
21
0.845558031496063
0
LINE
8
BLACK
6
CONTINUOUS
10
0.822171653543307
20
0.845558031496063
11
0.8116573622047244
21
0.845558031496063
0
LINE
8
BLACK
6
CONTINUOUS
10
0.8116573622047244
20
0.845558031496063
11
0.8105259842519685
21
0.8460266535433071
0
LINE
8
BLACK
6
CONTINUOUS
10
0.8105259842519685
20
0.8460266535433071
11
0.8100573622047244
21
0.8471580314960629
0
LINE
8
BLACK
6
CONTINUOUS
10
0.8100573622047244
20
0.8471580314960629
11
0.8105259842519685
21
0.8482894094488189
0
LINE
8
BLACK
6
CONTINUOUS
10
0.8105259842519685
20
0.8482894094488189
11
0.8116573622047244
21
0.848758031496063
0
LINE
8
BLACK
6
CONTINUOUS
10
0.8116573622047244
20
0.848758031496063
11
0.8215088976377952
21
0.848758031496063
0
LINE
8
BLACK
6
CONTINUOUS
10
0.8215088976377952
20
0.848758031496063
11
0.8232405511811024
21
0.8504897244094488
0
LINE
8
BLACK
6
CONTINUOUS
10
0.8232405511811024
20
0.8504897244094488
11
0.8106973622047244
21
0.8598970866141732
0
LINE
8
BLACK
6
CONTINUOUS
10
0.8106973622047244
20
0.8598970866141732
11
0.8100734251968503
21
0.8609508267716536
0
LINE
8
BLACK
6
CONTINUOUS
10
0.8100734251968503
20
0.8609508267716536
11
0.8103773622047243
21
0.8621370866141732
0
LINE
8
BLACK
6
CONTINUOUS
10
0.8103773622047243
20
0.8621370866141732
11
0.8114311023622047
21
0.8627610236220472
0
LINE
8
BLACK
6
CONTINUOUS
10
0.8114311023622047
20
0.8627610236220472
11
0.8126173622047244
21
0.8624570866141732
0
LINE
8
BLACK
6
CONTINUOUS
10
0.8126173622047244
20
0.8624570866141732
11
0.8255262598425197
21
0.8527754330708661
0
LINE
8
BLACK
6
CONTINUOUS
10
0.8255262598425197
20
0.8527754330708661
11
0.8350593307086615
21
0.8623084645669291
0
LINE
8
BLACK
6
CONTINUOUS
10
0.8350593307086615
20
0.8623084645669291
11
0.8361907086614173
21
0.8627770866141732
0
LINE
8
BLACK
6
CONTINUOUS
10
0.8361907086614173
20
0.8627770866141732
11
0.8373220866141732
21
0.8623084645669291
0
LINE
8
BLACK
6
CONTINUOUS
10
0.385511811023622
20
0.6322834645669291
11
0.425511811023622
21
0.6322834645669291
0
LINE
8
BLACK
6
CONTINUOUS
10
0.425511811023622
20
0.6322834645669291
11
0.425511811023622
21
0.6465354330708661
0
LINE
8
BLACK
6
CONTINUOUS
10
0.425511811023622
20
0.6465354330708661
11
0.485511811023622
21
0.6465354330708661
0
LINE
8
BLACK
6
CONTINUOUS
10
0.485511811023622
20
0.6465354330708661
11
0.485511811023622
21
0.6273104724409448
0
LINE
8
BLACK
6
CONTINUOUS
10
0.485511811023622
20
0.6273104724409448
11
0.5876254330708661
21
0.5251968503937008
0
LINE
8
BLACK
6
CONTINUOUS
10
0.5876254330708661
20
0.5251968503937008
11
0.6117110236220472
21
0.5251968503937008
0
LINE
8
BLACK
6
CONTINUOUS
10
0.6117110236220472
20
0.5251968503937008
11
0.6141549212598425
21
0.5290862992125984
0
LINE
8
BLACK
6
CONTINUOUS
10
0.6141549212598425
20
0.5290862992125984
11
0.6191420472440945
21
0.5340734251968504
0
LINE
8
BLACK
6
CONTINUOUS
10
0.6191420472440945
20
0.5340734251968504
11
0.6251138976377952
21
0.5378257874015748
0
LINE
8
BLACK
6
CONTINUOUS
10
0.6251138976377952
20
0.5378257874015748
11
0.6317709842519685
21
0.5401551968503937
0
LINE
8
BLACK
6
CONTINUOUS
10
0.6317709842519685
20
0.5401551968503937
11
0.6387795275590551
21
0.5409448818897638
0
LINE
8
BLACK
6
CONTINUOUS
10
0.6387795275590551
20
0.5409448818897638
11
0.6663385826771654
21
0.5409448818897638
0
LINE
8
BLACK
6
CONTINUOUS
10
0.6663385826771654
20
0.5409448818897638
11
0.6733471259842519
21
0.5401551968503937
0
LINE
8
BLACK
6
CONTINUOUS
10
0.6733471259842519
20
0.5401551968503937
11
0.6800042125984251
21
0.5378257874015748
0
LINE
8
BLACK
6
CONTINUOUS
10
0.6800042125984251
20
0.5378257874015748
11
0.685976062992126
21
0.5340734251968504
0
LINE
8
BLACK
6
CONTINUOUS
10
0.685976062992126
20
0.5340734251968504
11
0.690963188976378
21
0.5290862992125984
0
LINE
8
BLACK
6
CONTINUOUS
10
0.690963188976378
20
0.5290862992125984
11
0.6947155511811024
21
0.5231144488188976
0
LINE
8
BLACK
6
CONTINUOUS
10
0.6947155511811024
20
0.5231144488188976
11
0.6970449606299213
21
0.5164573622047244
0
LINE
8
BLACK
6
CONTINUOUS
10
0.6970449606299213
20
0.5164573622047244
11
0.6978346456692913
21
0.5094488188976378
0
LINE
8
BLACK
6
CONTINUOUS
10
0.6978346456692913
20
0.5094488188976378
11
0.6970449606299213
21
0.5024402755905512
0
LINE
8
BLACK
6
CONTINUOUS
10
0.6970449606299213
20
0.5024402755905512
11
0.6947155511811024
21
0.495783188976378
0
LINE
8
BLACK
6
CONTINUOUS
10
0.6947155511811024
20
0.495783188976378
11
0.690963188976378
21
0.4898113385826772
0
LINE
8
BLACK
6
CONTINUOUS
10
0.690963188976378
20
0.4898113385826772
11
0.685976062992126
21
0.4848242125984252
0
LINE
8
BLACK
6
CONTINUOUS
10
0.685976062992126
20
0.4848242125984252
11
0.6800042125984251
21
0.4810718503937008
0
LINE
8
BLACK
6
CONTINUOUS
10
0.6800042125984251
20
0.4810718503937008
11
0.6733471259842519
21
0.4787424409448819
0
LINE
8
BLACK
6
CONTINUOUS
10
0.6733471259842519
20
0.4787424409448819
11
0.6663385826771654
21
0.4779527559055118
0
LINE
8
BLACK
6
CONTINUOUS
10
0.6663385826771654
20
0.4779527559055118
11
0.6387795275590551
21
0.4779527559055118
0
LINE
8
BLACK
6
CONTINUOUS
10
0.6387795275590551
20
0.4779527559055118
11
0.6317709842519685
21
0.4787424409448819
0
LINE
8
BLACK
6
CONTINUOUS
10
0.6317709842519685
20
0.4787424409448819
11
0.6251138976377952
21
0.4810718503937008
0
LINE
8
BLACK
6
CONTINUOUS
10
0.6251138976377952
20
0.4810718503937008
11
0.6191420472440945
21
0.4848242125984252
0
LINE
8
BLACK
6
CONTINUOUS
10
0.6191420472440945
20
0.4848242125984252
11
0.6141549212598425
21
0.4898113385826772
0
LINE
8
BLACK
6
CONTINUOUS
10
0.6141549212598425
20
0.4898113385826772
11
0.6117110236220472
21
0.4937007874015748
0
LINE
8
BLACK
6
CONTINUOUS
10
0.6117110236220472
20
0.4937007874015748
11
0.5811023622047244
21
0.4937007874015748
0
LINE
8
BLACK
6
CONTINUOUS
10
0.5811023622047244
20
0.4937007874015748
11
0.5798781102362205
21
0.4938946850393701
0
LINE
8
BLACK
6
CONTINUOUS
10
0.5798781102362205
20
0.4938946850393701
11
0.5786388188976378
21
0.4938946850393701
0
LINE
8
BLACK
6
CONTINUOUS
10
0.5786388188976378
20
0.4938946850393701
11
0.577460157480315
21
0.4942776377952756
0
LINE
8
BLACK
6
CONTINUOUS
10
0.577460157480315
20
0.4942776377952756
11
0.5762359448818898
21
0.4944715354330709
0
LINE
8
BLACK
6
CONTINUOUS
10
0.5762359448818898
20
0.4944715354330709
11
0.5751315748031496
21
0.4950342519685039
0
LINE
8
BLACK
6
CONTINUOUS
10
0.5751315748031496
20
0.4950342519685039
11
0.5739529133858268
21
0.4954172047244094
0
LINE
8
BLACK
6
CONTINUOUS
10
0.5739529133858268
20
0.4954172047244094
11
0.5729501968503937
21
0.496145748031496
0
LINE
8
BLACK
6
CONTINUOUS
10
0.5729501968503937
20
0.496145748031496
11
0.571845905511811
21
0.4967083858267716
0
LINE
8
BLACK
6
CONTINUOUS
10
0.571845905511811
20
0.4967083858267716
11
0.5709695275590551
21
0.4975847637795275
0
LINE
8
BLACK
6
CONTINUOUS
10
0.5709695275590551
20
0.4975847637795275
11
0.569966811023622
21
0.4983132677165354
0
LINE
8
BLACK
6
CONTINUOUS
10
0.569966811023622
20
0.4983132677165354
11
0.4817446456692913
21
0.5865354330708661
0
LINE
8
BLACK
6
CONTINUOUS
10
0.4817446456692913
20
0.5865354330708661
11
0.425511811023622
21
0.5865354330708661
0
LINE
8
BLACK
6
CONTINUOUS
10
0.425511811023622
20
0.5865354330708661
11
0.425511811023622
21
0.6007874015748031
0
LINE
8
BLACK
6
CONTINUOUS
10
0.425511811023622
20
0.6007874015748031
11
0.385511811023622
21
0.6007874015748031
0
LINE
8
BLACK
6
CONTINUOUS
10
0.385511811023622
20
0.6007874015748031
11
0.385511811023622
21
0.5865354330708661
0
LINE
8
BLACK
6
CONTINUOUS
10
0.385511811023622
20
0.5865354330708661
11
0.325511811023622
21
0.5865354330708661
0
LINE
8
BLACK
6
CONTINUOUS
10
0.325511811023622
20
0.5865354330708661
11
0.325511811023622
21
0.6465354330708661
0
LINE
8
BLACK
6
CONTINUOUS
10
0.325511811023622
20
0.6465354330708661
11
0.385511811023622
21
0.6465354330708661
0
LINE
8
BLACK
6
CONTINUOUS
10
0.385511811023622
20
0.6465354330708661
11
0.385511811023622
21
0.6322834645669291
0
LINE
8
BLACK
6
CONTINUOUS
10
1.184724409448819
20
0.6322834645669291
11
1.2247244094488188
21
0.6322834645669291
0
LINE
8
BLACK
6
CONTINUOUS
10
1.2247244094488188
20
0.6322834645669291
11
1.2247244094488188
21
0.6465354330708661
0
LINE
8
BLACK
6
CONTINUOUS
10
1.2247244094488188
20
0.6465354330708661
11
1.2847244094488188
21
0.6465354330708661
0
LINE
8
BLACK
6
CONTINUOUS
10
1.2847244094488188
20
0.6465354330708661
11
1.2847244094488188
21
0.5865354330708661
0
LINE
8
BLACK
6
CONTINUOUS
10
1.2847244094488188
20
0.5865354330708661
11
1.2247244094488188
21
0.5865354330708661
0
LINE
8
BLACK
6
CONTINUOUS
10
1.2247244094488188
20
0.5865354330708661
11
1.2247244094488188
21
0.6007874015748031
0
LINE
8
BLACK
6
CONTINUOUS
10
1.2247244094488188
20
0.6007874015748031
11
1.184724409448819
21
0.6007874015748031
0
LINE
8
BLACK
6
CONTINUOUS
10
1.184724409448819
20
0.6007874015748031
11
1.184724409448819
21
0.5865354330708661
0
LINE
8
BLACK
6
CONTINUOUS
10
1.184724409448819
20
0.5865354330708661
11
1.1284915748031497
21
0.5865354330708661
0
LINE
8
BLACK
6
CONTINUOUS
10
1.1284915748031497
20
0.5865354330708661
11
1.040269409448819
21
0.4983132677165354
0
LINE
8
BLACK
6
CONTINUOUS
10
1.040269409448819
20
0.4983132677165354
11
1.0392666535433071
21
0.4975847637795275
0
LINE
8
BLACK
6
CONTINUOUS
10
1.0392666535433071
20
0.4975847637795275
11
1.0383903149606299
21
0.4967083858267716
0
LINE
8
BLACK
6
CONTINUOUS
10
1.0383903149606299
20
0.4967083858267716
11
1.0372859842519684
21
0.496145748031496
0
LINE
8
BLACK
6
CONTINUOUS
10
1.0372859842519684
20
0.496145748031496
11
1.0362833070866142
21
0.4954172047244094
0
LINE
8
BLACK
6
CONTINUOUS
10
1.0362833070866142
20
0.4954172047244094
11
1.0351046062992126
21
0.4950342519685039
0
LINE
8
BLACK
6
CONTINUOUS
10
1.0351046062992126
20
0.4950342519685039
11
1.0340002755905511
21
0.4944715354330709
0
LINE
8
BLACK
6
CONTINUOUS
10
1.0340002755905511
20
0.4944715354330709
11
1.0327760236220471
21
0.4942776377952756
0
LINE
8
BLACK
6
CONTINUOUS
10
1.0327760236220471
20
0.4942776377952756
11
1.0315974015748031
21
0.4938946850393701
0
LINE
8
BLACK
6
CONTINUOUS
10
1.0315974015748031
20
0.4938946850393701
11
1.0303581102362205
21
0.4938946850393701
0
LINE
8
BLACK
6
CONTINUOUS
10
1.0303581102362205
20
0.4938946850393701
11
1.0291338582677165
21
0.4937007874015748
0
LINE
8
BLACK
6
CONTINUOUS
10
1.0291338582677165
20
0.4937007874015748
11
0.9934070866141732
21
0.4937007874015748
0
LINE
8
BLACK
6
CONTINUOUS
10
0.9934070866141732
20
0.4937007874015748
11
0.9909631889763779
21
0.4898113385826772
0
LINE
8
BLACK
6
CONTINUOUS
10
0.9909631889763779
20
0.4898113385826772
11
0.9859760629921259
21
0.4848242125984252
0
LINE
8
BLACK
6
CONTINUOUS
10
0.9859760629921259
20
0.4848242125984252
11
0.9800042125984252
21
0.4810718503937008
0
LINE
8
BLACK
6
CONTINUOUS
10
0.9800042125984252
20
0.4810718503937008
11
0.973347125984252
21
0.4787424409448819
0
LINE
8
BLACK
6
CONTINUOUS
10
0.973347125984252
20
0.4787424409448819
11
0.9663385826771653
21
0.4779527559055118
0
LINE
8
BLACK
6
CONTINUOUS
10
0.9663385826771653
20
0.4779527559055118
11
0.9387795275590551
21
0.4779527559055118
0
LINE
8
BLACK
6
CONTINUOUS
10
0.9387795275590551
20
0.4779527559055118
11
0.9317709842519685
21
0.4787424409448819
0
LINE
8
BLACK
6
CONTINUOUS
10
0.9317709842519685
20
0.4787424409448819
11
0.9251138976377953
21
0.4810718503937008
0
LINE
8
BLACK
6
CONTINUOUS
10
0.9251138976377953
20
0.4810718503937008
11
0.9191420472440944
21
0.4848242125984252
0
LINE
8
BLACK
6
CONTINUOUS
10
0.9191420472440944
20
0.4848242125984252
11
0.9141549212598425
21
0.4898113385826772
0
LINE
8
BLACK
6
CONTINUOUS
10
0.9141549212598425
20
0.4898113385826772
11
0.9104025590551181
21
0.495783188976378
0
LINE
8
BLACK
6
CONTINUOUS
10
0.9104025590551181
20
0.495783188976378
11
0.9080731496062991
21
0.5024402755905512
0
LINE
8
BLACK
6
CONTINUOUS
10
0.9080731496062991
20
0.5024402755905512
11
0.9072834645669291
21
0.5094488188976378
0
LINE
8
BLACK
6
CONTINUOUS
10
0.9072834645669291
20
0.5094488188976378
11
0.9080731496062991
21
0.5164573622047244
0
LINE
8
BLACK
6
CONTINUOUS
10
0.9080731496062991
20
0.5164573622047244
11
0.9104025590551181
21
0.5231144488188976
0
LINE
8
BLACK
6
CONTINUOUS
10
0.9104025590551181
20
0.5231144488188976
11
0.9141549212598425
21
0.5290862992125984
0
LINE
8
BLACK
6
CONTINUOUS
10
0.9141549212598425
20
0.5290862992125984
11
0.9191420472440944
21
0.5340734251968504
0
LINE
8
BLACK
6
CONTINUOUS
10
0.9191420472440944
20
0.5340734251968504
11
0.9251138976377953
21
0.5378257874015748
0
LINE
8
BLACK
6
CONTINUOUS
10
0.9251138976377953
20
0.5378257874015748
11
0.9317709842519685
21
0.5401551968503937
0
LINE
8
BLACK
6
CONTINUOUS
10
0.9317709842519685
20
0.5401551968503937
11
0.9387795275590551
21
0.5409448818897638
0
LINE
8
BLACK
6
CONTINUOUS
10
0.9387795275590551
20
0.5409448818897638
11
0.9663385826771653
21
0.5409448818897638
0
LINE
8
BLACK
6
CONTINUOUS
10
0.9663385826771653
20
0.5409448818897638
11
0.973347125984252
21
0.5401551968503937
0
LINE
8
BLACK
6
CONTINUOUS
10
0.973347125984252
20
0.5401551968503937
11
0.9800042125984252
21
0.5378257874015748
0
LINE
8
BLACK
6
CONTINUOUS
10
0.9800042125984252
20
0.5378257874015748
11
0.9859760629921259
21
0.5340734251968504
0
LINE
8
BLACK
6
CONTINUOUS
10
0.9859760629921259
20
0.5340734251968504
11
0.9909631889763779
21
0.5290862992125984
0
LINE
8
BLACK
6
CONTINUOUS
10
0.9909631889763779
20
0.5290862992125984
11
0.9934070866141732
21
0.5251968503937008
0
LINE
8
BLACK
6
CONTINUOUS
10
0.9934070866141732
20
0.5251968503937008
11
1.0226107874015749
21
0.5251968503937008
0
LINE
8
BLACK
6
CONTINUOUS
10
1.0226107874015749
20
0.5251968503937008
11
1.1247244094488189
21
0.6273104724409448
0
LINE
8
BLACK
6
CONTINUOUS
10
1.1247244094488189
20
0.6273104724409448
11
1.1247244094488189
21
0.6465354330708661
0
LINE
8
BLACK
6
CONTINUOUS
10
1.1247244094488189
20
0.6465354330708661
11
1.184724409448819
21
0.6465354330708661
0
LINE
8
BLACK
6
CONTINUOUS
10
1.184724409448819
20
0.6465354330708661
11
1.184724409448819
21
0.6322834645669291
0
LINE
8
BLACK
6
CONTINUOUS
10
0.385511811023622
20
0.7322834645669292
11
0.425511811023622
21
0.7322834645669292
0
LINE
8
BLACK
6
CONTINUOUS
10
0.425511811023622
20
0.7322834645669292
11
0.425511811023622
21
0.7465354330708661
0
LINE
8
BLACK
6
CONTINUOUS
10
0.425511811023622
20
0.7465354330708661
11
0.485511811023622
21
0.7465354330708661
0
LINE
8
BLACK
6
CONTINUOUS
10
0.485511811023622
20
0.7465354330708661
11
0.485511811023622
21
0.7217986614173229
0
LINE
8
BLACK
6
CONTINUOUS
10
0.485511811023622
20
0.7217986614173229
11
0.582113622047244
21
0.6251968503937008
0
LINE
8
BLACK
6
CONTINUOUS
10
0.582113622047244
20
0.6251968503937008
11
0.6117110236220472
21
0.6251968503937008
0
LINE
8
BLACK
6
CONTINUOUS
10
0.6117110236220472
20
0.6251968503937008
11
0.6141549212598425
21
0.6290862992125984
0
LINE
8
BLACK
6
CONTINUOUS
10
0.6141549212598425
20
0.6290862992125984
11
0.6191420472440945
21
0.6340734251968504
0
LINE
8
BLACK
6
CONTINUOUS
10
0.6191420472440945
20
0.6340734251968504
11
0.6251138976377952
21
0.6378257874015748
0
LINE
8
BLACK
6
CONTINUOUS
10
0.6251138976377952
20
0.6378257874015748
11
0.6317709842519685
21
0.6401551968503937
0
LINE
8
BLACK
6
CONTINUOUS
10
0.6317709842519685
20
0.6401551968503937
11
0.6387795275590551
21
0.6409448818897637
0
LINE
8
BLACK
6
CONTINUOUS
10
0.6387795275590551
20
0.6409448818897637
11
0.6663385826771654
21
0.6409448818897637
0
LINE
8
BLACK
6
CONTINUOUS
10
0.6663385826771654
20
0.6409448818897637
11
0.6733471259842519
21
0.6401551968503937
0
LINE
8
BLACK
6
CONTINUOUS
10
0.6733471259842519
20
0.6401551968503937
11
0.6800042125984251
21
0.6378257874015748
0
LINE
8
BLACK
6
CONTINUOUS
10
0.6800042125984251
20
0.6378257874015748
11
0.685976062992126
21
0.6340734251968504
0
LINE
8
BLACK
6
CONTINUOUS
10
0.685976062992126
20
0.6340734251968504
11
0.690963188976378
21
0.6290862992125984
0
LINE
8
BLACK
6
CONTINUOUS
10
0.690963188976378
20
0.6290862992125984
11
0.6947155511811024
21
0.6231144488188977
0
LINE
8
BLACK
6
CONTINUOUS
10
0.6947155511811024
20
0.6231144488188977
11
0.6970449606299213
21
0.6164573622047244
0
LINE
8
BLACK
6
CONTINUOUS
10
0.6970449606299213
20
0.6164573622047244
11
0.6978346456692913
21
0.6094488188976378
0
LINE
8
BLACK
6
CONTINUOUS
10
0.6978346456692913
20
0.6094488188976378
11
0.6970449606299213
21
0.6024402755905511
0
LINE
8
BLACK
6
CONTINUOUS
10
0.6970449606299213
20
0.6024402755905511
11
0.6947155511811024
21
0.5957831889763779
0
LINE
8
BLACK
6
CONTINUOUS
10
0.6947155511811024
20
0.5957831889763779
11
0.690963188976378
21
0.5898113385826772
0
LINE
8
BLACK
6
CONTINUOUS
10
0.690963188976378
20
0.5898113385826772
11
0.685976062992126
21
0.5848242125984252
0
LINE
8
BLACK
6
CONTINUOUS
10
0.685976062992126
20
0.5848242125984252
11
0.6800042125984251
21
0.5810718503937008
0
LINE
8
BLACK
6
CONTINUOUS
10
0.6800042125984251
20
0.5810718503937008
11
0.6733471259842519
21
0.5787424409448819
0
LINE
8
BLACK
6
CONTINUOUS
10
0.6733471259842519
20
0.5787424409448819
11
0.6663385826771654
21
0.5779527559055118
0
LINE
8
BLACK
6
CONTINUOUS
10
0.6663385826771654
20
0.5779527559055118
11
0.6387795275590551
21
0.5779527559055118
0
LINE
8
BLACK
6
CONTINUOUS
10
0.6387795275590551
20
0.5779527559055118
11
0.6317709842519685
21
0.5787424409448819
0
LINE
8
BLACK
6
CONTINUOUS
10
0.6317709842519685
20
0.5787424409448819
11
0.6251138976377952
21
0.5810718503937008
0
LINE
8
BLACK
6
CONTINUOUS
10
0.6251138976377952
20
0.5810718503937008
11
0.6191420472440945
21
0.5848242125984252
0
LINE
8
BLACK
6
CONTINUOUS
10
0.6191420472440945
20
0.5848242125984252
11
0.6141549212598425
21
0.5898113385826772
0
LINE
8
BLACK
6
CONTINUOUS
10
0.6141549212598425
20
0.5898113385826772
11
0.6117110236220472
21
0.5937007874015748
0
LINE
8
BLACK
6
CONTINUOUS
10
0.6117110236220472
20
0.5937007874015748
11
0.5755905511811024
21
0.5937007874015748
0
LINE
8
BLACK
6
CONTINUOUS
10
0.5755905511811024
20
0.5937007874015748
11
0.5743662992125984
21
0.59389468503937
0
LINE
8
BLACK
6
CONTINUOUS
10
0.5743662992125984
20
0.59389468503937
11
0.5731270078740157
21
0.59389468503937
0
LINE
8
BLACK
6
CONTINUOUS
10
0.5731270078740157
20
0.59389468503937
11
0.5719483464566929
21
0.5942776377952755
0
LINE
8
BLACK
6
CONTINUOUS
10
0.5719483464566929
20
0.5942776377952755
11
0.5707241338582677
21
0.5944715354330709
0
LINE
8
BLACK
6
CONTINUOUS
10
0.5707241338582677
20
0.5944715354330709
11
0.5696197637795275
21
0.5950342519685039
0
LINE
8
BLACK
6
CONTINUOUS
10
0.5696197637795275
20
0.5950342519685039
11
0.5684411023622047
21
0.5954172047244094
0
LINE
8
BLACK
6
CONTINUOUS
10
0.5684411023622047
20
0.5954172047244094
11
0.5674383858267716
21
0.596145748031496
0
LINE
8
BLACK
6
CONTINUOUS
10
0.5674383858267716
20
0.596145748031496
11
0.5663340944881889
21
0.5967083858267717
0
LINE
8
BLACK
6
CONTINUOUS
10
0.5663340944881889
20
0.5967083858267717
11
0.5654577165354331
21
0.5975847637795275
0
LINE
8
BLACK
6
CONTINUOUS
10
0.5654577165354331
20
0.5975847637795275
11
0.564455
21
0.5983132677165354
0
LINE
8
BLACK
6
CONTINUOUS
10
0.564455
20
0.5983132677165354
11
0.4762328346456693
21
0.6865354330708662
0
LINE
8
BLACK
6
CONTINUOUS
10
0.4762328346456693
20
0.6865354330708662
11
0.425511811023622
21
0.6865354330708662
0
LINE
8
BLACK
6
CONTINUOUS
10
0.425511811023622
20
0.6865354330708662
11
0.425511811023622
21
0.7007874015748031
0
LINE
8
BLACK
6
CONTINUOUS
10
0.425511811023622
20
0.7007874015748031
11
0.385511811023622
21
0.7007874015748031
0
LINE
8
BLACK
6
CONTINUOUS
10
0.385511811023622
20
0.7007874015748031
11
0.385511811023622
21
0.6865354330708662
0
LINE
8
BLACK
6
CONTINUOUS
10
0.385511811023622
20
0.6865354330708662
11
0.325511811023622
21
0.6865354330708662
0
LINE
8
BLACK
6
CONTINUOUS
10
0.325511811023622
20
0.6865354330708662
11
0.325511811023622
21
0.7465354330708661
0
LINE
8
BLACK
6
CONTINUOUS
10
0.325511811023622
20
0.7465354330708661
11
0.385511811023622
21
0.7465354330708661
0
LINE
8
BLACK
6
CONTINUOUS
10
0.385511811023622
20
0.7465354330708661
11
0.385511811023622
21
0.7322834645669292
0
LINE
8
BLACK
6
CONTINUOUS
10
1.184724409448819
20
0.7322834645669292
11
1.2247244094488188
21
0.7322834645669292
0
LINE
8
BLACK
6
CONTINUOUS
10
1.2247244094488188
20
0.7322834645669292
11
1.2247244094488188
21
0.7465354330708661
0
LINE
8
BLACK
6
CONTINUOUS
10
1.2247244094488188
20
0.7465354330708661
11
1.2847244094488188
21
0.7465354330708661
0
LINE
8
BLACK
6
CONTINUOUS
10
1.2847244094488188
20
0.7465354330708661
11
1.2847244094488188
21
0.6865354330708662
0
LINE
8
BLACK
6
CONTINUOUS
10
1.2847244094488188
20
0.6865354330708662
11
1.2247244094488188
21
0.6865354330708662
0
LINE
8
BLACK
6
CONTINUOUS
10
1.2247244094488188
20
0.6865354330708662
11
1.2247244094488188
21
0.7007874015748031
0
LINE
8
BLACK
6
CONTINUOUS
10
1.2247244094488188
20
0.7007874015748031
11
1.184724409448819
21
0.7007874015748031
0
LINE
8
BLACK
6
CONTINUOUS
10
1.184724409448819
20
0.7007874015748031
11
1.184724409448819
21
0.6865354330708662
0
LINE
8
BLACK
6
CONTINUOUS
10
1.184724409448819
20
0.6865354330708662
11
1.1264246456692912
21
0.6865354330708662
0
LINE
8
BLACK
6
CONTINUOUS
10
1.1264246456692912
20
0.6865354330708662
11
1.0382024803149605
21
0.5983132677165354
0
LINE
8
BLACK
6
CONTINUOUS
10
1.0382024803149605
20
0.5983132677165354
11
1.0371997244094489
21
0.5975847637795275
0
LINE
8
BLACK
6
CONTINUOUS
10
1.0371997244094489
20
0.5975847637795275
11
1.0363233858267715
21
0.5967083858267717
0
LINE
8
BLACK
6
CONTINUOUS
10
1.0363233858267715
20
0.5967083858267717
11
1.0352190551181102
21
0.596145748031496
0
LINE
8
BLACK
6
CONTINUOUS
10
1.0352190551181102
20
0.596145748031496
11
1.0342163779527558
21
0.5954172047244094
0
LINE
8
BLACK
6
CONTINUOUS
10
1.0342163779527558
20
0.5954172047244094
11
1.0330376771653542
21
0.5950342519685039
0
LINE
8
BLACK
6
CONTINUOUS
10
1.0330376771653542
20
0.5950342519685039
11
1.0319333464566929
21
0.5944715354330709
0
LINE
8
BLACK
6
CONTINUOUS
10
1.0319333464566929
20
0.5944715354330709
11
1.0307090944881889
21
0.5942776377952755
0
LINE
8
BLACK
6
CONTINUOUS
10
1.0307090944881889
20
0.5942776377952755
11
1.0295304724409449
21
0.59389468503937
0
LINE
8
BLACK
6
CONTINUOUS
10
1.0295304724409449
20
0.59389468503937
11
1.0282911811023623
21
0.59389468503937
0
LINE
8
BLACK
6
CONTINUOUS
10
1.0282911811023623
20
0.59389468503937
11
1.0270669291338583
21
0.5937007874015748
0
LINE
8
BLACK
6
CONTINUOUS
10
1.0270669291338583
20
0.5937007874015748
11
0.9934070866141732
21
0.5937007874015748
0
LINE
8
BLACK
6
CONTINUOUS
10
0.9934070866141732
20
0.5937007874015748
11
0.9909631889763779
21
0.5898113385826772
0
LINE
8
BLACK
6
CONTINUOUS
10
0.9909631889763779
20
0.5898113385826772
11
0.9859760629921259
21
0.5848242125984252
0
LINE
8
BLACK
6
CONTINUOUS
10
0.9859760629921259
20
0.5848242125984252
11
0.9800042125984252
21
0.5810718503937008
0
LINE
8
BLACK
6
CONTINUOUS
10
0.9800042125984252
20
0.5810718503937008
11
0.973347125984252
21
0.5787424409448819
0
LINE
8
BLACK
6
CONTINUOUS
10
0.973347125984252
20
0.5787424409448819
11
0.9663385826771653
21
0.5779527559055118
0
LINE
8
BLACK
6
CONTINUOUS
10
0.9663385826771653
20
0.5779527559055118
11
0.9387795275590551
21
0.5779527559055118
0
LINE
8
BLACK
6
CONTINUOUS
10
0.9387795275590551
20
0.5779527559055118
11
0.9317709842519685
21
0.5787424409448819
0
LINE
8
BLACK
6
CONTINUOUS
10
0.9317709842519685
20
0.5787424409448819
11
0.9251138976377953
21
0.5810718503937008
0
LINE
8
BLACK
6
CONTINUOUS
10
0.9251138976377953
20
0.5810718503937008
11
0.9191420472440944
21
0.5848242125984252
0
LINE
8
BLACK
6
CONTINUOUS
10
0.9191420472440944
20
0.5848242125984252
11
0.9141549212598425
21
0.5898113385826772
0
LINE
8
BLACK
6
CONTINUOUS
10
0.9141549212598425
20
0.5898113385826772
11
0.9104025590551181
21
0.5957831889763779
0
LINE
8
BLACK
6
CONTINUOUS
10
0.9104025590551181
20
0.5957831889763779
11
0.9080731496062991
21
0.6024402755905511
0
LINE
8
BLACK
6
CONTINUOUS
10
0.9080731496062991
20
0.6024402755905511
11
0.9072834645669291
21
0.6094488188976378
0
LINE
8
BLACK
6
CONTINUOUS
10
0.9072834645669291
20
0.6094488188976378
11
0.9080731496062991
21
0.6164573622047244
0
LINE
8
BLACK
6
CONTINUOUS
10
0.9080731496062991
20
0.6164573622047244
11
0.9104025590551181
21
0.6231144488188977
0
LINE
8
BLACK
6
CONTINUOUS
10
0.9104025590551181
20
0.6231144488188977
11
0.9141549212598425
21
0.6290862992125984
0
LINE
8
BLACK
6
CONTINUOUS
10
0.9141549212598425
20
0.6290862992125984
11
0.9191420472440944
21
0.6340734251968504
0
LINE
8
BLACK
6
CONTINUOUS
10
0.9191420472440944
20
0.6340734251968504
11
0.9251138976377953
21
0.6378257874015748
0
LINE
8
BLACK
6
CONTINUOUS
10
0.9251138976377953
20
0.6378257874015748
11
0.9317709842519685
21
0.6401551968503937
0
LINE
8
BLACK
6
CONTINUOUS
10
0.9317709842519685
20
0.6401551968503937
11
0.9387795275590551
21
0.6409448818897637
0
LINE
8
BLACK
6
CONTINUOUS
10
0.9387795275590551
20
0.6409448818897637
11
0.9663385826771653
21
0.6409448818897637
0
LINE
8
BLACK
6
CONTINUOUS
10
0.9663385826771653
20
0.6409448818897637
11
0.973347125984252
21
0.6401551968503937
0
LINE
8
BLACK
6
CONTINUOUS
10
0.973347125984252
20
0.6401551968503937
11
0.9800042125984252
21
0.6378257874015748
0
LINE
8
BLACK
6
CONTINUOUS
10
0.9800042125984252
20
0.6378257874015748
11
0.9859760629921259
21
0.6340734251968504
0
LINE
8
BLACK
6
CONTINUOUS
10
0.9859760629921259
20
0.6340734251968504
11
0.9909631889763779
21
0.6290862992125984
0
LINE
8
BLACK
6
CONTINUOUS
10
0.9909631889763779
20
0.6290862992125984
11
0.9934070866141732
21
0.6251968503937008
0
LINE
8
BLACK
6
CONTINUOUS
10
0.9934070866141732
20
0.6251968503937008
11
1.0205438582677164
21
0.6251968503937008
0
LINE
8
BLACK
6
CONTINUOUS
10
1.0205438582677164
20
0.6251968503937008
11
1.1230179921259842
21
0.7276709842519685
0
LINE
8
BLACK
6
CONTINUOUS
10
1.1230179921259842
20
0.7276709842519685
11
1.1240207086614173
21
0.7283995275590551
0
LINE
8
BLACK
6
CONTINUOUS
10
1.1240207086614173
20
0.7283995275590551
11
1.1247244094488189
21
0.7291031889763779
0
LINE
8
BLACK
6
CONTINUOUS
10
1.1247244094488189
20
0.7291031889763779
11
1.1247244094488189
21
0.7465354330708661
0
LINE
8
BLACK
6
CONTINUOUS
10
1.1247244094488189
20
0.7465354330708661
11
1.184724409448819
21
0.7465354330708661
0
LINE
8
BLACK
6
CONTINUOUS
10
1.184724409448819
20
0.7465354330708661
11
1.184724409448819
21
0.7322834645669292
0
LINE
8
BLACK
6
CONTINUOUS
10
0.385511811023622
20
0.8322834645669291
11
0.425511811023622
21
0.8322834645669291
0
LINE
8
BLACK
6
CONTINUOUS
10
0.425511811023622
20
0.8322834645669291
11
0.425511811023622
21
0.8465354330708661
0
LINE
8
BLACK
6
CONTINUOUS
10
0.425511811023622
20
0.8465354330708661
11
0.485511811023622
21
0.8465354330708661
0
LINE
8
BLACK
6
CONTINUOUS
10
0.485511811023622
20
0.8465354330708661
11
0.485511811023622
21
0.8279096456692914
0
LINE
8
BLACK
6
CONTINUOUS
10
0.485511811023622
20
0.8279096456692914
11
0.4858402755905512
21
0.8276709842519685
0
LINE
8
BLACK
6
CONTINUOUS
10
0.4858402755905512
20
0.8276709842519685
11
0.5883144094488189
21
0.7251968503937007
0
LINE
8
BLACK
6
CONTINUOUS
10
0.5883144094488189
20
0.7251968503937007
11
0.6117110236220472
21
0.7251968503937007
0
LINE
8
BLACK
6
CONTINUOUS
10
0.6117110236220472
20
0.7251968503937007
11
0.6141549212598425
21
0.7290862992125984
0
LINE
8
BLACK
6
CONTINUOUS
10
0.6141549212598425
20
0.7290862992125984
11
0.6191420472440945
21
0.7340734251968504
0
LINE
8
BLACK
6
CONTINUOUS
10
0.6191420472440945
20
0.7340734251968504
11
0.6251138976377952
21
0.7378257874015748
0
LINE
8
BLACK
6
CONTINUOUS
10
0.6251138976377952
20
0.7378257874015748
11
0.6317709842519685
21
0.7401551968503937
0
LINE
8
BLACK
6
CONTINUOUS
10
0.6317709842519685
20
0.7401551968503937
11
0.6387795275590551
21
0.7409448818897638
0
LINE
8
BLACK
6
CONTINUOUS
10
0.6387795275590551
20
0.7409448818897638
11
0.6663385826771654
21
0.7409448818897638
0
LINE
8
BLACK
6
CONTINUOUS
10
0.6663385826771654
20
0.7409448818897638
11
0.6733471259842519
21
0.7401551968503937
0
LINE
8
BLACK
6
CONTINUOUS
10
0.6733471259842519
20
0.7401551968503937
11
0.6800042125984251
21
0.7378257874015748
0
LINE
8
BLACK
6
CONTINUOUS
10
0.6800042125984251
20
0.7378257874015748
11
0.685976062992126
21
0.7340734251968504
0
LINE
8
BLACK
6
CONTINUOUS
10
0.685976062992126
20
0.7340734251968504
11
0.690963188976378
21
0.7290862992125984
0
LINE
8
BLACK
6
CONTINUOUS
10
0.690963188976378
20
0.7290862992125984
11
0.6947155511811024
21
0.7231144488188976
0
LINE
8
BLACK
6
CONTINUOUS
10
0.6947155511811024
20
0.7231144488188976
11
0.6970449606299213
21
0.7164573622047244
0
LINE
8
BLACK
6
CONTINUOUS
10
0.6970449606299213
20
0.7164573622047244
11
0.6978346456692913
21
0.7094488188976378
0
LINE
8
BLACK
6
CONTINUOUS
10
0.6978346456692913
20
0.7094488188976378
11
0.6970449606299213
21
0.7024402755905511
0
LINE
8
BLACK
6
CONTINUOUS
10
0.6970449606299213
20
0.7024402755905511
11
0.6947155511811024
21
0.6957831889763779
0
LINE
8
BLACK
6
CONTINUOUS
10
0.6947155511811024
20
0.6957831889763779
11
0.690963188976378
21
0.6898113385826772
0
LINE
8
BLACK
6
CONTINUOUS
10
0.690963188976378
20
0.6898113385826772
11
0.685976062992126
21
0.6848242125984252
0
LINE
8
BLACK
6
CONTINUOUS
10
0.685976062992126
20
0.6848242125984252
11
0.6800042125984251
21
0.6810718503937008
0
LINE
8
BLACK
6
CONTINUOUS
10
0.6800042125984251
20
0.6810718503937008
11
0.6733471259842519
21
0.6787424409448819
0
LINE
8
BLACK
6
CONTINUOUS
10
0.6733471259842519
20
0.6787424409448819
11
0.6663385826771654
21
0.6779527559055119
0
LINE
8
BLACK
6
CONTINUOUS
10
0.6663385826771654
20
0.6779527559055119
11
0.6387795275590551
21
0.6779527559055119
0
LINE
8
BLACK
6
CONTINUOUS
10
0.6387795275590551
20
0.6779527559055119
11
0.6317709842519685
21
0.6787424409448819
0
LINE
8
BLACK
6
CONTINUOUS
10
0.6317709842519685
20
0.6787424409448819
11
0.6251138976377952
21
0.6810718503937008
0
LINE
8
BLACK
6
CONTINUOUS
10
0.6251138976377952
20
0.6810718503937008
11
0.6191420472440945
21
0.6848242125984252
0
LINE
8
BLACK
6
CONTINUOUS
10
0.6191420472440945
20
0.6848242125984252
11
0.6141549212598425
21
0.6898113385826772
0
LINE
8
BLACK
6
CONTINUOUS
10
0.6141549212598425
20
0.6898113385826772
11
0.6117110236220472
21
0.6937007874015748
0
LINE
8
BLACK
6
CONTINUOUS
10
0.6117110236220472
20
0.6937007874015748
11
0.5817913385826772
21
0.6937007874015748
0
LINE
8
BLACK
6
CONTINUOUS
10
0.5817913385826772
20
0.6937007874015748
11
0.5805670866141732
21
0.69389468503937
0
LINE
8
BLACK
6
CONTINUOUS
10
0.5805670866141732
20
0.69389468503937
11
0.5793277952755905
21
0.69389468503937
0
LINE
8
BLACK
6
CONTINUOUS
10
0.5793277952755905
20
0.69389468503937
11
0.5781491338582677
21
0.6942776377952756
0
LINE
8
BLACK
6
CONTINUOUS
10
0.5781491338582677
20
0.6942776377952756
11
0.5769249212598425
21
0.6944715354330708
0
LINE
8
BLACK
6
CONTINUOUS
10
0.5769249212598425
20
0.6944715354330708
11
0.5758205511811023
21
0.6950342519685039
0
LINE
8
BLACK
6
CONTINUOUS
10
0.5758205511811023
20
0.6950342519685039
11
0.5746418897637795
21
0.6954172047244095
0
LINE
8
BLACK
6
CONTINUOUS
10
0.5746418897637795
20
0.6954172047244095
11
0.5736391732283465
21
0.6961457480314961
0
LINE
8
BLACK
6
CONTINUOUS
10
0.5736391732283465
20
0.6961457480314961
11
0.5725348818897638
21
0.6967083858267716
0
LINE
8
BLACK
6
CONTINUOUS
10
0.5725348818897638
20
0.6967083858267716
11
0.5716585039370079
21
0.6975847637795275
0
LINE
8
BLACK
6
CONTINUOUS
10
0.5716585039370079
20
0.6975847637795275
11
0.5706557874015747
21
0.6983132677165355
0
LINE
8
BLACK
6
CONTINUOUS
10
0.5706557874015747
20
0.6983132677165355
11
0.4824336220472441
21
0.7865354330708662
0
LINE
8
BLACK
6
CONTINUOUS
10
0.4824336220472441
20
0.7865354330708662
11
0.425511811023622
21
0.7865354330708662
0
LINE
8
BLACK
6
CONTINUOUS
10
0.425511811023622
20
0.7865354330708662
11
0.425511811023622
21
0.8007874015748031
0
LINE
8
BLACK
6
CONTINUOUS
10
0.425511811023622
20
0.8007874015748031
11
0.385511811023622
21
0.8007874015748031
0
LINE
8
BLACK
6
CONTINUOUS
10
0.385511811023622
20
0.8007874015748031
11
0.385511811023622
21
0.7865354330708662
0
LINE
8
BLACK
6
CONTINUOUS
10
0.385511811023622
20
0.7865354330708662
11
0.325511811023622
21
0.7865354330708662
0
LINE
8
BLACK
6
CONTINUOUS
10
0.325511811023622
20
0.7865354330708662
11
0.325511811023622
21
0.8465354330708661
0
LINE
8
BLACK
6
CONTINUOUS
10
0.325511811023622
20
0.8465354330708661
11
0.385511811023622
21
0.8465354330708661
0
LINE
8
BLACK
6
CONTINUOUS
10
0.385511811023622
20
0.8465354330708661
11
0.385511811023622
21
0.8322834645669291
0
LINE
8
BLACK
6
CONTINUOUS
10
1.184724409448819
20
0.8322834645669291
11
1.2247244094488188
21
0.8322834645669291
0
LINE
8
BLACK
6
CONTINUOUS
10
1.2247244094488188
20
0.8322834645669291
11
1.2247244094488188
21
0.8465354330708661
0
LINE
8
BLACK
6
CONTINUOUS
10
1.2247244094488188
20
0.8465354330708661
11
1.2847244094488188
21
0.8465354330708661
0
LINE
8
BLACK
6
CONTINUOUS
10
1.2847244094488188
20
0.8465354330708661
11
1.2847244094488188
21
0.7865354330708662
0
LINE
8
BLACK
6
CONTINUOUS
10
1.2847244094488188
20
0.7865354330708662
11
1.2247244094488188
21
0.7865354330708662
0
LINE
8
BLACK
6
CONTINUOUS
10
1.2247244094488188
20
0.7865354330708662
11
1.2247244094488188
21
0.8007874015748031
0
LINE
8
BLACK
6
CONTINUOUS
10
1.2247244094488188
20
0.8007874015748031
11
1.184724409448819
21
0.8007874015748031
0
LINE
8
BLACK
6
CONTINUOUS
10
1.184724409448819
20
0.8007874015748031
11
1.184724409448819
21
0.7865354330708662
0
LINE
8
BLACK
6
CONTINUOUS
10
1.184724409448819
20
0.7865354330708662
11
1.1277041732283464
21
0.7865354330708662
0
LINE
8
BLACK
6
CONTINUOUS
10
1.1277041732283464
20
0.7865354330708662
11
1.0394820078740157
21
0.6983132677165355
0
LINE
8
BLACK
6
CONTINUOUS
10
1.0394820078740157
20
0.6983132677165355
11
1.038479251968504
21
0.6975847637795275
0
LINE
8
BLACK
6
CONTINUOUS
10
1.038479251968504
20
0.6975847637795275
11
1.0376029133858267
21
0.6967083858267716
0
LINE
8
BLACK
6
CONTINUOUS
10
1.0376029133858267
20
0.6967083858267716
11
1.0364985826771653
21
0.6961457480314961
0
LINE
8
BLACK
6
CONTINUOUS
10
1.0364985826771653
20
0.6961457480314961
11
1.0354959055118109
21
0.6954172047244095
0
LINE
8
BLACK
6
CONTINUOUS
10
1.0354959055118109
20
0.6954172047244095
11
1.0343172047244094
21
0.6950342519685039
0
LINE
8
BLACK
6
CONTINUOUS
10
1.0343172047244094
20
0.6950342519685039
11
1.033212874015748
21
0.6944715354330708
0
LINE
8
BLACK
6
CONTINUOUS
10
1.033212874015748
20
0.6944715354330708
11
1.0319886220472441
21
0.6942776377952756
0
LINE
8
BLACK
6
CONTINUOUS
10
1.0319886220472441
20
0.6942776377952756
11
1.03081
21
0.69389468503937
0
LINE
8
BLACK
6
CONTINUOUS
10
1.03081
20
0.69389468503937
11
1.0295707086614172
21
0.69389468503937
0
LINE
8
BLACK
6
CONTINUOUS
10
1.0295707086614172
20
0.69389468503937
11
1.0283464566929135
21
0.6937007874015748
0
LINE
8
BLACK
6
CONTINUOUS
10
1.0283464566929135
20
0.6937007874015748
11
0.9934070866141732
21
0.6937007874015748
0
LINE
8
BLACK
6
CONTINUOUS
10
0.9934070866141732
20
0.6937007874015748
11
0.9909631889763779
21
0.6898113385826772
0
LINE
8
BLACK
6
CONTINUOUS
10
0.9909631889763779
20
0.6898113385826772
11
0.9859760629921259
21
0.6848242125984252
0
LINE
8
BLACK
6
CONTINUOUS
10
0.9859760629921259
20
0.6848242125984252
11
0.9800042125984252
21
0.6810718503937008
0
LINE
8
BLACK
6
CONTINUOUS
10
0.9800042125984252
20
0.6810718503937008
11
0.973347125984252
21
0.6787424409448819
0
LINE
8
BLACK
6
CONTINUOUS
10
0.973347125984252
20
0.6787424409448819
11
0.9663385826771653
21
0.6779527559055119
0
LINE
8
BLACK
6
CONTINUOUS
10
0.9663385826771653
20
0.6779527559055119
11
0.9387795275590551
21
0.6779527559055119
0
LINE
8
BLACK
6
CONTINUOUS
10
0.9387795275590551
20
0.6779527559055119
11
0.9317709842519685
21
0.6787424409448819
0
LINE
8
BLACK
6
CONTINUOUS
10
0.9317709842519685
20
0.6787424409448819
11
0.9251138976377953
21
0.6810718503937008
0
LINE
8
BLACK
6
CONTINUOUS
10
0.9251138976377953
20
0.6810718503937008
11
0.9191420472440944
21
0.6848242125984252
0
LINE
8
BLACK
6
CONTINUOUS
10
0.9191420472440944
20
0.6848242125984252
11
0.9141549212598425
21
0.6898113385826772
0
LINE
8
BLACK
6
CONTINUOUS
10
0.9141549212598425
20
0.6898113385826772
11
0.9104025590551181
21
0.6957831889763779
0
LINE
8
BLACK
6
CONTINUOUS
10
0.9104025590551181
20
0.6957831889763779
11
0.9080731496062991
21
0.7024402755905511
0
LINE
8
BLACK
6
CONTINUOUS
10
0.9080731496062991
20
0.7024402755905511
11
0.9072834645669291
21
0.7094488188976378
0
LINE
8
BLACK
6
CONTINUOUS
10
0.9072834645669291
20
0.7094488188976378
11
0.9080731496062991
21
0.7164573622047244
0
LINE
8
BLACK
6
CONTINUOUS
10
0.9080731496062991
20
0.7164573622047244
11
0.9104025590551181
21
0.7231144488188976
0
LINE
8
BLACK
6
CONTINUOUS
10
0.9104025590551181
20
0.7231144488188976
11
0.9141549212598425
21
0.7290862992125984
0
LINE
8
BLACK
6
CONTINUOUS
10
0.9141549212598425
20
0.7290862992125984
11
0.9191420472440944
21
0.7340734251968504
0
LINE
8
BLACK
6
CONTINUOUS
10
0.9191420472440944
20
0.7340734251968504
11
0.9251138976377953
21
0.7378257874015748
0
LINE
8
BLACK
6
CONTINUOUS
10
0.9251138976377953
20
0.7378257874015748
11
0.9317709842519685
21
0.7401551968503937
0
LINE
8
BLACK
6
CONTINUOUS
10
0.9317709842519685
20
0.7401551968503937
11
0.9387795275590551
21
0.7409448818897638
0
LINE
8
BLACK
6
CONTINUOUS
10
0.9387795275590551
20
0.7409448818897638
11
0.9663385826771653
21
0.7409448818897638
0
LINE
8
BLACK
6
CONTINUOUS
10
0.9663385826771653
20
0.7409448818897638
11
0.973347125984252
21
0.7401551968503937
0
LINE
8
BLACK
6
CONTINUOUS
10
0.973347125984252
20
0.7401551968503937
11
0.9800042125984252
21
0.7378257874015748
0
LINE
8
BLACK
6
CONTINUOUS
10
0.9800042125984252
20
0.7378257874015748
11
0.9859760629921259
21
0.7340734251968504
0
LINE
8
BLACK
6
CONTINUOUS
10
0.9859760629921259
20
0.7340734251968504
11
0.9909631889763779
21
0.7290862992125984
0
LINE
8
BLACK
6
CONTINUOUS
10
0.9909631889763779
20
0.7290862992125984
11
0.9934070866141732
21
0.7251968503937007
0
LINE
8
BLACK
6
CONTINUOUS
10
0.9934070866141732
20
0.7251968503937007
11
1.0218233858267716
21
0.7251968503937007
0
LINE
8
BLACK
6
CONTINUOUS
10
1.0218233858267716
20
0.7251968503937007
11
1.1242975196850393
21
0.8276709842519685
0
LINE
8
BLACK
6
CONTINUOUS
10
1.1242975196850393
20
0.8276709842519685
11
1.1247244094488189
21
0.8279811417322834
0
LINE
8
BLACK
6
CONTINUOUS
10
1.1247244094488189
20
0.8279811417322834
11
1.1247244094488189
21
0.8465354330708661
0
LINE
8
BLACK
6
CONTINUOUS
10
1.1247244094488189
20
0.8465354330708661
11
1.184724409448819
21
0.8465354330708661
0
LINE
8
BLACK
6
CONTINUOUS
10
1.184724409448819
20
0.8465354330708661
11
1.184724409448819
21
0.8322834645669291
0
LINE
8
BLACK
6
CONTINUOUS
10
0.385511811023622
20
0.9322834645669291
11
0.425511811023622
21
0.9322834645669291
0
LINE
8
BLACK
6
CONTINUOUS
10
0.425511811023622
20
0.9322834645669291
11
0.425511811023622
21
0.9465354330708661
0
LINE
8
BLACK
6
CONTINUOUS
10
0.425511811023622
20
0.9465354330708661
11
0.485511811023622
21
0.9465354330708661
0
LINE
8
BLACK
6
CONTINUOUS
10
0.485511811023622
20
0.9465354330708661
11
0.485511811023622
21
0.9301979527559054
0
LINE
8
BLACK
6
CONTINUOUS
10
0.485511811023622
20
0.9301979527559054
11
0.4860064566929134
21
0.9298385433070866
0
LINE
8
BLACK
6
CONTINUOUS
10
0.4860064566929134
20
0.9298385433070866
11
0.4871107874015748
21
0.9292758661417323
0
LINE
8
BLACK
6
CONTINUOUS
10
0.4871107874015748
20
0.9292758661417323
11
0.487987125984252
21
0.9283995275590551
0
LINE
8
BLACK
6
CONTINUOUS
10
0.487987125984252
20
0.9283995275590551
11
0.4889898818897638
21
0.9276709842519685
0
LINE
8
BLACK
6
CONTINUOUS
10
0.4889898818897638
20
0.9276709842519685
11
0.5914640157480315
21
0.8251968503937007
0
LINE
8
BLACK
6
CONTINUOUS
10
0.5914640157480315
20
0.8251968503937007
11
0.6117110236220472
21
0.8251968503937007
0
LINE
8
BLACK
6
CONTINUOUS
10
0.6117110236220472
20
0.8251968503937007
11
0.6141549212598425
21
0.8290862992125984
0
LINE
8
BLACK
6
CONTINUOUS
10
0.6141549212598425
20
0.8290862992125984
11
0.6191420472440945
21
0.8340734251968503
0
LINE
8
BLACK
6
CONTINUOUS
10
0.6191420472440945
20
0.8340734251968503
11
0.6251138976377952
21
0.8378257874015748
0
LINE
8
BLACK
6
CONTINUOUS
10
0.6251138976377952
20
0.8378257874015748
11
0.6317709842519685
21
0.8401551968503936
0
LINE
8
BLACK
6
CONTINUOUS
10
0.6317709842519685
20
0.8401551968503936
11
0.6387795275590551
21
0.8409448818897638
0
LINE
8
BLACK
6
CONTINUOUS
10
0.6387795275590551
20
0.8409448818897638
11
0.6663385826771654
21
0.8409448818897638
0
LINE
8
BLACK
6
CONTINUOUS
10
0.6663385826771654
20
0.8409448818897638
11
0.6733471259842519
21
0.8401551968503936
0
LINE
8
BLACK
6
CONTINUOUS
10
0.6733471259842519
20
0.8401551968503936
11
0.6800042125984251
21
0.8378257874015748
0
LINE
8
BLACK
6
CONTINUOUS
10
0.6800042125984251
20
0.8378257874015748
11
0.685976062992126
21
0.8340734251968503
0
LINE
8
BLACK
6
CONTINUOUS
10
0.685976062992126
20
0.8340734251968503
11
0.690963188976378
21
0.8290862992125984
0
LINE
8
BLACK
6
CONTINUOUS
10
0.690963188976378
20
0.8290862992125984
11
0.6947155511811024
21
0.8231144488188976
0
LINE
8
BLACK
6
CONTINUOUS
10
0.6947155511811024
20
0.8231144488188976
11
0.6970449606299213
21
0.8164573622047244
0
LINE
8
BLACK
6
CONTINUOUS
10
0.6970449606299213
20
0.8164573622047244
11
0.6978346456692913
21
0.8094488188976378
0
LINE
8
BLACK
6
CONTINUOUS
10
0.6978346456692913
20
0.8094488188976378
11
0.6970449606299213
21
0.8024402755905512
0
LINE
8
BLACK
6
CONTINUOUS
10
0.6970449606299213
20
0.8024402755905512
11
0.6947155511811024
21
0.7957831889763779
0
LINE
8
BLACK
6
CONTINUOUS
10
0.6947155511811024
20
0.7957831889763779
11
0.690963188976378
21
0.7898113385826772
0
LINE
8
BLACK
6
CONTINUOUS
10
0.690963188976378
20
0.7898113385826772
11
0.685976062992126
21
0.7848242125984252
0
LINE
8
BLACK
6
CONTINUOUS
10
0.685976062992126
20
0.7848242125984252
11
0.6800042125984251
21
0.7810718503937008
0
LINE
8
BLACK
6
CONTINUOUS
10
0.6800042125984251
20
0.7810718503937008
11
0.6733471259842519
21
0.7787424409448819
0
LINE
8
BLACK
6
CONTINUOUS
10
0.6733471259842519
20
0.7787424409448819
11
0.6663385826771654
21
0.7779527559055118
0
LINE
8
BLACK
6
CONTINUOUS
10
0.6663385826771654
20
0.7779527559055118
11
0.6387795275590551
21
0.7779527559055118
0
LINE
8
BLACK
6
CONTINUOUS
10
0.6387795275590551
20
0.7779527559055118
11
0.6317709842519685
21
0.7787424409448819
0
LINE
8
BLACK
6
CONTINUOUS
10
0.6317709842519685
20
0.7787424409448819
11
0.6251138976377952
21
0.7810718503937008
0
LINE
8
BLACK
6
CONTINUOUS
10
0.6251138976377952
20
0.7810718503937008
11
0.6191420472440945
21
0.7848242125984252
0
LINE
8
BLACK
6
CONTINUOUS
10
0.6191420472440945
20
0.7848242125984252
11
0.6141549212598425
21
0.7898113385826772
0
LINE
8
BLACK
6
CONTINUOUS
10
0.6141549212598425
20
0.7898113385826772
11
0.6117110236220472
21
0.7937007874015748
0
LINE
8
BLACK
6
CONTINUOUS
10
0.6117110236220472
20
0.7937007874015748
11
0.5849409448818897
21
0.7937007874015748
0
LINE
8
BLACK
6
CONTINUOUS
10
0.5849409448818897
20
0.7937007874015748
11
0.5837166929133858
21
0.7938946850393701
0
LINE
8
BLACK
6
CONTINUOUS
10
0.5837166929133858
20
0.7938946850393701
11
0.5824774015748031
21
0.7938946850393701
0
LINE
8
BLACK
6
CONTINUOUS
10
0.5824774015748031
20
0.7938946850393701
11
0.5812987401574803
21
0.7942776377952756
0
LINE
8
BLACK
6
CONTINUOUS
10
0.5812987401574803
20
0.7942776377952756
11
0.5800745275590551
21
0.7944715354330708
0
LINE
8
BLACK
6
CONTINUOUS
10
0.5800745275590551
20
0.7944715354330708
11
0.578970157480315
21
0.795034251968504
0
LINE
8
BLACK
6
CONTINUOUS
10
0.578970157480315
20
0.795034251968504
11
0.5777914960629921
21
0.7954172047244095
0
LINE
8
BLACK
6
CONTINUOUS
10
0.5777914960629921
20
0.7954172047244095
11
0.576788779527559
21
0.7961457480314961
0
LINE
8
BLACK
6
CONTINUOUS
10
0.576788779527559
20
0.7961457480314961
11
0.5756844881889763
21
0.7967083858267716
0
LINE
8
BLACK
6
CONTINUOUS
10
0.5756844881889763
20
0.7967083858267716
11
0.5748081102362205
21
0.7975847637795276
0
LINE
8
BLACK
6
CONTINUOUS
10
0.5748081102362205
20
0.7975847637795276
11
0.5738053937007874
21
0.7983132677165354
0
LINE
8
BLACK
6
CONTINUOUS
10
0.5738053937007874
20
0.7983132677165354
11
0.485511811023622
21
0.8866068503937008
0
LINE
8
BLACK
6
CONTINUOUS
10
0.485511811023622
20
0.8866068503937008
11
0.485511811023622
21
0.8865354330708661
0
LINE
8
BLACK
6
CONTINUOUS
10
0.485511811023622
20
0.8865354330708661
11
0.425511811023622
21
0.8865354330708661
0
LINE
8
BLACK
6
CONTINUOUS
10
0.425511811023622
20
0.8865354330708661
11
0.425511811023622
21
0.9007874015748031
0
LINE
8
BLACK
6
CONTINUOUS
10
0.425511811023622
20
0.9007874015748031
11
0.385511811023622
21
0.9007874015748031
0
LINE
8
BLACK
6
CONTINUOUS
10
0.385511811023622
20
0.9007874015748031
11
0.385511811023622
21
0.8865354330708661
0
LINE
8
BLACK
6
CONTINUOUS
10
0.385511811023622
20
0.8865354330708661
11
0.325511811023622
21
0.8865354330708661
0
LINE
8
BLACK
6
CONTINUOUS
10
0.325511811023622
20
0.8865354330708661
11
0.325511811023622
21
0.9465354330708661
0
LINE
8
BLACK
6
CONTINUOUS
10
0.325511811023622
20
0.9465354330708661
11
0.385511811023622
21
0.9465354330708661
0
LINE
8
BLACK
6
CONTINUOUS
10
0.385511811023622
20
0.9465354330708661
11
0.385511811023622
21
0.9322834645669291
0
LINE
8
BLACK
6
CONTINUOUS
10
1.184724409448819
20
0.9322834645669291
11
1.2247244094488188
21
0.9322834645669291
0
LINE
8
BLACK
6
CONTINUOUS
10
1.2247244094488188
20
0.9322834645669291
11
1.2247244094488188
21
0.9465354330708661
0
LINE
8
BLACK
6
CONTINUOUS
10
1.2247244094488188
20
0.9465354330708661
11
1.2847244094488188
21
0.9465354330708661
0
LINE
8
BLACK
6
CONTINUOUS
10
1.2847244094488188
20
0.9465354330708661
11
1.2847244094488188
21
0.8865354330708661
0
LINE
8
BLACK
6
CONTINUOUS
10
1.2847244094488188
20
0.8865354330708661
11
1.2247244094488188
21
0.8865354330708661
0
LINE
8
BLACK
6
CONTINUOUS
10
1.2247244094488188
20
0.8865354330708661
11
1.2247244094488188
21
0.9007874015748031
0
LINE
8
BLACK
6
CONTINUOUS
10
1.2247244094488188
20
0.9007874015748031
11
1.184724409448819
21
0.9007874015748031
0
LINE
8
BLACK
6
CONTINUOUS
10
1.184724409448819
20
0.9007874015748031
11
1.184724409448819
21
0.8865354330708661
0
LINE
8
BLACK
6
CONTINUOUS
10
1.184724409448819
20
0.8865354330708661
11
1.1292789763779527
21
0.8865354330708661
0
LINE
8
BLACK
6
CONTINUOUS
10
1.1292789763779527
20
0.8865354330708661
11
1.041056811023622
21
0.7983132677165354
0
LINE
8
BLACK
6
CONTINUOUS
10
1.041056811023622
20
0.7983132677165354
11
1.0400540551181101
21
0.7975847637795276
0
LINE
8
BLACK
6
CONTINUOUS
10
1.0400540551181101
20
0.7975847637795276
11
1.039177716535433
21
0.7967083858267716
0
LINE
8
BLACK
6
CONTINUOUS
10
1.039177716535433
20
0.7967083858267716
11
1.0380733858267717
21
0.7961457480314961
0
LINE
8
BLACK
6
CONTINUOUS
10
1.0380733858267717
20
0.7961457480314961
11
1.0370707086614173
21
0.7954172047244095
0
LINE
8
BLACK
6
CONTINUOUS
10
1.0370707086614173
20
0.7954172047244095
11
1.0358920078740157
21
0.795034251968504
0
LINE
8
BLACK
6
CONTINUOUS
10
1.0358920078740157
20
0.795034251968504
11
1.0347876771653544
21
0.7944715354330708
0
LINE
8
BLACK
6
CONTINUOUS
10
1.0347876771653544
20
0.7944715354330708
11
1.0335634251968504
21
0.7942776377952756
0
LINE
8
BLACK
6
CONTINUOUS
10
1.0335634251968504
20
0.7942776377952756
11
1.0323848031496063
21
0.7938946850393701
0
LINE
8
BLACK
6
CONTINUOUS
10
1.0323848031496063
20
0.7938946850393701
11
1.0311455118110235
21
0.7938946850393701
0
LINE
8
BLACK
6
CONTINUOUS
10
1.0311455118110235
20
0.7938946850393701
11
1.0299212598425196
21
0.7937007874015748
0
LINE
8
BLACK
6
CONTINUOUS
10
1.0299212598425196
20
0.7937007874015748
11
0.9934070866141732
21
0.7937007874015748
0
LINE
8
BLACK
6
CONTINUOUS
10
0.9934070866141732
20
0.7937007874015748
11
0.9909631889763779
21
0.7898113385826772
0
LINE
8
BLACK
6
CONTINUOUS
10
0.9909631889763779
20
0.7898113385826772
11
0.9859760629921259
21
0.7848242125984252
0
LINE
8
BLACK
6
CONTINUOUS
10
0.9859760629921259
20
0.7848242125984252
11
0.9800042125984252
21
0.7810718503937008
0
LINE
8
BLACK
6
CONTINUOUS
10
0.9800042125984252
20
0.7810718503937008
11
0.973347125984252
21
0.7787424409448819
0
LINE
8
BLACK
6
CONTINUOUS
10
0.973347125984252
20
0.7787424409448819
11
0.9663385826771653
21
0.7779527559055118
0
LINE
8
BLACK
6
CONTINUOUS
10
0.9663385826771653
20
0.7779527559055118
11
0.9387795275590551
21
0.7779527559055118
0
LINE
8
BLACK
6
CONTINUOUS
10
0.9387795275590551
20
0.7779527559055118
11
0.9317709842519685
21
0.7787424409448819
0
LINE
8
BLACK
6
CONTINUOUS
10
0.9317709842519685
20
0.7787424409448819
11
0.9251138976377953
21
0.7810718503937008
0
LINE
8
BLACK
6
CONTINUOUS
10
0.9251138976377953
20
0.7810718503937008
11
0.9191420472440944
21
0.7848242125984252
0
LINE
8
BLACK
6
CONTINUOUS
10
0.9191420472440944
20
0.7848242125984252
11
0.9141549212598425
21
0.7898113385826772
0
LINE
8
BLACK
6
CONTINUOUS
10
0.9141549212598425
20
0.7898113385826772
11
0.9104025590551181
21
0.7957831889763779
0
LINE
8
BLACK
6
CONTINUOUS
10
0.9104025590551181
20
0.7957831889763779
11
0.9080731496062991
21
0.8024402755905512
0
LINE
8
BLACK
6
CONTINUOUS
10
0.9080731496062991
20
0.8024402755905512
11
0.9072834645669291
21
0.8094488188976378
0
LINE
8
BLACK
6
CONTINUOUS
10
0.9072834645669291
20
0.8094488188976378
11
0.9080731496062991
21
0.8164573622047244
0
LINE
8
BLACK
6
CONTINUOUS
10
0.9080731496062991
20
0.8164573622047244
11
0.9104025590551181
21
0.8231144488188976
0
LINE
8
BLACK
6
CONTINUOUS
10
0.9104025590551181
20
0.8231144488188976
11
0.9141549212598425
21
0.8290862992125984
0
LINE
8
BLACK
6
CONTINUOUS
10
0.9141549212598425
20
0.8290862992125984
11
0.9191420472440944
21
0.8340734251968503
0
LINE
8
BLACK
6
CONTINUOUS
10
0.9191420472440944
20
0.8340734251968503
11
0.9251138976377953
21
0.8378257874015748
0
LINE
8
BLACK
6
CONTINUOUS
10
0.9251138976377953
20
0.8378257874015748
11
0.9317709842519685
21
0.8401551968503936
0
LINE
8
BLACK
6
CONTINUOUS
10
0.9317709842519685
20
0.8401551968503936
11
0.9387795275590551
21
0.8409448818897638
0
LINE
8
BLACK
6
CONTINUOUS
10
0.9387795275590551
20
0.8409448818897638
11
0.9663385826771653
21
0.8409448818897638
0
LINE
8
BLACK
6
CONTINUOUS
10
0.9663385826771653
20
0.8409448818897638
11
0.973347125984252
21
0.8401551968503936
0
LINE
8
BLACK
6
CONTINUOUS
10
0.973347125984252
20
0.8401551968503936
11
0.9800042125984252
21
0.8378257874015748
0
LINE
8
BLACK
6
CONTINUOUS
10
0.9800042125984252
20
0.8378257874015748
11
0.9859760629921259
21
0.8340734251968503
0
LINE
8
BLACK
6
CONTINUOUS
10
0.9859760629921259
20
0.8340734251968503
11
0.9909631889763779
21
0.8290862992125984
0
LINE
8
BLACK
6
CONTINUOUS
10
0.9909631889763779
20
0.8290862992125984
11
0.9934070866141732
21
0.8251968503937007
0
LINE
8
BLACK
6
CONTINUOUS
10
0.9934070866141732
20
0.8251968503937007
11
1.0233981889763779
21
0.8251968503937007
0
LINE
8
BLACK
6
CONTINUOUS
10
1.0233981889763779
20
0.8251968503937007
11
1.1247244094488189
21
0.9265230708661417
0
LINE
8
BLACK
6
CONTINUOUS
10
1.1247244094488189
20
0.9265230708661417
11
1.1247244094488189
21
0.9465354330708661
0
LINE
8
BLACK
6
CONTINUOUS
10
1.1247244094488189
20
0.9465354330708661
11
1.184724409448819
21
0.9465354330708661
0
LINE
8
BLACK
6
CONTINUOUS
10
1.184724409448819
20
0.9465354330708661
11
1.184724409448819
21
0.9322834645669291
0
LINE
8
BLACK
6
CONTINUOUS
10
0.385511811023622
20
1.0322834645669292
11
0.425511811023622
21
1.0322834645669292
0
LINE
8
BLACK
6
CONTINUOUS
10
0.425511811023622
20
1.0322834645669292
11
0.425511811023622
21
1.0465354330708661
0
LINE
8
BLACK
6
CONTINUOUS
10
0.425511811023622
20
1.0465354330708661
11
0.485511811023622
21
1.0465354330708661
0
LINE
8
BLACK
6
CONTINUOUS
10
0.485511811023622
20
1.0465354330708661
11
0.485511811023622
21
1.0286110629921259
0
LINE
8
BLACK
6
CONTINUOUS
10
0.485511811023622
20
1.0286110629921259
11
0.4857233464566929
21
1.0283995275590552
0
LINE
8
BLACK
6
CONTINUOUS
10
0.4857233464566929
20
1.0283995275590552
11
0.4867261023622047
21
1.0276709842519685
0
LINE
8
BLACK
6
CONTINUOUS
10
0.4867261023622047
20
1.0276709842519685
11
0.5892002362204725
21
0.9251968503937008
0
LINE
8
BLACK
6
CONTINUOUS
10
0.5892002362204725
20
0.9251968503937008
11
0.6117110236220472
21
0.9251968503937008
0
LINE
8
BLACK
6
CONTINUOUS
10
0.6117110236220472
20
0.9251968503937008
11
0.6141549212598425
21
0.9290862992125984
0
LINE
8
BLACK
6
CONTINUOUS
10
0.6141549212598425
20
0.9290862992125984
11
0.6191420472440945
21
0.9340734251968503
0
LINE
8
BLACK
6
CONTINUOUS
10
0.6191420472440945
20
0.9340734251968503
11
0.6251138976377952
21
0.9378257874015747
0
LINE
8
BLACK
6
CONTINUOUS
10
0.6251138976377952
20
0.9378257874015747
11
0.6317709842519685
21
0.9401551968503937
0
LINE
8
BLACK
6
CONTINUOUS
10
0.6317709842519685
20
0.9401551968503937
11
0.6387795275590551
21
0.9409448818897638
0
LINE
8
BLACK
6
CONTINUOUS
10
0.6387795275590551
20
0.9409448818897638
11
0.6663385826771654
21
0.9409448818897638
0
LINE
8
BLACK
6
CONTINUOUS
10
0.6663385826771654
20
0.9409448818897638
11
0.6733471259842519
21
0.9401551968503937
0
LINE
8
BLACK
6
CONTINUOUS
10
0.6733471259842519
20
0.9401551968503937
11
0.6800042125984251
21
0.9378257874015747
0
LINE
8
BLACK
6
CONTINUOUS
10
0.6800042125984251
20
0.9378257874015747
11
0.685976062992126
21
0.9340734251968503
0
LINE
8
BLACK
6
CONTINUOUS
10
0.685976062992126
20
0.9340734251968503
11
0.690963188976378
21
0.9290862992125984
0
LINE
8
BLACK
6
CONTINUOUS
10
0.690963188976378
20
0.9290862992125984
11
0.6947155511811024
21
0.9231144488188976
0
LINE
8
BLACK
6
CONTINUOUS
10
0.6947155511811024
20
0.9231144488188976
11
0.6970449606299213
21
0.9164573622047244
0
LINE
8
BLACK
6
CONTINUOUS
10
0.6970449606299213
20
0.9164573622047244
11
0.6978346456692913
21
0.9094488188976377
0
LINE
8
BLACK
6
CONTINUOUS
10
0.6978346456692913
20
0.9094488188976377
11
0.6970449606299213
21
0.9024402755905512
0
LINE
8
BLACK
6
CONTINUOUS
10
0.6970449606299213
20
0.9024402755905512
11
0.6947155511811024
21
0.895783188976378
0
LINE
8
BLACK
6
CONTINUOUS
10
0.6947155511811024
20
0.895783188976378
11
0.690963188976378
21
0.8898113385826771
0
LINE
8
BLACK
6
CONTINUOUS
10
0.690963188976378
20
0.8898113385826771
11
0.685976062992126
21
0.8848242125984251
0
LINE
8
BLACK
6
CONTINUOUS
10
0.685976062992126
20
0.8848242125984251
11
0.6800042125984251
21
0.8810718503937007
0
LINE
8
BLACK
6
CONTINUOUS
10
0.6800042125984251
20
0.8810718503937007
11
0.6733471259842519
21
0.8787424409448819
0
LINE
8
BLACK
6
CONTINUOUS
10
0.6733471259842519
20
0.8787424409448819
11
0.6663385826771654
21
0.8779527559055118
0
LINE
8
BLACK
6
CONTINUOUS
10
0.6663385826771654
20
0.8779527559055118
11
0.6387795275590551
21
0.8779527559055118
0
LINE
8
BLACK
6
CONTINUOUS
10
0.6387795275590551
20
0.8779527559055118
11
0.6317709842519685
21
0.8787424409448819
0
LINE
8
BLACK
6
CONTINUOUS
10
0.6317709842519685
20
0.8787424409448819
11
0.6251138976377952
21
0.8810718503937007
0
LINE
8
BLACK
6
CONTINUOUS
10
0.6251138976377952
20
0.8810718503937007
11
0.6191420472440945
21
0.8848242125984251
0
LINE
8
BLACK
6
CONTINUOUS
10
0.6191420472440945
20
0.8848242125984251
11
0.6141549212598425
21
0.8898113385826771
0
LINE
8
BLACK
6
CONTINUOUS
10
0.6141549212598425
20
0.8898113385826771
11
0.6117110236220472
21
0.8937007874015748
0
LINE
8
BLACK
6
CONTINUOUS
10
0.6117110236220472
20
0.8937007874015748
11
0.5826771653543307
21
0.8937007874015748
0
LINE
8
BLACK
6
CONTINUOUS
10
0.5826771653543307
20
0.8937007874015748
11
0.5814529133858267
21
0.8938946850393701
0
LINE
8
BLACK
6
CONTINUOUS
10
0.5814529133858267
20
0.8938946850393701
11
0.580213622047244
21
0.8938946850393701
0
LINE
8
BLACK
6
CONTINUOUS
10
0.580213622047244
20
0.8938946850393701
11
0.5790349606299212
21
0.8942776377952756
0
LINE
8
BLACK
6
CONTINUOUS
10
0.5790349606299212
20
0.8942776377952756
11
0.577810748031496
21
0.8944715354330709
0
LINE
8
BLACK
6
CONTINUOUS
10
0.577810748031496
20
0.8944715354330709
11
0.5767063779527559
21
0.8950342519685039
0
LINE
8
BLACK
6
CONTINUOUS
10
0.5767063779527559
20
0.8950342519685039
11
0.5755277165354331
21
0.8954172047244094
0
LINE
8
BLACK
6
CONTINUOUS
10
0.5755277165354331
20
0.8954172047244094
11
0.574525
21
0.896145748031496
0
LINE
8
BLACK
6
CONTINUOUS
10
0.574525
20
0.896145748031496
11
0.5734207086614173
21
0.8967083858267716
0
LINE
8
BLACK
6
CONTINUOUS
10
0.5734207086614173
20
0.8967083858267716
11
0.5725443307086614
21
0.8975847637795276
0
LINE
8
BLACK
6
CONTINUOUS
10
0.5725443307086614
20
0.8975847637795276
11
0.5715416141732284
21
0.8983132677165354
0
LINE
8
BLACK
6
CONTINUOUS
10
0.5715416141732284
20
0.8983132677165354
11
0.4833194488188976
21
0.9865354330708661
0
LINE
8
BLACK
6
CONTINUOUS
10
0.4833194488188976
20
0.9865354330708661
11
0.425511811023622
21
0.9865354330708661
0
LINE
8
BLACK
6
CONTINUOUS
10
0.425511811023622
20
0.9865354330708661
11
0.425511811023622
21
1.0007874015748031
0
LINE
8
BLACK
6
CONTINUOUS
10
0.425511811023622
20
1.0007874015748031
11
0.385511811023622
21
1.0007874015748031
0
LINE
8
BLACK
6
CONTINUOUS
10
0.385511811023622
20
1.0007874015748031
11
0.385511811023622
21
0.9865354330708661
0
LINE
8
BLACK
6
CONTINUOUS
10
0.385511811023622
20
0.9865354330708661
11
0.325511811023622
21
0.9865354330708661
0
LINE
8
BLACK
6
CONTINUOUS
10
0.325511811023622
20
0.9865354330708661
11
0.325511811023622
21
1.0465354330708661
0
LINE
8
BLACK
6
CONTINUOUS
10
0.325511811023622
20
1.0465354330708661
11
0.385511811023622
21
1.0465354330708661
0
LINE
8
BLACK
6
CONTINUOUS
10
0.385511811023622
20
1.0465354330708661
11
0.385511811023622
21
1.0322834645669292
0
LINE
8
BLACK
6
CONTINUOUS
10
1.184724409448819
20
1.0322834645669292
11
1.2247244094488188
21
1.0322834645669292
0
LINE
8
BLACK
6
CONTINUOUS
10
1.2247244094488188
20
1.0322834645669292
11
1.2247244094488188
21
1.0465354330708661
0
LINE
8
BLACK
6
CONTINUOUS
10
1.2247244094488188
20
1.0465354330708661
11
1.2847244094488188
21
1.0465354330708661
0
LINE
8
BLACK
6
CONTINUOUS
10
1.2847244094488188
20
1.0465354330708661
11
1.2847244094488188
21
0.9865354330708661
0
LINE
8
BLACK
6
CONTINUOUS
10
1.2847244094488188
20
0.9865354330708661
11
1.2247244094488188
21
0.9865354330708661
0
LINE
8
BLACK
6
CONTINUOUS
10
1.2247244094488188
20
0.9865354330708661
11
1.2247244094488188
21
1.0007874015748031
0
LINE
8
BLACK
6
CONTINUOUS
10
1.2247244094488188
20
1.0007874015748031
11
1.184724409448819
21
1.0007874015748031
0
LINE
8
BLACK
6
CONTINUOUS
10
1.184724409448819
20
1.0007874015748031
11
1.184724409448819
21
0.9865354330708661
0
LINE
8
BLACK
6
CONTINUOUS
10
1.184724409448819
20
0.9865354330708661
11
1.1308537795275591
21
0.9865354330708661
0
LINE
8
BLACK
6
CONTINUOUS
10
1.1308537795275591
20
0.9865354330708661
11
1.0426316141732284
21
0.8983132677165354
0
LINE
8
BLACK
6
CONTINUOUS
10
1.0426316141732284
20
0.8983132677165354
11
1.0416288582677165
21
0.8975847637795276
0
LINE
8
BLACK
6
CONTINUOUS
10
1.0416288582677165
20
0.8975847637795276
11
1.0407525196850393
21
0.8967083858267716
0
LINE
8
BLACK
6
CONTINUOUS
10
1.0407525196850393
20
0.8967083858267716
11
1.039648188976378
21
0.896145748031496
0
LINE
8
BLACK
6
CONTINUOUS
10
1.039648188976378
20
0.896145748031496
11
1.0386455118110236
21
0.8954172047244094
0
LINE
8
BLACK
6
CONTINUOUS
10
1.0386455118110236
20
0.8954172047244094
11
1.037466811023622
21
0.8950342519685039
0
LINE
8
BLACK
6
CONTINUOUS
10
1.037466811023622
20
0.8950342519685039
11
1.0363624803149607
21
0.8944715354330709
0
LINE
8
BLACK
6
CONTINUOUS
10
1.0363624803149607
20
0.8944715354330709
11
1.0351382283464567
21
0.8942776377952756
0
LINE
8
BLACK
6
CONTINUOUS
10
1.0351382283464567
20
0.8942776377952756
11
1.0339596062992127
21
0.8938946850393701
0
LINE
8
BLACK
6
CONTINUOUS
10
1.0339596062992127
20
0.8938946850393701
11
1.0327203149606299
21
0.8938946850393701
0
LINE
8
BLACK
6
CONTINUOUS
10
1.0327203149606299
20
0.8938946850393701
11
1.0314960629921259
21
0.8937007874015748
0
LINE
8
BLACK
6
CONTINUOUS
10
1.0314960629921259
20
0.8937007874015748
11
0.9934070866141732
21
0.8937007874015748
0
LINE
8
BLACK
6
CONTINUOUS
10
0.9934070866141732
20
0.8937007874015748
11
0.9909631889763779
21
0.8898113385826771
0
LINE
8
BLACK
6
CONTINUOUS
10
0.9909631889763779
20
0.8898113385826771
11
0.9859760629921259
21
0.8848242125984251
0
LINE
8
BLACK
6
CONTINUOUS
10
0.9859760629921259
20
0.8848242125984251
11
0.9800042125984252
21
0.8810718503937007
0
LINE
8
BLACK
6
CONTINUOUS
10
0.9800042125984252
20
0.8810718503937007
11
0.973347125984252
21
0.8787424409448819
0
LINE
8
BLACK
6
CONTINUOUS
10
0.973347125984252
20
0.8787424409448819
11
0.9663385826771653
21
0.8779527559055118
0
LINE
8
BLACK
6
CONTINUOUS
10
0.9663385826771653
20
0.8779527559055118
11
0.9387795275590551
21
0.8779527559055118
0
LINE
8
BLACK
6
CONTINUOUS
10
0.9387795275590551
20
0.8779527559055118
11
0.9317709842519685
21
0.8787424409448819
0
LINE
8
BLACK
6
CONTINUOUS
10
0.9317709842519685
20
0.8787424409448819
11
0.9251138976377953
21
0.8810718503937007
0
LINE
8
BLACK
6
CONTINUOUS
10
0.9251138976377953
20
0.8810718503937007
11
0.9191420472440944
21
0.8848242125984251
0
LINE
8
BLACK
6
CONTINUOUS
10
0.9191420472440944
20
0.8848242125984251
11
0.9141549212598425
21
0.8898113385826771
0
LINE
8
BLACK
6
CONTINUOUS
10
0.9141549212598425
20
0.8898113385826771
11
0.9104025590551181
21
0.895783188976378
0
LINE
8
BLACK
6
CONTINUOUS
10
0.9104025590551181
20
0.895783188976378
11
0.9080731496062991
21
0.9024402755905512
0
LINE
8
BLACK
6
CONTINUOUS
10
0.9080731496062991
20
0.9024402755905512
11
0.9072834645669291
21
0.9094488188976377
0
LINE
8
BLACK
6
CONTINUOUS
10
0.9072834645669291
20
0.9094488188976377
11
0.9080731496062991
21
0.9164573622047244
0
LINE
8
BLACK
6
CONTINUOUS
10
0.9080731496062991
20
0.9164573622047244
11
0.9104025590551181
21
0.9231144488188976
0
LINE
8
BLACK
6
CONTINUOUS
10
0.9104025590551181
20
0.9231144488188976
11
0.9141549212598425
21
0.9290862992125984
0
LINE
8
BLACK
6
CONTINUOUS
10
0.9141549212598425
20
0.9290862992125984
11
0.9191420472440944
21
0.9340734251968503
0
LINE
8
BLACK
6
CONTINUOUS
10
0.9191420472440944
20
0.9340734251968503
11
0.9251138976377953
21
0.9378257874015747
0
LINE
8
BLACK
6
CONTINUOUS
10
0.9251138976377953
20
0.9378257874015747
11
0.9317709842519685
21
0.9401551968503937
0
LINE
8
BLACK
6
CONTINUOUS
10
0.9317709842519685
20
0.9401551968503937
11
0.9387795275590551
21
0.9409448818897638
0
LINE
8
BLACK
6
CONTINUOUS
10
0.9387795275590551
20
0.9409448818897638
11
0.9663385826771653
21
0.9409448818897638
0
LINE
8
BLACK
6
CONTINUOUS
10
0.9663385826771653
20
0.9409448818897638
11
0.973347125984252
21
0.9401551968503937
0
LINE
8
BLACK
6
CONTINUOUS
10
0.973347125984252
20
0.9401551968503937
11
0.9800042125984252
21
0.9378257874015747
0
LINE
8
BLACK
6
CONTINUOUS
10
0.9800042125984252
20
0.9378257874015747
11
0.9859760629921259
21
0.9340734251968503
0
LINE
8
BLACK
6
CONTINUOUS
10
0.9859760629921259
20
0.9340734251968503
11
0.9909631889763779
21
0.9290862992125984
0
LINE
8
BLACK
6
CONTINUOUS
10
0.9909631889763779
20
0.9290862992125984
11
0.9934070866141732
21
0.9251968503937008
0
LINE
8
BLACK
6
CONTINUOUS
10
0.9934070866141732
20
0.9251968503937008
11
1.0249729921259843
21
0.9251968503937008
0
LINE
8
BLACK
6
CONTINUOUS
10
1.0249729921259843
20
0.9251968503937008
11
1.1247244094488189
21
1.0249482677165354
0
LINE
8
BLACK
6
CONTINUOUS
10
1.1247244094488189
20
1.0249482677165354
11
1.1247244094488189
21
1.0465354330708661
0
LINE
8
BLACK
6
CONTINUOUS
10
1.1247244094488189
20
1.0465354330708661
11
1.184724409448819
21
1.0465354330708661
0
LINE
8
BLACK
6
CONTINUOUS
10
1.184724409448819
20
1.0465354330708661
11
1.184724409448819
21
1.0322834645669292
0
LINE
8
BLACK
6
CONTINUOUS
10
0.7813256299212599
20
1.1882271653543306
11
0.784518779527559
21
1.1860935826771652
0
LINE
8
BLACK
6
CONTINUOUS
10
0.784518779527559
20
1.1860935826771652
11
0.7866523622047243
21
1.1829004330708661
0
LINE
8
BLACK
6
CONTINUOUS
10
0.7866523622047243
20
1.1829004330708661
11
0.7874015748031495
21
1.1791338582677164
0
LINE
8
BLACK
6
CONTINUOUS
10
0.7874015748031495
20
1.1791338582677164
11
0.7874015748031495
21
1.1633858267716535
0
LINE
8
BLACK
6
CONTINUOUS
10
0.7874015748031495
20
1.1633858267716535
11
0.8020254330708662
21
1.1633858267716535
0
LINE
8
BLACK
6
CONTINUOUS
10
0.8020254330708662
20
1.1633858267716535
11
0.8105314960629921
21
1.1718918897637796
0
LINE
8
BLACK
6
CONTINUOUS
10
0.8105314960629921
20
1.1718918897637796
11
0.8105314960629921
21
1.1732283464566928
0
LINE
8
BLACK
6
CONTINUOUS
10
0.8105314960629921
20
1.1732283464566928
11
0.8109810236220473
21
1.1754883070866142
0
LINE
8
BLACK
6
CONTINUOUS
10
0.8109810236220473
20
1.1754883070866142
11
0.8122611811023622
21
1.1774041732283465
0
LINE
8
BLACK
6
CONTINUOUS
10
0.8122611811023622
20
1.1774041732283465
11
0.8141770472440945
21
1.1786843307086614
0
LINE
8
BLACK
6
CONTINUOUS
10
0.8141770472440945
20
1.1786843307086614
11
0.8164370078740157
21
1.1791338582677164
0
LINE
8
BLACK
6
CONTINUOUS
10
0.8164370078740157
20
1.1791338582677164
11
0.8626968503937008
21
1.1791338582677164
0
LINE
8
BLACK
6
CONTINUOUS
10
0.8626968503937008
20
1.1791338582677164
11
0.864956811023622
21
1.1786843307086614
0
LINE
8
BLACK
6
CONTINUOUS
10
0.864956811023622
20
1.1786843307086614
11
0.8668726771653543
21
1.1774041732283465
0
LINE
8
BLACK
6
CONTINUOUS
10
0.8668726771653543
20
1.1774041732283465
11
0.8681528346456693
21
1.1754883070866142
0
LINE
8
BLACK
6
CONTINUOUS
10
0.8681528346456693
20
1.1754883070866142
11
0.8686023622047244
21
1.1732283464566928
0
LINE
8
BLACK
6
CONTINUOUS
10
0.8686023622047244
20
1.1732283464566928
11
0.8686023622047244
21
1.1614173228346456
0
LINE
8
BLACK
6
CONTINUOUS
10
0.8686023622047244
20
1.1614173228346456
11
0.8681528346456693
21
1.1591573622047244
0
LINE
8
BLACK
6
CONTINUOUS
10
0.8681528346456693
20
1.1591573622047244
11
0.8668726771653543
21
1.1572414960629922
0
LINE
8
BLACK
6
CONTINUOUS
10
0.8668726771653543
20
1.1572414960629922
11
0.864956811023622
21
1.1559613385826772
0
LINE
8
BLACK
6
CONTINUOUS
10
0.864956811023622
20
1.1559613385826772
11
0.8626968503937008
21
1.155511811023622
0
LINE
8
BLACK
6
CONTINUOUS
10
0.8626968503937008
20
1.155511811023622
11
0.8219903149606299
21
1.155511811023622
0
LINE
8
BLACK
6
CONTINUOUS
10
0.8219903149606299
20
1.155511811023622
11
0.8130620866141732
21
1.1465835826771653
0
LINE
8
BLACK
6
CONTINUOUS
10
0.8130620866141732
20
1.1465835826771653
11
0.809868937007874
21
1.14445
0
LINE
8
BLACK
6
CONTINUOUS
10
0.809868937007874
20
1.14445
11
0.8061023622047244
21
1.1437007874015748
0
LINE
8
BLACK
6
CONTINUOUS
10
0.8061023622047244
20
1.1437007874015748
11
0.5748031496062992
21
1.1437007874015748
0
LINE
8
BLACK
6
CONTINUOUS
10
0.5748031496062992
20
1.1437007874015748
11
0.5748031496062992
21
1.1353346456692912
0
LINE
8
BLACK
6
CONTINUOUS
10
0.5748031496062992
20
1.1353346456692912
11
0.574053937007874
21
1.1315680708661418
0
LINE
8
BLACK
6
CONTINUOUS
10
0.574053937007874
20
1.1315680708661418
11
0.5719203543307086
21
1.1283749212598424
0
LINE
8
BLACK
6
CONTINUOUS
10
0.5719203543307086
20
1.1283749212598424
11
0.5687272047244094
21
1.1262413385826771
0
LINE
8
BLACK
6
CONTINUOUS
10
0.5687272047244094
20
1.1262413385826771
11
0.5649606299212598
21
1.1254921259842519
0
LINE
8
BLACK
6
CONTINUOUS
10
0.5649606299212598
20
1.1254921259842519
11
0.5610236220472441
21
1.1254921259842519
0
LINE
8
BLACK
6
CONTINUOUS
10
0.5610236220472441
20
1.1254921259842519
11
0.5610236220472441
21
1.078740157480315
0
LINE
8
BLACK
6
CONTINUOUS
10
0.5610236220472441
20
1.078740157480315
11
0.6338582677165354
21
1.078740157480315
0
LINE
8
BLACK
6
CONTINUOUS
10
0.6338582677165354
20
1.078740157480315
11
0.637624842519685
21
1.0779909448818898
0
LINE
8
BLACK
6
CONTINUOUS
10
0.637624842519685
20
1.0779909448818898
11
0.6408179921259842
21
1.0758573622047243
0
LINE
8
BLACK
6
CONTINUOUS
10
0.6408179921259842
20
1.0758573622047243
11
0.6429515748031496
21
1.0726642125984251
0
LINE
8
BLACK
6
CONTINUOUS
10
0.6429515748031496
20
1.0726642125984251
11
0.6437007874015748
21
1.0688976377952755
0
LINE
8
BLACK
6
CONTINUOUS
10
0.6437007874015748
20
1.0688976377952755
11
0.6437007874015748
21
1.0177165354330708
0
LINE
8
BLACK
6
CONTINUOUS
10
0.6437007874015748
20
1.0177165354330708
11
0.6429515748031496
21
1.0139499606299212
0
LINE
8
BLACK
6
CONTINUOUS
10
0.6429515748031496
20
1.0139499606299212
11
0.6408179921259842
21
1.010756811023622
0
LINE
8
BLACK
6
CONTINUOUS
10
0.6408179921259842
20
1.010756811023622
11
0.637624842519685
21
1.0086232283464567
0
LINE
8
BLACK
6
CONTINUOUS
10
0.637624842519685
20
1.0086232283464567
11
0.6338582677165354
21
1.0078740157480315
0
LINE
8
BLACK
6
CONTINUOUS
10
0.6338582677165354
20
1.0078740157480315
11
0.5551181102362205
21
1.0078740157480315
0
LINE
8
BLACK
6
CONTINUOUS
10
0.5551181102362205
20
1.0078740157480315
11
0.5513515354330708
21
1.0086232283464567
0
LINE
8
BLACK
6
CONTINUOUS
10
0.5513515354330708
20
1.0086232283464567
11
0.5481583858267717
21
1.010756811023622
0
LINE
8
BLACK
6
CONTINUOUS
10
0.5481583858267717
20
1.010756811023622
11
0.5460248031496063
21
1.0139499606299212
0
LINE
8
BLACK
6
CONTINUOUS
10
0.5460248031496063
20
1.0139499606299212
11
0.5452755905511811
21
1.0177165354330708
0
LINE
8
BLACK
6
CONTINUOUS
10
0.5452755905511811
20
1.0177165354330708
11
0.5452755905511811
21
1.0435170078740157
0
LINE
8
BLACK
6
CONTINUOUS
10
0.5452755905511811
20
1.0435170078740157
11
0.5442213779527559
21
1.0442213779527558
0
LINE
8
BLACK
6
CONTINUOUS
10
0.5442213779527559
20
1.0442213779527558
11
0.5420877952755906
21
1.0474145275590552
0
LINE
8
BLACK
6
CONTINUOUS
10
0.5420877952755906
20
1.0474145275590552
11
0.5413385826771654
21
1.0511811023622046
0
LINE
8
BLACK
6
CONTINUOUS
10
0.5413385826771654
20
1.0511811023622046
11
0.5413385826771654
21
1.1254921259842519
0
LINE
8
BLACK
6
CONTINUOUS
10
0.5413385826771654
20
1.1254921259842519
11
0.5295275590551181
21
1.1254921259842519
0
LINE
8
BLACK
6
CONTINUOUS
10
0.5295275590551181
20
1.1254921259842519
11
0.5257609842519685
21
1.1262413385826771
0
LINE
8
BLACK
6
CONTINUOUS
10
0.5257609842519685
20
1.1262413385826771
11
0.5225678346456692
21
1.1283749212598424
0
LINE
8
BLACK
6
CONTINUOUS
10
0.5225678346456692
20
1.1283749212598424
11
0.5204342519685039
21
1.1315680708661418
0
LINE
8
BLACK
6
CONTINUOUS
10
0.5204342519685039
20
1.1315680708661418
11
0.5196850393700787
21
1.1353346456692912
0
LINE
8
BLACK
6
CONTINUOUS
10
0.5196850393700787
20
1.1353346456692912
11
0.5196850393700787
21
1.1560039370078741
0
LINE
8
BLACK
6
CONTINUOUS
10
0.5196850393700787
20
1.1560039370078741
11
0.5204342519685039
21
1.1597705118110235
0
LINE
8
BLACK
6
CONTINUOUS
10
0.5204342519685039
20
1.1597705118110235
11
0.5225678346456692
21
1.1629636614173229
0
LINE
8
BLACK
6
CONTINUOUS
10
0.5225678346456692
20
1.1629636614173229
11
0.5257609842519685
21
1.1650972440944882
0
LINE
8
BLACK
6
CONTINUOUS
10
0.5257609842519685
20
1.1650972440944882
11
0.5295275590551181
21
1.1658464566929134
0
LINE
8
BLACK
6
CONTINUOUS
10
0.5295275590551181
20
1.1658464566929134
11
0.5649606299212598
21
1.1658464566929134
0
LINE
8
BLACK
6
CONTINUOUS
10
0.5649606299212598
20
1.1658464566929134
11
0.5687272047244094
21
1.1650972440944882
0
LINE
8
BLACK
6
CONTINUOUS
10
0.5687272047244094
20
1.1650972440944882
11
0.5712885433070866
21
1.1633858267716535
0
LINE
8
BLACK
6
CONTINUOUS
10
0.5712885433070866
20
1.1633858267716535
11
0.7322834645669292
21
1.1633858267716535
0
LINE
8
BLACK
6
CONTINUOUS
10
0.7322834645669292
20
1.1633858267716535
11
0.7322834645669292
21
1.1791338582677164
0
LINE
8
BLACK
6
CONTINUOUS
10
0.7322834645669292
20
1.1791338582677164
11
0.7330326771653544
21
1.1829004330708661
0
LINE
8
BLACK
6
CONTINUOUS
10
0.7330326771653544
20
1.1829004330708661
11
0.7351662598425197
21
1.1860935826771652
0
LINE
8
BLACK
6
CONTINUOUS
10
0.7351662598425197
20
1.1860935826771652
11
0.7383594094488188
21
1.1882271653543306
0
LINE
8
BLACK
6
CONTINUOUS
10
0.7383594094488188
20
1.1882271653543306
11
0.7421259842519685
21
1.1889763779527558
0
LINE
8
BLACK
6
CONTINUOUS
10
0.7421259842519685
20
1.1889763779527558
11
0.7775590551181102
21
1.1889763779527558
0
LINE
8
BLACK
6
CONTINUOUS
10
0.7775590551181102
20
1.1889763779527558
11
0.7813256299212599
21
1.1882271653543306
0
LINE
8
BLACK
6
CONTINUOUS
10
1.1859055118110235
20
1.2755905511811023
11
1.2259055118110236
21
1.2755905511811023
0
LINE
8
BLACK
6
CONTINUOUS
10
1.2259055118110236
20
1.2755905511811023
11
1.2259055118110236
21
1.2780314960629922
0
LINE
8
BLACK
6
CONTINUOUS
10
1.2259055118110236
20
1.2780314960629922
11
1.2859055118110236
21
1.2780314960629922
0
LINE
8
BLACK
6
CONTINUOUS
10
1.2859055118110236
20
1.2780314960629922
11
1.2859055118110236
21
1.2180314960629921
0
LINE
8
BLACK
6
CONTINUOUS
10
1.2859055118110236
20
1.2180314960629921
11
1.2259055118110236
21
1.2180314960629921
0
LINE
8
BLACK
6
CONTINUOUS
10
1.2259055118110236
20
1.2180314960629921
11
1.2259055118110236
21
1.2440944881889764
0
LINE
8
BLACK
6
CONTINUOUS
10
1.2259055118110236
20
1.2440944881889764
11
1.1859055118110235
21
1.2440944881889764
0
LINE
8
BLACK
6
CONTINUOUS
10
1.1859055118110235
20
1.2440944881889764
11
1.1859055118110235
21
1.2180314960629921
0
LINE
8
BLACK
6
CONTINUOUS
10
1.1859055118110235
20
1.2180314960629921
11
1.1259055118110235
21
1.2180314960629921
0
LINE
8
BLACK
6
CONTINUOUS
10
1.1259055118110235
20
1.2180314960629921
11
1.1259055118110235
21
1.2440944881889764
0
LINE
8
BLACK
6
CONTINUOUS
10
1.1259055118110235
20
1.2440944881889764
11
0.9553419685039369
21
1.2440944881889764
0
LINE
8
BLACK
6
CONTINUOUS
10
0.9553419685039369
20
1.2440944881889764
11
0.9291338582677166
21
1.2178863779527558
0
LINE
8
BLACK
6
CONTINUOUS
10
0.9291338582677166
20
1.2178863779527558
11
0.9291338582677166
21
1.2165354330708662
0
LINE
8
BLACK
6
CONTINUOUS
10
0.9291338582677166
20
1.2165354330708662
11
0.9365157480314961
21
1.2165354330708662
0
LINE
8
BLACK
6
CONTINUOUS
10
0.9365157480314961
20
1.2165354330708662
11
0.9387757086614174
21
1.2160859055118109
0
LINE
8
BLACK
6
CONTINUOUS
10
0.9387757086614174
20
1.2160859055118109
11
0.9406915748031496
21
1.214805748031496
0
LINE
8
BLACK
6
CONTINUOUS
10
0.9406915748031496
20
1.214805748031496
11
0.9419717322834645
21
1.2128898818897638
0
LINE
8
BLACK
6
CONTINUOUS
10
0.9419717322834645
20
1.2128898818897638
11
0.9424212598425197
21
1.2106299212598426
0
LINE
8
BLACK
6
CONTINUOUS
10
0.9424212598425197
20
1.2106299212598426
11
0.9424212598425197
21
1.1988188976377951
0
LINE
8
BLACK
6
CONTINUOUS
10
0.9424212598425197
20
1.1988188976377951
11
0.9419717322834645
21
1.196558937007874
0
LINE
8
BLACK
6
CONTINUOUS
10
0.9419717322834645
20
1.196558937007874
11
0.9406915748031496
21
1.1946430708661417
0
LINE
8
BLACK
6
CONTINUOUS
10
0.9406915748031496
20
1.1946430708661417
11
0.9387757086614174
21
1.1933629133858268
0
LINE
8
BLACK
6
CONTINUOUS
10
0.9387757086614174
20
1.1933629133858268
11
0.9365157480314961
21
1.1929133858267715
0
LINE
8
BLACK
6
CONTINUOUS
10
0.9365157480314961
20
1.1929133858267715
11
0.9291338582677166
21
1.1929133858267715
0
LINE
8
BLACK
6
CONTINUOUS
10
0.9291338582677166
20
1.1929133858267715
11
0.9291338582677166
21
1.078740157480315
0
LINE
8
BLACK
6
CONTINUOUS
10
0.9291338582677166
20
1.078740157480315
11
0.9289399606299212
21
1.0775159448818898
0
LINE
8
BLACK
6
CONTINUOUS
10
0.9289399606299212
20
1.0775159448818898
11
0.9289399606299212
21
1.0762766141732283
0
LINE
8
BLACK
6
CONTINUOUS
10
0.9289399606299212
20
1.0762766141732283
11
0.9285570078740157
21
1.0750979921259842
0
LINE
8
BLACK
6
CONTINUOUS
10
0.9285570078740157
20
1.0750979921259842
11
0.9283631102362204
21
1.0738737401574803
0
LINE
8
BLACK
6
CONTINUOUS
10
0.9283631102362204
20
1.0738737401574803
11
0.9278003937007874
21
1.0727694094488189
0
LINE
8
BLACK
6
CONTINUOUS
10
0.9278003937007874
20
1.0727694094488189
11
0.9274174409448819
21
1.0715907086614174
0
LINE
8
BLACK
6
CONTINUOUS
10
0.9274174409448819
20
1.0715907086614174
11
0.9266888976377953
21
1.070588031496063
0
LINE
8
BLACK
6
CONTINUOUS
10
0.9266888976377953
20
1.070588031496063
11
0.9261262598425196
21
1.0694837007874016
0
LINE
8
BLACK
6
CONTINUOUS
10
0.9261262598425196
20
1.0694837007874016
11
0.9252498818897638
21
1.0686073622047243
0
LINE
8
BLACK
6
CONTINUOUS
10
0.9252498818897638
20
1.0686073622047243
11
0.9245213779527559
21
1.0676046062992126
0
LINE
8
BLACK
6
CONTINUOUS
10
0.9245213779527559
20
1.0676046062992126
11
0.9232283464566929
21
1.0663115748031495
0
LINE
8
BLACK
6
CONTINUOUS
10
0.9232283464566929
20
1.0663115748031495
11
0.9232283464566929
21
1.0177165354330708
0
LINE
8
BLACK
6
CONTINUOUS
10
0.9232283464566929
20
1.0177165354330708
11
0.9224791338582677
21
1.0139499606299212
0
LINE
8
BLACK
6
CONTINUOUS
10
0.9224791338582677
20
1.0139499606299212
11
0.9203455511811024
21
1.010756811023622
0
LINE
8
BLACK
6
CONTINUOUS
10
0.9203455511811024
20
1.010756811023622
11
0.9171524015748032
21
1.0086232283464567
0
LINE
8
BLACK
6
CONTINUOUS
10
0.9171524015748032
20
1.0086232283464567
11
0.9133858267716535
21
1.0078740157480315
0
LINE
8
BLACK
6
CONTINUOUS
10
0.9133858267716535
20
1.0078740157480315
11
0.8346456692913385
21
1.0078740157480315
0
LINE
8
BLACK
6
CONTINUOUS
10
0.8346456692913385
20
1.0078740157480315
11
0.830879094488189
21
1.0086232283464567
0
LINE
8
BLACK
6
CONTINUOUS
10
0.830879094488189
20
1.0086232283464567
11
0.8276859448818897
21
1.010756811023622
0
LINE
8
BLACK
6
CONTINUOUS
10
0.8276859448818897
20
1.010756811023622
11
0.8255523622047244
21
1.0139499606299212
0
LINE
8
BLACK
6
CONTINUOUS
10
0.8255523622047244
20
1.0139499606299212
11
0.8248031496062992
21
1.0177165354330708
0
LINE
8
BLACK
6
CONTINUOUS
10
0.8248031496062992
20
1.0177165354330708
11
0.8248031496062992
21
1.0688976377952755
0
LINE
8
BLACK
6
CONTINUOUS
10
0.8248031496062992
20
1.0688976377952755
11
0.8255523622047244
21
1.0726642125984251
0
LINE
8
BLACK
6
CONTINUOUS
10
0.8255523622047244
20
1.0726642125984251
11
0.8276859448818897
21
1.0758573622047243
0
LINE
8
BLACK
6
CONTINUOUS
10
0.8276859448818897
20
1.0758573622047243
11
0.830879094488189
21
1.0779909448818898
0
LINE
8
BLACK
6
CONTINUOUS
10
0.830879094488189
20
1.0779909448818898
11
0.8346456692913385
21
1.078740157480315
0
LINE
8
BLACK
6
CONTINUOUS
10
0.8346456692913385
20
1.078740157480315
11
0.8911147244094488
21
1.078740157480315
0
LINE
8
BLACK
6
CONTINUOUS
10
0.8911147244094488
20
1.078740157480315
11
0.8976377952755905
21
1.0852632283464567
0
LINE
8
BLACK
6
CONTINUOUS
10
0.8976377952755905
20
1.0852632283464567
11
0.8976377952755905
21
1.1929133858267715
0
LINE
8
BLACK
6
CONTINUOUS
10
0.8976377952755905
20
1.1929133858267715
11
0.890255905511811
21
1.1929133858267715
0
LINE
8
BLACK
6
CONTINUOUS
10
0.890255905511811
20
1.1929133858267715
11
0.8879959448818897
21
1.1933629133858268
0
LINE
8
BLACK
6
CONTINUOUS
10
0.8879959448818897
20
1.1933629133858268
11
0.8860800787401575
21
1.1946430708661417
0
LINE
8
BLACK
6
CONTINUOUS
10
0.8860800787401575
20
1.1946430708661417
11
0.8847999212598425
21
1.196558937007874
0
LINE
8
BLACK
6
CONTINUOUS
10
0.8847999212598425
20
1.196558937007874
11
0.8843503937007874
21
1.1988188976377951
0
LINE
8
BLACK
6
CONTINUOUS
10
0.8843503937007874
20
1.1988188976377951
11
0.8843503937007874
21
1.2106299212598426
0
LINE
8
BLACK
6
CONTINUOUS
10
0.8843503937007874
20
1.2106299212598426
11
0.8847999212598425
21
1.2128898818897638
0
LINE
8
BLACK
6
CONTINUOUS
10
0.8847999212598425
20
1.2128898818897638
11
0.8860800787401575
21
1.214805748031496
0
LINE
8
BLACK
6
CONTINUOUS
10
0.8860800787401575
20
1.214805748031496
11
0.8879959448818897
21
1.2160859055118109
0
LINE
8
BLACK
6
CONTINUOUS
10
0.8879959448818897
20
1.2160859055118109
11
0.890255905511811
21
1.2165354330708662
0
LINE
8
BLACK
6
CONTINUOUS
10
0.890255905511811
20
1.2165354330708662
11
0.8976377952755905
21
1.2165354330708662
0
LINE
8
BLACK
6
CONTINUOUS
10
0.8976377952755905
20
1.2165354330708662
11
0.8976377952755905
21
1.2244094488188977
0
LINE
8
BLACK
6
CONTINUOUS
10
0.8976377952755905
20
1.2244094488188977
11
0.8978316929133858
21
1.2256337007874016
0
LINE
8
BLACK
6
CONTINUOUS
10
0.8978316929133858
20
1.2256337007874016
11
0.8978316929133858
21
1.2268729921259842
0
LINE
8
BLACK
6
CONTINUOUS
10
0.8978316929133858
20
1.2268729921259842
11
0.8982146062992126
21
1.228051653543307
0
LINE
8
BLACK
6
CONTINUOUS
10
0.8982146062992126
20
1.228051653543307
11
0.8984085433070866
21
1.2292758661417322
0
LINE
8
BLACK
6
CONTINUOUS
10
0.8984085433070866
20
1.2292758661417322
11
0.8989712204724409
21
1.2303802362204723
0
LINE
8
BLACK
6
CONTINUOUS
10
0.8989712204724409
20
1.2303802362204723
11
0.8993542125984252
21
1.2315588976377954
0
LINE
8
BLACK
6
CONTINUOUS
10
0.8993542125984252
20
1.2315588976377954
11
0.900082716535433
21
1.2325616141732283
0
LINE
8
BLACK
6
CONTINUOUS
10
0.900082716535433
20
1.2325616141732283
11
0.9006453937007873
21
1.2336659055118111
0
LINE
8
BLACK
6
CONTINUOUS
10
0.9006453937007873
20
1.2336659055118111
11
0.9015217322834645
21
1.234542283464567
0
LINE
8
BLACK
6
CONTINUOUS
10
0.9015217322834645
20
1.234542283464567
11
0.9022502755905512
21
1.2355449999999999
0
LINE
8
BLACK
6
CONTINUOUS
10
0.9022502755905512
20
1.2355449999999999
11
0.9376833464566929
21
1.2709780708661418
0
LINE
8
BLACK
6
CONTINUOUS
10
0.9376833464566929
20
1.2709780708661418
11
0.938686062992126
21
1.2717066141732283
0
LINE
8
BLACK
6
CONTINUOUS
10
0.938686062992126
20
1.2717066141732283
11
0.9395624409448818
21
1.2725829527559054
0
LINE
8
BLACK
6
CONTINUOUS
10
0.9395624409448818
20
1.2725829527559054
11
0.9406667322834645
21
1.2731456299212598
0
LINE
8
BLACK
6
CONTINUOUS
10
0.9406667322834645
20
1.2731456299212598
11
0.9416694488188976
21
1.2738741338582678
0
LINE
8
BLACK
6
CONTINUOUS
10
0.9416694488188976
20
1.2738741338582678
11
0.9428481102362205
21
1.2742571259842519
0
LINE
8
BLACK
6
CONTINUOUS
10
0.9428481102362205
20
1.2742571259842519
11
0.9439524803149606
21
1.2748198031496063
0
LINE
8
BLACK
6
CONTINUOUS
10
0.9439524803149606
20
1.2748198031496063
11
0.9451766929133858
21
1.2750137401574804
0
LINE
8
BLACK
6
CONTINUOUS
10
0.9451766929133858
20
1.2750137401574804
11
0.9463553543307086
21
1.275396653543307
0
LINE
8
BLACK
6
CONTINUOUS
10
0.9463553543307086
20
1.275396653543307
11
0.9475946456692913
21
1.275396653543307
0
LINE
8
BLACK
6
CONTINUOUS
10
0.9475946456692913
20
1.275396653543307
11
0.9488188976377953
21
1.2755905511811023
0
LINE
8
BLACK
6
CONTINUOUS
10
0.9488188976377953
20
1.2755905511811023
11
1.1259055118110235
21
1.2755905511811023
0
LINE
8
BLACK
6
CONTINUOUS
10
1.1259055118110235
20
1.2755905511811023
11
1.1259055118110235
21
1.2780314960629922
0
LINE
8
BLACK
6
CONTINUOUS
10
1.1259055118110235
20
1.2780314960629922
11
1.1859055118110235
21
1.2780314960629922
0
LINE
8
BLACK
6
CONTINUOUS
10
1.1859055118110235
20
1.2780314960629922
11
1.1859055118110235
21
1.2755905511811023
0
LINE
8
BLACK
6
CONTINUOUS
10
0.7654331102362204
20
1.7125984251968505
11
0.8054331102362204
21
1.7125984251968505
0
LINE
8
BLACK
6
CONTINUOUS
10
0.8054331102362204
20
1.7125984251968505
11
0.8054331102362204
21
1.7256692913385827
0
LINE
8
BLACK
6
CONTINUOUS
10
0.8054331102362204
20
1.7256692913385827
11
0.8654331102362205
21
1.7256692913385827
0
LINE
8
BLACK
6
CONTINUOUS
10
0.8654331102362205
20
1.7256692913385827
11
0.8654331102362205
21
1.6656692913385827
0
LINE
8
BLACK
6
CONTINUOUS
10
0.8654331102362205
20
1.6656692913385827
11
0.8511811417322834
21
1.6656692913385827
0
LINE
8
BLACK
6
CONTINUOUS
10
0.8511811417322834
20
1.6656692913385827
11
0.8511811417322834
21
1.6256692913385826
0
LINE
8
BLACK
6
CONTINUOUS
10
0.8511811417322834
20
1.6256692913385826
11
0.8654331102362205
21
1.6256692913385826
0
LINE
8
BLACK
6
CONTINUOUS
10
0.8654331102362205
20
1.6256692913385826
11
0.8654331102362205
21
1.5656692913385826
0
LINE
8
BLACK
6
CONTINUOUS
10
0.8654331102362205
20
1.5656692913385826
11
0.8511811417322834
21
1.5656692913385826
0
LINE
8
BLACK
6
CONTINUOUS
10
0.8511811417322834
20
1.5656692913385826
11
0.8511811417322834
21
1.5337127952755905
0
LINE
8
BLACK
6
CONTINUOUS
10
0.8511811417322834
20
1.5337127952755905
11
0.8514479133858267
21
1.5335345275590551
0
LINE
8
BLACK
6
CONTINUOUS
10
0.8514479133858267
20
1.5335345275590551
11
0.8535814960629921
21
1.5303413779527559
0
LINE
8
BLACK
6
CONTINUOUS
10
0.8535814960629921
20
1.5303413779527559
11
0.8543307086614172
21
1.5265748031496063
0
LINE
8
BLACK
6
CONTINUOUS
10
0.8543307086614172
20
1.5265748031496063
11
0.8543307086614172
21
1.5236220472440944
0
LINE
8
BLACK
6
CONTINUOUS
10
0.8543307086614172
20
1.5236220472440944
11
0.8779527559055118
21
1.5236220472440944
0
LINE
8
BLACK
6
CONTINUOUS
10
0.8779527559055118
20
1.5236220472440944
11
0.8779527559055118
21
1.5265748031496063
0
LINE
8
BLACK
6
CONTINUOUS
10
0.8779527559055118
20
1.5265748031496063
11
0.878701968503937
21
1.5303413779527559
0
LINE
8
BLACK
6
CONTINUOUS
10
0.878701968503937
20
1.5303413779527559
11
0.8808355511811023
21
1.5335345275590551
0
LINE
8
BLACK
6
CONTINUOUS
10
0.8808355511811023
20
1.5335345275590551
11
0.8840287007874016
21
1.5356681102362204
0
LINE
8
BLACK
6
CONTINUOUS
10
0.8840287007874016
20
1.5356681102362204
11
0.8877952755905512
21
1.5364173228346456
0
LINE
8
BLACK
6
CONTINUOUS
10
0.8877952755905512
20
1.5364173228346456
11
0.9074803149606299
21
1.5364173228346456
0
LINE
8
BLACK
6
CONTINUOUS
10
0.9074803149606299
20
1.5364173228346456
11
0.9112468897637795
21
1.5356681102362204
0
LINE
8
BLACK
6
CONTINUOUS
10
0.9112468897637795
20
1.5356681102362204
11
0.9144400393700787
21
1.5335345275590551
0
LINE
8
BLACK
6
CONTINUOUS
10
0.9144400393700787
20
1.5335345275590551
11
0.916573622047244
21
1.5303413779527559
0
LINE
8
BLACK
6
CONTINUOUS
10
0.916573622047244
20
1.5303413779527559
11
0.9173228346456692
21
1.5265748031496063
0
LINE
8
BLACK
6
CONTINUOUS
10
0.9173228346456692
20
1.5265748031496063
11
0.9173228346456692
21
1.4891732283464567
0
LINE
8
BLACK
6
CONTINUOUS
10
0.9173228346456692
20
1.4891732283464567
11
0.9169353937007874
21
1.4872254724409448
0
LINE
8
BLACK
6
CONTINUOUS
10
0.9169353937007874
20
1.4872254724409448
11
0.9616411811023622
21
1.44251968503937
0
LINE
8
BLACK
6
CONTINUOUS
10
0.9616411811023622
20
1.44251968503937
11
1.2976377952755904
21
1.44251968503937
0
LINE
8
BLACK
6
CONTINUOUS
10
1.2976377952755904
20
1.44251968503937
11
1.2988620472440944
21
1.4423257874015747
0
LINE
8
BLACK
6
CONTINUOUS
10
1.2988620472440944
20
1.4423257874015747
11
1.3001013385826772
21
1.4423257874015747
0
LINE
8
BLACK
6
CONTINUOUS
10
1.3001013385826772
20
1.4423257874015747
11
1.3012799606299212
21
1.4419428740157481
0
LINE
8
BLACK
6
CONTINUOUS
10
1.3012799606299212
20
1.4419428740157481
11
1.3025042125984252
21
1.441748937007874
0
LINE
8
BLACK
6
CONTINUOUS
10
1.3025042125984252
20
1.441748937007874
11
1.3036085433070865
21
1.4411862598425196
0
LINE
8
BLACK
6
CONTINUOUS
10
1.3036085433070865
20
1.4411862598425196
11
1.3047872440944881
21
1.4408032677165354
0
LINE
8
BLACK
6
CONTINUOUS
10
1.3047872440944881
20
1.4408032677165354
11
1.3057899212598425
21
1.4400747637795275
0
LINE
8
BLACK
6
CONTINUOUS
10
1.3057899212598425
20
1.4400747637795275
11
1.3068942519685038
21
1.4395120866141733
0
LINE
8
BLACK
6
CONTINUOUS
10
1.3068942519685038
20
1.4395120866141733
11
1.3077705905511812
21
1.438635748031496
0
LINE
8
BLACK
6
CONTINUOUS
10
1.3077705905511812
20
1.438635748031496
11
1.3087733464566929
21
1.4379072047244095
0
LINE
8
BLACK
6
CONTINUOUS
10
1.3087733464566929
20
1.4379072047244095
11
1.3457812204724409
21
1.4008993307086615
0
LINE
8
BLACK
6
CONTINUOUS
10
1.3457812204724409
20
1.4008993307086615
11
1.3465097244094488
21
1.3998966141732283
0
LINE
8
BLACK
6
CONTINUOUS
10
1.3465097244094488
20
1.3998966141732283
11
1.3473861023622047
21
1.3990202362204724
0
LINE
8
BLACK
6
CONTINUOUS
10
1.3473861023622047
20
1.3990202362204724
11
1.3479487401574803
21
1.3979159448818896
0
LINE
8
BLACK
6
CONTINUOUS
10
1.3479487401574803
20
1.3979159448818896
11
1.3486772834645668
21
1.3969132283464567
0
LINE
8
BLACK
6
CONTINUOUS
10
1.3486772834645668
20
1.3969132283464567
11
1.3490602755905512
21
1.3957345275590551
0
LINE
8
BLACK
6
CONTINUOUS
10
1.3490602755905512
20
1.3957345275590551
11
1.3496229527559054
21
1.3946301968503936
0
LINE
8
BLACK
6
CONTINUOUS
10
1.3496229527559054
20
1.3946301968503936
11
1.3498168110236219
21
1.3934061417322834
0
LINE
8
BLACK
6
CONTINUOUS
10
1.3498168110236219
20
1.3934061417322834
11
1.3501998425196851
21
1.3922273228346456
0
LINE
8
BLACK
6
CONTINUOUS
10
1.3501998425196851
20
1.3922273228346456
11
1.3501998425196851
21
1.3909877952755905
0
LINE
8
BLACK
6
CONTINUOUS
10
1.3501998425196851
20
1.3909877952755905
11
1.3503937007874016
21
1.389763779527559
0
LINE
8
BLACK
6
CONTINUOUS
10
1.3503937007874016
20
1.389763779527559
11
1.3503937007874016
21
1.200787401574803
0
LINE
8
BLACK
6
CONTINUOUS
10
1.3503937007874016
20
1.200787401574803
11
1.3501998425196851
21
1.1995634251968503
0
LINE
8
BLACK
6
CONTINUOUS
10
1.3501998425196851
20
1.1995634251968503
11
1.3501998425196851
21
1.1983238582677165
0
LINE
8
BLACK
6
CONTINUOUS
10
1.3501998425196851
20
1.1983238582677165
11
1.3498168110236219
21
1.1971450787401574
0
LINE
8
BLACK
6
CONTINUOUS
10
1.3498168110236219
20
1.1971450787401574
11
1.3496229527559054
21
1.1959209842519685
0
LINE
8
BLACK
6
CONTINUOUS
10
1.3496229527559054
20
1.1959209842519685
11
1.3490602755905512
21
1.1948166929133859
0
LINE
8
BLACK
6
CONTINUOUS
10
1.3490602755905512
20
1.1948166929133859
11
1.3486772834645668
21
1.1936379527559056
0
LINE
8
BLACK
6
CONTINUOUS
10
1.3486772834645668
20
1.1936379527559056
11
1.3479487401574803
21
1.1926352755905512
0
LINE
8
BLACK
6
CONTINUOUS
10
1.3479487401574803
20
1.1926352755905512
11
1.3473861023622047
21
1.1915309448818898
0
LINE
8
BLACK
6
CONTINUOUS
10
1.3473861023622047
20
1.1915309448818898
11
1.3465097244094488
21
1.1906546062992125
0
LINE
8
BLACK
6
CONTINUOUS
10
1.3465097244094488
20
1.1906546062992125
11
1.3457812204724409
21
1.1896518503937008
0
LINE
8
BLACK
6
CONTINUOUS
10
1.3457812204724409
20
1.1896518503937008
11
1.2847244094488188
21
1.1285950393700788
0
LINE
8
BLACK
6
CONTINUOUS
10
1.2847244094488188
20
1.1285950393700788
11
1.2847244094488188
21
1.0865354330708661
0
LINE
8
BLACK
6
CONTINUOUS
10
1.2847244094488188
20
1.0865354330708661
11
1.2247244094488188
21
1.0865354330708661
0
LINE
8
BLACK
6
CONTINUOUS
10
1.2247244094488188
20
1.0865354330708661
11
1.2247244094488188
21
1.1220472440944882
0
LINE
8
BLACK
6
CONTINUOUS
10
1.2247244094488188
20
1.1220472440944882
11
1.184724409448819
21
1.1220472440944882
0
LINE
8
BLACK
6
CONTINUOUS
10
1.184724409448819
20
1.1220472440944882
11
1.184724409448819
21
1.0865354330708661
0
LINE
8
BLACK
6
CONTINUOUS
10
1.184724409448819
20
1.0865354330708661
11
1.1247244094488189
21
1.0865354330708661
0
LINE
8
BLACK
6
CONTINUOUS
10
1.1247244094488189
20
1.0865354330708661
11
1.1247244094488189
21
1.1220472440944882
0
LINE
8
BLACK
6
CONTINUOUS
10
1.1247244094488189
20
1.1220472440944882
11
1.0393700787401574
21
1.1220472440944882
0
LINE
8
BLACK
6
CONTINUOUS
10
1.0393700787401574
20
1.1220472440944882
11
1.0393700787401574
21
1.078740157480315
0
LINE
8
BLACK
6
CONTINUOUS
10
1.0393700787401574
20
1.078740157480315
11
1.0708661417322833
21
1.078740157480315
0
LINE
8
BLACK
6
CONTINUOUS
10
1.0708661417322833
20
1.078740157480315
11
1.074632716535433
21
1.0779909448818898
0
LINE
8
BLACK
6
CONTINUOUS
10
1.074632716535433
20
1.0779909448818898
11
1.0778258661417324
21
1.0758573622047243
0
LINE
8
BLACK
6
CONTINUOUS
10
1.0778258661417324
20
1.0758573622047243
11
1.0799594488188977
21
1.0726642125984251
0
LINE
8
BLACK
6
CONTINUOUS
10
1.0799594488188977
20
1.0726642125984251
11
1.0807086614173229
21
1.0688976377952755
0
LINE
8
BLACK
6
CONTINUOUS
10
1.0807086614173229
20
1.0688976377952755
11
1.0807086614173229
21
1.0177165354330708
0
LINE
8
BLACK
6
CONTINUOUS
10
1.0807086614173229
20
1.0177165354330708
11
1.0799594488188977
21
1.0139499606299212
0
LINE
8
BLACK
6
CONTINUOUS
10
1.0799594488188977
20
1.0139499606299212
11
1.0778258661417324
21
1.010756811023622
0
LINE
8
BLACK
6
CONTINUOUS
10
1.0778258661417324
20
1.010756811023622
11
1.074632716535433
21
1.0086232283464567
0
LINE
8
BLACK
6
CONTINUOUS
10
1.074632716535433
20
1.0086232283464567
11
1.0708661417322833
21
1.0078740157480315
0
LINE
8
BLACK
6
CONTINUOUS
10
1.0708661417322833
20
1.0078740157480315
11
0.9921259842519685
21
1.0078740157480315
0
LINE
8
BLACK
6
CONTINUOUS
10
0.9921259842519685
20
1.0078740157480315
11
0.9883594094488188
21
1.0086232283464567
0
LINE
8
BLACK
6
CONTINUOUS
10
0.9883594094488188
20
1.0086232283464567
11
0.9851662598425197
21
1.010756811023622
0
LINE
8
BLACK
6
CONTINUOUS
10
0.9851662598425197
20
1.010756811023622
11
0.9830326771653544
21
1.0139499606299212
0
LINE
8
BLACK
6
CONTINUOUS
10
0.9830326771653544
20
1.0139499606299212
11
0.9822834645669292
21
1.0177165354330708
0
LINE
8
BLACK
6
CONTINUOUS
10
0.9822834645669292
20
1.0177165354330708
11
0.9822834645669292
21
1.0688976377952755
0
LINE
8
BLACK
6
CONTINUOUS
10
0.9822834645669292
20
1.0688976377952755
11
0.9830326771653544
21
1.0726642125984251
0
LINE
8
BLACK
6
CONTINUOUS
10
0.9830326771653544
20
1.0726642125984251
11
0.9851662598425197
21
1.0758573622047243
0
LINE
8
BLACK
6
CONTINUOUS
10
0.9851662598425197
20
1.0758573622047243
11
0.9883594094488188
21
1.0779909448818898
0
LINE
8
BLACK
6
CONTINUOUS
10
0.9883594094488188
20
1.0779909448818898
11
0.9921259842519685
21
1.078740157480315
0
LINE
8
BLACK
6
CONTINUOUS
10
0.9921259842519685
20
1.078740157480315
11
1.0078740157480315
21
1.078740157480315
0
LINE
8
BLACK
6
CONTINUOUS
10
1.0078740157480315
20
1.078740157480315
11
1.0078740157480315
21
1.1318897637795275
0
LINE
8
BLACK
6
CONTINUOUS
10
1.0078740157480315
20
1.1318897637795275
11
0.9980314960629921
21
1.1318897637795275
0
LINE
8
BLACK
6
CONTINUOUS
10
0.9980314960629921
20
1.1318897637795275
11
0.9942649212598424
21
1.1326389763779527
0
LINE
8
BLACK
6
CONTINUOUS
10
0.9942649212598424
20
1.1326389763779527
11
0.9910717716535433
21
1.1347725590551181
0
LINE
8
BLACK
6
CONTINUOUS
10
0.9910717716535433
20
1.1347725590551181
11
0.988938188976378
21
1.1379657086614172
0
LINE
8
BLACK
6
CONTINUOUS
10
0.988938188976378
20
1.1379657086614172
11
0.9881889763779528
21
1.1417322834645669
0
LINE
8
BLACK
6
CONTINUOUS
10
0.9881889763779528
20
1.1417322834645669
11
0.9881889763779528
21
1.2204724409448819
0
LINE
8
BLACK
6
CONTINUOUS
10
0.9881889763779528
20
1.2204724409448819
11
0.988938188976378
21
1.2242390157480314
0
LINE
8
BLACK
6
CONTINUOUS
10
0.988938188976378
20
1.2242390157480314
11
0.9910717716535433
21
1.2274321653543308
0
LINE
8
BLACK
6
CONTINUOUS
10
0.9910717716535433
20
1.2274321653543308
11
0.9942649212598424
21
1.2295657480314961
0
LINE
8
BLACK
6
CONTINUOUS
10
0.9942649212598424
20
1.2295657480314961
11
0.9980314960629921
21
1.2303149606299213
0
LINE
8
BLACK
6
CONTINUOUS
10
0.9980314960629921
20
1.2303149606299213
11
1.0492125984251968
21
1.2303149606299213
0
LINE
8
BLACK
6
CONTINUOUS
10
1.0492125984251968
20
1.2303149606299213
11
1.0529791732283464
21
1.2295657480314961
0
LINE
8
BLACK
6
CONTINUOUS
10
1.0529791732283464
20
1.2295657480314961
11
1.0561723228346456
21
1.2274321653543308
0
LINE
8
BLACK
6
CONTINUOUS
10
1.0561723228346456
20
1.2274321653543308
11
1.0583059055118109
21
1.2242390157480314
0
LINE
8
BLACK
6
CONTINUOUS
10
1.0583059055118109
20
1.2242390157480314
11
1.0590551181102361
21
1.2204724409448819
0
LINE
8
BLACK
6
CONTINUOUS
10
1.0590551181102361
20
1.2204724409448819
11
1.0590551181102361
21
1.1535433070866141
0
LINE
8
BLACK
6
CONTINUOUS
10
1.0590551181102361
20
1.1535433070866141
11
1.2651304724409449
21
1.1535433070866141
0
LINE
8
BLACK
6
CONTINUOUS
10
1.2651304724409449
20
1.1535433070866141
11
1.3188976377952755
21
1.2073104724409449
0
LINE
8
BLACK
6
CONTINUOUS
10
1.3188976377952755
20
1.2073104724409449
11
1.3188976377952755
21
1.3832407086614174
0
LINE
8
BLACK
6
CONTINUOUS
10
1.3188976377952755
20
1.3832407086614174
11
1.2911147244094487
21
1.4110236220472441
0
LINE
8
BLACK
6
CONTINUOUS
10
1.2911147244094487
20
1.4110236220472441
11
0.9551181102362204
21
1.4110236220472441
0
LINE
8
BLACK
6
CONTINUOUS
10
0.9551181102362204
20
1.4110236220472441
11
0.953894094488189
21
1.4112174803149606
0
LINE
8
BLACK
6
CONTINUOUS
10
0.953894094488189
20
1.4112174803149606
11
0.9526545669291339
21
1.4112174803149606
0
LINE
8
BLACK
6
CONTINUOUS
10
0.9526545669291339
20
1.4112174803149606
11
0.951475748031496
21
1.4116005118110235
0
LINE
8
BLACK
6
CONTINUOUS
10
0.951475748031496
20
1.4116005118110235
11
0.9502516929133858
21
1.4117943700787401
0
LINE
8
BLACK
6
CONTINUOUS
10
0.9502516929133858
20
1.4117943700787401
11
0.9491473622047244
21
1.4123570472440945
0
LINE
8
BLACK
6
CONTINUOUS
10
0.9491473622047244
20
1.4123570472440945
11
0.9479686614173228
21
1.4127400393700786
0
LINE
8
BLACK
6
CONTINUOUS
10
0.9479686614173228
20
1.4127400393700786
11
0.9469659448818898
21
1.4134685826771654
0
LINE
8
BLACK
6
CONTINUOUS
10
0.9469659448818898
20
1.4134685826771654
11
0.9458616535433071
21
1.414031220472441
0
LINE
8
BLACK
6
CONTINUOUS
10
0.9458616535433071
20
1.414031220472441
11
0.9449852755905511
21
1.4149075984251969
0
LINE
8
BLACK
6
CONTINUOUS
10
0.9449852755905511
20
1.4149075984251969
11
0.9439825590551181
21
1.4156361023622046
0
LINE
8
BLACK
6
CONTINUOUS
10
0.9439825590551181
20
1.4156361023622046
11
0.8865022440944882
21
1.4731164173228346
0
LINE
8
BLACK
6
CONTINUOUS
10
0.8865022440944882
20
1.4731164173228346
11
0.8857737007874016
21
1.4741191732283465
0
LINE
8
BLACK
6
CONTINUOUS
10
0.8857737007874016
20
1.4741191732283465
11
0.8848973622047244
21
1.4749955118110236
0
LINE
8
BLACK
6
CONTINUOUS
10
0.8848973622047244
20
1.4749955118110236
11
0.8843346850393701
21
1.476099842519685
0
LINE
8
BLACK
6
CONTINUOUS
10
0.8843346850393701
20
1.476099842519685
11
0.8836061811023622
21
1.4771025196850394
0
LINE
8
BLACK
6
CONTINUOUS
10
0.8836061811023622
20
1.4771025196850394
11
0.883223188976378
21
1.4782812204724409
0
LINE
8
BLACK
6
CONTINUOUS
10
0.883223188976378
20
1.4782812204724409
11
0.8826605118110236
21
1.4793855511811023
0
LINE
8
BLACK
6
CONTINUOUS
10
0.8826605118110236
20
1.4793855511811023
11
0.8824665748031496
21
1.4806098031496062
0
LINE
8
BLACK
6
CONTINUOUS
10
0.8824665748031496
20
1.4806098031496062
11
0.8822533464566928
21
1.4812661811023622
0
LINE
8
BLACK
6
CONTINUOUS
10
0.8822533464566928
20
1.4812661811023622
11
0.8808355511811023
21
1.4822135039370079
0
LINE
8
BLACK
6
CONTINUOUS
10
0.8808355511811023
20
1.4822135039370079
11
0.878701968503937
21
1.485406653543307
0
LINE
8
BLACK
6
CONTINUOUS
10
0.878701968503937
20
1.485406653543307
11
0.8779527559055118
21
1.4891732283464567
0
LINE
8
BLACK
6
CONTINUOUS
10
0.8779527559055118
20
1.4891732283464567
11
0.8779527559055118
21
1.4921259842519685
0
LINE
8
BLACK
6
CONTINUOUS
10
0.8779527559055118
20
1.4921259842519685
11
0.8543307086614172
21
1.4921259842519685
0
LINE
8
BLACK
6
CONTINUOUS
10
0.8543307086614172
20
1.4921259842519685
11
0.8543307086614172
21
1.4891732283464567
0
LINE
8
BLACK
6
CONTINUOUS
10
0.8543307086614172
20
1.4891732283464567
11
0.8535814960629921
21
1.485406653543307
0
LINE
8
BLACK
6
CONTINUOUS
10
0.8535814960629921
20
1.485406653543307
11
0.8514479133858267
21
1.4822135039370079
0
LINE
8
BLACK
6
CONTINUOUS
10
0.8514479133858267
20
1.4822135039370079
11
0.8482547637795276
21
1.4800799212598426
0
LINE
8
BLACK
6
CONTINUOUS
10
0.8482547637795276
20
1.4800799212598426
11
0.8444881889763779
21
1.4793307086614174
0
LINE
8
BLACK
6
CONTINUOUS
10
0.8444881889763779
20
1.4793307086614174
11
0.8248031496062992
21
1.4793307086614174
0
LINE
8
BLACK
6
CONTINUOUS
10
0.8248031496062992
20
1.4793307086614174
11
0.8210365748031496
21
1.4800799212598426
0
LINE
8
BLACK
6
CONTINUOUS
10
0.8210365748031496
20
1.4800799212598426
11
0.8178434251968504
21
1.4822135039370079
0
LINE
8
BLACK
6
CONTINUOUS
10
0.8178434251968504
20
1.4822135039370079
11
0.815709842519685
21
1.485406653543307
0
LINE
8
BLACK
6
CONTINUOUS
10
0.815709842519685
20
1.485406653543307
11
0.8149606299212598
21
1.4891732283464567
0
LINE
8
BLACK
6
CONTINUOUS
10
0.8149606299212598
20
1.4891732283464567
11
0.8149606299212598
21
1.5265748031496063
0
LINE
8
BLACK
6
CONTINUOUS
10
0.8149606299212598
20
1.5265748031496063
11
0.815709842519685
21
1.5303413779527559
0
LINE
8
BLACK
6
CONTINUOUS
10
0.815709842519685
20
1.5303413779527559
11
0.8178434251968504
21
1.5335345275590551
0
LINE
8
BLACK
6
CONTINUOUS
10
0.8178434251968504
20
1.5335345275590551
11
0.8196850787401575
21
1.5347650787401574
0
LINE
8
BLACK
6
CONTINUOUS
10
0.8196850787401575
20
1.5347650787401574
11
0.8196850787401575
21
1.5656692913385826
0
LINE
8
BLACK
6
CONTINUOUS
10
0.8196850787401575
20
1.5656692913385826
11
0.8054331102362204
21
1.5656692913385826
0
LINE
8
BLACK
6
CONTINUOUS
10
0.8054331102362204
20
1.5656692913385826
11
0.8054331102362204
21
1.5858267716535432
0
LINE
8
BLACK
6
CONTINUOUS
10
0.8054331102362204
20
1.5858267716535432
11
0.7654331102362204
21
1.5858267716535432
0
LINE
8
BLACK
6
CONTINUOUS
10
0.7654331102362204
20
1.5858267716535432
11
0.7654331102362204
21
1.5656692913385826
0
LINE
8
BLACK
6
CONTINUOUS
10
0.7654331102362204
20
1.5656692913385826
11
0.7054331102362205
21
1.5656692913385826
0
LINE
8
BLACK
6
CONTINUOUS
10
0.7054331102362205
20
1.5656692913385826
11
0.7054331102362205
21
1.6256692913385826
0
LINE
8
BLACK
6
CONTINUOUS
10
0.7054331102362205
20
1.6256692913385826
11
0.7654331102362204
21
1.6256692913385826
0
LINE
8
BLACK
6
CONTINUOUS
10
0.7654331102362204
20
1.6256692913385826
11
0.7654331102362204
21
1.6055118110236219
0
LINE
8
BLACK
6
CONTINUOUS
10
0.7654331102362204
20
1.6055118110236219
11
0.8054331102362204
21
1.6055118110236219
0
LINE
8
BLACK
6
CONTINUOUS
10
0.8054331102362204
20
1.6055118110236219
11
0.8054331102362204
21
1.6256692913385826
0
LINE
8
BLACK
6
CONTINUOUS
10
0.8054331102362204
20
1.6256692913385826
11
0.8196850787401575
21
1.6256692913385826
0
LINE
8
BLACK
6
CONTINUOUS
10
0.8196850787401575
20
1.6256692913385826
11
0.8196850787401575
21
1.6656692913385827
0
LINE
8
BLACK
6
CONTINUOUS
10
0.8196850787401575
20
1.6656692913385827
11
0.8054331102362204
21
1.6656692913385827
0
LINE
8
BLACK
6
CONTINUOUS
10
0.8054331102362204
20
1.6656692913385827
11
0.8054331102362204
21
1.6811023622047243
0
LINE
8
BLACK
6
CONTINUOUS
10
0.8054331102362204
20
1.6811023622047243
11
0.7654331102362204
21
1.6811023622047243
0
LINE
8
BLACK
6
CONTINUOUS
10
0.7654331102362204
20
1.6811023622047243
11
0.7654331102362204
21
1.6656692913385827
0
LINE
8
BLACK
6
CONTINUOUS
10
0.7654331102362204
20
1.6656692913385827
11
0.7054331102362205
21
1.6656692913385827
0
LINE
8
BLACK
6
CONTINUOUS
10
0.7054331102362205
20
1.6656692913385827
11
0.7054331102362205
21
1.7256692913385827
0
LINE
8
BLACK
6
CONTINUOUS
10
0.7054331102362205
20
1.7256692913385827
11
0.7654331102362204
21
1.7256692913385827
0
LINE
8
BLACK
6
CONTINUOUS
10
0.7654331102362204
20
1.7256692913385827
11
0.7654331102362204
21
1.7125984251968505
0
LINE
8
BLACK
6
CONTINUOUS
10
1.0529791732283464
20
1.387046062992126
11
1.0561723228346456
21
1.3849124803149606
0
LINE
8
BLACK
6
CONTINUOUS
10
1.0561723228346456
20
1.3849124803149606
11
1.0583059055118109
21
1.3817193307086615
0
LINE
8
BLACK
6
CONTINUOUS
10
1.0583059055118109
20
1.3817193307086615
11
1.0590551181102361
21
1.3779527559055118
0
LINE
8
BLACK
6
CONTINUOUS
10
1.0590551181102361
20
1.3779527559055118
11
1.1259055118110235
21
1.3779527559055118
0
LINE
8
BLACK
6
CONTINUOUS
10
1.1259055118110235
20
1.3779527559055118
11
1.1259055118110235
21
1.378031496062992
0
LINE
8
BLACK
6
CONTINUOUS
10
1.1259055118110235
20
1.378031496062992
11
1.1859055118110235
21
1.378031496062992
0
LINE
8
BLACK
6
CONTINUOUS
10
1.1859055118110235
20
1.378031496062992
11
1.1859055118110235
21
1.3779527559055118
0
LINE
8
BLACK
6
CONTINUOUS
10
1.1859055118110235
20
1.3779527559055118
11
1.2259055118110236
21
1.3779527559055118
0
LINE
8
BLACK
6
CONTINUOUS
10
1.2259055118110236
20
1.3779527559055118
11
1.2259055118110236
21
1.378031496062992
0
LINE
8
BLACK
6
CONTINUOUS
10
1.2259055118110236
20
1.378031496062992
11
1.2859055118110236
21
1.378031496062992
0
LINE
8
BLACK
6
CONTINUOUS
10
1.2859055118110236
20
1.378031496062992
11
1.2859055118110236
21
1.3180314960629922
0
LINE
8
BLACK
6
CONTINUOUS
10
1.2859055118110236
20
1.3180314960629922
11
1.2259055118110236
21
1.3180314960629922
0
LINE
8
BLACK
6
CONTINUOUS
10
1.2259055118110236
20
1.3180314960629922
11
1.2259055118110236
21
1.3464566929133859
0
LINE
8
BLACK
6
CONTINUOUS
10
1.2259055118110236
20
1.3464566929133859
11
1.1859055118110235
21
1.3464566929133859
0
LINE
8
BLACK
6
CONTINUOUS
10
1.1859055118110235
20
1.3464566929133859
11
1.1859055118110235
21
1.3180314960629922
0
LINE
8
BLACK
6
CONTINUOUS
10
1.1859055118110235
20
1.3180314960629922
11
1.1259055118110235
21
1.3180314960629922
0
LINE
8
BLACK
6
CONTINUOUS
10
1.1259055118110235
20
1.3180314960629922
11
1.1259055118110235
21
1.3464566929133859
0
LINE
8
BLACK
6
CONTINUOUS
10
1.1259055118110235
20
1.3464566929133859
11
1.0590551181102361
21
1.3464566929133859
0
LINE
8
BLACK
6
CONTINUOUS
10
1.0590551181102361
20
1.3464566929133859
11
1.0590551181102361
21
1.2992125984251968
0
LINE
8
BLACK
6
CONTINUOUS
10
1.0590551181102361
20
1.2992125984251968
11
1.0583059055118109
21
1.2954460236220473
0
LINE
8
BLACK
6
CONTINUOUS
10
1.0583059055118109
20
1.2954460236220473
11
1.0561723228346456
21
1.292252874015748
0
LINE
8
BLACK
6
CONTINUOUS
10
1.0561723228346456
20
1.292252874015748
11
1.0529791732283464
21
1.2901192913385826
0
LINE
8
BLACK
6
CONTINUOUS
10
1.0529791732283464
20
1.2901192913385826
11
1.0492125984251968
21
1.2893700787401574
0
LINE
8
BLACK
6
CONTINUOUS
10
1.0492125984251968
20
1.2893700787401574
11
0.9980314960629921
21
1.2893700787401574
0
LINE
8
BLACK
6
CONTINUOUS
10
0.9980314960629921
20
1.2893700787401574
11
0.9942649212598424
21
1.2901192913385826
0
LINE
8
BLACK
6
CONTINUOUS
10
0.9942649212598424
20
1.2901192913385826
11
0.9910717716535433
21
1.292252874015748
0
LINE
8
BLACK
6
CONTINUOUS
10
0.9910717716535433
20
1.292252874015748
11
0.988938188976378
21
1.2954460236220473
0
LINE
8
BLACK
6
CONTINUOUS
10
0.988938188976378
20
1.2954460236220473
11
0.9881889763779528
21
1.2992125984251968
0
LINE
8
BLACK
6
CONTINUOUS
10
0.9881889763779528
20
1.2992125984251968
11
0.9881889763779528
21
1.3464566929133859
0
LINE
8
BLACK
6
CONTINUOUS
10
0.9881889763779528
20
1.3464566929133859
11
0.9148622047244094
21
1.3464566929133859
0
LINE
8
BLACK
6
CONTINUOUS
10
0.9148622047244094
20
1.3464566929133859
11
0.9099957874015748
21
1.3472274409448819
0
LINE
8
BLACK
6
CONTINUOUS
10
0.9099957874015748
20
1.3472274409448819
11
0.9056057480314961
21
1.3494642913385826
0
LINE
8
BLACK
6
CONTINUOUS
10
0.9056057480314961
20
1.3494642913385826
11
0.9046763385826772
21
1.3503937007874016
0
LINE
8
BLACK
6
CONTINUOUS
10
0.9046763385826772
20
1.3503937007874016
11
0.8917322834645669
21
1.3503937007874016
0
LINE
8
BLACK
6
CONTINUOUS
10
0.8917322834645669
20
1.3503937007874016
11
0.8894723228346456
21
1.3508432283464566
0
LINE
8
BLACK
6
CONTINUOUS
10
0.8894723228346456
20
1.3508432283464566
11
0.8875564566929134
21
1.3521233858267716
0
LINE
8
BLACK
6
CONTINUOUS
10
0.8875564566929134
20
1.3521233858267716
11
0.8862762992125984
21
1.3540392519685038
0
LINE
8
BLACK
6
CONTINUOUS
10
0.8862762992125984
20
1.3540392519685038
11
0.8858267716535433
21
1.3562992125984252
0
LINE
8
BLACK
6
CONTINUOUS
10
0.8858267716535433
20
1.3562992125984252
11
0.8858267716535433
21
1.3681102362204725
0
LINE
8
BLACK
6
CONTINUOUS
10
0.8858267716535433
20
1.3681102362204725
11
0.8862762992125984
21
1.3703701968503936
0
LINE
8
BLACK
6
CONTINUOUS
10
0.8862762992125984
20
1.3703701968503936
11
0.8875564566929134
21
1.3722860629921259
0
LINE
8
BLACK
6
CONTINUOUS
10
0.8875564566929134
20
1.3722860629921259
11
0.8894723228346456
21
1.3735662204724408
0
LINE
8
BLACK
6
CONTINUOUS
10
0.8894723228346456
20
1.3735662204724408
11
0.8917322834645669
21
1.3740157480314961
0
LINE
8
BLACK
6
CONTINUOUS
10
0.8917322834645669
20
1.3740157480314961
11
0.9046763385826772
21
1.3740157480314961
0
LINE
8
BLACK
6
CONTINUOUS
10
0.9046763385826772
20
1.3740157480314961
11
0.9056057480314961
21
1.3749451574803149
0
LINE
8
BLACK
6
CONTINUOUS
10
0.9056057480314961
20
1.3749451574803149
11
0.9099957874015748
21
1.3771820078740158
0
LINE
8
BLACK
6
CONTINUOUS
10
0.9099957874015748
20
1.3771820078740158
11
0.9148622047244094
21
1.3779527559055118
0
LINE
8
BLACK
6
CONTINUOUS
10
0.9148622047244094
20
1.3779527559055118
11
0.9881889763779528
21
1.3779527559055118
0
LINE
8
BLACK
6
CONTINUOUS
10
0.9881889763779528
20
1.3779527559055118
11
0.988938188976378
21
1.3817193307086615
0
LINE
8
BLACK
6
CONTINUOUS
10
0.988938188976378
20
1.3817193307086615
11
0.9910717716535433
21
1.3849124803149606
0
LINE
8
BLACK
6
CONTINUOUS
10
0.9910717716535433
20
1.3849124803149606
11
0.9942649212598424
21
1.387046062992126
0
LINE
8
BLACK
6
CONTINUOUS
10
0.9942649212598424
20
1.387046062992126
11
0.9980314960629921
21
1.3877952755905512
0
LINE
8
BLACK
6
CONTINUOUS
10
0.9980314960629921
20
1.3877952755905512
11
1.0492125984251968
21
1.3877952755905512
0
LINE
8
BLACK
6
CONTINUOUS
10
1.0492125984251968
20
1.3877952755905512
11
1.0529791732283464
21
1.387046062992126
0
LINE
8
BLACK
6
CONTINUOUS
10
0.385511811023622
20
1.0865354330708661
11
0.325511811023622
21
1.0865354330708661
0
LINE
8
BLACK
6
CONTINUOUS
10
0.325511811023622
20
1.0865354330708661
11
0.325511811023622
21
1.1465354330708661
0
LINE
8
BLACK
6
CONTINUOUS
10
0.325511811023622
20
1.1465354330708661
11
0.385511811023622
21
1.1465354330708661
0
LINE
8
BLACK
6
CONTINUOUS
10
0.385511811023622
20
1.1465354330708661
11
0.385511811023622
21
1.0865354330708661
0
LINE
8
BLACK
6
CONTINUOUS
10
0.485511811023622
20
1.0865354330708661
11
0.425511811023622
21
1.0865354330708661
0
LINE
8
BLACK
6
CONTINUOUS
10
0.425511811023622
20
1.0865354330708661
11
0.425511811023622
21
1.1465354330708661
0
LINE
8
BLACK
6
CONTINUOUS
10
0.425511811023622
20
1.1465354330708661
11
0.485511811023622
21
1.1465354330708661
0
LINE
8
BLACK
6
CONTINUOUS
10
0.485511811023622
20
1.1465354330708661
11
0.485511811023622
21
1.0865354330708661
0
LINE
8
BLACK
6
CONTINUOUS
10
0.3843307086614173
20
1.3618110236220473
11
0.4243307086614173
21
1.3618110236220473
0
LINE
8
BLACK
6
CONTINUOUS
10
0.4243307086614173
20
1.3618110236220473
11
0.4243307086614173
21
1.3819685039370078
0
LINE
8
BLACK
6
CONTINUOUS
10
0.4243307086614173
20
1.3819685039370078
11
0.4843307086614173
21
1.3819685039370078
0
LINE
8
BLACK
6
CONTINUOUS
10
0.4843307086614173
20
1.3819685039370078
11
0.4843307086614173
21
1.3618110236220473
0
LINE
8
BLACK
6
CONTINUOUS
10
0.4843307086614173
20
1.3618110236220473
11
0.4944881889763779
21
1.3618110236220473
0
LINE
8
BLACK
6
CONTINUOUS
10
0.4944881889763779
20
1.3618110236220473
11
0.4982547637795275
21
1.3610618110236221
0
LINE
8
BLACK
6
CONTINUOUS
10
0.4982547637795275
20
1.3610618110236221
11
0.5014479133858267
21
1.3589282283464568
0
LINE
8
BLACK
6
CONTINUOUS
10
0.5014479133858267
20
1.3589282283464568
11
0.6123446456692914
21
1.2480314960629921
0
LINE
8
BLACK
6
CONTINUOUS
10
0.6123446456692914
20
1.2480314960629921
11
0.6279527559055118
21
1.2480314960629921
0
LINE
8
BLACK
6
CONTINUOUS
10
0.6279527559055118
20
1.2480314960629921
11
0.6317193307086614
21
1.2472822834645669
0
LINE
8
BLACK
6
CONTINUOUS
10
0.6317193307086614
20
1.2472822834645669
11
0.6349124803149606
21
1.2451487007874016
0
LINE
8
BLACK
6
CONTINUOUS
10
0.6349124803149606
20
1.2451487007874016
11
0.637046062992126
21
1.2419555511811022
0
LINE
8
BLACK
6
CONTINUOUS
10
0.637046062992126
20
1.2419555511811022
11
0.6377952755905512
21
1.2381889763779528
0
LINE
8
BLACK
6
CONTINUOUS
10
0.6377952755905512
20
1.2381889763779528
11
0.6377952755905512
21
1.2027559055118109
0
LINE
8
BLACK
6
CONTINUOUS
10
0.6377952755905512
20
1.2027559055118109
11
0.637046062992126
21
1.1989893307086614
0
LINE
8
BLACK
6
CONTINUOUS
10
0.637046062992126
20
1.1989893307086614
11
0.6349124803149606
21
1.1957961811023621
0
LINE
8
BLACK
6
CONTINUOUS
10
0.6349124803149606
20
1.1957961811023621
11
0.6317193307086614
21
1.1936625984251967
0
LINE
8
BLACK
6
CONTINUOUS
10
0.6317193307086614
20
1.1936625984251967
11
0.6279527559055118
21
1.1929133858267715
0
LINE
8
BLACK
6
CONTINUOUS
10
0.6279527559055118
20
1.1929133858267715
11
0.6072834645669292
21
1.1929133858267715
0
LINE
8
BLACK
6
CONTINUOUS
10
0.6072834645669292
20
1.1929133858267715
11
0.6035168897637795
21
1.1936625984251967
0
LINE
8
BLACK
6
CONTINUOUS
10
0.6035168897637795
20
1.1936625984251967
11
0.6003237401574804
21
1.1957961811023621
0
LINE
8
BLACK
6
CONTINUOUS
10
0.6003237401574804
20
1.1957961811023621
11
0.5981901574803149
21
1.1989893307086614
0
LINE
8
BLACK
6
CONTINUOUS
10
0.5981901574803149
20
1.1989893307086614
11
0.5974409448818897
21
1.2027559055118109
0
LINE
8
BLACK
6
CONTINUOUS
10
0.5974409448818897
20
1.2027559055118109
11
0.5974409448818897
21
1.2350962992125984
0
LINE
8
BLACK
6
CONTINUOUS
10
0.5974409448818897
20
1.2350962992125984
11
0.4904112598425197
21
1.3421259842519684
0
LINE
8
BLACK
6
CONTINUOUS
10
0.4904112598425197
20
1.3421259842519684
11
0.4843307086614173
21
1.3421259842519684
0
LINE
8
BLACK
6
CONTINUOUS
10
0.4843307086614173
20
1.3421259842519684
11
0.4843307086614173
21
1.3219685039370079
0
LINE
8
BLACK
6
CONTINUOUS
10
0.4843307086614173
20
1.3219685039370079
11
0.4243307086614173
21
1.3219685039370079
0
LINE
8
BLACK
6
CONTINUOUS
10
0.4243307086614173
20
1.3219685039370079
11
0.4243307086614173
21
1.3421259842519684
0
LINE
8
BLACK
6
CONTINUOUS
10
0.4243307086614173
20
1.3421259842519684
11
0.3843307086614173
21
1.3421259842519684
0
LINE
8
BLACK
6
CONTINUOUS
10
0.3843307086614173
20
1.3421259842519684
11
0.3843307086614173
21
1.3219685039370079
0
LINE
8
BLACK
6
CONTINUOUS
10
0.3843307086614173
20
1.3219685039370079
11
0.3243307086614173
21
1.3219685039370079
0
LINE
8
BLACK
6
CONTINUOUS
10
0.3243307086614173
20
1.3219685039370079
11
0.3243307086614173
21
1.3819685039370078
0
LINE
8
BLACK
6
CONTINUOUS
10
0.3243307086614173
20
1.3819685039370078
11
0.3843307086614173
21
1.3819685039370078
0
LINE
8
BLACK
6
CONTINUOUS
10
0.3843307086614173
20
1.3819685039370078
11
0.3843307086614173
21
1.3618110236220473
0
LINE
8
BLACK
6
CONTINUOUS
10
0.3843307086614173
20
1.2618110236220472
11
0.4243307086614173
21
1.2618110236220472
0
LINE
8
BLACK
6
CONTINUOUS
10
0.4243307086614173
20
1.2618110236220472
11
0.4243307086614173
21
1.2819685039370079
0
LINE
8
BLACK
6
CONTINUOUS
10
0.4243307086614173
20
1.2819685039370079
11
0.4843307086614173
21
1.2819685039370079
0
LINE
8
BLACK
6
CONTINUOUS
10
0.4843307086614173
20
1.2819685039370079
11
0.4843307086614173
21
1.2618110236220472
0
LINE
8
BLACK
6
CONTINUOUS
10
0.4843307086614173
20
1.2618110236220472
11
0.5039370078740157
21
1.2618110236220472
0
LINE
8
BLACK
6
CONTINUOUS
10
0.5039370078740157
20
1.2618110236220472
11
0.5077035826771653
21
1.261061811023622
0
LINE
8
BLACK
6
CONTINUOUS
10
0.5077035826771653
20
1.261061811023622
11
0.5108967322834645
21
1.2589282283464567
0
LINE
8
BLACK
6
CONTINUOUS
10
0.5108967322834645
20
1.2589282283464567
11
0.5321281102362204
21
1.2376968503937007
0
LINE
8
BLACK
6
CONTINUOUS
10
0.5321281102362204
20
1.2376968503937007
11
0.5649606299212598
21
1.2376968503937007
0
LINE
8
BLACK
6
CONTINUOUS
10
0.5649606299212598
20
1.2376968503937007
11
0.5687272047244094
21
1.2369476377952755
0
LINE
8
BLACK
6
CONTINUOUS
10
0.5687272047244094
20
1.2369476377952755
11
0.5719203543307086
21
1.2348140551181102
0
LINE
8
BLACK
6
CONTINUOUS
10
0.5719203543307086
20
1.2348140551181102
11
0.574053937007874
21
1.231620905511811
0
LINE
8
BLACK
6
CONTINUOUS
10
0.574053937007874
20
1.231620905511811
11
0.5748031496062992
21
1.2278543307086613
0
LINE
8
BLACK
6
CONTINUOUS
10
0.5748031496062992
20
1.2278543307086613
11
0.5748031496062992
21
1.2071850393700787
0
LINE
8
BLACK
6
CONTINUOUS
10
0.5748031496062992
20
1.2071850393700787
11
0.574053937007874
21
1.203418464566929
0
LINE
8
BLACK
6
CONTINUOUS
10
0.574053937007874
20
1.203418464566929
11
0.5719203543307086
21
1.2002253149606299
0
LINE
8
BLACK
6
CONTINUOUS
10
0.5719203543307086
20
1.2002253149606299
11
0.5687272047244094
21
1.1980917322834645
0
LINE
8
BLACK
6
CONTINUOUS
10
0.5687272047244094
20
1.1980917322834645
11
0.5649606299212598
21
1.1973425196850394
0
LINE
8
BLACK
6
CONTINUOUS
10
0.5649606299212598
20
1.1973425196850394
11
0.5295275590551181
21
1.1973425196850394
0
LINE
8
BLACK
6
CONTINUOUS
10
0.5295275590551181
20
1.1973425196850394
11
0.5257609842519685
21
1.1980917322834645
0
LINE
8
BLACK
6
CONTINUOUS
10
0.5257609842519685
20
1.1980917322834645
11
0.5225678346456692
21
1.2002253149606299
0
LINE
8
BLACK
6
CONTINUOUS
10
0.5225678346456692
20
1.2002253149606299
11
0.5204342519685039
21
1.203418464566929
0
LINE
8
BLACK
6
CONTINUOUS
10
0.5204342519685039
20
1.203418464566929
11
0.5196850393700787
21
1.2071850393700787
0
LINE
8
BLACK
6
CONTINUOUS
10
0.5196850393700787
20
1.2071850393700787
11
0.5196850393700787
21
1.2223010236220473
0
LINE
8
BLACK
6
CONTINUOUS
10
0.5196850393700787
20
1.2223010236220473
11
0.4998600787401575
21
1.2421259842519685
0
LINE
8
BLACK
6
CONTINUOUS
10
0.4998600787401575
20
1.2421259842519685
11
0.4843307086614173
21
1.2421259842519685
0
LINE
8
BLACK
6
CONTINUOUS
10
0.4843307086614173
20
1.2421259842519685
11
0.4843307086614173
21
1.2219685039370078
0
LINE
8
BLACK
6
CONTINUOUS
10
0.4843307086614173
20
1.2219685039370078
11
0.4243307086614173
21
1.2219685039370078
0
LINE
8
BLACK
6
CONTINUOUS
10
0.4243307086614173
20
1.2219685039370078
11
0.4243307086614173
21
1.2421259842519685
0
LINE
8
BLACK
6
CONTINUOUS
10
0.4243307086614173
20
1.2421259842519685
11
0.3843307086614173
21
1.2421259842519685
0
LINE
8
BLACK
6
CONTINUOUS
10
0.3843307086614173
20
1.2421259842519685
11
0.3843307086614173
21
1.2219685039370078
0
LINE
8
BLACK
6
CONTINUOUS
10
0.3843307086614173
20
1.2219685039370078
11
0.3243307086614173
21
1.2219685039370078
0
LINE
8
BLACK
6
CONTINUOUS
10
0.3243307086614173
20
1.2219685039370078
11
0.3243307086614173
21
1.2819685039370079
0
LINE
8
BLACK
6
CONTINUOUS
10
0.3243307086614173
20
1.2819685039370079
11
0.3843307086614173
21
1.2819685039370079
0
LINE
8
BLACK
6
CONTINUOUS
10
0.3843307086614173
20
1.2819685039370079
11
0.3843307086614173
21
1.2618110236220472
0
LINE
8
BLACK
6
CONTINUOUS
10
0.6789634251968504
20
1.371298031496063
11
0.6821565748031496
21
1.3691644488188977
0
LINE
8
BLACK
6
CONTINUOUS
10
0.6821565748031496
20
1.3691644488188977
11
0.684290157480315
21
1.3659712992125983
0
LINE
8
BLACK
6
CONTINUOUS
10
0.684290157480315
20
1.3659712992125983
11
0.6850393700787402
21
1.3622047244094488
0
LINE
8
BLACK
6
CONTINUOUS
10
0.6850393700787402
20
1.3622047244094488
11
0.6850393700787402
21
1.3361220472440944
0
LINE
8
BLACK
6
CONTINUOUS
10
0.6850393700787402
20
1.3361220472440944
11
0.7322834645669292
21
1.3361220472440944
0
LINE
8
BLACK
6
CONTINUOUS
10
0.7322834645669292
20
1.3361220472440944
11
0.7322834645669292
21
1.3366141732283465
0
LINE
8
BLACK
6
CONTINUOUS
10
0.7322834645669292
20
1.3366141732283465
11
0.7330326771653544
21
1.340380748031496
0
LINE
8
BLACK
6
CONTINUOUS
10
0.7330326771653544
20
1.340380748031496
11
0.7351662598425197
21
1.3435738976377953
0
LINE
8
BLACK
6
CONTINUOUS
10
0.7351662598425197
20
1.3435738976377953
11
0.7383594094488188
21
1.3457074803149607
0
LINE
8
BLACK
6
CONTINUOUS
10
0.7383594094488188
20
1.3457074803149607
11
0.7421259842519685
21
1.3464566929133859
0
LINE
8
BLACK
6
CONTINUOUS
10
0.7421259842519685
20
1.3464566929133859
11
0.7775590551181102
21
1.3464566929133859
0
LINE
8
BLACK
6
CONTINUOUS
10
0.7775590551181102
20
1.3464566929133859
11
0.7813256299212599
21
1.3457074803149607
0
LINE
8
BLACK
6
CONTINUOUS
10
0.7813256299212599
20
1.3457074803149607
11
0.784518779527559
21
1.3435738976377953
0
LINE
8
BLACK
6
CONTINUOUS
10
0.784518779527559
20
1.3435738976377953
11
0.7866523622047243
21
1.340380748031496
0
LINE
8
BLACK
6
CONTINUOUS
10
0.7866523622047243
20
1.340380748031496
11
0.7874015748031495
21
1.3366141732283465
0
LINE
8
BLACK
6
CONTINUOUS
10
0.7874015748031495
20
1.3366141732283465
11
0.7874015748031495
21
1.3361220472440944
0
LINE
8
BLACK
6
CONTINUOUS
10
0.7874015748031495
20
1.3361220472440944
11
0.81558968503937
21
1.3361220472440944
0
LINE
8
BLACK
6
CONTINUOUS
10
0.81558968503937
20
1.3361220472440944
11
0.8156534251968504
21
1.3361646456692913
0
LINE
8
BLACK
6
CONTINUOUS
10
0.8156534251968504
20
1.3361646456692913
11
0.8179133858267716
21
1.3366141732283465
0
LINE
8
BLACK
6
CONTINUOUS
10
0.8179133858267716
20
1.3366141732283465
11
0.8641732283464567
21
1.3366141732283465
0
LINE
8
BLACK
6
CONTINUOUS
10
0.8641732283464567
20
1.3366141732283465
11
0.8664331889763779
21
1.3361646456692913
0
LINE
8
BLACK
6
CONTINUOUS
10
0.8664331889763779
20
1.3361646456692913
11
0.8683490551181102
21
1.3348844881889763
0
LINE
8
BLACK
6
CONTINUOUS
10
0.8683490551181102
20
1.3348844881889763
11
0.8696292125984252
21
1.3329686220472441
0
LINE
8
BLACK
6
CONTINUOUS
10
0.8696292125984252
20
1.3329686220472441
11
0.8700787401574803
21
1.3307086614173229
0
LINE
8
BLACK
6
CONTINUOUS
10
0.8700787401574803
20
1.3307086614173229
11
0.8700787401574803
21
1.3188976377952755
0
LINE
8
BLACK
6
CONTINUOUS
10
0.8700787401574803
20
1.3188976377952755
11
0.8696292125984252
21
1.3166376771653543
0
LINE
8
BLACK
6
CONTINUOUS
10
0.8696292125984252
20
1.3166376771653543
11
0.8683490551181102
21
1.3147218110236221
0
LINE
8
BLACK
6
CONTINUOUS
10
0.8683490551181102
20
1.3147218110236221
11
0.8664331889763779
21
1.3134416535433071
0
LINE
8
BLACK
6
CONTINUOUS
10
0.8664331889763779
20
1.3134416535433071
11
0.8641732283464567
21
1.3129921259842519
0
LINE
8
BLACK
6
CONTINUOUS
10
0.8641732283464567
20
1.3129921259842519
11
0.8179133858267716
21
1.3129921259842519
0
LINE
8
BLACK
6
CONTINUOUS
10
0.8179133858267716
20
1.3129921259842519
11
0.8156534251968504
21
1.3134416535433071
0
LINE
8
BLACK
6
CONTINUOUS
10
0.8156534251968504
20
1.3134416535433071
11
0.8137375590551181
21
1.3147218110236221
0
LINE
8
BLACK
6
CONTINUOUS
10
0.8137375590551181
20
1.3147218110236221
11
0.8125914960629921
21
1.3164370078740157
0
LINE
8
BLACK
6
CONTINUOUS
10
0.8125914960629921
20
1.3164370078740157
11
0.7874015748031495
21
1.3164370078740157
0
LINE
8
BLACK
6
CONTINUOUS
10
0.7874015748031495
20
1.3164370078740157
11
0.7874015748031495
21
1.3159448818897637
0
LINE
8
BLACK
6
CONTINUOUS
10
0.7874015748031495
20
1.3159448818897637
11
0.7866523622047243
21
1.3121783070866142
0
LINE
8
BLACK
6
CONTINUOUS
10
0.7866523622047243
20
1.3121783070866142
11
0.784518779527559
21
1.3089851574803149
0
LINE
8
BLACK
6
CONTINUOUS
10
0.784518779527559
20
1.3089851574803149
11
0.7813256299212599
21
1.3068515748031495
0
LINE
8
BLACK
6
CONTINUOUS
10
0.7813256299212599
20
1.3068515748031495
11
0.7775590551181102
21
1.3061023622047243
0
LINE
8
BLACK
6
CONTINUOUS
10
0.7775590551181102
20
1.3061023622047243
11
0.7421259842519685
21
1.3061023622047243
0
LINE
8
BLACK
6
CONTINUOUS
10
0.7421259842519685
20
1.3061023622047243
11
0.7383594094488188
21
1.3068515748031495
0
LINE
8
BLACK
6
CONTINUOUS
10
0.7383594094488188
20
1.3068515748031495
11
0.7351662598425197
21
1.3089851574803149
0
LINE
8
BLACK
6
CONTINUOUS
10
0.7351662598425197
20
1.3089851574803149
11
0.7330326771653544
21
1.3121783070866142
0
LINE
8
BLACK
6
CONTINUOUS
10
0.7330326771653544
20
1.3121783070866142
11
0.7322834645669292
21
1.3159448818897637
0
LINE
8
BLACK
6
CONTINUOUS
10
0.7322834645669292
20
1.3159448818897637
11
0.7322834645669292
21
1.3164370078740157
0
LINE
8
BLACK
6
CONTINUOUS
10
0.7322834645669292
20
1.3164370078740157
11
0.6993110236220472
21
1.3164370078740157
0
LINE
8
BLACK
6
CONTINUOUS
10
0.6993110236220472
20
1.3164370078740157
11
0.6993110236220472
21
1.2480314960629921
0
LINE
8
BLACK
6
CONTINUOUS
10
0.6993110236220472
20
1.2480314960629921
11
0.6998031496062992
21
1.2480314960629921
0
LINE
8
BLACK
6
CONTINUOUS
10
0.6998031496062992
20
1.2480314960629921
11
0.7035697244094488
21
1.2472822834645669
0
LINE
8
BLACK
6
CONTINUOUS
10
0.7035697244094488
20
1.2472822834645669
11
0.706762874015748
21
1.2451487007874016
0
LINE
8
BLACK
6
CONTINUOUS
10
0.706762874015748
20
1.2451487007874016
11
0.7088964566929133
21
1.2419555511811022
0
LINE
8
BLACK
6
CONTINUOUS
10
0.7088964566929133
20
1.2419555511811022
11
0.7096456692913385
21
1.2381889763779528
0
LINE
8
BLACK
6
CONTINUOUS
10
0.7096456692913385
20
1.2381889763779528
11
0.7096456692913385
21
1.2027559055118109
0
LINE
8
BLACK
6
CONTINUOUS
10
0.7096456692913385
20
1.2027559055118109
11
0.7088964566929133
21
1.1989893307086614
0
LINE
8
BLACK
6
CONTINUOUS
10
0.7088964566929133
20
1.1989893307086614
11
0.706762874015748
21
1.1957961811023621
0
LINE
8
BLACK
6
CONTINUOUS
10
0.706762874015748
20
1.1957961811023621
11
0.7035697244094488
21
1.1936625984251967
0
LINE
8
BLACK
6
CONTINUOUS
10
0.7035697244094488
20
1.1936625984251967
11
0.6998031496062992
21
1.1929133858267715
0
LINE
8
BLACK
6
CONTINUOUS
10
0.6998031496062992
20
1.1929133858267715
11
0.6791338582677166
21
1.1929133858267715
0
LINE
8
BLACK
6
CONTINUOUS
10
0.6791338582677166
20
1.1929133858267715
11
0.6753672834645669
21
1.1936625984251967
0
LINE
8
BLACK
6
CONTINUOUS
10
0.6753672834645669
20
1.1936625984251967
11
0.6721741338582677
21
1.1957961811023621
0
LINE
8
BLACK
6
CONTINUOUS
10
0.6721741338582677
20
1.1957961811023621
11
0.6700405511811024
21
1.1989893307086614
0
LINE
8
BLACK
6
CONTINUOUS
10
0.6700405511811024
20
1.1989893307086614
11
0.6692913385826772
21
1.2027559055118109
0
LINE
8
BLACK
6
CONTINUOUS
10
0.6692913385826772
20
1.2027559055118109
11
0.6692913385826772
21
1.2381889763779528
0
LINE
8
BLACK
6
CONTINUOUS
10
0.6692913385826772
20
1.2381889763779528
11
0.6700405511811024
21
1.2419555511811022
0
LINE
8
BLACK
6
CONTINUOUS
10
0.6700405511811024
20
1.2419555511811022
11
0.6721741338582677
21
1.2451487007874016
0
LINE
8
BLACK
6
CONTINUOUS
10
0.6721741338582677
20
1.2451487007874016
11
0.6753672834645669
21
1.2472822834645669
0
LINE
8
BLACK
6
CONTINUOUS
10
0.6753672834645669
20
1.2472822834645669
11
0.6791338582677166
21
1.2480314960629921
0
LINE
8
BLACK
6
CONTINUOUS
10
0.6791338582677166
20
1.2480314960629921
11
0.6796259842519685
21
1.2480314960629921
0
LINE
8
BLACK
6
CONTINUOUS
10
0.6796259842519685
20
1.2480314960629921
11
0.6796259842519685
21
1.2748139763779527
0
LINE
8
BLACK
6
CONTINUOUS
10
0.6796259842519685
20
1.2748139763779527
11
0.6789634251968504
21
1.2743712598425196
0
LINE
8
BLACK
6
CONTINUOUS
10
0.6789634251968504
20
1.2743712598425196
11
0.6751968503937008
21
1.2736220472440944
0
LINE
8
BLACK
6
CONTINUOUS
10
0.6751968503937008
20
1.2736220472440944
11
0.6240157480314961
21
1.2736220472440944
0
LINE
8
BLACK
6
CONTINUOUS
10
0.6240157480314961
20
1.2736220472440944
11
0.6202491732283465
21
1.2743712598425196
0
LINE
8
BLACK
6
CONTINUOUS
10
0.6202491732283465
20
1.2743712598425196
11
0.6170560236220473
21
1.276504842519685
0
LINE
8
BLACK
6
CONTINUOUS
10
0.6170560236220473
20
1.276504842519685
11
0.6149224409448819
21
1.2796979921259841
0
LINE
8
BLACK
6
CONTINUOUS
10
0.6149224409448819
20
1.2796979921259841
11
0.6141732283464567
21
1.2834645669291338
0
LINE
8
BLACK
6
CONTINUOUS
10
0.6141732283464567
20
1.2834645669291338
11
0.6141732283464567
21
1.3622047244094488
0
LINE
8
BLACK
6
CONTINUOUS
10
0.6141732283464567
20
1.3622047244094488
11
0.6149224409448819
21
1.3659712992125983
0
LINE
8
BLACK
6
CONTINUOUS
10
0.6149224409448819
20
1.3659712992125983
11
0.6170560236220473
21
1.3691644488188977
0
LINE
8
BLACK
6
CONTINUOUS
10
0.6170560236220473
20
1.3691644488188977
11
0.6202491732283465
21
1.371298031496063
0
LINE
8
BLACK
6
CONTINUOUS
10
0.6202491732283465
20
1.371298031496063
11
0.6240157480314961
21
1.3720472440944882
0
LINE
8
BLACK
6
CONTINUOUS
10
0.6240157480314961
20
1.3720472440944882
11
0.6751968503937008
21
1.3720472440944882
0
LINE
8
BLACK
6
CONTINUOUS
10
0.6751968503937008
20
1.3720472440944882
11
0.6789634251968504
21
1.371298031496063
0
LINE
8
BLACK
6
CONTINUOUS
10
1.387363464566929
20
1.7882396456692913
11
1.388802244094488
21
1.7862593307086614
0
LINE
8
BLACK
6
CONTINUOUS
10
1.388802244094488
20
1.7862593307086614
11
1.3889961023622046
21
1.7850354330708662
0
LINE
8
BLACK
6
CONTINUOUS
10
1.3889961023622046
20
1.7850354330708662
11
1.3889961023622046
21
0.2149645669291338
0
LINE
8
BLACK
6
CONTINUOUS
10
1.3889961023622046
20
0.2149645669291338
11
1.3882396850393701
21
0.2126365748031496
0
LINE
8
BLACK
6
CONTINUOUS
10
1.3882396850393701
20
0.2126365748031496
11
1.3862593700787402
21
0.2111977952755905
0
LINE
8
BLACK
6
CONTINUOUS
10
1.3862593700787402
20
0.2111977952755905
11
1.3850354724409448
21
0.211003937007874
0
LINE
8
BLACK
6
CONTINUOUS
10
1.3850354724409448
20
0.211003937007874
11
0.2149645669291338
21
0.211003937007874
0
LINE
8
BLACK
6
CONTINUOUS
10
0.2149645669291338
20
0.211003937007874
11
0.2126365748031496
21
0.2117603543307087
0
LINE
8
BLACK
6
CONTINUOUS
10
0.2126365748031496
20
0.2117603543307087
11
0.2111977952755905
21
0.2137406692913386
0
LINE
8
BLACK
6
CONTINUOUS
10
0.2111977952755905
20
0.2137406692913386
11
0.211003937007874
21
0.2149645669291338
0
LINE
8
BLACK
6
CONTINUOUS
10
0.211003937007874
20
0.2149645669291338
11
0.211003937007874
21
0.3473803149606299
0
LINE
8
BLACK
6
CONTINUOUS
10
0.211003937007874
20
0.3473803149606299
11
0.211003937007874
21
0.4348803149606299
0
LINE
8
BLACK
6
CONTINUOUS
10
0.211003937007874
20
0.4348803149606299
11
0.211003937007874
21
0.5859427165354331
0
LINE
8
BLACK
6
CONTINUOUS
10
0.211003937007874
20
0.5859427165354331
11
0.211003937007874
21
0.685942716535433
0
LINE
8
BLACK
6
CONTINUOUS
10
0.211003937007874
20
0.685942716535433
11
0.211003937007874
21
0.785942716535433
0
LINE
8
BLACK
6
CONTINUOUS
10
0.211003937007874
20
0.785942716535433
11
0.211003937007874
21
0.8859427165354331
0
LINE
8
BLACK
6
CONTINUOUS
10
0.211003937007874
20
0.8859427165354331
11
0.211003937007874
21
0.9859427165354331
0
LINE
8
BLACK
6
CONTINUOUS
10
0.211003937007874
20
0.9859427165354331
11
0.211003937007874
21
1.085942716535433
0
LINE
8
BLACK
6
CONTINUOUS
10
0.211003937007874
20
1.085942716535433
11
0.211003937007874
21
1.2213757874015747
0
LINE
8
BLACK
6
CONTINUOUS
10
0.211003937007874
20
1.2213757874015747
11
0.211003937007874
21
1.3891456692913386
0
LINE
8
BLACK
6
CONTINUOUS
10
0.211003937007874
20
1.3891456692913386
11
0.211003937007874
21
1.4071141732283465
0
LINE
8
BLACK
6
CONTINUOUS
10
0.211003937007874
20
1.4071141732283465
11
0.211003937007874
21
1.4713307086614174
0
LINE
8
BLACK
6
CONTINUOUS
10
0.211003937007874
20
1.4713307086614174
11
0.211003937007874
21
1.4892992125984252
0
LINE
8
BLACK
6
CONTINUOUS
10
0.211003937007874
20
1.4892992125984252
11
0.211003937007874
21
1.5646998818897637
0
LINE
8
BLACK
6
CONTINUOUS
10
0.211003937007874
20
1.5646998818897637
11
0.211003937007874
21
1.6646998818897638
0
LINE
8
BLACK
6
CONTINUOUS
10
0.211003937007874
20
1.6646998818897638
11
0.211003937007874
21
1.7850354330708662
0
LINE
8
BLACK
6
CONTINUOUS
10
0.211003937007874
20
1.7850354330708662
11
0.2117603543307087
21
1.7873634251968504
0
LINE
8
BLACK
6
CONTINUOUS
10
0.2117603543307087
20
1.7873634251968504
11
0.2137406692913386
21
1.7888022047244094
0
LINE
8
BLACK
6
CONTINUOUS
10
0.2137406692913386
20
1.7888022047244094
11
0.2149645669291338
21
1.788996062992126
0
LINE
8
BLACK
6
CONTINUOUS
10
0.2149645669291338
20
1.788996062992126
11
1.3850354724409448
21
1.788996062992126
0
LINE
8
BLACK
6
CONTINUOUS
10
1.3850354724409448
20
1.788996062992126
11
1.387363464566929
21
1.7882396456692913
0
LINE
8
BLACK
6
CONTINUOUS
10
0.6119335826771654
20
0.2850113385826771
11
1.0071438582677166
21
0.2850113385826771
0
LINE
8
BLACK
6
CONTINUOUS
10
1.0071438582677166
20
0.2850113385826771
11
1.0071438582677166
21
0.3473803149606299
0
LINE
8
BLACK
6
CONTINUOUS
10
1.0071438582677166
20
0.3473803149606299
11
0.6119335826771654
21
0.3473803149606299
0
LINE
8
BLACK
6
CONTINUOUS
10
0.6119335826771654
20
0.3473803149606299
11
0.6119335826771654
21
0.2850113385826771
0
LINE
8
BLACK
6
CONTINUOUS
10
0.7228621653543307
20
0.3725113385826772
11
0.8945135039370079
21
0.3725113385826772
0
LINE
8
BLACK
6
CONTINUOUS
10
0.8945135039370079
20
0.3725113385826772
11
0.8945135039370079
21
0.4348803149606299
0
LINE
8
BLACK
6
CONTINUOUS
10
0.8945135039370079
20
0.4348803149606299
11
0.7228621653543307
21
0.4348803149606299
0
LINE
8
BLACK
6
CONTINUOUS
10
0.7228621653543307
20
0.4348803149606299
11
0.7228621653543307
21
0.3725113385826772
0
LINE
8
BLACK
6
CONTINUOUS
10
0.7999452362204724
20
0.5953673622047244
11
0.8022732283464566
21
0.5946109448818897
0
LINE
8
BLACK
6
CONTINUOUS
10
0.8022732283464566
20
0.5946109448818897
11
0.8037120078740158
21
0.5926306299212598
0
LINE
8
BLACK
6
CONTINUOUS
10
0.8037120078740158
20
0.5926306299212598
11
0.8039058661417323
21
0.5914067322834645
0
LINE
8
BLACK
6
CONTINUOUS
10
0.8039058661417323
20
0.5914067322834645
11
0.8039058661417323
21
0.4714954724409449
0
LINE
8
BLACK
6
CONTINUOUS
10
0.8039058661417323
20
0.4714954724409449
11
0.8562088582677165
21
0.4714954724409449
0
LINE
8
BLACK
6
CONTINUOUS
10
0.8562088582677165
20
0.4714954724409449
11
0.8562088582677165
21
0.5075388976377952
0
LINE
8
BLACK
6
CONTINUOUS
10
0.8562088582677165
20
0.5075388976377952
11
0.8562088582677165
21
0.6075388976377952
0
LINE
8
BLACK
6
CONTINUOUS
10
0.8562088582677165
20
0.6075388976377952
11
0.8562088582677165
21
0.7075388976377952
0
LINE
8
BLACK
6
CONTINUOUS
10
0.8562088582677165
20
0.7075388976377952
11
0.8562088582677165
21
0.8075388976377953
0
LINE
8
BLACK
6
CONTINUOUS
10
0.8562088582677165
20
0.8075388976377953
11
0.8562088582677165
21
0.8689285826771653
0
LINE
8
BLACK
6
CONTINUOUS
10
0.8562088582677165
20
0.8689285826771653
11
0.8039058661417323
21
0.8689285826771653
0
LINE
8
BLACK
6
CONTINUOUS
10
0.8039058661417323
20
0.8689285826771653
11
0.8039058661417323
21
0.7445072440944882
0
LINE
8
BLACK
6
CONTINUOUS
10
0.8039058661417323
20
0.7445072440944882
11
0.8031494488188976
21
0.7421792519685039
0
LINE
8
BLACK
6
CONTINUOUS
10
0.8031494488188976
20
0.7421792519685039
11
0.8011691338582677
21
0.7407404724409449
0
LINE
8
BLACK
6
CONTINUOUS
10
0.8011691338582677
20
0.7407404724409449
11
0.7999452362204724
21
0.7405466141732283
0
LINE
8
BLACK
6
CONTINUOUS
10
0.7999452362204724
20
0.7405466141732283
11
0.7539058661417323
21
0.7405466141732283
0
LINE
8
BLACK
6
CONTINUOUS
10
0.7539058661417323
20
0.7405466141732283
11
0.7539058661417323
21
0.5953673622047244
0
LINE
8
BLACK
6
CONTINUOUS
10
0.7539058661417323
20
0.5953673622047244
11
0.7999452362204724
21
0.5953673622047244
0
LINE
8
BLACK
6
CONTINUOUS
10
0.3198413779527559
20
0.5841867322834645
11
0.3198414566929134
21
0.5841865748031496
0
LINE
8
BLACK
6
CONTINUOUS
10
0.3198414566929134
20
0.5841865748031496
11
0.321171811023622
21
0.5821955905511811
0
LINE
8
BLACK
6
CONTINUOUS
10
0.321171811023622
20
0.5821955905511811
11
0.3211718503937008
21
0.5821955511811023
0
LINE
8
BLACK
6
CONTINUOUS
10
0.3211718503937008
20
0.5821955511811023
11
0.3211718897637795
21
0.5821955118110236
0
LINE
8
BLACK
6
CONTINUOUS
10
0.3211718897637795
20
0.5821955118110236
11
0.3231630708661417
21
0.5808650393700787
0
LINE
8
BLACK
6
CONTINUOUS
10
0.3231630708661417
20
0.5808650393700787
11
0.3249190157480315
21
0.5805157480314961
0
LINE
8
BLACK
6
CONTINUOUS
10
0.3249190157480315
20
0.5805157480314961
11
0.3861045669291339
21
0.5805157874015748
0
LINE
8
BLACK
6
CONTINUOUS
10
0.3861045669291339
20
0.5805157874015748
11
0.3878605511811024
21
0.5808650393700787
0
LINE
8
BLACK
6
CONTINUOUS
10
0.3878605511811024
20
0.5808650393700787
11
0.3898517322834645
21
0.5821955118110236
0
LINE
8
BLACK
6
CONTINUOUS
10
0.3898517322834645
20
0.5821955118110236
11
0.3911822047244095
21
0.5841866929133858
0
LINE
8
BLACK
6
CONTINUOUS
10
0.3911822047244095
20
0.5841866929133858
11
0.3915314960629921
21
0.5859426377952756
0
LINE
8
BLACK
6
CONTINUOUS
10
0.3915314960629921
20
0.5859426377952756
11
0.3915314960629921
21
0.5908070866141732
0
LINE
8
BLACK
6
CONTINUOUS
10
0.3915314960629921
20
0.5908070866141732
11
0.3922879133858267
21
0.5931350787401575
0
LINE
8
BLACK
6
CONTINUOUS
10
0.3922879133858267
20
0.5931350787401575
11
0.3942682283464567
21
0.5945738582677165
0
LINE
8
BLACK
6
CONTINUOUS
10
0.3942682283464567
20
0.5945738582677165
11
0.395492125984252
21
0.594767716535433
0
LINE
8
BLACK
6
CONTINUOUS
10
0.395492125984252
20
0.594767716535433
11
0.4155315354330709
21
0.594767716535433
0
LINE
8
BLACK
6
CONTINUOUS
10
0.4155315354330709
20
0.594767716535433
11
0.4178595275590551
21
0.5940112992125984
0
LINE
8
BLACK
6
CONTINUOUS
10
0.4178595275590551
20
0.5940112992125984
11
0.4192983070866141
21
0.5920309842519685
0
LINE
8
BLACK
6
CONTINUOUS
10
0.4192983070866141
20
0.5920309842519685
11
0.4194921653543307
21
0.5908070866141732
0
LINE
8
BLACK
6
CONTINUOUS
10
0.4194921653543307
20
0.5908070866141732
11
0.4194921653543307
21
0.5859427165354331
0
LINE
8
BLACK
6
CONTINUOUS
10
0.4194921653543307
20
0.5859427165354331
11
0.4198413779527559
21
0.5841867322834645
0
LINE
8
BLACK
6
CONTINUOUS
10
0.4198413779527559
20
0.5841867322834645
11
0.4198414566929134
21
0.5841865748031496
0
LINE
8
BLACK
6
CONTINUOUS
10
0.4198414566929134
20
0.5841865748031496
11
0.4211718110236221
21
0.5821955905511811
0
LINE
8
BLACK
6
CONTINUOUS
10
0.4211718110236221
20
0.5821955905511811
11
0.4211718503937008
21
0.5821955511811023
0
LINE
8
BLACK
6
CONTINUOUS
10
0.4211718503937008
20
0.5821955511811023
11
0.4211718897637795
21
0.5821955118110236
0
LINE
8
BLACK
6
CONTINUOUS
10
0.4211718897637795
20
0.5821955118110236
11
0.4231630708661417
21
0.5808650393700787
0
LINE
8
BLACK
6
CONTINUOUS
10
0.4231630708661417
20
0.5808650393700787
11
0.4249190157480315
21
0.5805157480314961
0
LINE
8
BLACK
6
CONTINUOUS
10
0.4249190157480315
20
0.5805157480314961
11
0.4776106299212599
21
0.5805157874015748
0
LINE
8
BLACK
6
CONTINUOUS
10
0.4776106299212599
20
0.5805157874015748
11
0.4799386220472441
21
0.5797593700787401
0
LINE
8
BLACK
6
CONTINUOUS
10
0.4799386220472441
20
0.5797593700787401
11
0.4804112204724409
21
0.579355748031496
0
LINE
8
BLACK
6
CONTINUOUS
10
0.4804112204724409
20
0.579355748031496
11
0.5653999606299213
21
0.4943670078740157
0
LINE
8
BLACK
6
CONTINUOUS
10
0.5653999606299213
20
0.4943670078740157
11
0.565493937007874
21
0.4942697637795275
0
LINE
8
BLACK
6
CONTINUOUS
10
0.565493937007874
20
0.4942697637795275
11
0.5672358661417323
21
0.4924046062992126
0
LINE
8
BLACK
6
CONTINUOUS
10
0.5672358661417323
20
0.4924046062992126
11
0.5686654724409449
21
0.4915352755905512
0
LINE
8
BLACK
6
CONTINUOUS
10
0.5686654724409449
20
0.4915352755905512
11
0.5690003543307086
21
0.4913073622047244
0
LINE
8
BLACK
6
CONTINUOUS
10
0.5690003543307086
20
0.4913073622047244
11
0.5703335039370079
21
0.4902963779527559
0
LINE
8
BLACK
6
CONTINUOUS
10
0.5703335039370079
20
0.4902963779527559
11
0.5710685039370078
21
0.4900065354330709
0
LINE
8
BLACK
6
CONTINUOUS
10
0.5710685039370078
20
0.4900065354330709
11
0.5716734251968504
21
0.489706062992126
0
LINE
8
BLACK
6
CONTINUOUS
10
0.5716734251968504
20
0.489706062992126
11
0.5723483858267716
21
0.4892955905511811
0
LINE
8
BLACK
6
CONTINUOUS
10
0.5723483858267716
20
0.4892955905511811
11
0.5723484251968504
21
0.4892955905511811
0
LINE
8
BLACK
6
CONTINUOUS
10
0.5723484251968504
20
0.4892955905511811
11
0.5723485433070866
21
0.4892955118110236
0
LINE
8
BLACK
6
CONTINUOUS
10
0.5723485433070866
20
0.4892955118110236
11
0.5739598031496063
21
0.4888440944881889
0
LINE
8
BLACK
6
CONTINUOUS
10
0.5739598031496063
20
0.4888440944881889
11
0.5743436614173228
21
0.4887149606299213
0
LINE
8
BLACK
6
CONTINUOUS
10
0.5743436614173228
20
0.4887149606299213
11
0.5759000787401575
21
0.4881011811023622
0
LINE
8
BLACK
6
CONTINUOUS
10
0.5759000787401575
20
0.4881011811023622
11
0.5766860236220472
21
0.4880204330708661
0
LINE
8
BLACK
6
CONTINUOUS
10
0.5766860236220472
20
0.4880204330708661
11
0.5773496456692914
21
0.4878943307086614
0
LINE
8
BLACK
6
CONTINUOUS
10
0.5773496456692914
20
0.4878943307086614
11
0.5781104724409448
21
0.4876811023622047
0
LINE
8
BLACK
6
CONTINUOUS
10
0.5781104724409448
20
0.4876811023622047
11
0.5797831496062992
21
0.4876811023622047
0
LINE
8
BLACK
6
CONTINUOUS
10
0.5797831496062992
20
0.4876811023622047
11
0.5801881496062992
21
0.4876603543307086
0
LINE
8
BLACK
6
CONTINUOUS
10
0.5801881496062992
20
0.4876603543307086
11
0.5818525196850394
21
0.4874892519685039
0
LINE
8
BLACK
6
CONTINUOUS
10
0.5818525196850394
20
0.4874892519685039
11
0.5826311417322835
21
0.4876235433070866
0
LINE
8
BLACK
6
CONTINUOUS
10
0.5826311417322835
20
0.4876235433070866
11
0.583304094488189
21
0.4876811023622047
0
LINE
8
BLACK
6
CONTINUOUS
10
0.583304094488189
20
0.4876811023622047
11
0.6060110236220473
21
0.4876811023622047
0
LINE
8
BLACK
6
CONTINUOUS
10
0.6060110236220473
20
0.4876811023622047
11
0.6083390157480315
21
0.4869246850393701
0
LINE
8
BLACK
6
CONTINUOUS
10
0.6083390157480315
20
0.4869246850393701
11
0.608881653543307
21
0.4864492125984252
0
LINE
8
BLACK
6
CONTINUOUS
10
0.608881653543307
20
0.4864492125984252
11
0.6089599606299212
21
0.4863668503937008
0
LINE
8
BLACK
6
CONTINUOUS
10
0.6089599606299212
20
0.4863668503937008
11
0.6089599999999999
21
0.4863667716535433
0
LINE
8
BLACK
6
CONTINUOUS
10
0.6089599999999999
20
0.4863667716535433
11
0.6142167716535433
21
0.4808366535433071
0
LINE
8
BLACK
6
CONTINUOUS
10
0.6142167716535433
20
0.4808366535433071
11
0.6204791732283464
21
0.4764779133858267
0
LINE
8
BLACK
6
CONTINUOUS
10
0.6204791732283464
20
0.4764779133858267
11
0.6274907874015748
21
0.4734689763779528
0
LINE
8
BLACK
6
CONTINUOUS
10
0.6274907874015748
20
0.4734689763779528
11
0.6349645669291338
21
0.4719330708661417
0
LINE
8
BLACK
6
CONTINUOUS
10
0.6349645669291338
20
0.4719330708661417
11
0.6349646062992126
21
0.4719330708661417
0
LINE
8
BLACK
6
CONTINUOUS
10
0.6349646062992126
20
0.4719330708661417
11
0.6682410236220472
21
0.4719330708661417
0
LINE
8
BLACK
6
CONTINUOUS
10
0.6682410236220472
20
0.4719330708661417
11
0.6739294094488189
21
0.4725115354330708
0
LINE
8
BLACK
6
CONTINUOUS
10
0.6739294094488189
20
0.4725115354330708
11
0.6739296062992126
21
0.4725115748031496
0
LINE
8
BLACK
6
CONTINUOUS
10
0.6739296062992126
20
0.4725115748031496
11
0.6773906692913386
21
0.4735975196850394
0
LINE
8
BLACK
6
CONTINUOUS
10
0.6773906692913386
20
0.4735975196850394
11
0.6812094488188977
21
0.4747956299212598
0
LINE
8
BLACK
6
CONTINUOUS
10
0.6812094488188977
20
0.4747956299212598
11
0.6878806692913386
21
0.4784984645669291
0
LINE
8
BLACK
6
CONTINUOUS
10
0.6878806692913386
20
0.4784984645669291
11
0.6936699606299213
21
0.4834684251968504
0
LINE
8
BLACK
6
CONTINUOUS
10
0.6936699606299213
20
0.4834684251968504
11
0.6983402755905511
21
0.4895020078740157
0
LINE
8
BLACK
6
CONTINUOUS
10
0.6983402755905511
20
0.4895020078740157
11
0.7017004724409449
21
0.4963522047244094
0
LINE
8
BLACK
6
CONTINUOUS
10
0.7017004724409449
20
0.4963522047244094
11
0.7036129527559055
21
0.5037385826771653
0
LINE
8
BLACK
6
CONTINUOUS
10
0.7036129527559055
20
0.5037385826771653
11
0.7039994094488189
21
0.5113587401574803
0
LINE
8
BLACK
6
CONTINUOUS
10
0.7039994094488189
20
0.5113587401574803
11
0.7028440157480315
21
0.5189007480314961
0
LINE
8
BLACK
6
CONTINUOUS
10
0.7028440157480315
20
0.5189007480314961
11
0.7001940944881889
21
0.526055748031496
0
LINE
8
BLACK
6
CONTINUOUS
10
0.7001940944881889
20
0.526055748031496
11
0.6961581102362204
21
0.5325308661417323
0
LINE
8
BLACK
6
CONTINUOUS
10
0.6961581102362204
20
0.5325308661417323
11
0.6909013385826771
21
0.5380609842519685
0
LINE
8
BLACK
6
CONTINUOUS
10
0.6909013385826771
20
0.5380609842519685
11
0.684638937007874
21
0.5424197244094489
0
LINE
8
BLACK
6
CONTINUOUS
10
0.684638937007874
20
0.5424197244094489
11
0.6776273228346457
21
0.5454286614173228
0
LINE
8
BLACK
6
CONTINUOUS
10
0.6776273228346457
20
0.5454286614173228
11
0.6776272047244094
21
0.5454287007874016
0
LINE
8
BLACK
6
CONTINUOUS
10
0.6776272047244094
20
0.5454287007874016
11
0.6776271653543307
21
0.5454287007874016
0
LINE
8
BLACK
6
CONTINUOUS
10
0.6776271653543307
20
0.5454287007874016
11
0.6741585826771653
21
0.5461415354330709
0
LINE
8
BLACK
6
CONTINUOUS
10
0.6741585826771653
20
0.5461415354330709
11
0.6701535433070867
21
0.5469645669291339
0
LINE
8
BLACK
6
CONTINUOUS
10
0.6701535433070867
20
0.5469645669291339
11
0.6368770866141732
21
0.5469645669291339
0
LINE
8
BLACK
6
CONTINUOUS
10
0.6368770866141732
20
0.5469645669291339
11
0.6311886614173228
21
0.5463861417322835
0
LINE
8
BLACK
6
CONTINUOUS
10
0.6311886614173228
20
0.5463861417322835
11
0.6311884645669291
21
0.5463861023622048
0
LINE
8
BLACK
6
CONTINUOUS
10
0.6311884645669291
20
0.5463861023622048
11
0.6239087007874016
21
0.5441020472440945
0
LINE
8
BLACK
6
CONTINUOUS
10
0.6239087007874016
20
0.5441020472440945
11
0.6172374015748031
21
0.5403991732283464
0
LINE
8
BLACK
6
CONTINUOUS
10
0.6172374015748031
20
0.5403991732283464
11
0.6172373622047244
21
0.5403991338582677
0
LINE
8
BLACK
6
CONTINUOUS
10
0.6172373622047244
20
0.5403991338582677
11
0.611448188976378
21
0.5354292913385826
0
LINE
8
BLACK
6
CONTINUOUS
10
0.611448188976378
20
0.5354292913385826
11
0.6093764960629922
21
0.5327528346456692
0
LINE
8
BLACK
6
CONTINUOUS
10
0.6093764960629922
20
0.5327528346456692
11
0.6073533464566929
21
0.5313749212598425
0
LINE
8
BLACK
6
CONTINUOUS
10
0.6073533464566929
20
0.5313749212598425
11
0.6062445275590551
21
0.5312165354330709
0
LINE
8
BLACK
6
CONTINUOUS
10
0.6062445275590551
20
0.5312165354330709
11
0.5917593700787401
21
0.5312165354330709
0
LINE
8
BLACK
6
CONTINUOUS
10
0.5917593700787401
20
0.5312165354330709
11
0.5894313779527559
21
0.5319729527559055
0
LINE
8
BLACK
6
CONTINUOUS
10
0.5894313779527559
20
0.5319729527559055
11
0.588958779527559
21
0.5323765748031496
0
LINE
8
BLACK
6
CONTINUOUS
10
0.588958779527559
20
0.5323765748031496
11
0.4926914960629921
21
0.6286438976377953
0
LINE
8
BLACK
6
CONTINUOUS
10
0.4926914960629921
20
0.6286438976377953
11
0.4915802362204724
21
0.6308249212598425
0
LINE
8
BLACK
6
CONTINUOUS
10
0.4915802362204724
20
0.6308249212598425
11
0.4915314566929134
21
0.6314444881889764
0
LINE
8
BLACK
6
CONTINUOUS
10
0.4915314566929134
20
0.6314444881889764
11
0.4915314566929134
21
0.6471281889763779
0
LINE
8
BLACK
6
CONTINUOUS
10
0.4915314566929134
20
0.6471281889763779
11
0.4911822047244094
21
0.6488841732283465
0
LINE
8
BLACK
6
CONTINUOUS
10
0.4911822047244094
20
0.6488841732283465
11
0.491182125984252
21
0.6488843307086614
0
LINE
8
BLACK
6
CONTINUOUS
10
0.491182125984252
20
0.6488843307086614
11
0.4898517716535433
21
0.6508753149606299
0
LINE
8
BLACK
6
CONTINUOUS
10
0.4898517716535433
20
0.6508753149606299
11
0.4898516929133858
21
0.6508753937007874
0
LINE
8
BLACK
6
CONTINUOUS
10
0.4898516929133858
20
0.6508753937007874
11
0.4878605118110236
21
0.6522058661417323
0
LINE
8
BLACK
6
CONTINUOUS
10
0.4878605118110236
20
0.6522058661417323
11
0.4864538582677165
21
0.6524856692913386
0
LINE
8
BLACK
6
CONTINUOUS
10
0.4864538582677165
20
0.6524856692913386
11
0.4861046062992126
21
0.6525551181102363
0
LINE
8
BLACK
6
CONTINUOUS
10
0.4861046062992126
20
0.6525551181102363
11
0.4861045669291338
21
0.6525551181102363
0
LINE
8
BLACK
6
CONTINUOUS
10
0.4861045669291338
20
0.6525551181102363
11
0.4249190551181102
21
0.6525551181102363
0
LINE
8
BLACK
6
CONTINUOUS
10
0.4249190551181102
20
0.6525551181102363
11
0.4231630708661417
21
0.6522058661417323
0
LINE
8
BLACK
6
CONTINUOUS
10
0.4231630708661417
20
0.6522058661417323
11
0.4231629133858268
21
0.6522057874015748
0
LINE
8
BLACK
6
CONTINUOUS
10
0.4231629133858268
20
0.6522057874015748
11
0.4211719291338583
21
0.6508754330708661
0
LINE
8
BLACK
6
CONTINUOUS
10
0.4211719291338583
20
0.6508754330708661
11
0.4211718503937008
21
0.6508753543307086
0
LINE
8
BLACK
6
CONTINUOUS
10
0.4211718503937008
20
0.6508753543307086
11
0.4198413779527559
21
0.6488841732283465
0
LINE
8
BLACK
6
CONTINUOUS
10
0.4198413779527559
20
0.6488841732283465
11
0.419492125984252
21
0.6471282283464567
0
LINE
8
BLACK
6
CONTINUOUS
10
0.419492125984252
20
0.6471282283464567
11
0.419492125984252
21
0.6422637795275591
0
LINE
8
BLACK
6
CONTINUOUS
10
0.419492125984252
20
0.6422637795275591
11
0.4187357086614173
21
0.6399357874015748
0
LINE
8
BLACK
6
CONTINUOUS
10
0.4187357086614173
20
0.6399357874015748
11
0.4167553937007874
21
0.6384970078740158
0
LINE
8
BLACK
6
CONTINUOUS
10
0.4167553937007874
20
0.6384970078740158
11
0.4155314960629921
21
0.6383031496062992
0
LINE
8
BLACK
6
CONTINUOUS
10
0.4155314960629921
20
0.6383031496062992
11
0.3954920866141732
21
0.6383031496062992
0
LINE
8
BLACK
6
CONTINUOUS
10
0.3954920866141732
20
0.6383031496062992
11
0.393164094488189
21
0.6390595669291338
0
LINE
8
BLACK
6
CONTINUOUS
10
0.393164094488189
20
0.6390595669291338
11
0.3917253149606299
21
0.6410398818897638
0
LINE
8
BLACK
6
CONTINUOUS
10
0.3917253149606299
20
0.6410398818897638
11
0.3915314566929134
21
0.6422637795275591
0
LINE
8
BLACK
6
CONTINUOUS
10
0.3915314566929134
20
0.6422637795275591
11
0.3915314566929134
21
0.6471281889763779
0
LINE
8
BLACK
6
CONTINUOUS
10
0.3915314566929134
20
0.6471281889763779
11
0.3911822047244095
21
0.6488841732283465
0
LINE
8
BLACK
6
CONTINUOUS
10
0.3911822047244095
20
0.6488841732283465
11
0.3911821259842519
21
0.6488843307086614
0
LINE
8
BLACK
6
CONTINUOUS
10
0.3911821259842519
20
0.6488843307086614
11
0.3898517716535433
21
0.6508753149606299
0
LINE
8
BLACK
6
CONTINUOUS
10
0.3898517716535433
20
0.6508753149606299
11
0.3898516929133858
21
0.6508753937007874
0
LINE
8
BLACK
6
CONTINUOUS
10
0.3898516929133858
20
0.6508753937007874
11
0.3878605118110236
21
0.6522058661417323
0
LINE
8
BLACK
6
CONTINUOUS
10
0.3878605118110236
20
0.6522058661417323
11
0.3864538582677165
21
0.6524856692913386
0
LINE
8
BLACK
6
CONTINUOUS
10
0.3864538582677165
20
0.6524856692913386
11
0.3861046062992126
21
0.6525551181102363
0
LINE
8
BLACK
6
CONTINUOUS
10
0.3861046062992126
20
0.6525551181102363
11
0.3861045669291339
21
0.6525551181102363
0
LINE
8
BLACK
6
CONTINUOUS
10
0.3861045669291339
20
0.6525551181102363
11
0.3249190551181103
21
0.6525551181102363
0
LINE
8
BLACK
6
CONTINUOUS
10
0.3249190551181103
20
0.6525551181102363
11
0.3231630708661417
21
0.6522058661417323
0
LINE
8
BLACK
6
CONTINUOUS
10
0.3231630708661417
20
0.6522058661417323
11
0.3231629133858268
21
0.6522057874015748
0
LINE
8
BLACK
6
CONTINUOUS
10
0.3231629133858268
20
0.6522057874015748
11
0.3211719291338583
21
0.6508754330708661
0
LINE
8
BLACK
6
CONTINUOUS
10
0.3211719291338583
20
0.6508754330708661
11
0.3211718503937008
21
0.6508753543307086
0
LINE
8
BLACK
6
CONTINUOUS
10
0.3211718503937008
20
0.6508753543307086
11
0.3198413779527559
21
0.6488841732283465
0
LINE
8
BLACK
6
CONTINUOUS
10
0.3198413779527559
20
0.6488841732283465
11
0.319492125984252
21
0.6471282283464567
0
LINE
8
BLACK
6
CONTINUOUS
10
0.319492125984252
20
0.6471282283464567
11
0.319492125984252
21
0.5859427165354331
0
LINE
8
BLACK
6
CONTINUOUS
10
0.319492125984252
20
0.5859427165354331
11
0.3198413779527559
21
0.5841867322834645
0
LINE
8
BLACK
6
CONTINUOUS
10
0.902274094488189
20
0.499996811023622
11
0.9039862204724409
21
0.4953740157480315
0
LINE
8
BLACK
6
CONTINUOUS
10
0.9039862204724409
20
0.4953740157480315
11
0.9049240157480315
21
0.4928418897637795
0
LINE
8
BLACK
6
CONTINUOUS
10
0.9049240157480315
20
0.4928418897637795
11
0.9074499606299212
21
0.4887894094488189
0
LINE
8
BLACK
6
CONTINUOUS
10
0.9074499606299212
20
0.4887894094488189
11
0.9089085826771653
21
0.4864492125984252
0
LINE
8
BLACK
6
CONTINUOUS
10
0.9089085826771653
20
0.4864492125984252
11
0.90896
21
0.4863667716535433
0
LINE
8
BLACK
6
CONTINUOUS
10
0.90896
20
0.4863667716535433
11
0.9142167716535433
21
0.4808366535433071
0
LINE
8
BLACK
6
CONTINUOUS
10
0.9142167716535433
20
0.4808366535433071
11
0.9204791732283464
21
0.4764779133858267
0
LINE
8
BLACK
6
CONTINUOUS
10
0.9204791732283464
20
0.4764779133858267
11
0.9274907874015748
21
0.4734689763779528
0
LINE
8
BLACK
6
CONTINUOUS
10
0.9274907874015748
20
0.4734689763779528
11
0.9349645669291339
21
0.4719330708661417
0
LINE
8
BLACK
6
CONTINUOUS
10
0.9349645669291339
20
0.4719330708661417
11
0.9349646062992126
21
0.4719330708661417
0
LINE
8
BLACK
6
CONTINUOUS
10
0.9349646062992126
20
0.4719330708661417
11
0.9682410236220472
21
0.4719330708661417
0
LINE
8
BLACK
6
CONTINUOUS
10
0.9682410236220472
20
0.4719330708661417
11
0.9739294094488189
21
0.4725115354330708
0
LINE
8
BLACK
6
CONTINUOUS
10
0.9739294094488189
20
0.4725115354330708
11
0.9739296062992125
21
0.4725115748031496
0
LINE
8
BLACK
6
CONTINUOUS
10
0.9739296062992125
20
0.4725115748031496
11
0.9773906692913386
21
0.4735975196850394
0
LINE
8
BLACK
6
CONTINUOUS
10
0.9773906692913386
20
0.4735975196850394
11
0.9812094488188976
21
0.4747956299212598
0
LINE
8
BLACK
6
CONTINUOUS
10
0.9812094488188976
20
0.4747956299212598
11
0.9878806692913386
21
0.4784984645669291
0
LINE
8
BLACK
6
CONTINUOUS
10
0.9878806692913386
20
0.4784984645669291
11
0.9936699606299212
21
0.4834684251968504
0
LINE
8
BLACK
6
CONTINUOUS
10
0.9936699606299212
20
0.4834684251968504
11
0.9957416141732284
21
0.4861448031496063
0
LINE
8
BLACK
6
CONTINUOUS
10
0.9957416141732284
20
0.4861448031496063
11
0.9977647637795275
21
0.4875227165354331
0
LINE
8
BLACK
6
CONTINUOUS
10
0.9977647637795275
20
0.4875227165354331
11
0.9988735826771653
21
0.4876811023622047
0
LINE
8
BLACK
6
CONTINUOUS
10
0.9988735826771653
20
0.4876811023622047
11
1.0286951181102362
21
0.4876811023622047
0
LINE
8
BLACK
6
CONTINUOUS
10
1.0286951181102362
20
0.4876811023622047
11
1.0288303543307087
21
0.4876787795275591
0
LINE
8
BLACK
6
CONTINUOUS
10
1.0288303543307087
20
0.4876787795275591
11
1.0313808267716535
21
0.4875916535433071
0
LINE
8
BLACK
6
CONTINUOUS
10
1.0313808267716535
20
0.4875916535433071
11
1.0330067716535434
21
0.4879879133858268
0
LINE
8
BLACK
6
CONTINUOUS
10
1.0330067716535434
20
0.4879879133858268
11
1.0334046062992126
21
0.4880635039370079
0
LINE
8
BLACK
6
CONTINUOUS
10
1.0334046062992126
20
0.4880635039370079
11
1.0350619291338583
21
0.4882912598425197
0
LINE
8
BLACK
6
CONTINUOUS
10
1.0350619291338583
20
0.4882912598425197
11
1.0357866535433071
21
0.4886061023622047
0
LINE
8
BLACK
6
CONTINUOUS
10
1.0357866535433071
20
0.4886061023622047
11
1.0364262204724408
21
0.4888212204724409
0
LINE
8
BLACK
6
CONTINUOUS
10
1.0364262204724408
20
0.4888212204724409
11
1.0371945275590551
21
0.4890083858267716
0
LINE
8
BLACK
6
CONTINUOUS
10
1.0371945275590551
20
0.4890083858267716
11
1.0386533858267717
21
0.4898287401574803
0
LINE
8
BLACK
6
CONTINUOUS
10
1.0386533858267717
20
0.4898287401574803
11
1.0390155118110236
21
0.4900085826771653
0
LINE
8
BLACK
6
CONTINUOUS
10
1.0390155118110236
20
0.4900085826771653
11
1.0405503543307086
21
0.4906751968503937
0
LINE
8
BLACK
6
CONTINUOUS
10
1.0405503543307086
20
0.4906751968503937
11
1.0411633070866142
21
0.491173937007874
0
LINE
8
BLACK
6
CONTINUOUS
10
1.0411633070866142
20
0.491173937007874
11
1.0417216141732284
21
0.491553937007874
0
LINE
8
BLACK
6
CONTINUOUS
10
1.0417216141732284
20
0.491553937007874
11
1.0424103543307086
21
0.4919411417322834
0
LINE
8
BLACK
6
CONTINUOUS
10
1.0424103543307086
20
0.4919411417322834
11
1.0435935433070866
21
0.4931244094488189
0
LINE
8
BLACK
6
CONTINUOUS
10
1.0435935433070866
20
0.4931244094488189
11
1.0438934251968504
21
0.4933950787401575
0
LINE
8
BLACK
6
CONTINUOUS
10
1.0438934251968504
20
0.4933950787401575
11
1.0451920472440945
21
0.4944514960629921
0
LINE
8
BLACK
6
CONTINUOUS
10
1.0451920472440945
20
0.4944514960629921
11
1.0456479921259842
21
0.4950975196850393
0
LINE
8
BLACK
6
CONTINUOUS
10
1.0456479921259842
20
0.4950975196850393
11
1.0460825984251969
21
0.4956134251968504
0
LINE
8
BLACK
6
CONTINUOUS
10
1.0460825984251969
20
0.4956134251968504
11
1.1298249212598426
21
0.5793557874015748
0
LINE
8
BLACK
6
CONTINUOUS
10
1.1298249212598426
20
0.5793557874015748
11
1.1320059448818898
21
0.5804670078740157
0
LINE
8
BLACK
6
CONTINUOUS
10
1.1320059448818898
20
0.5804670078740157
11
1.1326255118110236
21
0.5805157874015748
0
LINE
8
BLACK
6
CONTINUOUS
10
1.1326255118110236
20
0.5805157874015748
11
1.1853171653543306
21
0.5805157874015748
0
LINE
8
BLACK
6
CONTINUOUS
10
1.1853171653543306
20
0.5805157874015748
11
1.1870731496062992
21
0.5808650393700787
0
LINE
8
BLACK
6
CONTINUOUS
10
1.1870731496062992
20
0.5808650393700787
11
1.1890643307086615
21
0.5821955118110236
0
LINE
8
BLACK
6
CONTINUOUS
10
1.1890643307086615
20
0.5821955118110236
11
1.1903948031496063
21
0.5841866929133858
0
LINE
8
BLACK
6
CONTINUOUS
10
1.1903948031496063
20
0.5841866929133858
11
1.1907440944881889
21
0.5859426377952756
0
LINE
8
BLACK
6
CONTINUOUS
10
1.1907440944881889
20
0.5859426377952756
11
1.1907440944881889
21
0.5908070866141732
0
LINE
8
BLACK
6
CONTINUOUS
10
1.1907440944881889
20
0.5908070866141732
11
1.1915005118110236
21
0.5931350787401575
0
LINE
8
BLACK
6
CONTINUOUS
10
1.1915005118110236
20
0.5931350787401575
11
1.1934808267716535
21
0.5945738582677165
0
LINE
8
BLACK
6
CONTINUOUS
10
1.1934808267716535
20
0.5945738582677165
11
1.1947047244094489
21
0.594767716535433
0
LINE
8
BLACK
6
CONTINUOUS
10
1.1947047244094489
20
0.594767716535433
11
1.2147441338582676
21
0.594767716535433
0
LINE
8
BLACK
6
CONTINUOUS
10
1.2147441338582676
20
0.594767716535433
11
1.2170721259842519
21
0.5940112992125984
0
LINE
8
BLACK
6
CONTINUOUS
10
1.2170721259842519
20
0.5940112992125984
11
1.2185109055118111
21
0.5920309842519685
0
LINE
8
BLACK
6
CONTINUOUS
10
1.2185109055118111
20
0.5920309842519685
11
1.2187047637795276
21
0.5908070866141732
0
LINE
8
BLACK
6
CONTINUOUS
10
1.2187047637795276
20
0.5908070866141732
11
1.2187047637795276
21
0.5859427165354331
0
LINE
8
BLACK
6
CONTINUOUS
10
1.2187047637795276
20
0.5859427165354331
11
1.2190539763779527
21
0.5841867322834645
0
LINE
8
BLACK
6
CONTINUOUS
10
1.2190539763779527
20
0.5841867322834645
11
1.2190540551181102
21
0.5841865748031496
0
LINE
8
BLACK
6
CONTINUOUS
10
1.2190540551181102
20
0.5841865748031496
11
1.2203844094488188
21
0.5821955905511811
0
LINE
8
BLACK
6
CONTINUOUS
10
1.2203844094488188
20
0.5821955905511811
11
1.2203844488188975
21
0.5821955511811023
0
LINE
8
BLACK
6
CONTINUOUS
10
1.2203844488188975
20
0.5821955511811023
11
1.2203844881889763
21
0.5821955118110236
0
LINE
8
BLACK
6
CONTINUOUS
10
1.2203844881889763
20
0.5821955118110236
11
1.2223756692913386
21
0.5808650393700787
0
LINE
8
BLACK
6
CONTINUOUS
10
1.2223756692913386
20
0.5808650393700787
11
1.2241316141732284
21
0.5805157480314961
0
LINE
8
BLACK
6
CONTINUOUS
10
1.2241316141732284
20
0.5805157480314961
11
1.2853171653543307
21
0.5805157874015748
0
LINE
8
BLACK
6
CONTINUOUS
10
1.2853171653543307
20
0.5805157874015748
11
1.2870731496062993
21
0.5808650393700787
0
LINE
8
BLACK
6
CONTINUOUS
10
1.2870731496062993
20
0.5808650393700787
11
1.2890643307086613
21
0.5821955118110236
0
LINE
8
BLACK
6
CONTINUOUS
10
1.2890643307086613
20
0.5821955118110236
11
1.2903948031496062
21
0.5841866929133858
0
LINE
8
BLACK
6
CONTINUOUS
10
1.2903948031496062
20
0.5841866929133858
11
1.2907440944881889
21
0.5859426377952756
0
LINE
8
BLACK
6
CONTINUOUS
10
1.2907440944881889
20
0.5859426377952756
11
1.2907440551181102
21
0.6471281889763779
0
LINE
8
BLACK
6
CONTINUOUS
10
1.2907440551181102
20
0.6471281889763779
11
1.2903948031496062
21
0.6488841732283465
0
LINE
8
BLACK
6
CONTINUOUS
10
1.2903948031496062
20
0.6488841732283465
11
1.2903947244094487
21
0.6488843307086614
0
LINE
8
BLACK
6
CONTINUOUS
10
1.2903947244094487
20
0.6488843307086614
11
1.2890643700787401
21
0.6508753149606299
0
LINE
8
BLACK
6
CONTINUOUS
10
1.2890643700787401
20
0.6508753149606299
11
1.2890642913385826
21
0.6508753937007874
0
LINE
8
BLACK
6
CONTINUOUS
10
1.2890642913385826
20
0.6508753937007874
11
1.2870731102362205
21
0.6522058661417323
0
LINE
8
BLACK
6
CONTINUOUS
10
1.2870731102362205
20
0.6522058661417323
11
1.2856664566929135
21
0.6524856692913386
0
LINE
8
BLACK
6
CONTINUOUS
10
1.2856664566929135
20
0.6524856692913386
11
1.2853172047244095
21
0.6525551181102363
0
LINE
8
BLACK
6
CONTINUOUS
10
1.2853172047244095
20
0.6525551181102363
11
1.2853171653543307
21
0.6525551181102363
0
LINE
8
BLACK
6
CONTINUOUS
10
1.2853171653543307
20
0.6525551181102363
11
1.2241316535433071
21
0.6525551181102363
0
LINE
8
BLACK
6
CONTINUOUS
10
1.2241316535433071
20
0.6525551181102363
11
1.2223756692913386
21
0.6522058661417323
0
LINE
8
BLACK
6
CONTINUOUS
10
1.2223756692913386
20
0.6522058661417323
11
1.2223755118110236
21
0.6522057874015748
0
LINE
8
BLACK
6
CONTINUOUS
10
1.2223755118110236
20
0.6522057874015748
11
1.220384527559055
21
0.6508754330708661
0
LINE
8
BLACK
6
CONTINUOUS
10
1.220384527559055
20
0.6508754330708661
11
1.2203844488188975
21
0.6508753543307086
0
LINE
8
BLACK
6
CONTINUOUS
10
1.2203844488188975
20
0.6508753543307086
11
1.2190539763779527
21
0.6488841732283465
0
LINE
8
BLACK
6
CONTINUOUS
10
1.2190539763779527
20
0.6488841732283465
11
1.2187047244094489
21
0.6471282283464567
0
LINE
8
BLACK
6
CONTINUOUS
10
1.2187047244094489
20
0.6471282283464567
11
1.2187047244094489
21
0.6422637795275591
0
LINE
8
BLACK
6
CONTINUOUS
10
1.2187047244094489
20
0.6422637795275591
11
1.2179483070866142
21
0.6399357874015748
0
LINE
8
BLACK
6
CONTINUOUS
10
1.2179483070866142
20
0.6399357874015748
11
1.2159679921259843
21
0.6384970078740158
0
LINE
8
BLACK
6
CONTINUOUS
10
1.2159679921259843
20
0.6384970078740158
11
1.2147440944881889
21
0.6383031496062992
0
LINE
8
BLACK
6
CONTINUOUS
10
1.2147440944881889
20
0.6383031496062992
11
1.1947046850393701
21
0.6383031496062992
0
LINE
8
BLACK
6
CONTINUOUS
10
1.1947046850393701
20
0.6383031496062992
11
1.1923766929133859
21
0.6390595669291338
0
LINE
8
BLACK
6
CONTINUOUS
10
1.1923766929133859
20
0.6390595669291338
11
1.1909379133858267
21
0.6410398818897638
0
LINE
8
BLACK
6
CONTINUOUS
10
1.1909379133858267
20
0.6410398818897638
11
1.1907440551181101
21
0.6422637795275591
0
LINE
8
BLACK
6
CONTINUOUS
10
1.1907440551181101
20
0.6422637795275591
11
1.1907440551181101
21
0.6471281889763779
0
LINE
8
BLACK
6
CONTINUOUS
10
1.1907440551181101
20
0.6471281889763779
11
1.1903948031496063
21
0.6488841732283465
0
LINE
8
BLACK
6
CONTINUOUS
10
1.1903948031496063
20
0.6488841732283465
11
1.1903947244094488
21
0.6488843307086614
0
LINE
8
BLACK
6
CONTINUOUS
10
1.1903947244094488
20
0.6488843307086614
11
1.1890643700787402
21
0.6508753149606299
0
LINE
8
BLACK
6
CONTINUOUS
10
1.1890643700787402
20
0.6508753149606299
11
1.1890642913385827
21
0.6508753937007874
0
LINE
8
BLACK
6
CONTINUOUS
10
1.1890642913385827
20
0.6508753937007874
11
1.1870731102362204
21
0.6522058661417323
0
LINE
8
BLACK
6
CONTINUOUS
10
1.1870731102362204
20
0.6522058661417323
11
1.1856664566929134
21
0.6524856692913386
0
LINE
8
BLACK
6
CONTINUOUS
10
1.1856664566929134
20
0.6524856692913386
11
1.1853172047244094
21
0.6525551181102363
0
LINE
8
BLACK
6
CONTINUOUS
10
1.1853172047244094
20
0.6525551181102363
11
1.1853171653543306
21
0.6525551181102363
0
LINE
8
BLACK
6
CONTINUOUS
10
1.1853171653543306
20
0.6525551181102363
11
1.124131653543307
21
0.6525551181102363
0
LINE
8
BLACK
6
CONTINUOUS
10
1.124131653543307
20
0.6525551181102363
11
1.1223756692913385
21
0.6522058661417323
0
LINE
8
BLACK
6
CONTINUOUS
10
1.1223756692913385
20
0.6522058661417323
11
1.1223755118110237
21
0.6522057874015748
0
LINE
8
BLACK
6
CONTINUOUS
10
1.1223755118110237
20
0.6522057874015748
11
1.1203845275590552
21
0.6508754330708661
0
LINE
8
BLACK
6
CONTINUOUS
10
1.1203845275590552
20
0.6508754330708661
11
1.1203844488188976
21
0.6508753543307086
0
LINE
8
BLACK
6
CONTINUOUS
10
1.1203844488188976
20
0.6508753543307086
11
1.1190539763779528
21
0.6488841732283465
0
LINE
8
BLACK
6
CONTINUOUS
10
1.1190539763779528
20
0.6488841732283465
11
1.1187047244094488
21
0.6471282283464567
0
LINE
8
BLACK
6
CONTINUOUS
10
1.1187047244094488
20
0.6471282283464567
11
1.1187047244094488
21
0.6314444488188976
0
LINE
8
BLACK
6
CONTINUOUS
10
1.1187047244094488
20
0.6314444488188976
11
1.1179483070866141
21
0.6291164566929134
0
LINE
8
BLACK
6
CONTINUOUS
10
1.1179483070866141
20
0.6291164566929134
11
1.11754468503937
21
0.6286438582677165
0
LINE
8
BLACK
6
CONTINUOUS
10
1.11754468503937
20
0.6286438582677165
11
1.0212774015748032
21
0.5323765748031496
0
LINE
8
BLACK
6
CONTINUOUS
10
1.0212774015748032
20
0.5323765748031496
11
1.019096377952756
21
0.5312653149606299
0
LINE
8
BLACK
6
CONTINUOUS
10
1.019096377952756
20
0.5312653149606299
11
1.018476811023622
21
0.5312165354330709
0
LINE
8
BLACK
6
CONTINUOUS
10
1.018476811023622
20
0.5312165354330709
11
0.9991070866141732
21
0.5312165354330709
0
LINE
8
BLACK
6
CONTINUOUS
10
0.9991070866141732
20
0.5312165354330709
11
0.9967790944881889
21
0.5319729527559055
0
LINE
8
BLACK
6
CONTINUOUS
10
0.9967790944881889
20
0.5319729527559055
11
0.9962364566929134
21
0.5324484251968504
0
LINE
8
BLACK
6
CONTINUOUS
10
0.9962364566929134
20
0.5324484251968504
11
0.9959470866141732
21
0.5327528346456692
0
LINE
8
BLACK
6
CONTINUOUS
10
0.9959470866141732
20
0.5327528346456692
11
0.9909013385826771
21
0.5380609842519685
0
LINE
8
BLACK
6
CONTINUOUS
10
0.9909013385826771
20
0.5380609842519685
11
0.984638937007874
21
0.5424197244094489
0
LINE
8
BLACK
6
CONTINUOUS
10
0.984638937007874
20
0.5424197244094489
11
0.9776273228346456
21
0.5454286614173228
0
LINE
8
BLACK
6
CONTINUOUS
10
0.9776273228346456
20
0.5454286614173228
11
0.9776272047244094
21
0.5454287007874016
0
LINE
8
BLACK
6
CONTINUOUS
10
0.9776272047244094
20
0.5454287007874016
11
0.9776271653543307
21
0.5454287007874016
0
LINE
8
BLACK
6
CONTINUOUS
10
0.9776271653543307
20
0.5454287007874016
11
0.9741585826771654
21
0.5461415354330709
0
LINE
8
BLACK
6
CONTINUOUS
10
0.9741585826771654
20
0.5461415354330709
11
0.9701535433070866
21
0.5469645669291339
0
LINE
8
BLACK
6
CONTINUOUS
10
0.9701535433070866
20
0.5469645669291339
11
0.9368770866141732
21
0.5469645669291339
0
LINE
8
BLACK
6
CONTINUOUS
10
0.9368770866141732
20
0.5469645669291339
11
0.9311886614173228
21
0.5463861417322835
0
LINE
8
BLACK
6
CONTINUOUS
10
0.9311886614173228
20
0.5463861417322835
11
0.9311884645669292
21
0.5463861023622048
0
LINE
8
BLACK
6
CONTINUOUS
10
0.9311884645669292
20
0.5463861023622048
11
0.9239087007874015
21
0.5441020472440945
0
LINE
8
BLACK
6
CONTINUOUS
10
0.9239087007874015
20
0.5441020472440945
11
0.9172374015748032
21
0.5403991732283464
0
LINE
8
BLACK
6
CONTINUOUS
10
0.9172374015748032
20
0.5403991732283464
11
0.9172373622047244
21
0.5403991338582677
0
LINE
8
BLACK
6
CONTINUOUS
10
0.9172373622047244
20
0.5403991338582677
11
0.9114481889763779
21
0.5354292913385826
0
LINE
8
BLACK
6
CONTINUOUS
10
0.9114481889763779
20
0.5354292913385826
11
0.9067778346456693
21
0.5293956692913385
0
LINE
8
BLACK
6
CONTINUOUS
10
0.9067778346456693
20
0.5293956692913385
11
0.9034176377952756
21
0.5225454724409448
0
LINE
8
BLACK
6
CONTINUOUS
10
0.9034176377952756
20
0.5225454724409448
11
0.9015051574803149
21
0.5151590157480315
0
LINE
8
BLACK
6
CONTINUOUS
10
0.9015051574803149
20
0.5151590157480315
11
0.9011187007874015
21
0.5075389763779528
0
LINE
8
BLACK
6
CONTINUOUS
10
0.9011187007874015
20
0.5075389763779528
11
0.9011187007874015
21
0.5075388976377952
0
LINE
8
BLACK
6
CONTINUOUS
10
0.9011187007874015
20
0.5075388976377952
11
0.902274094488189
21
0.499996811023622
0
LINE
8
BLACK
6
CONTINUOUS
10
0.3198413779527559
20
0.6841867322834646
11
0.3198414566929134
21
0.6841865748031496
0
LINE
8
BLACK
6
CONTINUOUS
10
0.3198414566929134
20
0.6841865748031496
11
0.321171811023622
21
0.6821955905511811
0
LINE
8
BLACK
6
CONTINUOUS
10
0.321171811023622
20
0.6821955905511811
11
0.3211718503937008
21
0.6821955511811023
0
LINE
8
BLACK
6
CONTINUOUS
10
0.3211718503937008
20
0.6821955511811023
11
0.3211718897637795
21
0.6821955118110236
0
LINE
8
BLACK
6
CONTINUOUS
10
0.3211718897637795
20
0.6821955118110236
11
0.3231630708661417
21
0.6808650393700787
0
LINE
8
BLACK
6
CONTINUOUS
10
0.3231630708661417
20
0.6808650393700787
11
0.3249190157480315
21
0.6805157480314961
0
LINE
8
BLACK
6
CONTINUOUS
10
0.3249190157480315
20
0.6805157480314961
11
0.3861045669291339
21
0.6805157874015748
0
LINE
8
BLACK
6
CONTINUOUS
10
0.3861045669291339
20
0.6805157874015748
11
0.3878605511811024
21
0.6808650393700787
0
LINE
8
BLACK
6
CONTINUOUS
10
0.3878605511811024
20
0.6808650393700787
11
0.3898517322834645
21
0.6821955118110236
0
LINE
8
BLACK
6
CONTINUOUS
10
0.3898517322834645
20
0.6821955118110236
11
0.3911822047244095
21
0.6841866929133859
0
LINE
8
BLACK
6
CONTINUOUS
10
0.3911822047244095
20
0.6841866929133859
11
0.3915314960629921
21
0.6859426377952755
0
LINE
8
BLACK
6
CONTINUOUS
10
0.3915314960629921
20
0.6859426377952755
11
0.3915314960629921
21
0.6908070866141732
0
LINE
8
BLACK
6
CONTINUOUS
10
0.3915314960629921
20
0.6908070866141732
11
0.3922879133858267
21
0.6931350787401575
0
LINE
8
BLACK
6
CONTINUOUS
10
0.3922879133858267
20
0.6931350787401575
11
0.3942682283464567
21
0.6945738582677166
0
LINE
8
BLACK
6
CONTINUOUS
10
0.3942682283464567
20
0.6945738582677166
11
0.395492125984252
21
0.694767716535433
0
LINE
8
BLACK
6
CONTINUOUS
10
0.395492125984252
20
0.694767716535433
11
0.4155315354330709
21
0.694767716535433
0
LINE
8
BLACK
6
CONTINUOUS
10
0.4155315354330709
20
0.694767716535433
11
0.4178595275590551
21
0.6940112992125984
0
LINE
8
BLACK
6
CONTINUOUS
10
0.4178595275590551
20
0.6940112992125984
11
0.4192983070866141
21
0.6920309842519685
0
LINE
8
BLACK
6
CONTINUOUS
10
0.4192983070866141
20
0.6920309842519685
11
0.4194921653543307
21
0.6908070866141732
0
LINE
8
BLACK
6
CONTINUOUS
10
0.4194921653543307
20
0.6908070866141732
11
0.4194921653543307
21
0.685942716535433
0
LINE
8
BLACK
6
CONTINUOUS
10
0.4194921653543307
20
0.685942716535433
11
0.4198413779527559
21
0.6841867322834646
0
LINE
8
BLACK
6
CONTINUOUS
10
0.4198413779527559
20
0.6841867322834646
11
0.4198414566929134
21
0.6841865748031496
0
LINE
8
BLACK
6
CONTINUOUS
10
0.4198414566929134
20
0.6841865748031496
11
0.4211718110236221
21
0.6821955905511811
0
LINE
8
BLACK
6
CONTINUOUS
10
0.4211718110236221
20
0.6821955905511811
11
0.4211718503937008
21
0.6821955511811023
0
LINE
8
BLACK
6
CONTINUOUS
10
0.4211718503937008
20
0.6821955511811023
11
0.4211718897637795
21
0.6821955118110236
0
LINE
8
BLACK
6
CONTINUOUS
10
0.4211718897637795
20
0.6821955118110236
11
0.4231630708661417
21
0.6808650393700787
0
LINE
8
BLACK
6
CONTINUOUS
10
0.4231630708661417
20
0.6808650393700787
11
0.4249190157480315
21
0.6805157480314961
0
LINE
8
BLACK
6
CONTINUOUS
10
0.4249190157480315
20
0.6805157480314961
11
0.4720988188976378
21
0.6805157874015748
0
LINE
8
BLACK
6
CONTINUOUS
10
0.4720988188976378
20
0.6805157874015748
11
0.4744268110236221
21
0.6797593700787401
0
LINE
8
BLACK
6
CONTINUOUS
10
0.4744268110236221
20
0.6797593700787401
11
0.4748994094488189
21
0.679355748031496
0
LINE
8
BLACK
6
CONTINUOUS
10
0.4748994094488189
20
0.679355748031496
11
0.5598881496062992
21
0.5943670078740158
0
LINE
8
BLACK
6
CONTINUOUS
10
0.5598881496062992
20
0.5943670078740158
11
0.559982125984252
21
0.5942697637795276
0
LINE
8
BLACK
6
CONTINUOUS
10
0.559982125984252
20
0.5942697637795276
11
0.5617240551181102
21
0.5924046062992125
0
LINE
8
BLACK
6
CONTINUOUS
10
0.5617240551181102
20
0.5924046062992125
11
0.5631536614173228
21
0.5915352755905512
0
LINE
8
BLACK
6
CONTINUOUS
10
0.5631536614173228
20
0.5915352755905512
11
0.5634885433070866
21
0.5913073622047244
0
LINE
8
BLACK
6
CONTINUOUS
10
0.5634885433070866
20
0.5913073622047244
11
0.5648216929133858
21
0.5902963779527559
0
LINE
8
BLACK
6
CONTINUOUS
10
0.5648216929133858
20
0.5902963779527559
11
0.5655566929133858
21
0.5900065354330708
0
LINE
8
BLACK
6
CONTINUOUS
10
0.5655566929133858
20
0.5900065354330708
11
0.5661616141732283
21
0.589706062992126
0
LINE
8
BLACK
6
CONTINUOUS
10
0.5661616141732283
20
0.589706062992126
11
0.5668365748031496
21
0.5892955905511811
0
LINE
8
BLACK
6
CONTINUOUS
10
0.5668365748031496
20
0.5892955905511811
11
0.5668366141732283
21
0.5892955905511811
0
LINE
8
BLACK
6
CONTINUOUS
10
0.5668366141732283
20
0.5892955905511811
11
0.5668367322834645
21
0.5892955118110236
0
LINE
8
BLACK
6
CONTINUOUS
10
0.5668367322834645
20
0.5892955118110236
11
0.5684479921259843
21
0.588844094488189
0
LINE
8
BLACK
6
CONTINUOUS
10
0.5684479921259843
20
0.588844094488189
11
0.5688318503937008
21
0.5887149606299212
0
LINE
8
BLACK
6
CONTINUOUS
10
0.5688318503937008
20
0.5887149606299212
11
0.5703882677165354
21
0.5881011811023622
0
LINE
8
BLACK
6
CONTINUOUS
10
0.5703882677165354
20
0.5881011811023622
11
0.5711742125984252
21
0.5880204330708662
0
LINE
8
BLACK
6
CONTINUOUS
10
0.5711742125984252
20
0.5880204330708662
11
0.5718378346456693
21
0.5878943307086614
0
LINE
8
BLACK
6
CONTINUOUS
10
0.5718378346456693
20
0.5878943307086614
11
0.5725986614173229
21
0.5876811023622047
0
LINE
8
BLACK
6
CONTINUOUS
10
0.5725986614173229
20
0.5876811023622047
11
0.5742713385826772
21
0.5876811023622047
0
LINE
8
BLACK
6
CONTINUOUS
10
0.5742713385826772
20
0.5876811023622047
11
0.5746763385826772
21
0.5876603543307086
0
LINE
8
BLACK
6
CONTINUOUS
10
0.5746763385826772
20
0.5876603543307086
11
0.5763407086614173
21
0.5874892519685039
0
LINE
8
BLACK
6
CONTINUOUS
10
0.5763407086614173
20
0.5874892519685039
11
0.5771193307086614
21
0.5876235433070865
0
LINE
8
BLACK
6
CONTINUOUS
10
0.5771193307086614
20
0.5876235433070865
11
0.5777922834645669
21
0.5876811023622047
0
LINE
8
BLACK
6
CONTINUOUS
10
0.5777922834645669
20
0.5876811023622047
11
0.6060110236220473
21
0.5876811023622047
0
LINE
8
BLACK
6
CONTINUOUS
10
0.6060110236220473
20
0.5876811023622047
11
0.6083390157480315
21
0.5869246850393701
0
LINE
8
BLACK
6
CONTINUOUS
10
0.6083390157480315
20
0.5869246850393701
11
0.608881653543307
21
0.5864492125984252
0
LINE
8
BLACK
6
CONTINUOUS
10
0.608881653543307
20
0.5864492125984252
11
0.6089599606299212
21
0.5863668503937007
0
LINE
8
BLACK
6
CONTINUOUS
10
0.6089599606299212
20
0.5863668503937007
11
0.6089599999999999
21
0.5863667716535433
0
LINE
8
BLACK
6
CONTINUOUS
10
0.6089599999999999
20
0.5863667716535433
11
0.6142167716535433
21
0.580836653543307
0
LINE
8
BLACK
6
CONTINUOUS
10
0.6142167716535433
20
0.580836653543307
11
0.6204791732283464
21
0.5764779133858268
0
LINE
8
BLACK
6
CONTINUOUS
10
0.6204791732283464
20
0.5764779133858268
11
0.6274907874015748
21
0.5734689763779527
0
LINE
8
BLACK
6
CONTINUOUS
10
0.6274907874015748
20
0.5734689763779527
11
0.6349645669291338
21
0.5719330708661418
0
LINE
8
BLACK
6
CONTINUOUS
10
0.6349645669291338
20
0.5719330708661418
11
0.6349646062992126
21
0.5719330708661418
0
LINE
8
BLACK
6
CONTINUOUS
10
0.6349646062992126
20
0.5719330708661418
11
0.6682410236220472
21
0.5719330708661418
0
LINE
8
BLACK
6
CONTINUOUS
10
0.6682410236220472
20
0.5719330708661418
11
0.6739294094488189
21
0.5725115354330709
0
LINE
8
BLACK
6
CONTINUOUS
10
0.6739294094488189
20
0.5725115354330709
11
0.6739296062992126
21
0.5725115748031496
0
LINE
8
BLACK
6
CONTINUOUS
10
0.6739296062992126
20
0.5725115748031496
11
0.6773906692913386
21
0.5735975196850394
0
LINE
8
BLACK
6
CONTINUOUS
10
0.6773906692913386
20
0.5735975196850394
11
0.6812094488188977
21
0.5747956299212599
0
LINE
8
BLACK
6
CONTINUOUS
10
0.6812094488188977
20
0.5747956299212599
11
0.6878806692913386
21
0.5784984645669291
0
LINE
8
BLACK
6
CONTINUOUS
10
0.6878806692913386
20
0.5784984645669291
11
0.6936699606299213
21
0.5834684251968504
0
LINE
8
BLACK
6
CONTINUOUS
10
0.6936699606299213
20
0.5834684251968504
11
0.6983402755905511
21
0.5895020078740157
0
LINE
8
BLACK
6
CONTINUOUS
10
0.6983402755905511
20
0.5895020078740157
11
0.7012174015748032
21
0.5953673622047244
0
LINE
8
BLACK
6
CONTINUOUS
10
0.7012174015748032
20
0.5953673622047244
11
0.7017004724409449
21
0.5963522047244094
0
LINE
8
BLACK
6
CONTINUOUS
10
0.7017004724409449
20
0.5963522047244094
11
0.7036129527559055
21
0.6037385826771653
0
LINE
8
BLACK
6
CONTINUOUS
10
0.7036129527559055
20
0.6037385826771653
11
0.7039994094488189
21
0.6113587401574803
0
LINE
8
BLACK
6
CONTINUOUS
10
0.7039994094488189
20
0.6113587401574803
11
0.7028440157480315
21
0.6189007480314961
0
LINE
8
BLACK
6
CONTINUOUS
10
0.7028440157480315
20
0.6189007480314961
11
0.7001940944881889
21
0.626055748031496
0
LINE
8
BLACK
6
CONTINUOUS
10
0.7001940944881889
20
0.626055748031496
11
0.6961581102362204
21
0.6325308661417323
0
LINE
8
BLACK
6
CONTINUOUS
10
0.6961581102362204
20
0.6325308661417323
11
0.6909013385826771
21
0.6380609842519684
0
LINE
8
BLACK
6
CONTINUOUS
10
0.6909013385826771
20
0.6380609842519684
11
0.684638937007874
21
0.6424197244094488
0
LINE
8
BLACK
6
CONTINUOUS
10
0.684638937007874
20
0.6424197244094488
11
0.6776273228346457
21
0.6454286614173228
0
LINE
8
BLACK
6
CONTINUOUS
10
0.6776273228346457
20
0.6454286614173228
11
0.6776272047244094
21
0.6454287007874016
0
LINE
8
BLACK
6
CONTINUOUS
10
0.6776272047244094
20
0.6454287007874016
11
0.6776271653543307
21
0.6454287007874016
0
LINE
8
BLACK
6
CONTINUOUS
10
0.6776271653543307
20
0.6454287007874016
11
0.6741585826771653
21
0.6461415354330708
0
LINE
8
BLACK
6
CONTINUOUS
10
0.6741585826771653
20
0.6461415354330708
11
0.6701535433070867
21
0.6469645669291338
0
LINE
8
BLACK
6
CONTINUOUS
10
0.6701535433070867
20
0.6469645669291338
11
0.6368770866141732
21
0.6469645669291338
0
LINE
8
BLACK
6
CONTINUOUS
10
0.6368770866141732
20
0.6469645669291338
11
0.6311886614173228
21
0.6463861417322835
0
LINE
8
BLACK
6
CONTINUOUS
10
0.6311886614173228
20
0.6463861417322835
11
0.6311884645669291
21
0.6463861023622047
0
LINE
8
BLACK
6
CONTINUOUS
10
0.6311884645669291
20
0.6463861023622047
11
0.6239087007874016
21
0.6441020472440945
0
LINE
8
BLACK
6
CONTINUOUS
10
0.6239087007874016
20
0.6441020472440945
11
0.6172374015748031
21
0.6403991732283465
0
LINE
8
BLACK
6
CONTINUOUS
10
0.6172374015748031
20
0.6403991732283465
11
0.6172373622047244
21
0.6403991338582677
0
LINE
8
BLACK
6
CONTINUOUS
10
0.6172373622047244
20
0.6403991338582677
11
0.611448188976378
21
0.6354292913385826
0
LINE
8
BLACK
6
CONTINUOUS
10
0.611448188976378
20
0.6354292913385826
11
0.6093764960629922
21
0.6327528346456692
0
LINE
8
BLACK
6
CONTINUOUS
10
0.6093764960629922
20
0.6327528346456692
11
0.6073533464566929
21
0.6313749212598425
0
LINE
8
BLACK
6
CONTINUOUS
10
0.6073533464566929
20
0.6313749212598425
11
0.6062445275590551
21
0.6312165354330709
0
LINE
8
BLACK
6
CONTINUOUS
10
0.6062445275590551
20
0.6312165354330709
11
0.5862475590551181
21
0.6312165354330709
0
LINE
8
BLACK
6
CONTINUOUS
10
0.5862475590551181
20
0.6312165354330709
11
0.5839195669291338
21
0.6319729527559055
0
LINE
8
BLACK
6
CONTINUOUS
10
0.5839195669291338
20
0.6319729527559055
11
0.583446968503937
21
0.6323765748031496
0
LINE
8
BLACK
6
CONTINUOUS
10
0.583446968503937
20
0.6323765748031496
11
0.4926914960629921
21
0.7231320866141732
0
LINE
8
BLACK
6
CONTINUOUS
10
0.4926914960629921
20
0.7231320866141732
11
0.4915802362204724
21
0.7253131102362205
0
LINE
8
BLACK
6
CONTINUOUS
10
0.4915802362204724
20
0.7253131102362205
11
0.4915314566929134
21
0.7259326771653544
0
LINE
8
BLACK
6
CONTINUOUS
10
0.4915314566929134
20
0.7259326771653544
11
0.4915314566929134
21
0.7471281889763779
0
LINE
8
BLACK
6
CONTINUOUS
10
0.4915314566929134
20
0.7471281889763779
11
0.4911822047244094
21
0.7488841732283464
0
LINE
8
BLACK
6
CONTINUOUS
10
0.4911822047244094
20
0.7488841732283464
11
0.491182125984252
21
0.7488843307086614
0
LINE
8
BLACK
6
CONTINUOUS
10
0.491182125984252
20
0.7488843307086614
11
0.4898517716535433
21
0.7508753149606299
0
LINE
8
BLACK
6
CONTINUOUS
10
0.4898517716535433
20
0.7508753149606299
11
0.4898516929133858
21
0.7508753937007874
0
LINE
8
BLACK
6
CONTINUOUS
10
0.4898516929133858
20
0.7508753937007874
11
0.4878605118110236
21
0.7522058661417322
0
LINE
8
BLACK
6
CONTINUOUS
10
0.4878605118110236
20
0.7522058661417322
11
0.4864538582677165
21
0.7524856692913385
0
LINE
8
BLACK
6
CONTINUOUS
10
0.4864538582677165
20
0.7524856692913385
11
0.4861046062992126
21
0.7525551181102362
0
LINE
8
BLACK
6
CONTINUOUS
10
0.4861046062992126
20
0.7525551181102362
11
0.4861045669291338
21
0.7525551181102362
0
LINE
8
BLACK
6
CONTINUOUS
10
0.4861045669291338
20
0.7525551181102362
11
0.4249190551181102
21
0.7525551181102362
0
LINE
8
BLACK
6
CONTINUOUS
10
0.4249190551181102
20
0.7525551181102362
11
0.4231630708661417
21
0.7522058661417322
0
LINE
8
BLACK
6
CONTINUOUS
10
0.4231630708661417
20
0.7522058661417322
11
0.4231629133858268
21
0.7522057874015747
0
LINE
8
BLACK
6
CONTINUOUS
10
0.4231629133858268
20
0.7522057874015747
11
0.4211719291338583
21
0.7508754330708661
0
LINE
8
BLACK
6
CONTINUOUS
10
0.4211719291338583
20
0.7508754330708661
11
0.4211718503937008
21
0.7508753543307086
0
LINE
8
BLACK
6
CONTINUOUS
10
0.4211718503937008
20
0.7508753543307086
11
0.4198413779527559
21
0.7488841732283464
0
LINE
8
BLACK
6
CONTINUOUS
10
0.4198413779527559
20
0.7488841732283464
11
0.419492125984252
21
0.7471282283464566
0
LINE
8
BLACK
6
CONTINUOUS
10
0.419492125984252
20
0.7471282283464566
11
0.419492125984252
21
0.7422637795275591
0
LINE
8
BLACK
6
CONTINUOUS
10
0.419492125984252
20
0.7422637795275591
11
0.4187357086614173
21
0.7399357874015748
0
LINE
8
BLACK
6
CONTINUOUS
10
0.4187357086614173
20
0.7399357874015748
11
0.4167553937007874
21
0.7384970078740157
0
LINE
8
BLACK
6
CONTINUOUS
10
0.4167553937007874
20
0.7384970078740157
11
0.4155314960629921
21
0.7383031496062992
0
LINE
8
BLACK
6
CONTINUOUS
10
0.4155314960629921
20
0.7383031496062992
11
0.3954920866141732
21
0.7383031496062992
0
LINE
8
BLACK
6
CONTINUOUS
10
0.3954920866141732
20
0.7383031496062992
11
0.393164094488189
21
0.7390595669291339
0
LINE
8
BLACK
6
CONTINUOUS
10
0.393164094488189
20
0.7390595669291339
11
0.3917253149606299
21
0.7410398818897638
0
LINE
8
BLACK
6
CONTINUOUS
10
0.3917253149606299
20
0.7410398818897638
11
0.3915314566929134
21
0.7422637795275591
0
LINE
8
BLACK
6
CONTINUOUS
10
0.3915314566929134
20
0.7422637795275591
11
0.3915314566929134
21
0.7471281889763779
0
LINE
8
BLACK
6
CONTINUOUS
10
0.3915314566929134
20
0.7471281889763779
11
0.3911822047244095
21
0.7488841732283464
0
LINE
8
BLACK
6
CONTINUOUS
10
0.3911822047244095
20
0.7488841732283464
11
0.3911821259842519
21
0.7488843307086614
0
LINE
8
BLACK
6
CONTINUOUS
10
0.3911821259842519
20
0.7488843307086614
11
0.3898517716535433
21
0.7508753149606299
0
LINE
8
BLACK
6
CONTINUOUS
10
0.3898517716535433
20
0.7508753149606299
11
0.3898516929133858
21
0.7508753937007874
0
LINE
8
BLACK
6
CONTINUOUS
10
0.3898516929133858
20
0.7508753937007874
11
0.3878605118110236
21
0.7522058661417322
0
LINE
8
BLACK
6
CONTINUOUS
10
0.3878605118110236
20
0.7522058661417322
11
0.3864538582677165
21
0.7524856692913385
0
LINE
8
BLACK
6
CONTINUOUS
10
0.3864538582677165
20
0.7524856692913385
11
0.3861046062992126
21
0.7525551181102362
0
LINE
8
BLACK
6
CONTINUOUS
10
0.3861046062992126
20
0.7525551181102362
11
0.3861045669291339
21
0.7525551181102362
0
LINE
8
BLACK
6
CONTINUOUS
10
0.3861045669291339
20
0.7525551181102362
11
0.3249190551181103
21
0.7525551181102362
0
LINE
8
BLACK
6
CONTINUOUS
10
0.3249190551181103
20
0.7525551181102362
11
0.3231630708661417
21
0.7522058661417322
0
LINE
8
BLACK
6
CONTINUOUS
10
0.3231630708661417
20
0.7522058661417322
11
0.3231629133858268
21
0.7522057874015747
0
LINE
8
BLACK
6
CONTINUOUS
10
0.3231629133858268
20
0.7522057874015747
11
0.3211719291338583
21
0.7508754330708661
0
LINE
8
BLACK
6
CONTINUOUS
10
0.3211719291338583
20
0.7508754330708661
11
0.3211718503937008
21
0.7508753543307086
0
LINE
8
BLACK
6
CONTINUOUS
10
0.3211718503937008
20
0.7508753543307086
11
0.3198413779527559
21
0.7488841732283464
0
LINE
8
BLACK
6
CONTINUOUS
10
0.3198413779527559
20
0.7488841732283464
11
0.319492125984252
21
0.7471282283464566
0
LINE
8
BLACK
6
CONTINUOUS
10
0.319492125984252
20
0.7471282283464566
11
0.319492125984252
21
0.685942716535433
0
LINE
8
BLACK
6
CONTINUOUS
10
0.319492125984252
20
0.685942716535433
11
0.3198413779527559
21
0.6841867322834646
0
LINE
8
BLACK
6
CONTINUOUS
10
0.902274094488189
20
0.599996811023622
11
0.9042688188976378
21
0.5946109448818897
0
LINE
8
BLACK
6
CONTINUOUS
10
0.9042688188976378
20
0.5946109448818897
11
0.9049240157480315
21
0.5928418897637795
0
LINE
8
BLACK
6
CONTINUOUS
10
0.9049240157480315
20
0.5928418897637795
11
0.9074499606299212
21
0.5887894094488189
0
LINE
8
BLACK
6
CONTINUOUS
10
0.9074499606299212
20
0.5887894094488189
11
0.9089599606299212
21
0.586366811023622
0
LINE
8
BLACK
6
CONTINUOUS
10
0.9089599606299212
20
0.586366811023622
11
0.9093631889763779
21
0.5859426377952756
0
LINE
8
BLACK
6
CONTINUOUS
10
0.9093631889763779
20
0.5859426377952756
11
0.9142167716535433
21
0.580836653543307
0
LINE
8
BLACK
6
CONTINUOUS
10
0.9142167716535433
20
0.580836653543307
11
0.9204791732283464
21
0.5764779133858268
0
LINE
8
BLACK
6
CONTINUOUS
10
0.9204791732283464
20
0.5764779133858268
11
0.9274907874015748
21
0.5734689763779527
0
LINE
8
BLACK
6
CONTINUOUS
10
0.9274907874015748
20
0.5734689763779527
11
0.9349645669291339
21
0.5719330708661418
0
LINE
8
BLACK
6
CONTINUOUS
10
0.9349645669291339
20
0.5719330708661418
11
0.9349646062992126
21
0.5719330708661418
0
LINE
8
BLACK
6
CONTINUOUS
10
0.9349646062992126
20
0.5719330708661418
11
0.9682410236220472
21
0.5719330708661418
0
LINE
8
BLACK
6
CONTINUOUS
10
0.9682410236220472
20
0.5719330708661418
11
0.9739294094488189
21
0.5725115354330709
0
LINE
8
BLACK
6
CONTINUOUS
10
0.9739294094488189
20
0.5725115354330709
11
0.9739296062992125
21
0.5725115748031496
0
LINE
8
BLACK
6
CONTINUOUS
10
0.9739296062992125
20
0.5725115748031496
11
0.9773906692913386
21
0.5735975196850394
0
LINE
8
BLACK
6
CONTINUOUS
10
0.9773906692913386
20
0.5735975196850394
11
0.9812094488188976
21
0.5747956299212599
0
LINE
8
BLACK
6
CONTINUOUS
10
0.9812094488188976
20
0.5747956299212599
11
0.9878806692913386
21
0.5784984645669291
0
LINE
8
BLACK
6
CONTINUOUS
10
0.9878806692913386
20
0.5784984645669291
11
0.9936699606299212
21
0.5834684251968504
0
LINE
8
BLACK
6
CONTINUOUS
10
0.9936699606299212
20
0.5834684251968504
11
0.9957416141732284
21
0.5861448031496063
0
LINE
8
BLACK
6
CONTINUOUS
10
0.9957416141732284
20
0.5861448031496063
11
0.9977647637795275
21
0.5875227165354331
0
LINE
8
BLACK
6
CONTINUOUS
10
0.9977647637795275
20
0.5875227165354331
11
0.9988735826771653
21
0.5876811023622047
0
LINE
8
BLACK
6
CONTINUOUS
10
0.9988735826771653
20
0.5876811023622047
11
1.026628188976378
21
0.5876811023622047
0
LINE
8
BLACK
6
CONTINUOUS
10
1.026628188976378
20
0.5876811023622047
11
1.0267634251968503
21
0.5876787795275591
0
LINE
8
BLACK
6
CONTINUOUS
10
1.0267634251968503
20
0.5876787795275591
11
1.0293138976377953
21
0.5875916535433071
0
LINE
8
BLACK
6
CONTINUOUS
10
1.0293138976377953
20
0.5875916535433071
11
1.030939842519685
21
0.5879879133858268
0
LINE
8
BLACK
6
CONTINUOUS
10
1.030939842519685
20
0.5879879133858268
11
1.0313376771653544
21
0.5880635039370079
0
LINE
8
BLACK
6
CONTINUOUS
10
1.0313376771653544
20
0.5880635039370079
11
1.0329949999999999
21
0.5882912598425196
0
LINE
8
BLACK
6
CONTINUOUS
10
1.0329949999999999
20
0.5882912598425196
11
1.0337197244094487
21
0.5886061023622047
0
LINE
8
BLACK
6
CONTINUOUS
10
1.0337197244094487
20
0.5886061023622047
11
1.0343592913385826
21
0.5888212204724409
0
LINE
8
BLACK
6
CONTINUOUS
10
1.0343592913385826
20
0.5888212204724409
11
1.0351275984251969
21
0.5890083858267716
0
LINE
8
BLACK
6
CONTINUOUS
10
1.0351275984251969
20
0.5890083858267716
11
1.0365864566929133
21
0.5898287401574803
0
LINE
8
BLACK
6
CONTINUOUS
10
1.0365864566929133
20
0.5898287401574803
11
1.0369485826771654
21
0.5900085826771654
0
LINE
8
BLACK
6
CONTINUOUS
10
1.0369485826771654
20
0.5900085826771654
11
1.0384834251968504
21
0.5906751968503937
0
LINE
8
BLACK
6
CONTINUOUS
10
1.0384834251968504
20
0.5906751968503937
11
1.0390963779527558
21
0.591173937007874
0
LINE
8
BLACK
6
CONTINUOUS
10
1.0390963779527558
20
0.591173937007874
11
1.03965468503937
21
0.591553937007874
0
LINE
8
BLACK
6
CONTINUOUS
10
1.03965468503937
20
0.591553937007874
11
1.0403434251968504
21
0.5919411417322834
0
LINE
8
BLACK
6
CONTINUOUS
10
1.0403434251968504
20
0.5919411417322834
11
1.0415266141732282
21
0.5931244094488188
0
LINE
8
BLACK
6
CONTINUOUS
10
1.0415266141732282
20
0.5931244094488188
11
1.0418264960629922
21
0.5933950787401575
0
LINE
8
BLACK
6
CONTINUOUS
10
1.0418264960629922
20
0.5933950787401575
11
1.0431251181102361
21
0.5944514960629921
0
LINE
8
BLACK
6
CONTINUOUS
10
1.0431251181102361
20
0.5944514960629921
11
1.0435810629921261
21
0.5950975196850393
0
LINE
8
BLACK
6
CONTINUOUS
10
1.0435810629921261
20
0.5950975196850393
11
1.0440156692913385
21
0.5956134251968503
0
LINE
8
BLACK
6
CONTINUOUS
10
1.0440156692913385
20
0.5956134251968503
11
1.1277579921259842
21
0.6793557874015748
0
LINE
8
BLACK
6
CONTINUOUS
10
1.1277579921259842
20
0.6793557874015748
11
1.1299390157480316
21
0.6804670078740157
0
LINE
8
BLACK
6
CONTINUOUS
10
1.1299390157480316
20
0.6804670078740157
11
1.1305585826771654
21
0.6805157874015748
0
LINE
8
BLACK
6
CONTINUOUS
10
1.1305585826771654
20
0.6805157874015748
11
1.1853171653543306
21
0.6805157874015748
0
LINE
8
BLACK
6
CONTINUOUS
10
1.1853171653543306
20
0.6805157874015748
11
1.1870731496062992
21
0.6808650393700787
0
LINE
8
BLACK
6
CONTINUOUS
10
1.1870731496062992
20
0.6808650393700787
11
1.1890643307086615
21
0.6821955118110236
0
LINE
8
BLACK
6
CONTINUOUS
10
1.1890643307086615
20
0.6821955118110236
11
1.1903948031496063
21
0.6841866929133859
0
LINE
8
BLACK
6
CONTINUOUS
10
1.1903948031496063
20
0.6841866929133859
11
1.1907440944881889
21
0.6859426377952755
0
LINE
8
BLACK
6
CONTINUOUS
10
1.1907440944881889
20
0.6859426377952755
11
1.1907440944881889
21
0.6908070866141732
0
LINE
8
BLACK
6
CONTINUOUS
10
1.1907440944881889
20
0.6908070866141732
11
1.1915005118110236
21
0.6931350787401575
0
LINE
8
BLACK
6
CONTINUOUS
10
1.1915005118110236
20
0.6931350787401575
11
1.1934808267716535
21
0.6945738582677166
0
LINE
8
BLACK
6
CONTINUOUS
10
1.1934808267716535
20
0.6945738582677166
11
1.1947047244094489
21
0.694767716535433
0
LINE
8
BLACK
6
CONTINUOUS
10
1.1947047244094489
20
0.694767716535433
11
1.2147441338582676
21
0.694767716535433
0
LINE
8
BLACK
6
CONTINUOUS
10
1.2147441338582676
20
0.694767716535433
11
1.2170721259842519
21
0.6940112992125984
0
LINE
8
BLACK
6
CONTINUOUS
10
1.2170721259842519
20
0.6940112992125984
11
1.2185109055118111
21
0.6920309842519685
0
LINE
8
BLACK
6
CONTINUOUS
10
1.2185109055118111
20
0.6920309842519685
11
1.2187047637795276
21
0.6908070866141732
0
LINE
8
BLACK
6
CONTINUOUS
10
1.2187047637795276
20
0.6908070866141732
11
1.2187047637795276
21
0.685942716535433
0
LINE
8
BLACK
6
CONTINUOUS
10
1.2187047637795276
20
0.685942716535433
11
1.2190539763779527
21
0.6841867322834646
0
LINE
8
BLACK
6
CONTINUOUS
10
1.2190539763779527
20
0.6841867322834646
11
1.2190540551181102
21
0.6841865748031496
0
LINE
8
BLACK
6
CONTINUOUS
10
1.2190540551181102
20
0.6841865748031496
11
1.2203844094488188
21
0.6821955905511811
0
LINE
8
BLACK
6
CONTINUOUS
10
1.2203844094488188
20
0.6821955905511811
11
1.2203844488188975
21
0.6821955511811023
0
LINE
8
BLACK
6
CONTINUOUS
10
1.2203844488188975
20
0.6821955511811023
11
1.2203844881889763
21
0.6821955118110236
0
LINE
8
BLACK
6
CONTINUOUS
10
1.2203844881889763
20
0.6821955118110236
11
1.2223756692913386
21
0.6808650393700787
0
LINE
8
BLACK
6
CONTINUOUS
10
1.2223756692913386
20
0.6808650393700787
11
1.2241316141732284
21
0.6805157480314961
0
LINE
8
BLACK
6
CONTINUOUS
10
1.2241316141732284
20
0.6805157480314961
11
1.2853171653543307
21
0.6805157874015748
0
LINE
8
BLACK
6
CONTINUOUS
10
1.2853171653543307
20
0.6805157874015748
11
1.2870731496062993
21
0.6808650393700787
0
LINE
8
BLACK
6
CONTINUOUS
10
1.2870731496062993
20
0.6808650393700787
11
1.2890643307086613
21
0.6821955118110236
0
LINE
8
BLACK
6
CONTINUOUS
10
1.2890643307086613
20
0.6821955118110236
11
1.2903948031496062
21
0.6841866929133859
0
LINE
8
BLACK
6
CONTINUOUS
10
1.2903948031496062
20
0.6841866929133859
11
1.2907440944881889
21
0.6859426377952755
0
LINE
8
BLACK
6
CONTINUOUS
10
1.2907440944881889
20
0.6859426377952755
11
1.2907440551181102
21
0.7471281889763779
0
LINE
8
BLACK
6
CONTINUOUS
10
1.2907440551181102
20
0.7471281889763779
11
1.2903948031496062
21
0.7488841732283464
0
LINE
8
BLACK
6
CONTINUOUS
10
1.2903948031496062
20
0.7488841732283464
11
1.2903947244094487
21
0.7488843307086614
0
LINE
8
BLACK
6
CONTINUOUS
10
1.2903947244094487
20
0.7488843307086614
11
1.2890643700787401
21
0.7508753149606299
0
LINE
8
BLACK
6
CONTINUOUS
10
1.2890643700787401
20
0.7508753149606299
11
1.2890642913385826
21
0.7508753937007874
0
LINE
8
BLACK
6
CONTINUOUS
10
1.2890642913385826
20
0.7508753937007874
11
1.2870731102362205
21
0.7522058661417322
0
LINE
8
BLACK
6
CONTINUOUS
10
1.2870731102362205
20
0.7522058661417322
11
1.2856664566929135
21
0.7524856692913385
0
LINE
8
BLACK
6
CONTINUOUS
10
1.2856664566929135
20
0.7524856692913385
11
1.2853172047244095
21
0.7525551181102362
0
LINE
8
BLACK
6
CONTINUOUS
10
1.2853172047244095
20
0.7525551181102362
11
1.2853171653543307
21
0.7525551181102362
0
LINE
8
BLACK
6
CONTINUOUS
10
1.2853171653543307
20
0.7525551181102362
11
1.2241316535433071
21
0.7525551181102362
0
LINE
8
BLACK
6
CONTINUOUS
10
1.2241316535433071
20
0.7525551181102362
11
1.2223756692913386
21
0.7522058661417322
0
LINE
8
BLACK
6
CONTINUOUS
10
1.2223756692913386
20
0.7522058661417322
11
1.2223755118110236
21
0.7522057874015747
0
LINE
8
BLACK
6
CONTINUOUS
10
1.2223755118110236
20
0.7522057874015747
11
1.220384527559055
21
0.7508754330708661
0
LINE
8
BLACK
6
CONTINUOUS
10
1.220384527559055
20
0.7508754330708661
11
1.2203844488188975
21
0.7508753543307086
0
LINE
8
BLACK
6
CONTINUOUS
10
1.2203844488188975
20
0.7508753543307086
11
1.2190539763779527
21
0.7488841732283464
0
LINE
8
BLACK
6
CONTINUOUS
10
1.2190539763779527
20
0.7488841732283464
11
1.2187047244094489
21
0.7471282283464566
0
LINE
8
BLACK
6
CONTINUOUS
10
1.2187047244094489
20
0.7471282283464566
11
1.2187047244094489
21
0.7422637795275591
0
LINE
8
BLACK
6
CONTINUOUS
10
1.2187047244094489
20
0.7422637795275591
11
1.2179483070866142
21
0.7399357874015748
0
LINE
8
BLACK
6
CONTINUOUS
10
1.2179483070866142
20
0.7399357874015748
11
1.2159679921259843
21
0.7384970078740157
0
LINE
8
BLACK
6
CONTINUOUS
10
1.2159679921259843
20
0.7384970078740157
11
1.2147440944881889
21
0.7383031496062992
0
LINE
8
BLACK
6
CONTINUOUS
10
1.2147440944881889
20
0.7383031496062992
11
1.1947046850393701
21
0.7383031496062992
0
LINE
8
BLACK
6
CONTINUOUS
10
1.1947046850393701
20
0.7383031496062992
11
1.1923766929133859
21
0.7390595669291339
0
LINE
8
BLACK
6
CONTINUOUS
10
1.1923766929133859
20
0.7390595669291339
11
1.1909379133858267
21
0.7410398818897638
0
LINE
8
BLACK
6
CONTINUOUS
10
1.1909379133858267
20
0.7410398818897638
11
1.1907440551181101
21
0.7422637795275591
0
LINE
8
BLACK
6
CONTINUOUS
10
1.1907440551181101
20
0.7422637795275591
11
1.1907440551181101
21
0.7471281889763779
0
LINE
8
BLACK
6
CONTINUOUS
10
1.1907440551181101
20
0.7471281889763779
11
1.1903948031496063
21
0.7488841732283464
0
LINE
8
BLACK
6
CONTINUOUS
10
1.1903948031496063
20
0.7488841732283464
11
1.1903947244094488
21
0.7488843307086614
0
LINE
8
BLACK
6
CONTINUOUS
10
1.1903947244094488
20
0.7488843307086614
11
1.1890643700787402
21
0.7508753149606299
0
LINE
8
BLACK
6
CONTINUOUS
10
1.1890643700787402
20
0.7508753149606299
11
1.1890642913385827
21
0.7508753937007874
0
LINE
8
BLACK
6
CONTINUOUS
10
1.1890642913385827
20
0.7508753937007874
11
1.1870731102362204
21
0.7522058661417322
0
LINE
8
BLACK
6
CONTINUOUS
10
1.1870731102362204
20
0.7522058661417322
11
1.1856664566929134
21
0.7524856692913385
0
LINE
8
BLACK
6
CONTINUOUS
10
1.1856664566929134
20
0.7524856692913385
11
1.1853172047244094
21
0.7525551181102362
0
LINE
8
BLACK
6
CONTINUOUS
10
1.1853172047244094
20
0.7525551181102362
11
1.1853171653543306
21
0.7525551181102362
0
LINE
8
BLACK
6
CONTINUOUS
10
1.1853171653543306
20
0.7525551181102362
11
1.124131653543307
21
0.7525551181102362
0
LINE
8
BLACK
6
CONTINUOUS
10
1.124131653543307
20
0.7525551181102362
11
1.1223756692913385
21
0.7522058661417322
0
LINE
8
BLACK
6
CONTINUOUS
10
1.1223756692913385
20
0.7522058661417322
11
1.1223755118110237
21
0.7522057874015747
0
LINE
8
BLACK
6
CONTINUOUS
10
1.1223755118110237
20
0.7522057874015747
11
1.1203845275590552
21
0.7508754330708661
0
LINE
8
BLACK
6
CONTINUOUS
10
1.1203845275590552
20
0.7508754330708661
11
1.1203844488188976
21
0.7508753543307086
0
LINE
8
BLACK
6
CONTINUOUS
10
1.1203844488188976
20
0.7508753543307086
11
1.1190539763779528
21
0.7488841732283464
0
LINE
8
BLACK
6
CONTINUOUS
10
1.1190539763779528
20
0.7488841732283464
11
1.1187047244094488
21
0.7471282283464566
0
LINE
8
BLACK
6
CONTINUOUS
10
1.1187047244094488
20
0.7471282283464566
11
1.1187047244094488
21
0.7336531496062992
0
LINE
8
BLACK
6
CONTINUOUS
10
1.1187047244094488
20
0.7336531496062992
11
1.1179796456692914
21
0.7313688976377952
0
LINE
8
BLACK
6
CONTINUOUS
10
1.1179796456692914
20
0.7313688976377952
11
1.1176394094488189
21
0.730886968503937
0
LINE
8
BLACK
6
CONTINUOUS
10
1.1176394094488189
20
0.730886968503937
11
1.1172044488188977
21
0.7303706299212598
0
LINE
8
BLACK
6
CONTINUOUS
10
1.1172044488188977
20
0.7303706299212598
11
1.0192104724409448
21
0.6323765748031496
0
LINE
8
BLACK
6
CONTINUOUS
10
1.0192104724409448
20
0.6323765748031496
11
1.0170294488188976
21
0.6312653149606299
0
LINE
8
BLACK
6
CONTINUOUS
10
1.0170294488188976
20
0.6312653149606299
11
1.0164098818897638
21
0.6312165354330709
0
LINE
8
BLACK
6
CONTINUOUS
10
1.0164098818897638
20
0.6312165354330709
11
0.9991070866141732
21
0.6312165354330709
0
LINE
8
BLACK
6
CONTINUOUS
10
0.9991070866141732
20
0.6312165354330709
11
0.9967790944881889
21
0.6319729527559055
0
LINE
8
BLACK
6
CONTINUOUS
10
0.9967790944881889
20
0.6319729527559055
11
0.9962364566929134
21
0.6324484251968504
0
LINE
8
BLACK
6
CONTINUOUS
10
0.9962364566929134
20
0.6324484251968504
11
0.9959470866141732
21
0.6327528346456692
0
LINE
8
BLACK
6
CONTINUOUS
10
0.9959470866141732
20
0.6327528346456692
11
0.9909013385826771
21
0.6380609842519684
0
LINE
8
BLACK
6
CONTINUOUS
10
0.9909013385826771
20
0.6380609842519684
11
0.984638937007874
21
0.6424197244094488
0
LINE
8
BLACK
6
CONTINUOUS
10
0.984638937007874
20
0.6424197244094488
11
0.9776273228346456
21
0.6454286614173228
0
LINE
8
BLACK
6
CONTINUOUS
10
0.9776273228346456
20
0.6454286614173228
11
0.9776272047244094
21
0.6454287007874016
0
LINE
8
BLACK
6
CONTINUOUS
10
0.9776272047244094
20
0.6454287007874016
11
0.9776271653543307
21
0.6454287007874016
0
LINE
8
BLACK
6
CONTINUOUS
10
0.9776271653543307
20
0.6454287007874016
11
0.9741585826771654
21
0.6461415354330708
0
LINE
8
BLACK
6
CONTINUOUS
10
0.9741585826771654
20
0.6461415354330708
11
0.9701535433070866
21
0.6469645669291338
0
LINE
8
BLACK
6
CONTINUOUS
10
0.9701535433070866
20
0.6469645669291338
11
0.9368770866141732
21
0.6469645669291338
0
LINE
8
BLACK
6
CONTINUOUS
10
0.9368770866141732
20
0.6469645669291338
11
0.9311886614173228
21
0.6463861417322835
0
LINE
8
BLACK
6
CONTINUOUS
10
0.9311886614173228
20
0.6463861417322835
11
0.9311884645669292
21
0.6463861023622047
0
LINE
8
BLACK
6
CONTINUOUS
10
0.9311884645669292
20
0.6463861023622047
11
0.9239087007874015
21
0.6441020472440945
0
LINE
8
BLACK
6
CONTINUOUS
10
0.9239087007874015
20
0.6441020472440945
11
0.9172374015748032
21
0.6403991732283465
0
LINE
8
BLACK
6
CONTINUOUS
10
0.9172374015748032
20
0.6403991732283465
11
0.9172373622047244
21
0.6403991338582677
0
LINE
8
BLACK
6
CONTINUOUS
10
0.9172373622047244
20
0.6403991338582677
11
0.9114481889763779
21
0.6354292913385826
0
LINE
8
BLACK
6
CONTINUOUS
10
0.9114481889763779
20
0.6354292913385826
11
0.9067778346456693
21
0.6293956692913386
0
LINE
8
BLACK
6
CONTINUOUS
10
0.9067778346456693
20
0.6293956692913386
11
0.9034176377952756
21
0.6225454724409448
0
LINE
8
BLACK
6
CONTINUOUS
10
0.9034176377952756
20
0.6225454724409448
11
0.9015051574803149
21
0.6151590157480314
0
LINE
8
BLACK
6
CONTINUOUS
10
0.9015051574803149
20
0.6151590157480314
11
0.9011187007874015
21
0.6075389763779527
0
LINE
8
BLACK
6
CONTINUOUS
10
0.9011187007874015
20
0.6075389763779527
11
0.9011187007874015
21
0.6075388976377952
0
LINE
8
BLACK
6
CONTINUOUS
10
0.9011187007874015
20
0.6075388976377952
11
0.902274094488189
21
0.599996811023622
0
LINE
8
BLACK
6
CONTINUOUS
10
0.3198413779527559
20
0.7841867322834646
11
0.3198414566929134
21
0.7841865748031496
0
LINE
8
BLACK
6
CONTINUOUS
10
0.3198414566929134
20
0.7841865748031496
11
0.321171811023622
21
0.782195590551181
0
LINE
8
BLACK
6
CONTINUOUS
10
0.321171811023622
20
0.782195590551181
11
0.3211718503937008
21
0.7821955511811024
0
LINE
8
BLACK
6
CONTINUOUS
10
0.3211718503937008
20
0.7821955511811024
11
0.3211718897637795
21
0.7821955118110236
0
LINE
8
BLACK
6
CONTINUOUS
10
0.3211718897637795
20
0.7821955118110236
11
0.3231630708661417
21
0.7808650393700787
0
LINE
8
BLACK
6
CONTINUOUS
10
0.3231630708661417
20
0.7808650393700787
11
0.3249190157480315
21
0.780515748031496
0
LINE
8
BLACK
6
CONTINUOUS
10
0.3249190157480315
20
0.780515748031496
11
0.3861045669291339
21
0.7805157874015748
0
LINE
8
BLACK
6
CONTINUOUS
10
0.3861045669291339
20
0.7805157874015748
11
0.3878605511811024
21
0.7808650393700787
0
LINE
8
BLACK
6
CONTINUOUS
10
0.3878605511811024
20
0.7808650393700787
11
0.3898517322834645
21
0.7821955118110236
0
LINE
8
BLACK
6
CONTINUOUS
10
0.3898517322834645
20
0.7821955118110236
11
0.3911822047244095
21
0.7841866929133858
0
LINE
8
BLACK
6
CONTINUOUS
10
0.3911822047244095
20
0.7841866929133858
11
0.3915314960629921
21
0.7859426377952756
0
LINE
8
BLACK
6
CONTINUOUS
10
0.3915314960629921
20
0.7859426377952756
11
0.3915314960629921
21
0.7908070866141732
0
LINE
8
BLACK
6
CONTINUOUS
10
0.3915314960629921
20
0.7908070866141732
11
0.3922879133858267
21
0.7931350787401574
0
LINE
8
BLACK
6
CONTINUOUS
10
0.3922879133858267
20
0.7931350787401574
11
0.3942682283464567
21
0.7945738582677165
0
LINE
8
BLACK
6
CONTINUOUS
10
0.3942682283464567
20
0.7945738582677165
11
0.395492125984252
21
0.7947677165354331
0
LINE
8
BLACK
6
CONTINUOUS
10
0.395492125984252
20
0.7947677165354331
11
0.4155315354330709
21
0.7947677165354331
0
LINE
8
BLACK
6
CONTINUOUS
10
0.4155315354330709
20
0.7947677165354331
11
0.4178595275590551
21
0.7940112992125984
0
LINE
8
BLACK
6
CONTINUOUS
10
0.4178595275590551
20
0.7940112992125984
11
0.4192983070866141
21
0.7920309842519685
0
LINE
8
BLACK
6
CONTINUOUS
10
0.4192983070866141
20
0.7920309842519685
11
0.4194921653543307
21
0.7908070866141732
0
LINE
8
BLACK
6
CONTINUOUS
10
0.4194921653543307
20
0.7908070866141732
11
0.4194921653543307
21
0.785942716535433
0
LINE
8
BLACK
6
CONTINUOUS
10
0.4194921653543307
20
0.785942716535433
11
0.4198413779527559
21
0.7841867322834646
0
LINE
8
BLACK
6
CONTINUOUS
10
0.4198413779527559
20
0.7841867322834646
11
0.4198414566929134
21
0.7841865748031496
0
LINE
8
BLACK
6
CONTINUOUS
10
0.4198414566929134
20
0.7841865748031496
11
0.4211718110236221
21
0.782195590551181
0
LINE
8
BLACK
6
CONTINUOUS
10
0.4211718110236221
20
0.782195590551181
11
0.4211718503937008
21
0.7821955511811024
0
LINE
8
BLACK
6
CONTINUOUS
10
0.4211718503937008
20
0.7821955511811024
11
0.4211718897637795
21
0.7821955118110236
0
LINE
8
BLACK
6
CONTINUOUS
10
0.4211718897637795
20
0.7821955118110236
11
0.4231630708661417
21
0.7808650393700787
0
LINE
8
BLACK
6
CONTINUOUS
10
0.4231630708661417
20
0.7808650393700787
11
0.4249190157480315
21
0.780515748031496
0
LINE
8
BLACK
6
CONTINUOUS
10
0.4249190157480315
20
0.780515748031496
11
0.4782996062992126
21
0.7805157874015748
0
LINE
8
BLACK
6
CONTINUOUS
10
0.4782996062992126
20
0.7805157874015748
11
0.4806275984251969
21
0.7797593700787402
0
LINE
8
BLACK
6
CONTINUOUS
10
0.4806275984251969
20
0.7797593700787402
11
0.4811001968503937
21
0.7793557480314961
0
LINE
8
BLACK
6
CONTINUOUS
10
0.4811001968503937
20
0.7793557480314961
11
0.566088937007874
21
0.6943670078740157
0
LINE
8
BLACK
6
CONTINUOUS
10
0.566088937007874
20
0.6943670078740157
11
0.5661829133858267
21
0.6942697637795275
0
LINE
8
BLACK
6
CONTINUOUS
10
0.5661829133858267
20
0.6942697637795275
11
0.567924842519685
21
0.6924046062992126
0
LINE
8
BLACK
6
CONTINUOUS
10
0.567924842519685
20
0.6924046062992126
11
0.5693544488188976
21
0.6915352755905512
0
LINE
8
BLACK
6
CONTINUOUS
10
0.5693544488188976
20
0.6915352755905512
11
0.5696893307086615
21
0.6913073622047244
0
LINE
8
BLACK
6
CONTINUOUS
10
0.5696893307086615
20
0.6913073622047244
11
0.5710224803149606
21
0.6902963779527559
0
LINE
8
BLACK
6
CONTINUOUS
10
0.5710224803149606
20
0.6902963779527559
11
0.5717574803149607
21
0.6900065354330709
0
LINE
8
BLACK
6
CONTINUOUS
10
0.5717574803149607
20
0.6900065354330709
11
0.5723624015748031
21
0.689706062992126
0
LINE
8
BLACK
6
CONTINUOUS
10
0.5723624015748031
20
0.689706062992126
11
0.5730373622047243
21
0.6892955905511811
0
LINE
8
BLACK
6
CONTINUOUS
10
0.5730373622047243
20
0.6892955905511811
11
0.5730374015748031
21
0.6892955905511811
0
LINE
8
BLACK
6
CONTINUOUS
10
0.5730374015748031
20
0.6892955905511811
11
0.5730375196850394
21
0.6892955118110236
0
LINE
8
BLACK
6
CONTINUOUS
10
0.5730375196850394
20
0.6892955118110236
11
0.574648779527559
21
0.688844094488189
0
LINE
8
BLACK
6
CONTINUOUS
10
0.574648779527559
20
0.688844094488189
11
0.5750326377952756
21
0.6887149606299212
0
LINE
8
BLACK
6
CONTINUOUS
10
0.5750326377952756
20
0.6887149606299212
11
0.5765890551181102
21
0.6881011811023622
0
LINE
8
BLACK
6
CONTINUOUS
10
0.5765890551181102
20
0.6881011811023622
11
0.577375
21
0.6880204330708661
0
LINE
8
BLACK
6
CONTINUOUS
10
0.577375
20
0.6880204330708661
11
0.5780386220472441
21
0.6878943307086614
0
LINE
8
BLACK
6
CONTINUOUS
10
0.5780386220472441
20
0.6878943307086614
11
0.5787994488188977
21
0.6876811023622047
0
LINE
8
BLACK
6
CONTINUOUS
10
0.5787994488188977
20
0.6876811023622047
11
0.5804721259842519
21
0.6876811023622047
0
LINE
8
BLACK
6
CONTINUOUS
10
0.5804721259842519
20
0.6876811023622047
11
0.580877125984252
21
0.6876603543307086
0
LINE
8
BLACK
6
CONTINUOUS
10
0.580877125984252
20
0.6876603543307086
11
0.5825414960629921
21
0.687489251968504
0
LINE
8
BLACK
6
CONTINUOUS
10
0.5825414960629921
20
0.687489251968504
11
0.5833201181102362
21
0.6876235433070866
0
LINE
8
BLACK
6
CONTINUOUS
10
0.5833201181102362
20
0.6876235433070866
11
0.5839930708661417
21
0.6876811023622047
0
LINE
8
BLACK
6
CONTINUOUS
10
0.5839930708661417
20
0.6876811023622047
11
0.6060110236220473
21
0.6876811023622047
0
LINE
8
BLACK
6
CONTINUOUS
10
0.6060110236220473
20
0.6876811023622047
11
0.6083390157480315
21
0.6869246850393701
0
LINE
8
BLACK
6
CONTINUOUS
10
0.6083390157480315
20
0.6869246850393701
11
0.608881653543307
21
0.6864492125984252
0
LINE
8
BLACK
6
CONTINUOUS
10
0.608881653543307
20
0.6864492125984252
11
0.6089599606299212
21
0.6863668503937008
0
LINE
8
BLACK
6
CONTINUOUS
10
0.6089599606299212
20
0.6863668503937008
11
0.6089599999999999
21
0.6863667716535433
0
LINE
8
BLACK
6
CONTINUOUS
10
0.6089599999999999
20
0.6863667716535433
11
0.6142167716535433
21
0.680836653543307
0
LINE
8
BLACK
6
CONTINUOUS
10
0.6142167716535433
20
0.680836653543307
11
0.6204791732283464
21
0.6764779133858267
0
LINE
8
BLACK
6
CONTINUOUS
10
0.6204791732283464
20
0.6764779133858267
11
0.6274907874015748
21
0.6734689763779528
0
LINE
8
BLACK
6
CONTINUOUS
10
0.6274907874015748
20
0.6734689763779528
11
0.6349645669291338
21
0.6719330708661417
0
LINE
8
BLACK
6
CONTINUOUS
10
0.6349645669291338
20
0.6719330708661417
11
0.6349646062992126
21
0.6719330708661417
0
LINE
8
BLACK
6
CONTINUOUS
10
0.6349646062992126
20
0.6719330708661417
11
0.6682410236220472
21
0.6719330708661417
0
LINE
8
BLACK
6
CONTINUOUS
10
0.6682410236220472
20
0.6719330708661417
11
0.6739294094488189
21
0.6725115354330709
0
LINE
8
BLACK
6
CONTINUOUS
10
0.6739294094488189
20
0.6725115354330709
11
0.6739296062992126
21
0.6725115748031496
0
LINE
8
BLACK
6
CONTINUOUS
10
0.6739296062992126
20
0.6725115748031496
11
0.6773906692913386
21
0.6735975196850393
0
LINE
8
BLACK
6
CONTINUOUS
10
0.6773906692913386
20
0.6735975196850393
11
0.6812094488188977
21
0.6747956299212599
0
LINE
8
BLACK
6
CONTINUOUS
10
0.6812094488188977
20
0.6747956299212599
11
0.6878806692913386
21
0.6784984645669291
0
LINE
8
BLACK
6
CONTINUOUS
10
0.6878806692913386
20
0.6784984645669291
11
0.6936699606299213
21
0.6834684251968504
0
LINE
8
BLACK
6
CONTINUOUS
10
0.6936699606299213
20
0.6834684251968504
11
0.6983402755905511
21
0.6895020078740157
0
LINE
8
BLACK
6
CONTINUOUS
10
0.6983402755905511
20
0.6895020078740157
11
0.7017004724409449
21
0.6963522047244094
0
LINE
8
BLACK
6
CONTINUOUS
10
0.7017004724409449
20
0.6963522047244094
11
0.7036129527559055
21
0.7037385826771654
0
LINE
8
BLACK
6
CONTINUOUS
10
0.7036129527559055
20
0.7037385826771654
11
0.7039994094488189
21
0.7113587401574804
0
LINE
8
BLACK
6
CONTINUOUS
10
0.7039994094488189
20
0.7113587401574804
11
0.7028440157480315
21
0.7189007480314961
0
LINE
8
BLACK
6
CONTINUOUS
10
0.7028440157480315
20
0.7189007480314961
11
0.7001940944881889
21
0.7260557480314961
0
LINE
8
BLACK
6
CONTINUOUS
10
0.7001940944881889
20
0.7260557480314961
11
0.6961581102362204
21
0.7325308661417322
0
LINE
8
BLACK
6
CONTINUOUS
10
0.6961581102362204
20
0.7325308661417322
11
0.6909013385826771
21
0.7380609842519685
0
LINE
8
BLACK
6
CONTINUOUS
10
0.6909013385826771
20
0.7380609842519685
11
0.684638937007874
21
0.7424197244094488
0
LINE
8
BLACK
6
CONTINUOUS
10
0.684638937007874
20
0.7424197244094488
11
0.6807187007874016
21
0.7441020472440945
0
LINE
8
BLACK
6
CONTINUOUS
10
0.6807187007874016
20
0.7441020472440945
11
0.6776275196850393
21
0.7454285826771654
0
LINE
8
BLACK
6
CONTINUOUS
10
0.6776275196850393
20
0.7454285826771654
11
0.6776274409448819
21
0.745428622047244
0
LINE
8
BLACK
6
CONTINUOUS
10
0.6776274409448819
20
0.745428622047244
11
0.6776273228346457
21
0.7454286614173228
0
LINE
8
BLACK
6
CONTINUOUS
10
0.6776273228346457
20
0.7454286614173228
11
0.6776272047244094
21
0.7454287007874015
0
LINE
8
BLACK
6
CONTINUOUS
10
0.6776272047244094
20
0.7454287007874015
11
0.6776271653543307
21
0.7454287007874015
0
LINE
8
BLACK
6
CONTINUOUS
10
0.6776271653543307
20
0.7454287007874015
11
0.6741585826771653
21
0.7461415354330708
0
LINE
8
BLACK
6
CONTINUOUS
10
0.6741585826771653
20
0.7461415354330708
11
0.6701535433070867
21
0.7469645669291338
0
LINE
8
BLACK
6
CONTINUOUS
10
0.6701535433070867
20
0.7469645669291338
11
0.6368770866141732
21
0.7469645669291338
0
LINE
8
BLACK
6
CONTINUOUS
10
0.6368770866141732
20
0.7469645669291338
11
0.6311886614173228
21
0.7463861417322835
0
LINE
8
BLACK
6
CONTINUOUS
10
0.6311886614173228
20
0.7463861417322835
11
0.6311884645669291
21
0.7463861023622047
0
LINE
8
BLACK
6
CONTINUOUS
10
0.6311884645669291
20
0.7463861023622047
11
0.6239087007874016
21
0.7441020472440945
0
LINE
8
BLACK
6
CONTINUOUS
10
0.6239087007874016
20
0.7441020472440945
11
0.6172374015748031
21
0.7403991732283465
0
LINE
8
BLACK
6
CONTINUOUS
10
0.6172374015748031
20
0.7403991732283465
11
0.6172373622047244
21
0.7403991338582677
0
LINE
8
BLACK
6
CONTINUOUS
10
0.6172373622047244
20
0.7403991338582677
11
0.611448188976378
21
0.7354292913385827
0
LINE
8
BLACK
6
CONTINUOUS
10
0.611448188976378
20
0.7354292913385827
11
0.6093764960629922
21
0.7327528346456693
0
LINE
8
BLACK
6
CONTINUOUS
10
0.6093764960629922
20
0.7327528346456693
11
0.6073533464566929
21
0.7313749212598425
0
LINE
8
BLACK
6
CONTINUOUS
10
0.6073533464566929
20
0.7313749212598425
11
0.6062445275590551
21
0.7312165354330709
0
LINE
8
BLACK
6
CONTINUOUS
10
0.6062445275590551
20
0.7312165354330709
11
0.5924483464566929
21
0.7312165354330709
0
LINE
8
BLACK
6
CONTINUOUS
10
0.5924483464566929
20
0.7312165354330709
11
0.5901203543307086
21
0.7319729527559055
0
LINE
8
BLACK
6
CONTINUOUS
10
0.5901203543307086
20
0.7319729527559055
11
0.5896477559055118
21
0.7323765748031495
0
LINE
8
BLACK
6
CONTINUOUS
10
0.5896477559055118
20
0.7323765748031495
11
0.4926914960629921
21
0.8293328740157481
0
LINE
8
BLACK
6
CONTINUOUS
10
0.4926914960629921
20
0.8293328740157481
11
0.4915802362204724
21
0.8315138976377953
0
LINE
8
BLACK
6
CONTINUOUS
10
0.4915802362204724
20
0.8315138976377953
11
0.4915314566929134
21
0.8321334645669292
0
LINE
8
BLACK
6
CONTINUOUS
10
0.4915314566929134
20
0.8321334645669292
11
0.4915314566929134
21
0.847128188976378
0
LINE
8
BLACK
6
CONTINUOUS
10
0.4915314566929134
20
0.847128188976378
11
0.4911822047244094
21
0.8488841732283464
0
LINE
8
BLACK
6
CONTINUOUS
10
0.4911822047244094
20
0.8488841732283464
11
0.491182125984252
21
0.8488843307086614
0
LINE
8
BLACK
6
CONTINUOUS
10
0.491182125984252
20
0.8488843307086614
11
0.4898517716535433
21
0.8508753149606298
0
LINE
8
BLACK
6
CONTINUOUS
10
0.4898517716535433
20
0.8508753149606298
11
0.4898516929133858
21
0.8508753937007874
0
LINE
8
BLACK
6
CONTINUOUS
10
0.4898516929133858
20
0.8508753937007874
11
0.4878605118110236
21
0.8522058661417322
0
LINE
8
BLACK
6
CONTINUOUS
10
0.4878605118110236
20
0.8522058661417322
11
0.4864538582677165
21
0.8524856692913385
0
LINE
8
BLACK
6
CONTINUOUS
10
0.4864538582677165
20
0.8524856692913385
11
0.4861046062992126
21
0.8525551181102362
0
LINE
8
BLACK
6
CONTINUOUS
10
0.4861046062992126
20
0.8525551181102362
11
0.4861045669291338
21
0.8525551181102362
0
LINE
8
BLACK
6
CONTINUOUS
10
0.4861045669291338
20
0.8525551181102362
11
0.4249190551181102
21
0.8525551181102362
0
LINE
8
BLACK
6
CONTINUOUS
10
0.4249190551181102
20
0.8525551181102362
11
0.4231630708661417
21
0.8522058661417322
0
LINE
8
BLACK
6
CONTINUOUS
10
0.4231630708661417
20
0.8522058661417322
11
0.4231629133858268
21
0.8522057874015748
0
LINE
8
BLACK
6
CONTINUOUS
10
0.4231629133858268
20
0.8522057874015748
11
0.4211719291338583
21
0.8508754330708661
0
LINE
8
BLACK
6
CONTINUOUS
10
0.4211719291338583
20
0.8508754330708661
11
0.4211718503937008
21
0.8508753543307086
0
LINE
8
BLACK
6
CONTINUOUS
10
0.4211718503937008
20
0.8508753543307086
11
0.4198413779527559
21
0.8488841732283464
0
LINE
8
BLACK
6
CONTINUOUS
10
0.4198413779527559
20
0.8488841732283464
11
0.419492125984252
21
0.8471282283464566
0
LINE
8
BLACK
6
CONTINUOUS
10
0.419492125984252
20
0.8471282283464566
11
0.419492125984252
21
0.842263779527559
0
LINE
8
BLACK
6
CONTINUOUS
10
0.419492125984252
20
0.842263779527559
11
0.4187357086614173
21
0.8399357874015748
0
LINE
8
BLACK
6
CONTINUOUS
10
0.4187357086614173
20
0.8399357874015748
11
0.4167553937007874
21
0.8384970078740157
0
LINE
8
BLACK
6
CONTINUOUS
10
0.4167553937007874
20
0.8384970078740157
11
0.4155314960629921
21
0.8383031496062991
0
LINE
8
BLACK
6
CONTINUOUS
10
0.4155314960629921
20
0.8383031496062991
11
0.3954920866141732
21
0.8383031496062991
0
LINE
8
BLACK
6
CONTINUOUS
10
0.3954920866141732
20
0.8383031496062991
11
0.393164094488189
21
0.8390595669291339
0
LINE
8
BLACK
6
CONTINUOUS
10
0.393164094488189
20
0.8390595669291339
11
0.3917253149606299
21
0.8410398818897638
0
LINE
8
BLACK
6
CONTINUOUS
10
0.3917253149606299
20
0.8410398818897638
11
0.3915314566929134
21
0.842263779527559
0
LINE
8
BLACK
6
CONTINUOUS
10
0.3915314566929134
20
0.842263779527559
11
0.3915314566929134
21
0.847128188976378
0
LINE
8
BLACK
6
CONTINUOUS
10
0.3915314566929134
20
0.847128188976378
11
0.3911822047244095
21
0.8488841732283464
0
LINE
8
BLACK
6
CONTINUOUS
10
0.3911822047244095
20
0.8488841732283464
11
0.3911821259842519
21
0.8488843307086614
0
LINE
8
BLACK
6
CONTINUOUS
10
0.3911821259842519
20
0.8488843307086614
11
0.3898517716535433
21
0.8508753149606298
0
LINE
8
BLACK
6
CONTINUOUS
10
0.3898517716535433
20
0.8508753149606298
11
0.3898516929133858
21
0.8508753937007874
0
LINE
8
BLACK
6
CONTINUOUS
10
0.3898516929133858
20
0.8508753937007874
11
0.3878605118110236
21
0.8522058661417322
0
LINE
8
BLACK
6
CONTINUOUS
10
0.3878605118110236
20
0.8522058661417322
11
0.3864538582677165
21
0.8524856692913385
0
LINE
8
BLACK
6
CONTINUOUS
10
0.3864538582677165
20
0.8524856692913385
11
0.3861046062992126
21
0.8525551181102362
0
LINE
8
BLACK
6
CONTINUOUS
10
0.3861046062992126
20
0.8525551181102362
11
0.3861045669291339
21
0.8525551181102362
0
LINE
8
BLACK
6
CONTINUOUS
10
0.3861045669291339
20
0.8525551181102362
11
0.3249190551181103
21
0.8525551181102362
0
LINE
8
BLACK
6
CONTINUOUS
10
0.3249190551181103
20
0.8525551181102362
11
0.3231630708661417
21
0.8522058661417322
0
LINE
8
BLACK
6
CONTINUOUS
10
0.3231630708661417
20
0.8522058661417322
11
0.3231629133858268
21
0.8522057874015748
0
LINE
8
BLACK
6
CONTINUOUS
10
0.3231629133858268
20
0.8522057874015748
11
0.3211719291338583
21
0.8508754330708661
0
LINE
8
BLACK
6
CONTINUOUS
10
0.3211719291338583
20
0.8508754330708661
11
0.3211718503937008
21
0.8508753543307086
0
LINE
8
BLACK
6
CONTINUOUS
10
0.3211718503937008
20
0.8508753543307086
11
0.3198413779527559
21
0.8488841732283464
0
LINE
8
BLACK
6
CONTINUOUS
10
0.3198413779527559
20
0.8488841732283464
11
0.319492125984252
21
0.8471282283464566
0
LINE
8
BLACK
6
CONTINUOUS
10
0.319492125984252
20
0.8471282283464566
11
0.319492125984252
21
0.785942716535433
0
LINE
8
BLACK
6
CONTINUOUS
10
0.319492125984252
20
0.785942716535433
11
0.3198413779527559
21
0.7841867322834646
0
LINE
8
BLACK
6
CONTINUOUS
10
0.902274094488189
20
0.699996811023622
11
0.9042825590551181
21
0.6945738582677166
0
LINE
8
BLACK
6
CONTINUOUS
10
0.9042825590551181
20
0.6945738582677166
11
0.9049240157480315
21
0.6928418897637795
0
LINE
8
BLACK
6
CONTINUOUS
10
0.9049240157480315
20
0.6928418897637795
11
0.9074499606299212
21
0.6887894094488188
0
LINE
8
BLACK
6
CONTINUOUS
10
0.9074499606299212
20
0.6887894094488188
11
0.9089599606299212
21
0.6863668110236221
0
LINE
8
BLACK
6
CONTINUOUS
10
0.9089599606299212
20
0.6863668110236221
11
0.9093631889763779
21
0.6859426377952755
0
LINE
8
BLACK
6
CONTINUOUS
10
0.9093631889763779
20
0.6859426377952755
11
0.9142167716535433
21
0.680836653543307
0
LINE
8
BLACK
6
CONTINUOUS
10
0.9142167716535433
20
0.680836653543307
11
0.9204791732283464
21
0.6764779133858267
0
LINE
8
BLACK
6
CONTINUOUS
10
0.9204791732283464
20
0.6764779133858267
11
0.9274907874015748
21
0.6734689763779528
0
LINE
8
BLACK
6
CONTINUOUS
10
0.9274907874015748
20
0.6734689763779528
11
0.9349645669291339
21
0.6719330708661417
0
LINE
8
BLACK
6
CONTINUOUS
10
0.9349645669291339
20
0.6719330708661417
11
0.9349646062992126
21
0.6719330708661417
0
LINE
8
BLACK
6
CONTINUOUS
10
0.9349646062992126
20
0.6719330708661417
11
0.9682410236220472
21
0.6719330708661417
0
LINE
8
BLACK
6
CONTINUOUS
10
0.9682410236220472
20
0.6719330708661417
11
0.9739294094488189
21
0.6725115354330709
0
LINE
8
BLACK
6
CONTINUOUS
10
0.9739294094488189
20
0.6725115354330709
11
0.9739296062992125
21
0.6725115748031496
0
LINE
8
BLACK
6
CONTINUOUS
10
0.9739296062992125
20
0.6725115748031496
11
0.9773906692913386
21
0.6735975196850393
0
LINE
8
BLACK
6
CONTINUOUS
10
0.9773906692913386
20
0.6735975196850393
11
0.9812094488188976
21
0.6747956299212599
0
LINE
8
BLACK
6
CONTINUOUS
10
0.9812094488188976
20
0.6747956299212599
11
0.9878806692913386
21
0.6784984645669291
0
LINE
8
BLACK
6
CONTINUOUS
10
0.9878806692913386
20
0.6784984645669291
11
0.9936699606299212
21
0.6834684251968504
0
LINE
8
BLACK
6
CONTINUOUS
10
0.9936699606299212
20
0.6834684251968504
11
0.9957416141732284
21
0.6861448031496062
0
LINE
8
BLACK
6
CONTINUOUS
10
0.9957416141732284
20
0.6861448031496062
11
0.9977647637795275
21
0.6875227165354331
0
LINE
8
BLACK
6
CONTINUOUS
10
0.9977647637795275
20
0.6875227165354331
11
0.9988735826771653
21
0.6876811023622047
0
LINE
8
BLACK
6
CONTINUOUS
10
0.9988735826771653
20
0.6876811023622047
11
1.0279077165354331
21
0.6876811023622047
0
LINE
8
BLACK
6
CONTINUOUS
10
1.0279077165354331
20
0.6876811023622047
11
1.0280429527559054
21
0.6876787795275591
0
LINE
8
BLACK
6
CONTINUOUS
10
1.0280429527559054
20
0.6876787795275591
11
1.0305934251968503
21
0.6875916535433071
0
LINE
8
BLACK
6
CONTINUOUS
10
1.0305934251968503
20
0.6875916535433071
11
1.0322193700787401
21
0.6879879133858268
0
LINE
8
BLACK
6
CONTINUOUS
10
1.0322193700787401
20
0.6879879133858268
11
1.0326172047244093
21
0.6880635039370079
0
LINE
8
BLACK
6
CONTINUOUS
10
1.0326172047244093
20
0.6880635039370079
11
1.034274527559055
21
0.6882912598425197
0
LINE
8
BLACK
6
CONTINUOUS
10
1.034274527559055
20
0.6882912598425197
11
1.0349992519685038
21
0.6886061023622048
0
LINE
8
BLACK
6
CONTINUOUS
10
1.0349992519685038
20
0.6886061023622048
11
1.0356388188976378
21
0.6888212204724409
0
LINE
8
BLACK
6
CONTINUOUS
10
1.0356388188976378
20
0.6888212204724409
11
1.036407125984252
21
0.6890083858267716
0
LINE
8
BLACK
6
CONTINUOUS
10
1.036407125984252
20
0.6890083858267716
11
1.0378659842519684
21
0.6898287401574803
0
LINE
8
BLACK
6
CONTINUOUS
10
1.0378659842519684
20
0.6898287401574803
11
1.0382281102362205
21
0.6900085826771654
0
LINE
8
BLACK
6
CONTINUOUS
10
1.0382281102362205
20
0.6900085826771654
11
1.0397629527559056
21
0.6906751968503937
0
LINE
8
BLACK
6
CONTINUOUS
10
1.0397629527559056
20
0.6906751968503937
11
1.0403759055118109
21
0.691173937007874
0
LINE
8
BLACK
6
CONTINUOUS
10
1.0403759055118109
20
0.691173937007874
11
1.0409342125984251
21
0.691553937007874
0
LINE
8
BLACK
6
CONTINUOUS
10
1.0409342125984251
20
0.691553937007874
11
1.0416229527559056
21
0.6919411417322835
0
LINE
8
BLACK
6
CONTINUOUS
10
1.0416229527559056
20
0.6919411417322835
11
1.0428061417322834
21
0.6931244094488189
0
LINE
8
BLACK
6
CONTINUOUS
10
1.0428061417322834
20
0.6931244094488189
11
1.0431060236220473
21
0.6933950787401575
0
LINE
8
BLACK
6
CONTINUOUS
10
1.0431060236220473
20
0.6933950787401575
11
1.0444046456692913
21
0.6944514960629921
0
LINE
8
BLACK
6
CONTINUOUS
10
1.0444046456692913
20
0.6944514960629921
11
1.044860590551181
21
0.6950975196850393
0
LINE
8
BLACK
6
CONTINUOUS
10
1.044860590551181
20
0.6950975196850393
11
1.0452951968503936
21
0.6956134251968504
0
LINE
8
BLACK
6
CONTINUOUS
10
1.0452951968503936
20
0.6956134251968504
11
1.1290375196850393
21
0.7793557874015747
0
LINE
8
BLACK
6
CONTINUOUS
10
1.1290375196850393
20
0.7793557874015747
11
1.1312185433070865
21
0.7804670078740157
0
LINE
8
BLACK
6
CONTINUOUS
10
1.1312185433070865
20
0.7804670078740157
11
1.1318381102362205
21
0.7805157874015748
0
LINE
8
BLACK
6
CONTINUOUS
10
1.1318381102362205
20
0.7805157874015748
11
1.1853171653543306
21
0.7805157874015748
0
LINE
8
BLACK
6
CONTINUOUS
10
1.1853171653543306
20
0.7805157874015748
11
1.1870731496062992
21
0.7808650393700787
0
LINE
8
BLACK
6
CONTINUOUS
10
1.1870731496062992
20
0.7808650393700787
11
1.1890643307086615
21
0.7821955118110236
0
LINE
8
BLACK
6
CONTINUOUS
10
1.1890643307086615
20
0.7821955118110236
11
1.1903948031496063
21
0.7841866929133858
0
LINE
8
BLACK
6
CONTINUOUS
10
1.1903948031496063
20
0.7841866929133858
11
1.1907440944881889
21
0.7859426377952756
0
LINE
8
BLACK
6
CONTINUOUS
10
1.1907440944881889
20
0.7859426377952756
11
1.1907440944881889
21
0.7908070866141732
0
LINE
8
BLACK
6
CONTINUOUS
10
1.1907440944881889
20
0.7908070866141732
11
1.1915005118110236
21
0.7931350787401574
0
LINE
8
BLACK
6
CONTINUOUS
10
1.1915005118110236
20
0.7931350787401574
11
1.1934808267716535
21
0.7945738582677165
0
LINE
8
BLACK
6
CONTINUOUS
10
1.1934808267716535
20
0.7945738582677165
11
1.1947047244094489
21
0.7947677165354331
0
LINE
8
BLACK
6
CONTINUOUS
10
1.1947047244094489
20
0.7947677165354331
11
1.2147441338582676
21
0.7947677165354331
0
LINE
8
BLACK
6
CONTINUOUS
10
1.2147441338582676
20
0.7947677165354331
11
1.2170721259842519
21
0.7940112992125984
0
LINE
8
BLACK
6
CONTINUOUS
10
1.2170721259842519
20
0.7940112992125984
11
1.2185109055118111
21
0.7920309842519685
0
LINE
8
BLACK
6
CONTINUOUS
10
1.2185109055118111
20
0.7920309842519685
11
1.2187047637795276
21
0.7908070866141732
0
LINE
8
BLACK
6
CONTINUOUS
10
1.2187047637795276
20
0.7908070866141732
11
1.2187047637795276
21
0.785942716535433
0
LINE
8
BLACK
6
CONTINUOUS
10
1.2187047637795276
20
0.785942716535433
11
1.2190539763779527
21
0.7841867322834646
0
LINE
8
BLACK
6
CONTINUOUS
10
1.2190539763779527
20
0.7841867322834646
11
1.2190540551181102
21
0.7841865748031496
0
LINE
8
BLACK
6
CONTINUOUS
10
1.2190540551181102
20
0.7841865748031496
11
1.2203844094488188
21
0.782195590551181
0
LINE
8
BLACK
6
CONTINUOUS
10
1.2203844094488188
20
0.782195590551181
11
1.2203844488188975
21
0.7821955511811024
0
LINE
8
BLACK
6
CONTINUOUS
10
1.2203844488188975
20
0.7821955511811024
11
1.2203844881889763
21
0.7821955118110236
0
LINE
8
BLACK
6
CONTINUOUS
10
1.2203844881889763
20
0.7821955118110236
11
1.2223756692913386
21
0.7808650393700787
0
LINE
8
BLACK
6
CONTINUOUS
10
1.2223756692913386
20
0.7808650393700787
11
1.2241316141732284
21
0.780515748031496
0
LINE
8
BLACK
6
CONTINUOUS
10
1.2241316141732284
20
0.780515748031496
11
1.2853171653543307
21
0.7805157874015748
0
LINE
8
BLACK
6
CONTINUOUS
10
1.2853171653543307
20
0.7805157874015748
11
1.2870731496062993
21
0.7808650393700787
0
LINE
8
BLACK
6
CONTINUOUS
10
1.2870731496062993
20
0.7808650393700787
11
1.2890643307086613
21
0.7821955118110236
0
LINE
8
BLACK
6
CONTINUOUS
10
1.2890643307086613
20
0.7821955118110236
11
1.2903948031496062
21
0.7841866929133858
0
LINE
8
BLACK
6
CONTINUOUS
10
1.2903948031496062
20
0.7841866929133858
11
1.2907440944881889
21
0.7859426377952756
0
LINE
8
BLACK
6
CONTINUOUS
10
1.2907440944881889
20
0.7859426377952756
11
1.2907440551181102
21
0.847128188976378
0
LINE
8
BLACK
6
CONTINUOUS
10
1.2907440551181102
20
0.847128188976378
11
1.2903948031496062
21
0.8488841732283464
0
LINE
8
BLACK
6
CONTINUOUS
10
1.2903948031496062
20
0.8488841732283464
11
1.2903947244094487
21
0.8488843307086614
0
LINE
8
BLACK
6
CONTINUOUS
10
1.2903947244094487
20
0.8488843307086614
11
1.2890643700787401
21
0.8508753149606298
0
LINE
8
BLACK
6
CONTINUOUS
10
1.2890643700787401
20
0.8508753149606298
11
1.2890642913385826
21
0.8508753937007874
0
LINE
8
BLACK
6
CONTINUOUS
10
1.2890642913385826
20
0.8508753937007874
11
1.2870731102362205
21
0.8522058661417322
0
LINE
8
BLACK
6
CONTINUOUS
10
1.2870731102362205
20
0.8522058661417322
11
1.2856664566929135
21
0.8524856692913385
0
LINE
8
BLACK
6
CONTINUOUS
10
1.2856664566929135
20
0.8524856692913385
11
1.2853172047244095
21
0.8525551181102362
0
LINE
8
BLACK
6
CONTINUOUS
10
1.2853172047244095
20
0.8525551181102362
11
1.2853171653543307
21
0.8525551181102362
0
LINE
8
BLACK
6
CONTINUOUS
10
1.2853171653543307
20
0.8525551181102362
11
1.2241316535433071
21
0.8525551181102362
0
LINE
8
BLACK
6
CONTINUOUS
10
1.2241316535433071
20
0.8525551181102362
11
1.2223756692913386
21
0.8522058661417322
0
LINE
8
BLACK
6
CONTINUOUS
10
1.2223756692913386
20
0.8522058661417322
11
1.2223755118110236
21
0.8522057874015748
0
LINE
8
BLACK
6
CONTINUOUS
10
1.2223755118110236
20
0.8522057874015748
11
1.220384527559055
21
0.8508754330708661
0
LINE
8
BLACK
6
CONTINUOUS
10
1.220384527559055
20
0.8508754330708661
11
1.2203844488188975
21
0.8508753543307086
0
LINE
8
BLACK
6
CONTINUOUS
10
1.2203844488188975
20
0.8508753543307086
11
1.2190539763779527
21
0.8488841732283464
0
LINE
8
BLACK
6
CONTINUOUS
10
1.2190539763779527
20
0.8488841732283464
11
1.2187047244094489
21
0.8471282283464566
0
LINE
8
BLACK
6
CONTINUOUS
10
1.2187047244094489
20
0.8471282283464566
11
1.2187047244094489
21
0.842263779527559
0
LINE
8
BLACK
6
CONTINUOUS
10
1.2187047244094489
20
0.842263779527559
11
1.2179483070866142
21
0.8399357874015748
0
LINE
8
BLACK
6
CONTINUOUS
10
1.2179483070866142
20
0.8399357874015748
11
1.2159679921259843
21
0.8384970078740157
0
LINE
8
BLACK
6
CONTINUOUS
10
1.2159679921259843
20
0.8384970078740157
11
1.2147440944881889
21
0.8383031496062991
0
LINE
8
BLACK
6
CONTINUOUS
10
1.2147440944881889
20
0.8383031496062991
11
1.1947046850393701
21
0.8383031496062991
0
LINE
8
BLACK
6
CONTINUOUS
10
1.1947046850393701
20
0.8383031496062991
11
1.1923766929133859
21
0.8390595669291339
0
LINE
8
BLACK
6
CONTINUOUS
10
1.1923766929133859
20
0.8390595669291339
11
1.1909379133858267
21
0.8410398818897638
0
LINE
8
BLACK
6
CONTINUOUS
10
1.1909379133858267
20
0.8410398818897638
11
1.1907440551181101
21
0.842263779527559
0
LINE
8
BLACK
6
CONTINUOUS
10
1.1907440551181101
20
0.842263779527559
11
1.1907440551181101
21
0.847128188976378
0
LINE
8
BLACK
6
CONTINUOUS
10
1.1907440551181101
20
0.847128188976378
11
1.1903948031496063
21
0.8488841732283464
0
LINE
8
BLACK
6
CONTINUOUS
10
1.1903948031496063
20
0.8488841732283464
11
1.1903947244094488
21
0.8488843307086614
0
LINE
8
BLACK
6
CONTINUOUS
10
1.1903947244094488
20
0.8488843307086614
11
1.1890643700787402
21
0.8508753149606298
0
LINE
8
BLACK
6
CONTINUOUS
10
1.1890643700787402
20
0.8508753149606298
11
1.1890642913385827
21
0.8508753937007874
0
LINE
8
BLACK
6
CONTINUOUS
10
1.1890642913385827
20
0.8508753937007874
11
1.1870731102362204
21
0.8522058661417322
0
LINE
8
BLACK
6
CONTINUOUS
10
1.1870731102362204
20
0.8522058661417322
11
1.1856664566929134
21
0.8524856692913385
0
LINE
8
BLACK
6
CONTINUOUS
10
1.1856664566929134
20
0.8524856692913385
11
1.1853172047244094
21
0.8525551181102362
0
LINE
8
BLACK
6
CONTINUOUS
10
1.1853172047244094
20
0.8525551181102362
11
1.1853171653543306
21
0.8525551181102362
0
LINE
8
BLACK
6
CONTINUOUS
10
1.1853171653543306
20
0.8525551181102362
11
1.124131653543307
21
0.8525551181102362
0
LINE
8
BLACK
6
CONTINUOUS
10
1.124131653543307
20
0.8525551181102362
11
1.1223756692913385
21
0.8522058661417322
0
LINE
8
BLACK
6
CONTINUOUS
10
1.1223756692913385
20
0.8522058661417322
11
1.1223755118110237
21
0.8522057874015748
0
LINE
8
BLACK
6
CONTINUOUS
10
1.1223755118110237
20
0.8522057874015748
11
1.1203845275590552
21
0.8508754330708661
0
LINE
8
BLACK
6
CONTINUOUS
10
1.1203845275590552
20
0.8508754330708661
11
1.1203844488188976
21
0.8508753543307086
0
LINE
8
BLACK
6
CONTINUOUS
10
1.1203844488188976
20
0.8508753543307086
11
1.1190539763779528
21
0.8488841732283464
0
LINE
8
BLACK
6
CONTINUOUS
10
1.1190539763779528
20
0.8488841732283464
11
1.1187047244094488
21
0.8471282283464566
0
LINE
8
BLACK
6
CONTINUOUS
10
1.1187047244094488
20
0.8471282283464566
11
1.1187047244094488
21
0.8322318503937007
0
LINE
8
BLACK
6
CONTINUOUS
10
1.1187047244094488
20
0.8322318503937007
11
1.1179483070866141
21
0.8299038582677165
0
LINE
8
BLACK
6
CONTINUOUS
10
1.1179483070866141
20
0.8299038582677165
11
1.11754468503937
21
0.8294312598425196
0
LINE
8
BLACK
6
CONTINUOUS
10
1.11754468503937
20
0.8294312598425196
11
1.0204899999999999
21
0.7323765748031495
0
LINE
8
BLACK
6
CONTINUOUS
10
1.0204899999999999
20
0.7323765748031495
11
1.0183089763779527
21
0.7312653149606299
0
LINE
8
BLACK
6
CONTINUOUS
10
1.0183089763779527
20
0.7312653149606299
11
1.0176894094488189
21
0.7312165354330709
0
LINE
8
BLACK
6
CONTINUOUS
10
1.0176894094488189
20
0.7312165354330709
11
0.9991070866141732
21
0.7312165354330709
0
LINE
8
BLACK
6
CONTINUOUS
10
0.9991070866141732
20
0.7312165354330709
11
0.9967790944881889
21
0.7319729527559055
0
LINE
8
BLACK
6
CONTINUOUS
10
0.9967790944881889
20
0.7319729527559055
11
0.9962364566929134
21
0.7324484251968504
0
LINE
8
BLACK
6
CONTINUOUS
10
0.9962364566929134
20
0.7324484251968504
11
0.9959470866141732
21
0.7327528346456693
0
LINE
8
BLACK
6
CONTINUOUS
10
0.9959470866141732
20
0.7327528346456693
11
0.9909013385826771
21
0.7380609842519685
0
LINE
8
BLACK
6
CONTINUOUS
10
0.9909013385826771
20
0.7380609842519685
11
0.984638937007874
21
0.7424197244094488
0
LINE
8
BLACK
6
CONTINUOUS
10
0.984638937007874
20
0.7424197244094488
11
0.9807187007874015
21
0.7441020472440945
0
LINE
8
BLACK
6
CONTINUOUS
10
0.9807187007874015
20
0.7441020472440945
11
0.9776275196850394
21
0.7454285826771654
0
LINE
8
BLACK
6
CONTINUOUS
10
0.9776275196850394
20
0.7454285826771654
11
0.9776274409448819
21
0.745428622047244
0
LINE
8
BLACK
6
CONTINUOUS
10
0.9776274409448819
20
0.745428622047244
11
0.9776273228346456
21
0.7454286614173228
0
LINE
8
BLACK
6
CONTINUOUS
10
0.9776273228346456
20
0.7454286614173228
11
0.9776272047244094
21
0.7454287007874015
0
LINE
8
BLACK
6
CONTINUOUS
10
0.9776272047244094
20
0.7454287007874015
11
0.9776271653543307
21
0.7454287007874015
0
LINE
8
BLACK
6
CONTINUOUS
10
0.9776271653543307
20
0.7454287007874015
11
0.9741585826771654
21
0.7461415354330708
0
LINE
8
BLACK
6
CONTINUOUS
10
0.9741585826771654
20
0.7461415354330708
11
0.9701535433070866
21
0.7469645669291338
0
LINE
8
BLACK
6
CONTINUOUS
10
0.9701535433070866
20
0.7469645669291338
11
0.9368770866141732
21
0.7469645669291338
0
LINE
8
BLACK
6
CONTINUOUS
10
0.9368770866141732
20
0.7469645669291338
11
0.9311886614173228
21
0.7463861417322835
0
LINE
8
BLACK
6
CONTINUOUS
10
0.9311886614173228
20
0.7463861417322835
11
0.9311884645669292
21
0.7463861023622047
0
LINE
8
BLACK
6
CONTINUOUS
10
0.9311884645669292
20
0.7463861023622047
11
0.9239087007874015
21
0.7441020472440945
0
LINE
8
BLACK
6
CONTINUOUS
10
0.9239087007874015
20
0.7441020472440945
11
0.9172374015748032
21
0.7403991732283465
0
LINE
8
BLACK
6
CONTINUOUS
10
0.9172374015748032
20
0.7403991732283465
11
0.9172373622047244
21
0.7403991338582677
0
LINE
8
BLACK
6
CONTINUOUS
10
0.9172373622047244
20
0.7403991338582677
11
0.9114481889763779
21
0.7354292913385827
0
LINE
8
BLACK
6
CONTINUOUS
10
0.9114481889763779
20
0.7354292913385827
11
0.9067778346456693
21
0.7293956692913386
0
LINE
8
BLACK
6
CONTINUOUS
10
0.9067778346456693
20
0.7293956692913386
11
0.9034176377952756
21
0.7225454724409449
0
LINE
8
BLACK
6
CONTINUOUS
10
0.9034176377952756
20
0.7225454724409449
11
0.9015051574803149
21
0.7151590157480315
0
LINE
8
BLACK
6
CONTINUOUS
10
0.9015051574803149
20
0.7151590157480315
11
0.9011187007874015
21
0.7075389763779527
0
LINE
8
BLACK
6
CONTINUOUS
10
0.9011187007874015
20
0.7075389763779527
11
0.9011187007874015
21
0.7075388976377952
0
LINE
8
BLACK
6
CONTINUOUS
10
0.9011187007874015
20
0.7075388976377952
11
0.902274094488189
21
0.699996811023622
0
LINE
8
BLACK
6
CONTINUOUS
10
0.3198413779527559
20
0.8841867322834646
11
0.3198414566929134
21
0.8841865748031495
0
LINE
8
BLACK
6
CONTINUOUS
10
0.3198414566929134
20
0.8841865748031495
11
0.321171811023622
21
0.8821955905511811
0
LINE
8
BLACK
6
CONTINUOUS
10
0.321171811023622
20
0.8821955905511811
11
0.3211718503937008
21
0.8821955511811024
0
LINE
8
BLACK
6
CONTINUOUS
10
0.3211718503937008
20
0.8821955511811024
11
0.3211718897637795
21
0.8821955118110236
0
LINE
8
BLACK
6
CONTINUOUS
10
0.3211718897637795
20
0.8821955118110236
11
0.3231630708661417
21
0.8808650393700788
0
LINE
8
BLACK
6
CONTINUOUS
10
0.3231630708661417
20
0.8808650393700788
11
0.3249190157480315
21
0.880515748031496
0
LINE
8
BLACK
6
CONTINUOUS
10
0.3249190157480315
20
0.880515748031496
11
0.3861045669291339
21
0.8805157874015748
0
LINE
8
BLACK
6
CONTINUOUS
10
0.3861045669291339
20
0.8805157874015748
11
0.3878605511811024
21
0.8808650393700788
0
LINE
8
BLACK
6
CONTINUOUS
10
0.3878605511811024
20
0.8808650393700788
11
0.3898517322834645
21
0.8821955118110236
0
LINE
8
BLACK
6
CONTINUOUS
10
0.3898517322834645
20
0.8821955118110236
11
0.3911822047244095
21
0.8841866929133858
0
LINE
8
BLACK
6
CONTINUOUS
10
0.3911822047244095
20
0.8841866929133858
11
0.3915314960629921
21
0.8859426377952756
0
LINE
8
BLACK
6
CONTINUOUS
10
0.3915314960629921
20
0.8859426377952756
11
0.3915314960629921
21
0.8908070866141732
0
LINE
8
BLACK
6
CONTINUOUS
10
0.3915314960629921
20
0.8908070866141732
11
0.3922879133858267
21
0.8931350787401574
0
LINE
8
BLACK
6
CONTINUOUS
10
0.3922879133858267
20
0.8931350787401574
11
0.3942682283464567
21
0.8945738582677165
0
LINE
8
BLACK
6
CONTINUOUS
10
0.3942682283464567
20
0.8945738582677165
11
0.395492125984252
21
0.8947677165354331
0
LINE
8
BLACK
6
CONTINUOUS
10
0.395492125984252
20
0.8947677165354331
11
0.4155315354330709
21
0.8947677165354331
0
LINE
8
BLACK
6
CONTINUOUS
10
0.4155315354330709
20
0.8947677165354331
11
0.4178595275590551
21
0.8940112992125984
0
LINE
8
BLACK
6
CONTINUOUS
10
0.4178595275590551
20
0.8940112992125984
11
0.4192983070866141
21
0.8920309842519685
0
LINE
8
BLACK
6
CONTINUOUS
10
0.4192983070866141
20
0.8920309842519685
11
0.4194921653543307
21
0.8908070866141732
0
LINE
8
BLACK
6
CONTINUOUS
10
0.4194921653543307
20
0.8908070866141732
11
0.4194921653543307
21
0.8859427165354331
0
LINE
8
BLACK
6
CONTINUOUS
10
0.4194921653543307
20
0.8859427165354331
11
0.4198413779527559
21
0.8841867322834646
0
LINE
8
BLACK
6
CONTINUOUS
10
0.4198413779527559
20
0.8841867322834646
11
0.4198414566929134
21
0.8841865748031495
0
LINE
8
BLACK
6
CONTINUOUS
10
0.4198414566929134
20
0.8841865748031495
11
0.4211718110236221
21
0.8821955905511811
0
LINE
8
BLACK
6
CONTINUOUS
10
0.4211718110236221
20
0.8821955905511811
11
0.4211718503937008
21
0.8821955511811024
0
LINE
8
BLACK
6
CONTINUOUS
10
0.4211718503937008
20
0.8821955511811024
11
0.4211718897637795
21
0.8821955118110236
0
LINE
8
BLACK
6
CONTINUOUS
10
0.4211718897637795
20
0.8821955118110236
11
0.4231630708661417
21
0.8808650393700788
0
LINE
8
BLACK
6
CONTINUOUS
10
0.4231630708661417
20
0.8808650393700788
11
0.4249190157480315
21
0.880515748031496
0
LINE
8
BLACK
6
CONTINUOUS
10
0.4249190157480315
20
0.880515748031496
11
0.4814492125984252
21
0.8805157874015748
0
LINE
8
BLACK
6
CONTINUOUS
10
0.4814492125984252
20
0.8805157874015748
11
0.4837772047244094
21
0.8797593700787402
0
LINE
8
BLACK
6
CONTINUOUS
10
0.4837772047244094
20
0.8797593700787402
11
0.4842498031496063
21
0.8793557480314961
0
LINE
8
BLACK
6
CONTINUOUS
10
0.4842498031496063
20
0.8793557480314961
11
0.5692385433070866
21
0.7943670078740157
0
LINE
8
BLACK
6
CONTINUOUS
10
0.5692385433070866
20
0.7943670078740157
11
0.5693325196850394
21
0.7942697637795275
0
LINE
8
BLACK
6
CONTINUOUS
10
0.5693325196850394
20
0.7942697637795275
11
0.5710744488188976
21
0.7924046062992126
0
LINE
8
BLACK
6
CONTINUOUS
10
0.5710744488188976
20
0.7924046062992126
11
0.5725040551181102
21
0.7915352755905511
0
LINE
8
BLACK
6
CONTINUOUS
10
0.5725040551181102
20
0.7915352755905511
11
0.572838937007874
21
0.7913073622047244
0
LINE
8
BLACK
6
CONTINUOUS
10
0.572838937007874
20
0.7913073622047244
11
0.5741720866141732
21
0.7902963779527559
0
LINE
8
BLACK
6
CONTINUOUS
10
0.5741720866141732
20
0.7902963779527559
11
0.5749070866141732
21
0.7900065354330709
0
LINE
8
BLACK
6
CONTINUOUS
10
0.5749070866141732
20
0.7900065354330709
11
0.5755120078740157
21
0.789706062992126
0
LINE
8
BLACK
6
CONTINUOUS
10
0.5755120078740157
20
0.789706062992126
11
0.576186968503937
21
0.789295590551181
0
LINE
8
BLACK
6
CONTINUOUS
10
0.576186968503937
20
0.789295590551181
11
0.5761870078740158
21
0.789295590551181
0
LINE
8
BLACK
6
CONTINUOUS
10
0.5761870078740158
20
0.789295590551181
11
0.5761871259842519
21
0.7892955118110236
0
LINE
8
BLACK
6
CONTINUOUS
10
0.5761871259842519
20
0.7892955118110236
11
0.5777983858267717
21
0.7888440944881889
0
LINE
8
BLACK
6
CONTINUOUS
10
0.5777983858267717
20
0.7888440944881889
11
0.5781822440944882
21
0.7887149606299212
0
LINE
8
BLACK
6
CONTINUOUS
10
0.5781822440944882
20
0.7887149606299212
11
0.5797386614173228
21
0.7881011811023622
0
LINE
8
BLACK
6
CONTINUOUS
10
0.5797386614173228
20
0.7881011811023622
11
0.5805246062992125
21
0.7880204330708661
0
LINE
8
BLACK
6
CONTINUOUS
10
0.5805246062992125
20
0.7880204330708661
11
0.5811882283464567
21
0.7878943307086614
0
LINE
8
BLACK
6
CONTINUOUS
10
0.5811882283464567
20
0.7878943307086614
11
0.5819490551181102
21
0.7876811023622047
0
LINE
8
BLACK
6
CONTINUOUS
10
0.5819490551181102
20
0.7876811023622047
11
0.5836217322834646
21
0.7876811023622047
0
LINE
8
BLACK
6
CONTINUOUS
10
0.5836217322834646
20
0.7876811023622047
11
0.5840267322834646
21
0.7876603543307087
0
LINE
8
BLACK
6
CONTINUOUS
10
0.5840267322834646
20
0.7876603543307087
11
0.5856911023622047
21
0.7874892519685039
0
LINE
8
BLACK
6
CONTINUOUS
10
0.5856911023622047
20
0.7874892519685039
11
0.5864697244094488
21
0.7876235433070866
0
LINE
8
BLACK
6
CONTINUOUS
10
0.5864697244094488
20
0.7876235433070866
11
0.5871426771653543
21
0.7876811023622047
0
LINE
8
BLACK
6
CONTINUOUS
10
0.5871426771653543
20
0.7876811023622047
11
0.6060110236220473
21
0.7876811023622047
0
LINE
8
BLACK
6
CONTINUOUS
10
0.6060110236220473
20
0.7876811023622047
11
0.6083390157480315
21
0.7869246850393701
0
LINE
8
BLACK
6
CONTINUOUS
10
0.6083390157480315
20
0.7869246850393701
11
0.608881653543307
21
0.7864492125984252
0
LINE
8
BLACK
6
CONTINUOUS
10
0.608881653543307
20
0.7864492125984252
11
0.6089599606299212
21
0.7863668503937008
0
LINE
8
BLACK
6
CONTINUOUS
10
0.6089599606299212
20
0.7863668503937008
11
0.6089599999999999
21
0.7863667716535433
0
LINE
8
BLACK
6
CONTINUOUS
10
0.6089599999999999
20
0.7863667716535433
11
0.6142167716535433
21
0.7808366535433071
0
LINE
8
BLACK
6
CONTINUOUS
10
0.6142167716535433
20
0.7808366535433071
11
0.6204791732283464
21
0.7764779133858267
0
LINE
8
BLACK
6
CONTINUOUS
10
0.6204791732283464
20
0.7764779133858267
11
0.6274907874015748
21
0.7734689763779528
0
LINE
8
BLACK
6
CONTINUOUS
10
0.6274907874015748
20
0.7734689763779528
11
0.6349645669291338
21
0.7719330708661417
0
LINE
8
BLACK
6
CONTINUOUS
10
0.6349645669291338
20
0.7719330708661417
11
0.6349646062992126
21
0.7719330708661417
0
LINE
8
BLACK
6
CONTINUOUS
10
0.6349646062992126
20
0.7719330708661417
11
0.6682410236220472
21
0.7719330708661417
0
LINE
8
BLACK
6
CONTINUOUS
10
0.6682410236220472
20
0.7719330708661417
11
0.6739294094488189
21
0.7725115354330708
0
LINE
8
BLACK
6
CONTINUOUS
10
0.6739294094488189
20
0.7725115354330708
11
0.6739296062992126
21
0.7725115748031496
0
LINE
8
BLACK
6
CONTINUOUS
10
0.6739296062992126
20
0.7725115748031496
11
0.6773906692913386
21
0.7735975196850393
0
LINE
8
BLACK
6
CONTINUOUS
10
0.6773906692913386
20
0.7735975196850393
11
0.6812094488188977
21
0.7747956299212598
0
LINE
8
BLACK
6
CONTINUOUS
10
0.6812094488188977
20
0.7747956299212598
11
0.6878806692913386
21
0.7784984645669292
0
LINE
8
BLACK
6
CONTINUOUS
10
0.6878806692913386
20
0.7784984645669292
11
0.6936699606299213
21
0.7834684251968503
0
LINE
8
BLACK
6
CONTINUOUS
10
0.6936699606299213
20
0.7834684251968503
11
0.6983402755905511
21
0.7895020078740157
0
LINE
8
BLACK
6
CONTINUOUS
10
0.6983402755905511
20
0.7895020078740157
11
0.7017004724409449
21
0.7963522047244095
0
LINE
8
BLACK
6
CONTINUOUS
10
0.7017004724409449
20
0.7963522047244095
11
0.7036129527559055
21
0.8037385826771654
0
LINE
8
BLACK
6
CONTINUOUS
10
0.7036129527559055
20
0.8037385826771654
11
0.7039994094488189
21
0.8113587401574803
0
LINE
8
BLACK
6
CONTINUOUS
10
0.7039994094488189
20
0.8113587401574803
11
0.7028440157480315
21
0.818900748031496
0
LINE
8
BLACK
6
CONTINUOUS
10
0.7028440157480315
20
0.818900748031496
11
0.7001940944881889
21
0.8260557480314961
0
LINE
8
BLACK
6
CONTINUOUS
10
0.7001940944881889
20
0.8260557480314961
11
0.6961581102362204
21
0.8325308661417322
0
LINE
8
BLACK
6
CONTINUOUS
10
0.6961581102362204
20
0.8325308661417322
11
0.6909013385826771
21
0.8380609842519685
0
LINE
8
BLACK
6
CONTINUOUS
10
0.6909013385826771
20
0.8380609842519685
11
0.684638937007874
21
0.8424197244094488
0
LINE
8
BLACK
6
CONTINUOUS
10
0.684638937007874
20
0.8424197244094488
11
0.6776273228346457
21
0.8454286614173229
0
LINE
8
BLACK
6
CONTINUOUS
10
0.6776273228346457
20
0.8454286614173229
11
0.6776272047244094
21
0.8454287007874015
0
LINE
8
BLACK
6
CONTINUOUS
10
0.6776272047244094
20
0.8454287007874015
11
0.6776271653543307
21
0.8454287007874015
0
LINE
8
BLACK
6
CONTINUOUS
10
0.6776271653543307
20
0.8454287007874015
11
0.6741585826771653
21
0.8461415354330708
0
LINE
8
BLACK
6
CONTINUOUS
10
0.6741585826771653
20
0.8461415354330708
11
0.6701535433070867
21
0.8469645669291338
0
LINE
8
BLACK
6
CONTINUOUS
10
0.6701535433070867
20
0.8469645669291338
11
0.6368770866141732
21
0.8469645669291338
0
LINE
8
BLACK
6
CONTINUOUS
10
0.6368770866141732
20
0.8469645669291338
11
0.6311886614173228
21
0.8463861417322834
0
LINE
8
BLACK
6
CONTINUOUS
10
0.6311886614173228
20
0.8463861417322834
11
0.6311884645669291
21
0.8463861023622047
0
LINE
8
BLACK
6
CONTINUOUS
10
0.6311884645669291
20
0.8463861023622047
11
0.6239087007874016
21
0.8441020472440944
0
LINE
8
BLACK
6
CONTINUOUS
10
0.6239087007874016
20
0.8441020472440944
11
0.6172374015748031
21
0.8403991732283465
0
LINE
8
BLACK
6
CONTINUOUS
10
0.6172374015748031
20
0.8403991732283465
11
0.6172373622047244
21
0.8403991338582677
0
LINE
8
BLACK
6
CONTINUOUS
10
0.6172373622047244
20
0.8403991338582677
11
0.611448188976378
21
0.8354292913385827
0
LINE
8
BLACK
6
CONTINUOUS
10
0.611448188976378
20
0.8354292913385827
11
0.6093764960629922
21
0.8327528346456693
0
LINE
8
BLACK
6
CONTINUOUS
10
0.6093764960629922
20
0.8327528346456693
11
0.6073533464566929
21
0.8313749212598425
0
LINE
8
BLACK
6
CONTINUOUS
10
0.6073533464566929
20
0.8313749212598425
11
0.6062445275590551
21
0.8312165354330708
0
LINE
8
BLACK
6
CONTINUOUS
10
0.6062445275590551
20
0.8312165354330708
11
0.5955979527559055
21
0.8312165354330708
0
LINE
8
BLACK
6
CONTINUOUS
10
0.5955979527559055
20
0.8312165354330708
11
0.5932699606299212
21
0.8319729527559055
0
LINE
8
BLACK
6
CONTINUOUS
10
0.5932699606299212
20
0.8319729527559055
11
0.5927973622047243
21
0.8323765748031496
0
LINE
8
BLACK
6
CONTINUOUS
10
0.5927973622047243
20
0.8323765748031496
11
0.4935566535433071
21
0.9316173228346456
0
LINE
8
BLACK
6
CONTINUOUS
10
0.4935566535433071
20
0.9316173228346456
11
0.4934626377952756
21
0.9317146062992125
0
LINE
8
BLACK
6
CONTINUOUS
10
0.4934626377952756
20
0.9317146062992125
11
0.4925974803149606
21
0.9326409842519685
0
LINE
8
BLACK
6
CONTINUOUS
10
0.4925974803149606
20
0.9326409842519685
11
0.4915613385826771
21
0.9348586614173228
0
LINE
8
BLACK
6
CONTINUOUS
10
0.4915613385826771
20
0.9348586614173228
11
0.4915314566929134
21
0.9353442913385827
0
LINE
8
BLACK
6
CONTINUOUS
10
0.4915314566929134
20
0.9353442913385827
11
0.4915314566929134
21
0.947128188976378
0
LINE
8
BLACK
6
CONTINUOUS
10
0.4915314566929134
20
0.947128188976378
11
0.4911822047244094
21
0.9488841732283464
0
LINE
8
BLACK
6
CONTINUOUS
10
0.4911822047244094
20
0.9488841732283464
11
0.491182125984252
21
0.9488843307086614
0
LINE
8
BLACK
6
CONTINUOUS
10
0.491182125984252
20
0.9488843307086614
11
0.4898517716535433
21
0.9508753149606299
0
LINE
8
BLACK
6
CONTINUOUS
10
0.4898517716535433
20
0.9508753149606299
11
0.4898516929133858
21
0.9508753937007873
0
LINE
8
BLACK
6
CONTINUOUS
10
0.4898516929133858
20
0.9508753937007873
11
0.4878605118110236
21
0.9522058661417323
0
LINE
8
BLACK
6
CONTINUOUS
10
0.4878605118110236
20
0.9522058661417323
11
0.4864538582677165
21
0.9524856692913386
0
LINE
8
BLACK
6
CONTINUOUS
10
0.4864538582677165
20
0.9524856692913386
11
0.4861046062992126
21
0.9525551181102362
0
LINE
8
BLACK
6
CONTINUOUS
10
0.4861046062992126
20
0.9525551181102362
11
0.4861045669291338
21
0.9525551181102362
0
LINE
8
BLACK
6
CONTINUOUS
10
0.4861045669291338
20
0.9525551181102362
11
0.4249190551181102
21
0.9525551181102362
0
LINE
8
BLACK
6
CONTINUOUS
10
0.4249190551181102
20
0.9525551181102362
11
0.4231630708661417
21
0.9522058661417323
0
LINE
8
BLACK
6
CONTINUOUS
10
0.4231630708661417
20
0.9522058661417323
11
0.4231629133858268
21
0.9522057874015748
0
LINE
8
BLACK
6
CONTINUOUS
10
0.4231629133858268
20
0.9522057874015748
11
0.4211719291338583
21
0.9508754330708661
0
LINE
8
BLACK
6
CONTINUOUS
10
0.4211719291338583
20
0.9508754330708661
11
0.4211718503937008
21
0.9508753543307087
0
LINE
8
BLACK
6
CONTINUOUS
10
0.4211718503937008
20
0.9508753543307087
11
0.4198413779527559
21
0.9488841732283464
0
LINE
8
BLACK
6
CONTINUOUS
10
0.4198413779527559
20
0.9488841732283464
11
0.419492125984252
21
0.9471282283464567
0
LINE
8
BLACK
6
CONTINUOUS
10
0.419492125984252
20
0.9471282283464567
11
0.419492125984252
21
0.942263779527559
0
LINE
8
BLACK
6
CONTINUOUS
10
0.419492125984252
20
0.942263779527559
11
0.4187357086614173
21
0.9399357874015748
0
LINE
8
BLACK
6
CONTINUOUS
10
0.4187357086614173
20
0.9399357874015748
11
0.4167553937007874
21
0.9384970078740157
0
LINE
8
BLACK
6
CONTINUOUS
10
0.4167553937007874
20
0.9384970078740157
11
0.4155314960629921
21
0.9383031496062992
0
LINE
8
BLACK
6
CONTINUOUS
10
0.4155314960629921
20
0.9383031496062992
11
0.3954920866141732
21
0.9383031496062992
0
LINE
8
BLACK
6
CONTINUOUS
10
0.3954920866141732
20
0.9383031496062992
11
0.393164094488189
21
0.9390595669291338
0
LINE
8
BLACK
6
CONTINUOUS
10
0.393164094488189
20
0.9390595669291338
11
0.3917253149606299
21
0.9410398818897637
0
LINE
8
BLACK
6
CONTINUOUS
10
0.3917253149606299
20
0.9410398818897637
11
0.3915314566929134
21
0.942263779527559
0
LINE
8
BLACK
6
CONTINUOUS
10
0.3915314566929134
20
0.942263779527559
11
0.3915314566929134
21
0.947128188976378
0
LINE
8
BLACK
6
CONTINUOUS
10
0.3915314566929134
20
0.947128188976378
11
0.3911822047244095
21
0.9488841732283464
0
LINE
8
BLACK
6
CONTINUOUS
10
0.3911822047244095
20
0.9488841732283464
11
0.3911821259842519
21
0.9488843307086614
0
LINE
8
BLACK
6
CONTINUOUS
10
0.3911821259842519
20
0.9488843307086614
11
0.3898517716535433
21
0.9508753149606299
0
LINE
8
BLACK
6
CONTINUOUS
10
0.3898517716535433
20
0.9508753149606299
11
0.3898516929133858
21
0.9508753937007873
0
LINE
8
BLACK
6
CONTINUOUS
10
0.3898516929133858
20
0.9508753937007873
11
0.3878605118110236
21
0.9522058661417323
0
LINE
8
BLACK
6
CONTINUOUS
10
0.3878605118110236
20
0.9522058661417323
11
0.3864538582677165
21
0.9524856692913386
0
LINE
8
BLACK
6
CONTINUOUS
10
0.3864538582677165
20
0.9524856692913386
11
0.3861046062992126
21
0.9525551181102362
0
LINE
8
BLACK
6
CONTINUOUS
10
0.3861046062992126
20
0.9525551181102362
11
0.3861045669291339
21
0.9525551181102362
0
LINE
8
BLACK
6
CONTINUOUS
10
0.3861045669291339
20
0.9525551181102362
11
0.3249190551181103
21
0.9525551181102362
0
LINE
8
BLACK
6
CONTINUOUS
10
0.3249190551181103
20
0.9525551181102362
11
0.3231630708661417
21
0.9522058661417323
0
LINE
8
BLACK
6
CONTINUOUS
10
0.3231630708661417
20
0.9522058661417323
11
0.3231629133858268
21
0.9522057874015748
0
LINE
8
BLACK
6
CONTINUOUS
10
0.3231629133858268
20
0.9522057874015748
11
0.3211719291338583
21
0.9508754330708661
0
LINE
8
BLACK
6
CONTINUOUS
10
0.3211719291338583
20
0.9508754330708661
11
0.3211718503937008
21
0.9508753543307087
0
LINE
8
BLACK
6
CONTINUOUS
10
0.3211718503937008
20
0.9508753543307087
11
0.3198413779527559
21
0.9488841732283464
0
LINE
8
BLACK
6
CONTINUOUS
10
0.3198413779527559
20
0.9488841732283464
11
0.319492125984252
21
0.9471282283464567
0
LINE
8
BLACK
6
CONTINUOUS
10
0.319492125984252
20
0.9471282283464567
11
0.319492125984252
21
0.8859427165354331
0
LINE
8
BLACK
6
CONTINUOUS
10
0.319492125984252
20
0.8859427165354331
11
0.3198413779527559
21
0.8841867322834646
0
LINE
8
BLACK
6
CONTINUOUS
10
0.902274094488189
20
0.7999968110236221
11
0.9042825590551181
21
0.7945738582677165
0
LINE
8
BLACK
6
CONTINUOUS
10
0.9042825590551181
20
0.7945738582677165
11
0.9049240157480315
21
0.7928418897637796
0
LINE
8
BLACK
6
CONTINUOUS
10
0.9049240157480315
20
0.7928418897637796
11
0.9074499606299212
21
0.7887894094488189
0
LINE
8
BLACK
6
CONTINUOUS
10
0.9074499606299212
20
0.7887894094488189
11
0.9089599606299212
21
0.786366811023622
0
LINE
8
BLACK
6
CONTINUOUS
10
0.9089599606299212
20
0.786366811023622
11
0.9093631889763779
21
0.7859426377952756
0
LINE
8
BLACK
6
CONTINUOUS
10
0.9093631889763779
20
0.7859426377952756
11
0.9142167716535433
21
0.7808366535433071
0
LINE
8
BLACK
6
CONTINUOUS
10
0.9142167716535433
20
0.7808366535433071
11
0.9204791732283464
21
0.7764779133858267
0
LINE
8
BLACK
6
CONTINUOUS
10
0.9204791732283464
20
0.7764779133858267
11
0.9274907874015748
21
0.7734689763779528
0
LINE
8
BLACK
6
CONTINUOUS
10
0.9274907874015748
20
0.7734689763779528
11
0.9349645669291339
21
0.7719330708661417
0
LINE
8
BLACK
6
CONTINUOUS
10
0.9349645669291339
20
0.7719330708661417
11
0.9349646062992126
21
0.7719330708661417
0
LINE
8
BLACK
6
CONTINUOUS
10
0.9349646062992126
20
0.7719330708661417
11
0.9682410236220472
21
0.7719330708661417
0
LINE
8
BLACK
6
CONTINUOUS
10
0.9682410236220472
20
0.7719330708661417
11
0.9739294094488189
21
0.7725115354330708
0
LINE
8
BLACK
6
CONTINUOUS
10
0.9739294094488189
20
0.7725115354330708
11
0.9739296062992125
21
0.7725115748031496
0
LINE
8
BLACK
6
CONTINUOUS
10
0.9739296062992125
20
0.7725115748031496
11
0.9773906692913386
21
0.7735975196850393
0
LINE
8
BLACK
6
CONTINUOUS
10
0.9773906692913386
20
0.7735975196850393
11
0.9812094488188976
21
0.7747956299212598
0
LINE
8
BLACK
6
CONTINUOUS
10
0.9812094488188976
20
0.7747956299212598
11
0.9878806692913386
21
0.7784984645669292
0
LINE
8
BLACK
6
CONTINUOUS
10
0.9878806692913386
20
0.7784984645669292
11
0.9936699606299212
21
0.7834684251968503
0
LINE
8
BLACK
6
CONTINUOUS
10
0.9936699606299212
20
0.7834684251968503
11
0.9957416141732284
21
0.7861448031496063
0
LINE
8
BLACK
6
CONTINUOUS
10
0.9957416141732284
20
0.7861448031496063
11
0.9977647637795275
21
0.787522716535433
0
LINE
8
BLACK
6
CONTINUOUS
10
0.9977647637795275
20
0.787522716535433
11
0.9988735826771653
21
0.7876811023622047
0
LINE
8
BLACK
6
CONTINUOUS
10
0.9988735826771653
20
0.7876811023622047
11
1.0294825196850395
21
0.7876811023622047
0
LINE
8
BLACK
6
CONTINUOUS
10
1.0294825196850395
20
0.7876811023622047
11
1.0296177559055117
21
0.787678779527559
0
LINE
8
BLACK
6
CONTINUOUS
10
1.0296177559055117
20
0.787678779527559
11
1.0321682283464566
21
0.7875916535433071
0
LINE
8
BLACK
6
CONTINUOUS
10
1.0321682283464566
20
0.7875916535433071
11
1.0337941732283464
21
0.7879879133858267
0
LINE
8
BLACK
6
CONTINUOUS
10
1.0337941732283464
20
0.7879879133858267
11
1.0341920078740157
21
0.7880635039370079
0
LINE
8
BLACK
6
CONTINUOUS
10
1.0341920078740157
20
0.7880635039370079
11
1.0358493307086614
21
0.7882912598425197
0
LINE
8
BLACK
6
CONTINUOUS
10
1.0358493307086614
20
0.7882912598425197
11
1.0365740551181102
21
0.7886061023622047
0
LINE
8
BLACK
6
CONTINUOUS
10
1.0365740551181102
20
0.7886061023622047
11
1.0372136220472441
21
0.788821220472441
0
LINE
8
BLACK
6
CONTINUOUS
10
1.0372136220472441
20
0.788821220472441
11
1.0379819291338583
21
0.7890083858267717
0
LINE
8
BLACK
6
CONTINUOUS
10
1.0379819291338583
20
0.7890083858267717
11
1.0394407874015748
21
0.7898287401574803
0
LINE
8
BLACK
6
CONTINUOUS
10
1.0394407874015748
20
0.7898287401574803
11
1.0398029133858266
21
0.7900085826771653
0
LINE
8
BLACK
6
CONTINUOUS
10
1.0398029133858266
20
0.7900085826771653
11
1.0413377559055117
21
0.7906751968503937
0
LINE
8
BLACK
6
CONTINUOUS
10
1.0413377559055117
20
0.7906751968503937
11
1.0419507086614173
21
0.791173937007874
0
LINE
8
BLACK
6
CONTINUOUS
10
1.0419507086614173
20
0.791173937007874
11
1.0425090157480315
21
0.791553937007874
0
LINE
8
BLACK
6
CONTINUOUS
10
1.0425090157480315
20
0.791553937007874
11
1.0431977559055119
21
0.7919411417322835
0
LINE
8
BLACK
6
CONTINUOUS
10
1.0431977559055119
20
0.7919411417322835
11
1.0443809448818897
21
0.7931244094488189
0
LINE
8
BLACK
6
CONTINUOUS
10
1.0443809448818897
20
0.7931244094488189
11
1.0446808267716534
21
0.7933950787401575
0
LINE
8
BLACK
6
CONTINUOUS
10
1.0446808267716534
20
0.7933950787401575
11
1.0459794488188976
21
0.7944514960629921
0
LINE
8
BLACK
6
CONTINUOUS
10
1.0459794488188976
20
0.7944514960629921
11
1.0464353937007873
21
0.7950975196850394
0
LINE
8
BLACK
6
CONTINUOUS
10
1.0464353937007873
20
0.7950975196850394
11
1.04687
21
0.7956134251968504
0
LINE
8
BLACK
6
CONTINUOUS
10
1.04687
20
0.7956134251968504
11
1.1306123228346456
21
0.8793557874015748
0
LINE
8
BLACK
6
CONTINUOUS
10
1.1306123228346456
20
0.8793557874015748
11
1.1327933464566928
21
0.8804670078740158
0
LINE
8
BLACK
6
CONTINUOUS
10
1.1327933464566928
20
0.8804670078740158
11
1.1334129133858268
21
0.8805157874015748
0
LINE
8
BLACK
6
CONTINUOUS
10
1.1334129133858268
20
0.8805157874015748
11
1.1853171653543306
21
0.8805157874015748
0
LINE
8
BLACK
6
CONTINUOUS
10
1.1853171653543306
20
0.8805157874015748
11
1.1870731496062992
21
0.8808650393700788
0
LINE
8
BLACK
6
CONTINUOUS
10
1.1870731496062992
20
0.8808650393700788
11
1.1890643307086615
21
0.8821955118110236
0
LINE
8
BLACK
6
CONTINUOUS
10
1.1890643307086615
20
0.8821955118110236
11
1.1903948031496063
21
0.8841866929133858
0
LINE
8
BLACK
6
CONTINUOUS
10
1.1903948031496063
20
0.8841866929133858
11
1.1907440944881889
21
0.8859426377952756
0
LINE
8
BLACK
6
CONTINUOUS
10
1.1907440944881889
20
0.8859426377952756
11
1.1907440944881889
21
0.8908070866141732
0
LINE
8
BLACK
6
CONTINUOUS
10
1.1907440944881889
20
0.8908070866141732
11
1.1915005118110236
21
0.8931350787401574
0
LINE
8
BLACK
6
CONTINUOUS
10
1.1915005118110236
20
0.8931350787401574
11
1.1934808267716535
21
0.8945738582677165
0
LINE
8
BLACK
6
CONTINUOUS
10
1.1934808267716535
20
0.8945738582677165
11
1.1947047244094489
21
0.8947677165354331
0
LINE
8
BLACK
6
CONTINUOUS
10
1.1947047244094489
20
0.8947677165354331
11
1.2147441338582676
21
0.8947677165354331
0
LINE
8
BLACK
6
CONTINUOUS
10
1.2147441338582676
20
0.8947677165354331
11
1.2170721259842519
21
0.8940112992125984
0
LINE
8
BLACK
6
CONTINUOUS
10
1.2170721259842519
20
0.8940112992125984
11
1.2185109055118111
21
0.8920309842519685
0
LINE
8
BLACK
6
CONTINUOUS
10
1.2185109055118111
20
0.8920309842519685
11
1.2187047637795276
21
0.8908070866141732
0
LINE
8
BLACK
6
CONTINUOUS
10
1.2187047637795276
20
0.8908070866141732
11
1.2187047637795276
21
0.8859427165354331
0
LINE
8
BLACK
6
CONTINUOUS
10
1.2187047637795276
20
0.8859427165354331
11
1.2190539763779527
21
0.8841867322834646
0
LINE
8
BLACK
6
CONTINUOUS
10
1.2190539763779527
20
0.8841867322834646
11
1.2190540551181102
21
0.8841865748031495
0
LINE
8
BLACK
6
CONTINUOUS
10
1.2190540551181102
20
0.8841865748031495
11
1.2203844094488188
21
0.8821955905511811
0
LINE
8
BLACK
6
CONTINUOUS
10
1.2203844094488188
20
0.8821955905511811
11
1.2203844488188975
21
0.8821955511811024
0
LINE
8
BLACK
6
CONTINUOUS
10
1.2203844488188975
20
0.8821955511811024
11
1.2203844881889763
21
0.8821955118110236
0
LINE
8
BLACK
6
CONTINUOUS
10
1.2203844881889763
20
0.8821955118110236
11
1.2223756692913386
21
0.8808650393700788
0
LINE
8
BLACK
6
CONTINUOUS
10
1.2223756692913386
20
0.8808650393700788
11
1.2241316141732284
21
0.880515748031496
0
LINE
8
BLACK
6
CONTINUOUS
10
1.2241316141732284
20
0.880515748031496
11
1.2853171653543307
21
0.8805157874015748
0
LINE
8
BLACK
6
CONTINUOUS
10
1.2853171653543307
20
0.8805157874015748
11
1.2870731496062993
21
0.8808650393700788
0
LINE
8
BLACK
6
CONTINUOUS
10
1.2870731496062993
20
0.8808650393700788
11
1.2890643307086613
21
0.8821955118110236
0
LINE
8
BLACK
6
CONTINUOUS
10
1.2890643307086613
20
0.8821955118110236
11
1.2903948031496062
21
0.8841866929133858
0
LINE
8
BLACK
6
CONTINUOUS
10
1.2903948031496062
20
0.8841866929133858
11
1.2907440944881889
21
0.8859426377952756
0
LINE
8
BLACK
6
CONTINUOUS
10
1.2907440944881889
20
0.8859426377952756
11
1.2907440551181102
21
0.947128188976378
0
LINE
8
BLACK
6
CONTINUOUS
10
1.2907440551181102
20
0.947128188976378
11
1.2903948031496062
21
0.9488841732283464
0
LINE
8
BLACK
6
CONTINUOUS
10
1.2903948031496062
20
0.9488841732283464
11
1.2903947244094487
21
0.9488843307086614
0
LINE
8
BLACK
6
CONTINUOUS
10
1.2903947244094487
20
0.9488843307086614
11
1.2890643700787401
21
0.9508753149606299
0
LINE
8
BLACK
6
CONTINUOUS
10
1.2890643700787401
20
0.9508753149606299
11
1.2890642913385826
21
0.9508753937007873
0
LINE
8
BLACK
6
CONTINUOUS
10
1.2890642913385826
20
0.9508753937007873
11
1.2870731102362205
21
0.9522058661417323
0
LINE
8
BLACK
6
CONTINUOUS
10
1.2870731102362205
20
0.9522058661417323
11
1.2856664566929135
21
0.9524856692913386
0
LINE
8
BLACK
6
CONTINUOUS
10
1.2856664566929135
20
0.9524856692913386
11
1.2853172047244095
21
0.9525551181102362
0
LINE
8
BLACK
6
CONTINUOUS
10
1.2853172047244095
20
0.9525551181102362
11
1.2853171653543307
21
0.9525551181102362
0
LINE
8
BLACK
6
CONTINUOUS
10
1.2853171653543307
20
0.9525551181102362
11
1.2241316535433071
21
0.9525551181102362
0
LINE
8
BLACK
6
CONTINUOUS
10
1.2241316535433071
20
0.9525551181102362
11
1.2223756692913386
21
0.9522058661417323
0
LINE
8
BLACK
6
CONTINUOUS
10
1.2223756692913386
20
0.9522058661417323
11
1.2223755118110236
21
0.9522057874015748
0
LINE
8
BLACK
6
CONTINUOUS
10
1.2223755118110236
20
0.9522057874015748
11
1.220384527559055
21
0.9508754330708661
0
LINE
8
BLACK
6
CONTINUOUS
10
1.220384527559055
20
0.9508754330708661
11
1.2203844488188975
21
0.9508753543307087
0
LINE
8
BLACK
6
CONTINUOUS
10
1.2203844488188975
20
0.9508753543307087
11
1.2190539763779527
21
0.9488841732283464
0
LINE
8
BLACK
6
CONTINUOUS
10
1.2190539763779527
20
0.9488841732283464
11
1.2187047244094489
21
0.9471282283464567
0
LINE
8
BLACK
6
CONTINUOUS
10
1.2187047244094489
20
0.9471282283464567
11
1.2187047244094489
21
0.942263779527559
0
LINE
8
BLACK
6
CONTINUOUS
10
1.2187047244094489
20
0.942263779527559
11
1.2179483070866142
21
0.9399357874015748
0
LINE
8
BLACK
6
CONTINUOUS
10
1.2179483070866142
20
0.9399357874015748
11
1.2159679921259843
21
0.9384970078740157
0
LINE
8
BLACK
6
CONTINUOUS
10
1.2159679921259843
20
0.9384970078740157
11
1.2147440944881889
21
0.9383031496062992
0
LINE
8
BLACK
6
CONTINUOUS
10
1.2147440944881889
20
0.9383031496062992
11
1.1947046850393701
21
0.9383031496062992
0
LINE
8
BLACK
6
CONTINUOUS
10
1.1947046850393701
20
0.9383031496062992
11
1.1923766929133859
21
0.9390595669291338
0
LINE
8
BLACK
6
CONTINUOUS
10
1.1923766929133859
20
0.9390595669291338
11
1.1909379133858267
21
0.9410398818897637
0
LINE
8
BLACK
6
CONTINUOUS
10
1.1909379133858267
20
0.9410398818897637
11
1.1907440551181101
21
0.942263779527559
0
LINE
8
BLACK
6
CONTINUOUS
10
1.1907440551181101
20
0.942263779527559
11
1.1907440551181101
21
0.947128188976378
0
LINE
8
BLACK
6
CONTINUOUS
10
1.1907440551181101
20
0.947128188976378
11
1.1903948031496063
21
0.9488841732283464
0
LINE
8
BLACK
6
CONTINUOUS
10
1.1903948031496063
20
0.9488841732283464
11
1.1903947244094488
21
0.9488843307086614
0
LINE
8
BLACK
6
CONTINUOUS
10
1.1903947244094488
20
0.9488843307086614
11
1.1890643700787402
21
0.9508753149606299
0
LINE
8
BLACK
6
CONTINUOUS
10
1.1890643700787402
20
0.9508753149606299
11
1.1890642913385827
21
0.9508753937007873
0
LINE
8
BLACK
6
CONTINUOUS
10
1.1890642913385827
20
0.9508753937007873
11
1.1870731102362204
21
0.9522058661417323
0
LINE
8
BLACK
6
CONTINUOUS
10
1.1870731102362204
20
0.9522058661417323
11
1.1856664566929134
21
0.9524856692913386
0
LINE
8
BLACK
6
CONTINUOUS
10
1.1856664566929134
20
0.9524856692913386
11
1.1853172047244094
21
0.9525551181102362
0
LINE
8
BLACK
6
CONTINUOUS
10
1.1853172047244094
20
0.9525551181102362
11
1.1853171653543306
21
0.9525551181102362
0
LINE
8
BLACK
6
CONTINUOUS
10
1.1853171653543306
20
0.9525551181102362
11
1.124131653543307
21
0.9525551181102362
0
LINE
8
BLACK
6
CONTINUOUS
10
1.124131653543307
20
0.9525551181102362
11
1.1223756692913385
21
0.9522058661417323
0
LINE
8
BLACK
6
CONTINUOUS
10
1.1223756692913385
20
0.9522058661417323
11
1.1223755118110237
21
0.9522057874015748
0
LINE
8
BLACK
6
CONTINUOUS
10
1.1223755118110237
20
0.9522057874015748
11
1.1203845275590552
21
0.9508754330708661
0
LINE
8
BLACK
6
CONTINUOUS
10
1.1203845275590552
20
0.9508754330708661
11
1.1203844488188976
21
0.9508753543307087
0
LINE
8
BLACK
6
CONTINUOUS
10
1.1203844488188976
20
0.9508753543307087
11
1.1190539763779528
21
0.9488841732283464
0
LINE
8
BLACK
6
CONTINUOUS
10
1.1190539763779528
20
0.9488841732283464
11
1.1187047244094488
21
0.9471282283464567
0
LINE
8
BLACK
6
CONTINUOUS
10
1.1187047244094488
20
0.9471282283464567
11
1.1187047244094488
21
0.9306570472440945
0
LINE
8
BLACK
6
CONTINUOUS
10
1.1187047244094488
20
0.9306570472440945
11
1.1179483070866141
21
0.9283290551181103
0
LINE
8
BLACK
6
CONTINUOUS
10
1.1179483070866141
20
0.9283290551181103
11
1.11754468503937
21
0.9278564566929134
0
LINE
8
BLACK
6
CONTINUOUS
10
1.11754468503937
20
0.9278564566929134
11
1.0220648031496062
21
0.8323765748031496
0
LINE
8
BLACK
6
CONTINUOUS
10
1.0220648031496062
20
0.8323765748031496
11
1.019883779527559
21
0.8312653149606299
0
LINE
8
BLACK
6
CONTINUOUS
10
1.019883779527559
20
0.8312653149606299
11
1.0192642125984253
21
0.8312165354330708
0
LINE
8
BLACK
6
CONTINUOUS
10
1.0192642125984253
20
0.8312165354330708
11
0.9991070866141732
21
0.8312165354330708
0
LINE
8
BLACK
6
CONTINUOUS
10
0.9991070866141732
20
0.8312165354330708
11
0.9967790944881889
21
0.8319729527559055
0
LINE
8
BLACK
6
CONTINUOUS
10
0.9967790944881889
20
0.8319729527559055
11
0.9962364566929134
21
0.8324484251968504
0
LINE
8
BLACK
6
CONTINUOUS
10
0.9962364566929134
20
0.8324484251968504
11
0.9959470866141732
21
0.8327528346456693
0
LINE
8
BLACK
6
CONTINUOUS
10
0.9959470866141732
20
0.8327528346456693
11
0.9909013385826771
21
0.8380609842519685
0
LINE
8
BLACK
6
CONTINUOUS
10
0.9909013385826771
20
0.8380609842519685
11
0.984638937007874
21
0.8424197244094488
0
LINE
8
BLACK
6
CONTINUOUS
10
0.984638937007874
20
0.8424197244094488
11
0.9776273228346456
21
0.8454286614173229
0
LINE
8
BLACK
6
CONTINUOUS
10
0.9776273228346456
20
0.8454286614173229
11
0.9776272047244094
21
0.8454287007874015
0
LINE
8
BLACK
6
CONTINUOUS
10
0.9776272047244094
20
0.8454287007874015
11
0.9776271653543307
21
0.8454287007874015
0
LINE
8
BLACK
6
CONTINUOUS
10
0.9776271653543307
20
0.8454287007874015
11
0.9741585826771654
21
0.8461415354330708
0
LINE
8
BLACK
6
CONTINUOUS
10
0.9741585826771654
20
0.8461415354330708
11
0.9701535433070866
21
0.8469645669291338
0
LINE
8
BLACK
6
CONTINUOUS
10
0.9701535433070866
20
0.8469645669291338
11
0.9368770866141732
21
0.8469645669291338
0
LINE
8
BLACK
6
CONTINUOUS
10
0.9368770866141732
20
0.8469645669291338
11
0.9311886614173228
21
0.8463861417322834
0
LINE
8
BLACK
6
CONTINUOUS
10
0.9311886614173228
20
0.8463861417322834
11
0.9311884645669292
21
0.8463861023622047
0
LINE
8
BLACK
6
CONTINUOUS
10
0.9311884645669292
20
0.8463861023622047
11
0.9239087007874015
21
0.8441020472440944
0
LINE
8
BLACK
6
CONTINUOUS
10
0.9239087007874015
20
0.8441020472440944
11
0.9172374015748032
21
0.8403991732283465
0
LINE
8
BLACK
6
CONTINUOUS
10
0.9172374015748032
20
0.8403991732283465
11
0.9172373622047244
21
0.8403991338582677
0
LINE
8
BLACK
6
CONTINUOUS
10
0.9172373622047244
20
0.8403991338582677
11
0.9114481889763779
21
0.8354292913385827
0
LINE
8
BLACK
6
CONTINUOUS
10
0.9114481889763779
20
0.8354292913385827
11
0.9067778346456693
21
0.8293956692913386
0
LINE
8
BLACK
6
CONTINUOUS
10
0.9067778346456693
20
0.8293956692913386
11
0.9034176377952756
21
0.8225454724409449
0
LINE
8
BLACK
6
CONTINUOUS
10
0.9034176377952756
20
0.8225454724409449
11
0.9015051574803149
21
0.8151590157480315
0
LINE
8
BLACK
6
CONTINUOUS
10
0.9015051574803149
20
0.8151590157480315
11
0.9011187007874015
21
0.8075389763779527
0
LINE
8
BLACK
6
CONTINUOUS
10
0.9011187007874015
20
0.8075389763779527
11
0.9011187007874015
21
0.8075388976377953
0
LINE
8
BLACK
6
CONTINUOUS
10
0.9011187007874015
20
0.8075388976377953
11
0.902274094488189
21
0.7999968110236221
0
LINE
8
BLACK
6
CONTINUOUS
10
0.3198413779527559
20
0.9841867322834645
11
0.3198414566929134
21
0.9841865748031496
0
LINE
8
BLACK
6
CONTINUOUS
10
0.3198414566929134
20
0.9841865748031496
11
0.321171811023622
21
0.9821955905511811
0
LINE
8
BLACK
6
CONTINUOUS
10
0.321171811023622
20
0.9821955905511811
11
0.3211718503937008
21
0.9821955511811024
0
LINE
8
BLACK
6
CONTINUOUS
10
0.3211718503937008
20
0.9821955511811024
11
0.3211718897637795
21
0.9821955118110236
0
LINE
8
BLACK
6
CONTINUOUS
10
0.3211718897637795
20
0.9821955118110236
11
0.3231630708661417
21
0.9808650393700787
0
LINE
8
BLACK
6
CONTINUOUS
10
0.3231630708661417
20
0.9808650393700787
11
0.3249190157480315
21
0.980515748031496
0
LINE
8
BLACK
6
CONTINUOUS
10
0.3249190157480315
20
0.980515748031496
11
0.3861045669291339
21
0.9805157874015747
0
LINE
8
BLACK
6
CONTINUOUS
10
0.3861045669291339
20
0.9805157874015747
11
0.3878605511811024
21
0.9808650393700787
0
LINE
8
BLACK
6
CONTINUOUS
10
0.3878605511811024
20
0.9808650393700787
11
0.3898517322834645
21
0.9821955118110236
0
LINE
8
BLACK
6
CONTINUOUS
10
0.3898517322834645
20
0.9821955118110236
11
0.3911822047244095
21
0.9841866929133858
0
LINE
8
BLACK
6
CONTINUOUS
10
0.3911822047244095
20
0.9841866929133858
11
0.3915314960629921
21
0.9859426377952756
0
LINE
8
BLACK
6
CONTINUOUS
10
0.3915314960629921
20
0.9859426377952756
11
0.3915314960629921
21
0.9908070866141732
0
LINE
8
BLACK
6
CONTINUOUS
10
0.3915314960629921
20
0.9908070866141732
11
0.3922879133858267
21
0.9931350787401575
0
LINE
8
BLACK
6
CONTINUOUS
10
0.3922879133858267
20
0.9931350787401575
11
0.3942682283464567
21
0.9945738582677165
0
LINE
8
BLACK
6
CONTINUOUS
10
0.3942682283464567
20
0.9945738582677165
11
0.395492125984252
21
0.9947677165354331
0
LINE
8
BLACK
6
CONTINUOUS
10
0.395492125984252
20
0.9947677165354331
11
0.4155315354330709
21
0.9947677165354331
0
LINE
8
BLACK
6
CONTINUOUS
10
0.4155315354330709
20
0.9947677165354331
11
0.4178595275590551
21
0.9940112992125985
0
LINE
8
BLACK
6
CONTINUOUS
10
0.4178595275590551
20
0.9940112992125985
11
0.4192983070866141
21
0.9920309842519685
0
LINE
8
BLACK
6
CONTINUOUS
10
0.4192983070866141
20
0.9920309842519685
11
0.4194921653543307
21
0.9908070866141732
0
LINE
8
BLACK
6
CONTINUOUS
10
0.4194921653543307
20
0.9908070866141732
11
0.4194921653543307
21
0.9859427165354331
0
LINE
8
BLACK
6
CONTINUOUS
10
0.4194921653543307
20
0.9859427165354331
11
0.4198413779527559
21
0.9841867322834645
0
LINE
8
BLACK
6
CONTINUOUS
10
0.4198413779527559
20
0.9841867322834645
11
0.4198414566929134
21
0.9841865748031496
0
LINE
8
BLACK
6
CONTINUOUS
10
0.4198414566929134
20
0.9841865748031496
11
0.4211718110236221
21
0.9821955905511811
0
LINE
8
BLACK
6
CONTINUOUS
10
0.4211718110236221
20
0.9821955905511811
11
0.4211718503937008
21
0.9821955511811024
0
LINE
8
BLACK
6
CONTINUOUS
10
0.4211718503937008
20
0.9821955511811024
11
0.4211718897637795
21
0.9821955118110236
0
LINE
8
BLACK
6
CONTINUOUS
10
0.4211718897637795
20
0.9821955118110236
11
0.4231630708661417
21
0.9808650393700787
0
LINE
8
BLACK
6
CONTINUOUS
10
0.4231630708661417
20
0.9808650393700787
11
0.4249190157480315
21
0.980515748031496
0
LINE
8
BLACK
6
CONTINUOUS
10
0.4249190157480315
20
0.980515748031496
11
0.4791854330708661
21
0.9805157874015747
0
LINE
8
BLACK
6
CONTINUOUS
10
0.4791854330708661
20
0.9805157874015747
11
0.4815134251968504
21
0.9797593700787401
0
LINE
8
BLACK
6
CONTINUOUS
10
0.4815134251968504
20
0.9797593700787401
11
0.4819860236220472
21
0.9793557480314961
0
LINE
8
BLACK
6
CONTINUOUS
10
0.4819860236220472
20
0.9793557480314961
11
0.5669747637795275
21
0.8943670078740157
0
LINE
8
BLACK
6
CONTINUOUS
10
0.5669747637795275
20
0.8943670078740157
11
0.5670687401574803
21
0.8942697637795275
0
LINE
8
BLACK
6
CONTINUOUS
10
0.5670687401574803
20
0.8942697637795275
11
0.5688106692913386
21
0.8924046062992126
0
LINE
8
BLACK
6
CONTINUOUS
10
0.5688106692913386
20
0.8924046062992126
11
0.5702402755905511
21
0.8915352755905511
0
LINE
8
BLACK
6
CONTINUOUS
10
0.5702402755905511
20
0.8915352755905511
11
0.570575157480315
21
0.8913073622047244
0
LINE
8
BLACK
6
CONTINUOUS
10
0.570575157480315
20
0.8913073622047244
11
0.5719083070866141
21
0.8902963779527558
0
LINE
8
BLACK
6
CONTINUOUS
10
0.5719083070866141
20
0.8902963779527558
11
0.5726433070866142
21
0.8900065354330708
0
LINE
8
BLACK
6
CONTINUOUS
10
0.5726433070866142
20
0.8900065354330708
11
0.5732482283464567
21
0.889706062992126
0
LINE
8
BLACK
6
CONTINUOUS
10
0.5732482283464567
20
0.889706062992126
11
0.573923188976378
21
0.8892955905511811
0
LINE
8
BLACK
6
CONTINUOUS
10
0.573923188976378
20
0.8892955905511811
11
0.5739232283464567
21
0.8892955905511811
0
LINE
8
BLACK
6
CONTINUOUS
10
0.5739232283464567
20
0.8892955905511811
11
0.5739233464566929
21
0.8892955118110236
0
LINE
8
BLACK
6
CONTINUOUS
10
0.5739233464566929
20
0.8892955118110236
11
0.5755346062992126
21
0.8888440944881889
0
LINE
8
BLACK
6
CONTINUOUS
10
0.5755346062992126
20
0.8888440944881889
11
0.5759184645669291
21
0.8887149606299213
0
LINE
8
BLACK
6
CONTINUOUS
10
0.5759184645669291
20
0.8887149606299213
11
0.5774748818897638
21
0.8881011811023621
0
LINE
8
BLACK
6
CONTINUOUS
10
0.5774748818897638
20
0.8881011811023621
11
0.5782608267716536
21
0.8880204330708661
0
LINE
8
BLACK
6
CONTINUOUS
10
0.5782608267716536
20
0.8880204330708661
11
0.5789244488188976
21
0.8878943307086614
0
LINE
8
BLACK
6
CONTINUOUS
10
0.5789244488188976
20
0.8878943307086614
11
0.5796852755905512
21
0.8876811023622047
0
LINE
8
BLACK
6
CONTINUOUS
10
0.5796852755905512
20
0.8876811023622047
11
0.5813579527559055
21
0.8876811023622047
0
LINE
8
BLACK
6
CONTINUOUS
10
0.5813579527559055
20
0.8876811023622047
11
0.5817629527559055
21
0.8876603543307087
0
LINE
8
BLACK
6
CONTINUOUS
10
0.5817629527559055
20
0.8876603543307087
11
0.5834273228346456
21
0.8874892519685039
0
LINE
8
BLACK
6
CONTINUOUS
10
0.5834273228346456
20
0.8874892519685039
11
0.5842059448818897
21
0.8876235433070866
0
LINE
8
BLACK
6
CONTINUOUS
10
0.5842059448818897
20
0.8876235433070866
11
0.5848788976377952
21
0.8876811023622047
0
LINE
8
BLACK
6
CONTINUOUS
10
0.5848788976377952
20
0.8876811023622047
11
0.6060110236220473
21
0.8876811023622047
0
LINE
8
BLACK
6
CONTINUOUS
10
0.6060110236220473
20
0.8876811023622047
11
0.6083390157480315
21
0.8869246850393701
0
LINE
8
BLACK
6
CONTINUOUS
10
0.6083390157480315
20
0.8869246850393701
11
0.608881653543307
21
0.8864492125984251
0
LINE
8
BLACK
6
CONTINUOUS
10
0.608881653543307
20
0.8864492125984251
11
0.6089599606299212
21
0.8863668503937008
0
LINE
8
BLACK
6
CONTINUOUS
10
0.6089599606299212
20
0.8863668503937008
11
0.6089599999999999
21
0.8863667716535433
0
LINE
8
BLACK
6
CONTINUOUS
10
0.6089599999999999
20
0.8863667716535433
11
0.6142167716535433
21
0.8808366535433071
0
LINE
8
BLACK
6
CONTINUOUS
10
0.6142167716535433
20
0.8808366535433071
11
0.6204791732283464
21
0.8764779133858267
0
LINE
8
BLACK
6
CONTINUOUS
10
0.6204791732283464
20
0.8764779133858267
11
0.6274907874015748
21
0.8734689763779527
0
LINE
8
BLACK
6
CONTINUOUS
10
0.6274907874015748
20
0.8734689763779527
11
0.6349645669291338
21
0.8719330708661417
0
LINE
8
BLACK
6
CONTINUOUS
10
0.6349645669291338
20
0.8719330708661417
11
0.6349646062992126
21
0.8719330708661417
0
LINE
8
BLACK
6
CONTINUOUS
10
0.6349646062992126
20
0.8719330708661417
11
0.6682410236220472
21
0.8719330708661417
0
LINE
8
BLACK
6
CONTINUOUS
10
0.6682410236220472
20
0.8719330708661417
11
0.6739294094488189
21
0.8725115354330708
0
LINE
8
BLACK
6
CONTINUOUS
10
0.6739294094488189
20
0.8725115354330708
11
0.6739296062992126
21
0.8725115748031496
0
LINE
8
BLACK
6
CONTINUOUS
10
0.6739296062992126
20
0.8725115748031496
11
0.6773906692913386
21
0.8735975196850394
0
LINE
8
BLACK
6
CONTINUOUS
10
0.6773906692913386
20
0.8735975196850394
11
0.6812094488188977
21
0.8747956299212598
0
LINE
8
BLACK
6
CONTINUOUS
10
0.6812094488188977
20
0.8747956299212598
11
0.6878806692913386
21
0.8784984645669291
0
LINE
8
BLACK
6
CONTINUOUS
10
0.6878806692913386
20
0.8784984645669291
11
0.6936699606299213
21
0.8834684251968504
0
LINE
8
BLACK
6
CONTINUOUS
10
0.6936699606299213
20
0.8834684251968504
11
0.6983402755905511
21
0.8895020078740157
0
LINE
8
BLACK
6
CONTINUOUS
10
0.6983402755905511
20
0.8895020078740157
11
0.7017004724409449
21
0.8963522047244095
0
LINE
8
BLACK
6
CONTINUOUS
10
0.7017004724409449
20
0.8963522047244095
11
0.7036129527559055
21
0.9037385826771653
0
LINE
8
BLACK
6
CONTINUOUS
10
0.7036129527559055
20
0.9037385826771653
11
0.7038056692913386
21
0.9075388976377953
0
LINE
8
BLACK
6
CONTINUOUS
10
0.7038056692913386
20
0.9075388976377953
11
0.7039994094488189
21
0.9113587401574803
0
LINE
8
BLACK
6
CONTINUOUS
10
0.7039994094488189
20
0.9113587401574803
11
0.7028440157480315
21
0.918900748031496
0
LINE
8
BLACK
6
CONTINUOUS
10
0.7028440157480315
20
0.918900748031496
11
0.7001940944881889
21
0.926055748031496
0
LINE
8
BLACK
6
CONTINUOUS
10
0.7001940944881889
20
0.926055748031496
11
0.6961581102362204
21
0.9325308661417323
0
LINE
8
BLACK
6
CONTINUOUS
10
0.6961581102362204
20
0.9325308661417323
11
0.6909013385826771
21
0.9380609842519685
0
LINE
8
BLACK
6
CONTINUOUS
10
0.6909013385826771
20
0.9380609842519685
11
0.684638937007874
21
0.9424197244094488
0
LINE
8
BLACK
6
CONTINUOUS
10
0.684638937007874
20
0.9424197244094488
11
0.6776273228346457
21
0.9454286614173228
0
LINE
8
BLACK
6
CONTINUOUS
10
0.6776273228346457
20
0.9454286614173228
11
0.6776272047244094
21
0.9454287007874016
0
LINE
8
BLACK
6
CONTINUOUS
10
0.6776272047244094
20
0.9454287007874016
11
0.6776271653543307
21
0.9454287007874016
0
LINE
8
BLACK
6
CONTINUOUS
10
0.6776271653543307
20
0.9454287007874016
11
0.6741585826771653
21
0.9461415354330709
0
LINE
8
BLACK
6
CONTINUOUS
10
0.6741585826771653
20
0.9461415354330709
11
0.6701535433070867
21
0.9469645669291339
0
LINE
8
BLACK
6
CONTINUOUS
10
0.6701535433070867
20
0.9469645669291339
11
0.6368770866141732
21
0.9469645669291339
0
LINE
8
BLACK
6
CONTINUOUS
10
0.6368770866141732
20
0.9469645669291339
11
0.6311886614173228
21
0.9463861417322834
0
LINE
8
BLACK
6
CONTINUOUS
10
0.6311886614173228
20
0.9463861417322834
11
0.6311884645669291
21
0.9463861023622047
0
LINE
8
BLACK
6
CONTINUOUS
10
0.6311884645669291
20
0.9463861023622047
11
0.6239087007874016
21
0.9441020472440945
0
LINE
8
BLACK
6
CONTINUOUS
10
0.6239087007874016
20
0.9441020472440945
11
0.6172374015748031
21
0.9403991732283464
0
LINE
8
BLACK
6
CONTINUOUS
10
0.6172374015748031
20
0.9403991732283464
11
0.6172373622047244
21
0.9403991338582677
0
LINE
8
BLACK
6
CONTINUOUS
10
0.6172373622047244
20
0.9403991338582677
11
0.611448188976378
21
0.9354292913385827
0
LINE
8
BLACK
6
CONTINUOUS
10
0.611448188976378
20
0.9354292913385827
11
0.6093764960629922
21
0.9327528346456693
0
LINE
8
BLACK
6
CONTINUOUS
10
0.6093764960629922
20
0.9327528346456693
11
0.6073533464566929
21
0.9313749212598424
0
LINE
8
BLACK
6
CONTINUOUS
10
0.6073533464566929
20
0.9313749212598424
11
0.6062445275590551
21
0.9312165354330708
0
LINE
8
BLACK
6
CONTINUOUS
10
0.6062445275590551
20
0.9312165354330708
11
0.5933341732283465
21
0.9312165354330708
0
LINE
8
BLACK
6
CONTINUOUS
10
0.5933341732283465
20
0.9312165354330708
11
0.5910061811023621
21
0.9319729527559055
0
LINE
8
BLACK
6
CONTINUOUS
10
0.5910061811023621
20
0.9319729527559055
11
0.5905335826771654
21
0.9323765748031496
0
LINE
8
BLACK
6
CONTINUOUS
10
0.5905335826771654
20
0.9323765748031496
11
0.4926914960629921
21
1.0302187007874015
0
LINE
8
BLACK
6
CONTINUOUS
10
0.4926914960629921
20
1.0302187007874015
11
0.4915802362204724
21
1.0323997244094487
0
LINE
8
BLACK
6
CONTINUOUS
10
0.4915802362204724
20
1.0323997244094487
11
0.4915314566929134
21
1.0330192913385827
0
LINE
8
BLACK
6
CONTINUOUS
10
0.4915314566929134
20
1.0330192913385827
11
0.4915314566929134
21
1.0471281889763779
0
LINE
8
BLACK
6
CONTINUOUS
10
0.4915314566929134
20
1.0471281889763779
11
0.4911822047244094
21
1.0488841732283465
0
LINE
8
BLACK
6
CONTINUOUS
10
0.4911822047244094
20
1.0488841732283465
11
0.491182125984252
21
1.0488843307086615
0
LINE
8
BLACK
6
CONTINUOUS
10
0.491182125984252
20
1.0488843307086615
11
0.4898517716535433
21
1.0508753149606298
0
LINE
8
BLACK
6
CONTINUOUS
10
0.4898517716535433
20
1.0508753149606298
11
0.4898516929133858
21
1.0508753937007873
0
LINE
8
BLACK
6
CONTINUOUS
10
0.4898516929133858
20
1.0508753937007873
11
0.4878605118110236
21
1.0522058661417322
0
LINE
8
BLACK
6
CONTINUOUS
10
0.4878605118110236
20
1.0522058661417322
11
0.4864538582677165
21
1.0524856692913385
0
LINE
8
BLACK
6
CONTINUOUS
10
0.4864538582677165
20
1.0524856692913385
11
0.4861046062992126
21
1.0525551181102362
0
LINE
8
BLACK
6
CONTINUOUS
10
0.4861046062992126
20
1.0525551181102362
11
0.4861045669291338
21
1.0525551181102362
0
LINE
8
BLACK
6
CONTINUOUS
10
0.4861045669291338
20
1.0525551181102362
11
0.4249190551181102
21
1.0525551181102362
0
LINE
8
BLACK
6
CONTINUOUS
10
0.4249190551181102
20
1.0525551181102362
11
0.4231630708661417
21
1.0522058661417322
0
LINE
8
BLACK
6
CONTINUOUS
10
0.4231630708661417
20
1.0522058661417322
11
0.4231629133858268
21
1.0522057874015749
0
LINE
8
BLACK
6
CONTINUOUS
10
0.4231629133858268
20
1.0522057874015749
11
0.4211719291338583
21
1.0508754330708661
0
LINE
8
BLACK
6
CONTINUOUS
10
0.4211719291338583
20
1.0508754330708661
11
0.4211718503937008
21
1.0508753543307086
0
LINE
8
BLACK
6
CONTINUOUS
10
0.4211718503937008
20
1.0508753543307086
11
0.4198413779527559
21
1.0488841732283465
0
LINE
8
BLACK
6
CONTINUOUS
10
0.4198413779527559
20
1.0488841732283465
11
0.419492125984252
21
1.0471282283464567
0
LINE
8
BLACK
6
CONTINUOUS
10
0.419492125984252
20
1.0471282283464567
11
0.419492125984252
21
1.0422637795275591
0
LINE
8
BLACK
6
CONTINUOUS
10
0.419492125984252
20
1.0422637795275591
11
0.4187357086614173
21
1.0399357874015749
0
LINE
8
BLACK
6
CONTINUOUS
10
0.4187357086614173
20
1.0399357874015749
11
0.4167553937007874
21
1.0384970078740157
0
LINE
8
BLACK
6
CONTINUOUS
10
0.4167553937007874
20
1.0384970078740157
11
0.4155314960629921
21
1.0383031496062991
0
LINE
8
BLACK
6
CONTINUOUS
10
0.4155314960629921
20
1.0383031496062991
11
0.3954920866141732
21
1.0383031496062991
0
LINE
8
BLACK
6
CONTINUOUS
10
0.3954920866141732
20
1.0383031496062991
11
0.393164094488189
21
1.0390595669291338
0
LINE
8
BLACK
6
CONTINUOUS
10
0.393164094488189
20
1.0390595669291338
11
0.3917253149606299
21
1.0410398818897637
0
LINE
8
BLACK
6
CONTINUOUS
10
0.3917253149606299
20
1.0410398818897637
11
0.3915314566929134
21
1.0422637795275591
0
LINE
8
BLACK
6
CONTINUOUS
10
0.3915314566929134
20
1.0422637795275591
11
0.3915314566929134
21
1.0471281889763779
0
LINE
8
BLACK
6
CONTINUOUS
10
0.3915314566929134
20
1.0471281889763779
11
0.3911822047244095
21
1.0488841732283465
0
LINE
8
BLACK
6
CONTINUOUS
10
0.3911822047244095
20
1.0488841732283465
11
0.3911821259842519
21
1.0488843307086615
0
LINE
8
BLACK
6
CONTINUOUS
10
0.3911821259842519
20
1.0488843307086615
11
0.3898517716535433
21
1.0508753149606298
0
LINE
8
BLACK
6
CONTINUOUS
10
0.3898517716535433
20
1.0508753149606298
11
0.3898516929133858
21
1.0508753937007873
0
LINE
8
BLACK
6
CONTINUOUS
10
0.3898516929133858
20
1.0508753937007873
11
0.3878605118110236
21
1.0522058661417322
0
LINE
8
BLACK
6
CONTINUOUS
10
0.3878605118110236
20
1.0522058661417322
11
0.3864538582677165
21
1.0524856692913385
0
LINE
8
BLACK
6
CONTINUOUS
10
0.3864538582677165
20
1.0524856692913385
11
0.3861046062992126
21
1.0525551181102362
0
LINE
8
BLACK
6
CONTINUOUS
10
0.3861046062992126
20
1.0525551181102362
11
0.3861045669291339
21
1.0525551181102362
0
LINE
8
BLACK
6
CONTINUOUS
10
0.3861045669291339
20
1.0525551181102362
11
0.3249190551181103
21
1.0525551181102362
0
LINE
8
BLACK
6
CONTINUOUS
10
0.3249190551181103
20
1.0525551181102362
11
0.3231630708661417
21
1.0522058661417322
0
LINE
8
BLACK
6
CONTINUOUS
10
0.3231630708661417
20
1.0522058661417322
11
0.3231629133858268
21
1.0522057874015749
0
LINE
8
BLACK
6
CONTINUOUS
10
0.3231629133858268
20
1.0522057874015749
11
0.3211719291338583
21
1.0508754330708661
0
LINE
8
BLACK
6
CONTINUOUS
10
0.3211719291338583
20
1.0508754330708661
11
0.3211718503937008
21
1.0508753543307086
0
LINE
8
BLACK
6
CONTINUOUS
10
0.3211718503937008
20
1.0508753543307086
11
0.3198413779527559
21
1.0488841732283465
0
LINE
8
BLACK
6
CONTINUOUS
10
0.3198413779527559
20
1.0488841732283465
11
0.319492125984252
21
1.0471282283464567
0
LINE
8
BLACK
6
CONTINUOUS
10
0.319492125984252
20
1.0471282283464567
11
0.319492125984252
21
0.9859427165354331
0
LINE
8
BLACK
6
CONTINUOUS
10
0.319492125984252
20
0.9859427165354331
11
0.3198413779527559
21
0.9841867322834645
0
LINE
8
BLACK
6
CONTINUOUS
10
0.902274094488189
20
0.8999968110236221
11
0.9042825590551181
21
0.8945738582677165
0
LINE
8
BLACK
6
CONTINUOUS
10
0.9042825590551181
20
0.8945738582677165
11
0.9049240157480315
21
0.8928418897637795
0
LINE
8
BLACK
6
CONTINUOUS
10
0.9049240157480315
20
0.8928418897637795
11
0.9074499606299212
21
0.8887894094488189
0
LINE
8
BLACK
6
CONTINUOUS
10
0.9074499606299212
20
0.8887894094488189
11
0.9089599606299212
21
0.886366811023622
0
LINE
8
BLACK
6
CONTINUOUS
10
0.9089599606299212
20
0.886366811023622
11
0.9093631889763779
21
0.8859426377952756
0
LINE
8
BLACK
6
CONTINUOUS
10
0.9093631889763779
20
0.8859426377952756
11
0.9142167716535433
21
0.8808366535433071
0
LINE
8
BLACK
6
CONTINUOUS
10
0.9142167716535433
20
0.8808366535433071
11
0.9204791732283464
21
0.8764779133858267
0
LINE
8
BLACK
6
CONTINUOUS
10
0.9204791732283464
20
0.8764779133858267
11
0.9274907874015748
21
0.8734689763779527
0
LINE
8
BLACK
6
CONTINUOUS
10
0.9274907874015748
20
0.8734689763779527
11
0.9349645669291339
21
0.8719330708661417
0
LINE
8
BLACK
6
CONTINUOUS
10
0.9349645669291339
20
0.8719330708661417
11
0.9349646062992126
21
0.8719330708661417
0
LINE
8
BLACK
6
CONTINUOUS
10
0.9349646062992126
20
0.8719330708661417
11
0.9682410236220472
21
0.8719330708661417
0
LINE
8
BLACK
6
CONTINUOUS
10
0.9682410236220472
20
0.8719330708661417
11
0.9739294094488189
21
0.8725115354330708
0
LINE
8
BLACK
6
CONTINUOUS
10
0.9739294094488189
20
0.8725115354330708
11
0.9739296062992125
21
0.8725115748031496
0
LINE
8
BLACK
6
CONTINUOUS
10
0.9739296062992125
20
0.8725115748031496
11
0.9773906692913386
21
0.8735975196850394
0
LINE
8
BLACK
6
CONTINUOUS
10
0.9773906692913386
20
0.8735975196850394
11
0.9812094488188976
21
0.8747956299212598
0
LINE
8
BLACK
6
CONTINUOUS
10
0.9812094488188976
20
0.8747956299212598
11
0.9878806692913386
21
0.8784984645669291
0
LINE
8
BLACK
6
CONTINUOUS
10
0.9878806692913386
20
0.8784984645669291
11
0.9936699606299212
21
0.8834684251968504
0
LINE
8
BLACK
6
CONTINUOUS
10
0.9936699606299212
20
0.8834684251968504
11
0.9957416141732284
21
0.8861448031496063
0
LINE
8
BLACK
6
CONTINUOUS
10
0.9957416141732284
20
0.8861448031496063
11
0.9977647637795275
21
0.887522716535433
0
LINE
8
BLACK
6
CONTINUOUS
10
0.9977647637795275
20
0.887522716535433
11
0.9988735826771653
21
0.8876811023622047
0
LINE
8
BLACK
6
CONTINUOUS
10
0.9988735826771653
20
0.8876811023622047
11
1.0310573228346456
21
0.8876811023622047
0
LINE
8
BLACK
6
CONTINUOUS
10
1.0310573228346456
20
0.8876811023622047
11
1.0311925590551181
21
0.887678779527559
0
LINE
8
BLACK
6
CONTINUOUS
10
1.0311925590551181
20
0.887678779527559
11
1.0337430314960629
21
0.887591653543307
0
LINE
8
BLACK
6
CONTINUOUS
10
1.0337430314960629
20
0.887591653543307
11
1.0353689763779528
21
0.8879879133858267
0
LINE
8
BLACK
6
CONTINUOUS
10
1.0353689763779528
20
0.8879879133858267
11
1.035766811023622
21
0.8880635039370078
0
LINE
8
BLACK
6
CONTINUOUS
10
1.035766811023622
20
0.8880635039370078
11
1.0374241338582677
21
0.8882912598425197
0
LINE
8
BLACK
6
CONTINUOUS
10
1.0374241338582677
20
0.8882912598425197
11
1.0381488582677165
21
0.8886061023622047
0
LINE
8
BLACK
6
CONTINUOUS
10
1.0381488582677165
20
0.8886061023622047
11
1.0387884251968504
21
0.8888212204724409
0
LINE
8
BLACK
6
CONTINUOUS
10
1.0387884251968504
20
0.8888212204724409
11
1.0395567322834645
21
0.8890083858267717
0
LINE
8
BLACK
6
CONTINUOUS
10
1.0395567322834645
20
0.8890083858267717
11
1.0410155905511811
21
0.8898287401574803
0
LINE
8
BLACK
6
CONTINUOUS
10
1.0410155905511811
20
0.8898287401574803
11
1.041377716535433
21
0.8900085826771653
0
LINE
8
BLACK
6
CONTINUOUS
10
1.041377716535433
20
0.8900085826771653
11
1.042912559055118
21
0.8906751968503936
0
LINE
8
BLACK
6
CONTINUOUS
10
1.042912559055118
20
0.8906751968503936
11
1.0435255118110236
21
0.891173937007874
0
LINE
8
BLACK
6
CONTINUOUS
10
1.0435255118110236
20
0.891173937007874
11
1.0440838188976378
21
0.891553937007874
0
LINE
8
BLACK
6
CONTINUOUS
10
1.0440838188976378
20
0.891553937007874
11
1.044772559055118
21
0.8919411417322834
0
LINE
8
BLACK
6
CONTINUOUS
10
1.044772559055118
20
0.8919411417322834
11
1.045955748031496
21
0.8931244094488189
0
LINE
8
BLACK
6
CONTINUOUS
10
1.045955748031496
20
0.8931244094488189
11
1.0462556299212598
21
0.8933950787401574
0
LINE
8
BLACK
6
CONTINUOUS
10
1.0462556299212598
20
0.8933950787401574
11
1.0475542519685039
21
0.8944514960629921
0
LINE
8
BLACK
6
CONTINUOUS
10
1.0475542519685039
20
0.8944514960629921
11
1.0480101968503936
21
0.8950975196850394
0
LINE
8
BLACK
6
CONTINUOUS
10
1.0480101968503936
20
0.8950975196850394
11
1.0484448031496063
21
0.8956134251968504
0
LINE
8
BLACK
6
CONTINUOUS
10
1.0484448031496063
20
0.8956134251968504
11
1.132187125984252
21
0.9793557874015748
0
LINE
8
BLACK
6
CONTINUOUS
10
1.132187125984252
20
0.9793557874015748
11
1.1343681496062992
21
0.9804670078740158
0
LINE
8
BLACK
6
CONTINUOUS
10
1.1343681496062992
20
0.9804670078740158
11
1.134987716535433
21
0.9805157874015747
0
LINE
8
BLACK
6
CONTINUOUS
10
1.134987716535433
20
0.9805157874015747
11
1.1853171653543306
21
0.9805157874015747
0
LINE
8
BLACK
6
CONTINUOUS
10
1.1853171653543306
20
0.9805157874015747
11
1.1870731496062992
21
0.9808650393700787
0
LINE
8
BLACK
6
CONTINUOUS
10
1.1870731496062992
20
0.9808650393700787
11
1.1890643307086615
21
0.9821955118110236
0
LINE
8
BLACK
6
CONTINUOUS
10
1.1890643307086615
20
0.9821955118110236
11
1.1903948031496063
21
0.9841866929133858
0
LINE
8
BLACK
6
CONTINUOUS
10
1.1903948031496063
20
0.9841866929133858
11
1.1907440944881889
21
0.9859426377952756
0
LINE
8
BLACK
6
CONTINUOUS
10
1.1907440944881889
20
0.9859426377952756
11
1.1907440944881889
21
0.9908070866141732
0
LINE
8
BLACK
6
CONTINUOUS
10
1.1907440944881889
20
0.9908070866141732
11
1.1915005118110236
21
0.9931350787401575
0
LINE
8
BLACK
6
CONTINUOUS
10
1.1915005118110236
20
0.9931350787401575
11
1.1934808267716535
21
0.9945738582677165
0
LINE
8
BLACK
6
CONTINUOUS
10
1.1934808267716535
20
0.9945738582677165
11
1.1947047244094489
21
0.9947677165354331
0
LINE
8
BLACK
6
CONTINUOUS
10
1.1947047244094489
20
0.9947677165354331
11
1.2147441338582676
21
0.9947677165354331
0
LINE
8
BLACK
6
CONTINUOUS
10
1.2147441338582676
20
0.9947677165354331
11
1.2170721259842519
21
0.9940112992125985
0
LINE
8
BLACK
6
CONTINUOUS
10
1.2170721259842519
20
0.9940112992125985
11
1.2185109055118111
21
0.9920309842519685
0
LINE
8
BLACK
6
CONTINUOUS
10
1.2185109055118111
20
0.9920309842519685
11
1.2187047637795276
21
0.9908070866141732
0
LINE
8
BLACK
6
CONTINUOUS
10
1.2187047637795276
20
0.9908070866141732
11
1.2187047637795276
21
0.9859427165354331
0
LINE
8
BLACK
6
CONTINUOUS
10
1.2187047637795276
20
0.9859427165354331
11
1.2190539763779527
21
0.9841867322834645
0
LINE
8
BLACK
6
CONTINUOUS
10
1.2190539763779527
20
0.9841867322834645
11
1.2190540551181102
21
0.9841865748031496
0
LINE
8
BLACK
6
CONTINUOUS
10
1.2190540551181102
20
0.9841865748031496
11
1.2203844094488188
21
0.9821955905511811
0
LINE
8
BLACK
6
CONTINUOUS
10
1.2203844094488188
20
0.9821955905511811
11
1.2203844488188975
21
0.9821955511811024
0
LINE
8
BLACK
6
CONTINUOUS
10
1.2203844488188975
20
0.9821955511811024
11
1.2203844881889763
21
0.9821955118110236
0
LINE
8
BLACK
6
CONTINUOUS
10
1.2203844881889763
20
0.9821955118110236
11
1.2223756692913386
21
0.9808650393700787
0
LINE
8
BLACK
6
CONTINUOUS
10
1.2223756692913386
20
0.9808650393700787
11
1.2241316141732284
21
0.980515748031496
0
LINE
8
BLACK
6
CONTINUOUS
10
1.2241316141732284
20
0.980515748031496
11
1.2853171653543307
21
0.9805157874015747
0
LINE
8
BLACK
6
CONTINUOUS
10
1.2853171653543307
20
0.9805157874015747
11
1.2870731496062993
21
0.9808650393700787
0
LINE
8
BLACK
6
CONTINUOUS
10
1.2870731496062993
20
0.9808650393700787
11
1.2890643307086613
21
0.9821955118110236
0
LINE
8
BLACK
6
CONTINUOUS
10
1.2890643307086613
20
0.9821955118110236
11
1.2903948031496062
21
0.9841866929133858
0
LINE
8
BLACK
6
CONTINUOUS
10
1.2903948031496062
20
0.9841866929133858
11
1.2907440944881889
21
0.9859426377952756
0
LINE
8
BLACK
6
CONTINUOUS
10
1.2907440944881889
20
0.9859426377952756
11
1.2907440551181102
21
1.0471281889763779
0
LINE
8
BLACK
6
CONTINUOUS
10
1.2907440551181102
20
1.0471281889763779
11
1.2903948031496062
21
1.0488841732283465
0
LINE
8
BLACK
6
CONTINUOUS
10
1.2903948031496062
20
1.0488841732283465
11
1.2903947244094487
21
1.0488843307086615
0
LINE
8
BLACK
6
CONTINUOUS
10
1.2903947244094487
20
1.0488843307086615
11
1.2890643700787401
21
1.0508753149606298
0
LINE
8
BLACK
6
CONTINUOUS
10
1.2890643700787401
20
1.0508753149606298
11
1.2890642913385826
21
1.0508753937007873
0
LINE
8
BLACK
6
CONTINUOUS
10
1.2890642913385826
20
1.0508753937007873
11
1.2870731102362205
21
1.0522058661417322
0
LINE
8
BLACK
6
CONTINUOUS
10
1.2870731102362205
20
1.0522058661417322
11
1.2856664566929135
21
1.0524856692913385
0
LINE
8
BLACK
6
CONTINUOUS
10
1.2856664566929135
20
1.0524856692913385
11
1.2853172047244095
21
1.0525551181102362
0
LINE
8
BLACK
6
CONTINUOUS
10
1.2853172047244095
20
1.0525551181102362
11
1.2853171653543307
21
1.0525551181102362
0
LINE
8
BLACK
6
CONTINUOUS
10
1.2853171653543307
20
1.0525551181102362
11
1.2241316535433071
21
1.0525551181102362
0
LINE
8
BLACK
6
CONTINUOUS
10
1.2241316535433071
20
1.0525551181102362
11
1.2223756692913386
21
1.0522058661417322
0
LINE
8
BLACK
6
CONTINUOUS
10
1.2223756692913386
20
1.0522058661417322
11
1.2223755118110236
21
1.0522057874015749
0
LINE
8
BLACK
6
CONTINUOUS
10
1.2223755118110236
20
1.0522057874015749
11
1.220384527559055
21
1.0508754330708661
0
LINE
8
BLACK
6
CONTINUOUS
10
1.220384527559055
20
1.0508754330708661
11
1.2203844488188975
21
1.0508753543307086
0
LINE
8
BLACK
6
CONTINUOUS
10
1.2203844488188975
20
1.0508753543307086
11
1.2190539763779527
21
1.0488841732283465
0
LINE
8
BLACK
6
CONTINUOUS
10
1.2190539763779527
20
1.0488841732283465
11
1.2187047244094489
21
1.0471282283464567
0
LINE
8
BLACK
6
CONTINUOUS
10
1.2187047244094489
20
1.0471282283464567
11
1.2187047244094489
21
1.0422637795275591
0
LINE
8
BLACK
6
CONTINUOUS
10
1.2187047244094489
20
1.0422637795275591
11
1.2179483070866142
21
1.0399357874015749
0
LINE
8
BLACK
6
CONTINUOUS
10
1.2179483070866142
20
1.0399357874015749
11
1.2159679921259843
21
1.0384970078740157
0
LINE
8
BLACK
6
CONTINUOUS
10
1.2159679921259843
20
1.0384970078740157
11
1.2147440944881889
21
1.0383031496062991
0
LINE
8
BLACK
6
CONTINUOUS
10
1.2147440944881889
20
1.0383031496062991
11
1.1947046850393701
21
1.0383031496062991
0
LINE
8
BLACK
6
CONTINUOUS
10
1.1947046850393701
20
1.0383031496062991
11
1.1923766929133859
21
1.0390595669291338
0
LINE
8
BLACK
6
CONTINUOUS
10
1.1923766929133859
20
1.0390595669291338
11
1.1909379133858267
21
1.0410398818897637
0
LINE
8
BLACK
6
CONTINUOUS
10
1.1909379133858267
20
1.0410398818897637
11
1.1907440551181101
21
1.0422637795275591
0
LINE
8
BLACK
6
CONTINUOUS
10
1.1907440551181101
20
1.0422637795275591
11
1.1907440551181101
21
1.0471281889763779
0
LINE
8
BLACK
6
CONTINUOUS
10
1.1907440551181101
20
1.0471281889763779
11
1.1903948031496063
21
1.0488841732283465
0
LINE
8
BLACK
6
CONTINUOUS
10
1.1903948031496063
20
1.0488841732283465
11
1.1903947244094488
21
1.0488843307086615
0
LINE
8
BLACK
6
CONTINUOUS
10
1.1903947244094488
20
1.0488843307086615
11
1.1890643700787402
21
1.0508753149606298
0
LINE
8
BLACK
6
CONTINUOUS
10
1.1890643700787402
20
1.0508753149606298
11
1.1890642913385827
21
1.0508753937007873
0
LINE
8
BLACK
6
CONTINUOUS
10
1.1890642913385827
20
1.0508753937007873
11
1.1870731102362204
21
1.0522058661417322
0
LINE
8
BLACK
6
CONTINUOUS
10
1.1870731102362204
20
1.0522058661417322
11
1.1856664566929134
21
1.0524856692913385
0
LINE
8
BLACK
6
CONTINUOUS
10
1.1856664566929134
20
1.0524856692913385
11
1.1853172047244094
21
1.0525551181102362
0
LINE
8
BLACK
6
CONTINUOUS
10
1.1853172047244094
20
1.0525551181102362
11
1.1853171653543306
21
1.0525551181102362
0
LINE
8
BLACK
6
CONTINUOUS
10
1.1853171653543306
20
1.0525551181102362
11
1.124131653543307
21
1.0525551181102362
0
LINE
8
BLACK
6
CONTINUOUS
10
1.124131653543307
20
1.0525551181102362
11
1.1223756692913385
21
1.0522058661417322
0
LINE
8
BLACK
6
CONTINUOUS
10
1.1223756692913385
20
1.0522058661417322
11
1.1223755118110237
21
1.0522057874015749
0
LINE
8
BLACK
6
CONTINUOUS
10
1.1223755118110237
20
1.0522057874015749
11
1.1203845275590552
21
1.0508754330708661
0
LINE
8
BLACK
6
CONTINUOUS
10
1.1203845275590552
20
1.0508754330708661
11
1.1203844488188976
21
1.0508753543307086
0
LINE
8
BLACK
6
CONTINUOUS
10
1.1203844488188976
20
1.0508753543307086
11
1.1190539763779528
21
1.0488841732283465
0
LINE
8
BLACK
6
CONTINUOUS
10
1.1190539763779528
20
1.0488841732283465
11
1.1187047244094488
21
1.0471282283464567
0
LINE
8
BLACK
6
CONTINUOUS
10
1.1187047244094488
20
1.0471282283464567
11
1.1187047244094488
21
1.0290822440944882
0
LINE
8
BLACK
6
CONTINUOUS
10
1.1187047244094488
20
1.0290822440944882
11
1.1179483070866141
21
1.026754251968504
0
LINE
8
BLACK
6
CONTINUOUS
10
1.1179483070866141
20
1.026754251968504
11
1.11754468503937
21
1.026281653543307
0
LINE
8
BLACK
6
CONTINUOUS
10
1.11754468503937
20
1.026281653543307
11
1.0236396062992126
21
0.9323765748031496
0
LINE
8
BLACK
6
CONTINUOUS
10
1.0236396062992126
20
0.9323765748031496
11
1.0214585826771654
21
0.9312653149606299
0
LINE
8
BLACK
6
CONTINUOUS
10
1.0214585826771654
20
0.9312653149606299
11
1.0208390157480314
21
0.9312165354330708
0
LINE
8
BLACK
6
CONTINUOUS
10
1.0208390157480314
20
0.9312165354330708
11
0.9991070866141732
21
0.9312165354330708
0
LINE
8
BLACK
6
CONTINUOUS
10
0.9991070866141732
20
0.9312165354330708
11
0.9967790944881889
21
0.9319729527559055
0
LINE
8
BLACK
6
CONTINUOUS
10
0.9967790944881889
20
0.9319729527559055
11
0.9962364566929134
21
0.9324484251968503
0
LINE
8
BLACK
6
CONTINUOUS
10
0.9962364566929134
20
0.9324484251968503
11
0.9959470866141732
21
0.9327528346456693
0
LINE
8
BLACK
6
CONTINUOUS
10
0.9959470866141732
20
0.9327528346456693
11
0.9909013385826771
21
0.9380609842519685
0
LINE
8
BLACK
6
CONTINUOUS
10
0.9909013385826771
20
0.9380609842519685
11
0.984638937007874
21
0.9424197244094488
0
LINE
8
BLACK
6
CONTINUOUS
10
0.984638937007874
20
0.9424197244094488
11
0.9776273228346456
21
0.9454286614173228
0
LINE
8
BLACK
6
CONTINUOUS
10
0.9776273228346456
20
0.9454286614173228
11
0.9776272047244094
21
0.9454287007874016
0
LINE
8
BLACK
6
CONTINUOUS
10
0.9776272047244094
20
0.9454287007874016
11
0.9776271653543307
21
0.9454287007874016
0
LINE
8
BLACK
6
CONTINUOUS
10
0.9776271653543307
20
0.9454287007874016
11
0.9741585826771654
21
0.9461415354330709
0
LINE
8
BLACK
6
CONTINUOUS
10
0.9741585826771654
20
0.9461415354330709
11
0.9701535433070866
21
0.9469645669291339
0
LINE
8
BLACK
6
CONTINUOUS
10
0.9701535433070866
20
0.9469645669291339
11
0.9368770866141732
21
0.9469645669291339
0
LINE
8
BLACK
6
CONTINUOUS
10
0.9368770866141732
20
0.9469645669291339
11
0.9311886614173228
21
0.9463861417322834
0
LINE
8
BLACK
6
CONTINUOUS
10
0.9311886614173228
20
0.9463861417322834
11
0.9311884645669292
21
0.9463861023622047
0
LINE
8
BLACK
6
CONTINUOUS
10
0.9311884645669292
20
0.9463861023622047
11
0.9239087007874015
21
0.9441020472440945
0
LINE
8
BLACK
6
CONTINUOUS
10
0.9239087007874015
20
0.9441020472440945
11
0.9172374015748032
21
0.9403991732283464
0
LINE
8
BLACK
6
CONTINUOUS
10
0.9172374015748032
20
0.9403991732283464
11
0.9172373622047244
21
0.9403991338582677
0
LINE
8
BLACK
6
CONTINUOUS
10
0.9172373622047244
20
0.9403991338582677
11
0.9114481889763779
21
0.9354292913385827
0
LINE
8
BLACK
6
CONTINUOUS
10
0.9114481889763779
20
0.9354292913385827
11
0.9067778346456693
21
0.9293956692913385
0
LINE
8
BLACK
6
CONTINUOUS
10
0.9067778346456693
20
0.9293956692913385
11
0.9034176377952756
21
0.9225454724409449
0
LINE
8
BLACK
6
CONTINUOUS
10
0.9034176377952756
20
0.9225454724409449
11
0.9015051574803149
21
0.9151590157480315
0
LINE
8
BLACK
6
CONTINUOUS
10
0.9015051574803149
20
0.9151590157480315
11
0.9011187007874015
21
0.9075389763779528
0
LINE
8
BLACK
6
CONTINUOUS
10
0.9011187007874015
20
0.9075389763779528
11
0.9011187007874015
21
0.9075388976377953
0
LINE
8
BLACK
6
CONTINUOUS
10
0.9011187007874015
20
0.9075388976377953
11
0.902274094488189
21
0.8999968110236221
0
LINE
8
BLACK
6
CONTINUOUS
10
0.6929133858267716
20
1.0158335826771654
11
0.6931654330708661
21
1.0134891732283464
0
LINE
8
BLACK
6
CONTINUOUS
10
0.6931654330708661
20
1.0134891732283464
11
0.6931654724409448
21
1.0134889763779527
0
LINE
8
BLACK
6
CONTINUOUS
10
0.6931654724409448
20
1.0134889763779527
11
0.6951434645669291
21
1.0081856299212599
0
LINE
8
BLACK
6
CONTINUOUS
10
0.6951434645669291
20
1.0081856299212599
11
0.6951435039370079
21
1.0081855511811024
0
LINE
8
BLACK
6
CONTINUOUS
10
0.6951435039370079
20
1.0081855511811024
11
0.6985358661417322
21
1.0036540157480314
0
LINE
8
BLACK
6
CONTINUOUS
10
0.6985358661417322
20
1.0036540157480314
11
0.7030674015748032
21
1.0002616535433071
0
LINE
8
BLACK
6
CONTINUOUS
10
0.7030674015748032
20
1.0002616535433071
11
0.7030674803149606
21
1.0002616141732283
0
LINE
8
BLACK
6
CONTINUOUS
10
0.7030674803149606
20
1.0002616141732283
11
0.7083708267716535
21
0.9982836220472441
0
LINE
8
BLACK
6
CONTINUOUS
10
0.7083708267716535
20
0.9982836220472441
11
0.7083710236220472
21
0.9982835826771653
0
LINE
8
BLACK
6
CONTINUOUS
10
0.7083710236220472
20
0.9982835826771653
11
0.7107154330708662
21
0.9980314960629921
0
LINE
8
BLACK
6
CONTINUOUS
10
0.7107154330708662
20
0.9980314960629921
11
0.7429842519685039
21
0.9980314960629921
0
LINE
8
BLACK
6
CONTINUOUS
10
0.7429842519685039
20
0.9980314960629921
11
0.7429842519685039
21
1.0078740157480315
0
LINE
8
BLACK
6
CONTINUOUS
10
0.7429842519685039
20
1.0078740157480315
11
0.7125984251968503
21
1.0078740157480315
0
LINE
8
BLACK
6
CONTINUOUS
10
0.7125984251968503
20
1.0078740157480315
11
0.7088318503937008
21
1.0086232283464567
0
LINE
8
BLACK
6
CONTINUOUS
10
0.7088318503937008
20
1.0086232283464567
11
0.7056387007874015
21
1.010756811023622
0
LINE
8
BLACK
6
CONTINUOUS
10
0.7056387007874015
20
1.010756811023622
11
0.7035051181102362
21
1.0139499606299212
0
LINE
8
BLACK
6
CONTINUOUS
10
0.7035051181102362
20
1.0139499606299212
11
0.702755905511811
21
1.0177165354330708
0
LINE
8
BLACK
6
CONTINUOUS
10
0.702755905511811
20
1.0177165354330708
11
0.702755905511811
21
1.0343228346456692
0
LINE
8
BLACK
6
CONTINUOUS
10
0.702755905511811
20
1.0343228346456692
11
0.6929133858267716
21
1.0343228346456692
0
LINE
8
BLACK
6
CONTINUOUS
10
0.6929133858267716
20
1.0343228346456692
11
0.6929133858267716
21
1.0158335826771654
0
LINE
8
BLACK
6
CONTINUOUS
10
0.6752756299212598
20
1.5866850393700787
11
0.6654331102362204
21
1.5866850393700787
0
LINE
8
BLACK
6
CONTINUOUS
10
0.6654331102362204
20
1.5866850393700787
11
0.6654331102362204
21
1.5656692913385826
0
LINE
8
BLACK
6
CONTINUOUS
10
0.6654331102362204
20
1.5656692913385826
11
0.6444173622047243
21
1.5656692913385826
0
LINE
8
BLACK
6
CONTINUOUS
10
0.6444173622047243
20
1.5656692913385826
11
0.6444173622047243
21
1.5558267716535432
0
LINE
8
BLACK
6
CONTINUOUS
10
0.6444173622047243
20
1.5558267716535432
11
0.6664025196850394
21
1.5558267716535432
0
LINE
8
BLACK
6
CONTINUOUS
10
0.6664025196850394
20
1.5558267716535432
11
0.6692734251968504
21
1.5563978346456693
0
LINE
8
BLACK
6
CONTINUOUS
10
0.6692734251968504
20
1.5563978346456693
11
0.6725291338582677
21
1.5585732677165354
0
LINE
8
BLACK
6
CONTINUOUS
10
0.6725291338582677
20
1.5585732677165354
11
0.6747045669291338
21
1.5618289763779527
0
LINE
8
BLACK
6
CONTINUOUS
10
0.6747045669291338
20
1.5618289763779527
11
0.6752756299212598
21
1.5646998818897637
0
LINE
8
BLACK
6
CONTINUOUS
10
0.6752756299212598
20
1.5646998818897637
11
0.6752756299212598
21
1.5650765748031497
0
LINE
8
BLACK
6
CONTINUOUS
10
0.6752756299212598
20
1.5650765748031497
11
0.6752756299212598
21
1.5866850393700787
0
LINE
8
BLACK
6
CONTINUOUS
10
0.5142536220472441
20
1.1303719685039371
11
0.5142537007874015
21
1.1303717322834645
0
LINE
8
BLACK
6
CONTINUOUS
10
0.5142537007874015
20
1.1303717322834645
11
0.5165346850393701
21
1.1258949999999999
0
LINE
8
BLACK
6
CONTINUOUS
10
0.5165346850393701
20
1.1258949999999999
11
0.5165347244094488
21
1.1258949606299213
0
LINE
8
BLACK
6
CONTINUOUS
10
0.5165347244094488
20
1.1258949606299213
11
0.5165348031496063
21
1.1258948425196851
0
LINE
8
BLACK
6
CONTINUOUS
10
0.5165348031496063
20
1.1258948425196851
11
0.5200877559055118
21
1.1223418897637796
0
LINE
8
BLACK
6
CONTINUOUS
10
0.5200877559055118
20
1.1223418897637796
11
0.5200878346456693
21
1.1223418503937008
0
LINE
8
BLACK
6
CONTINUOUS
10
0.5200878346456693
20
1.1223418503937008
11
0.5200878740157481
21
1.1223418110236221
0
LINE
8
BLACK
6
CONTINUOUS
10
0.5200878740157481
20
1.1223418110236221
11
0.5209364566929133
21
1.1219094488188976
0
LINE
8
BLACK
6
CONTINUOUS
10
0.5209364566929133
20
1.1219094488188976
11
0.5245647637795275
21
1.1200607480314961
0
LINE
8
BLACK
6
CONTINUOUS
10
0.5245647637795275
20
1.1200607480314961
11
0.5273301181102362
21
1.1196227952755906
0
LINE
8
BLACK
6
CONTINUOUS
10
0.5273301181102362
20
1.1196227952755906
11
0.528278937007874
21
1.1194724803149605
0
LINE
8
BLACK
6
CONTINUOUS
10
0.528278937007874
20
1.1194724803149605
11
0.5282791338582677
21
1.119472440944882
0
LINE
8
BLACK
6
CONTINUOUS
10
0.5282791338582677
20
1.119472440944882
11
0.5282792125984251
21
1.119472440944882
0
LINE
8
BLACK
6
CONTINUOUS
10
0.5282792125984251
20
1.119472440944882
11
0.5313582677165354
21
1.119472440944882
0
LINE
8
BLACK
6
CONTINUOUS
10
0.5313582677165354
20
1.119472440944882
11
0.5336862598425197
21
1.1187160236220473
0
LINE
8
BLACK
6
CONTINUOUS
10
0.5336862598425197
20
1.1187160236220473
11
0.5351250393700787
21
1.1167357086614174
0
LINE
8
BLACK
6
CONTINUOUS
10
0.5351250393700787
20
1.1167357086614174
11
0.5353188976377953
21
1.115511811023622
0
LINE
8
BLACK
6
CONTINUOUS
10
0.5353188976377953
20
1.115511811023622
11
0.5353188976377953
21
1.0499325196850393
0
LINE
8
BLACK
6
CONTINUOUS
10
0.5353188976377953
20
1.0499325196850393
11
0.5359071653543307
21
1.0462184251968503
0
LINE
8
BLACK
6
CONTINUOUS
10
0.5359071653543307
20
1.0462184251968503
11
0.5359072440944882
21
1.046218188976378
0
LINE
8
BLACK
6
CONTINUOUS
10
0.5359072440944882
20
1.046218188976378
11
0.5381882283464566
21
1.0417414173228345
0
LINE
8
BLACK
6
CONTINUOUS
10
0.5381882283464566
20
1.0417414173228345
11
0.5383714566929134
21
1.0414892913385827
0
LINE
8
BLACK
6
CONTINUOUS
10
0.5383714566929134
20
1.0414892913385827
11
0.5382984251968503
21
1.0414362598425198
0
LINE
8
BLACK
6
CONTINUOUS
10
0.5382984251968503
20
1.0414362598425198
11
0.5392071259842519
21
1.0396527952755905
0
LINE
8
BLACK
6
CONTINUOUS
10
0.5392071259842519
20
1.0396527952755905
11
0.539255905511811
21
1.0390332283464567
0
LINE
8
BLACK
6
CONTINUOUS
10
0.539255905511811
20
1.0390332283464567
11
0.539255905511811
21
1.0164679527559055
0
LINE
8
BLACK
6
CONTINUOUS
10
0.539255905511811
20
1.0164679527559055
11
0.5398441732283464
21
1.0127538582677165
0
LINE
8
BLACK
6
CONTINUOUS
10
0.5398441732283464
20
1.0127538582677165
11
0.5398442519685039
21
1.0127536220472442
0
LINE
8
BLACK
6
CONTINUOUS
10
0.5398442519685039
20
1.0127536220472442
11
0.5421252362204725
21
1.0082768897637795
0
LINE
8
BLACK
6
CONTINUOUS
10
0.5421252362204725
20
1.0082768897637795
11
0.5421252755905511
21
1.0082768503937007
0
LINE
8
BLACK
6
CONTINUOUS
10
0.5421252755905511
20
1.0082768503937007
11
0.5421253543307086
21
1.0082767322834645
0
LINE
8
BLACK
6
CONTINUOUS
10
0.5421253543307086
20
1.0082767322834645
11
0.5456783070866141
21
1.004723779527559
0
LINE
8
BLACK
6
CONTINUOUS
10
0.5456783070866141
20
1.004723779527559
11
0.5456783858267716
21
1.0047237401574802
0
LINE
8
BLACK
6
CONTINUOUS
10
0.5456783858267716
20
1.0047237401574802
11
0.5456784251968504
21
1.0047237007874015
0
LINE
8
BLACK
6
CONTINUOUS
10
0.5456784251968504
20
1.0047237007874015
11
0.5477778346456693
21
1.0036540157480314
0
LINE
8
BLACK
6
CONTINUOUS
10
0.5477778346456693
20
1.0036540157480314
11
0.5501553149606299
21
1.0024426377952755
0
LINE
8
BLACK
6
CONTINUOUS
10
0.5501553149606299
20
1.0024426377952755
11
0.5529206692913385
21
1.00200468503937
0
LINE
8
BLACK
6
CONTINUOUS
10
0.5529206692913385
20
1.00200468503937
11
0.5538694881889764
21
1.0018543700787401
0
LINE
8
BLACK
6
CONTINUOUS
10
0.5538694881889764
20
1.0018543700787401
11
0.5538696850393701
21
1.0018543307086614
0
LINE
8
BLACK
6
CONTINUOUS
10
0.5538696850393701
20
1.0018543307086614
11
0.5538697637795276
21
1.0018543307086614
0
LINE
8
BLACK
6
CONTINUOUS
10
0.5538697637795276
20
1.0018543307086614
11
0.6351066929133858
21
1.0018543307086614
0
LINE
8
BLACK
6
CONTINUOUS
10
0.6351066929133858
20
1.0018543307086614
11
0.6351068503937007
21
1.0018543700787401
0
LINE
8
BLACK
6
CONTINUOUS
10
0.6351068503937007
20
1.0018543700787401
11
0.6388210629921259
21
1.0024426377952755
0
LINE
8
BLACK
6
CONTINUOUS
10
0.6388210629921259
20
1.0024426377952755
11
0.6432980708661418
21
1.004723779527559
0
LINE
8
BLACK
6
CONTINUOUS
10
0.6432980708661418
20
1.004723779527559
11
0.6468510236220473
21
1.0082767322834645
0
LINE
8
BLACK
6
CONTINUOUS
10
0.6468510236220473
20
1.0082767322834645
11
0.6491321653543307
21
1.0127537401574802
0
LINE
8
BLACK
6
CONTINUOUS
10
0.6491321653543307
20
1.0127537401574802
11
0.6497204724409449
21
1.016468188976378
0
LINE
8
BLACK
6
CONTINUOUS
10
0.6497204724409449
20
1.016468188976378
11
0.6497204724409449
21
1.0343228346456692
0
LINE
8
BLACK
6
CONTINUOUS
10
0.6497204724409449
20
1.0343228346456692
11
0.6497204724409449
21
1.0522913385826771
0
LINE
8
BLACK
6
CONTINUOUS
10
0.6497204724409449
20
1.0522913385826771
11
0.6497204724409449
21
1.0701459842519685
0
LINE
8
BLACK
6
CONTINUOUS
10
0.6497204724409449
20
1.0701459842519685
11
0.6491321653543307
21
1.0738604330708661
0
LINE
8
BLACK
6
CONTINUOUS
10
0.6491321653543307
20
1.0738604330708661
11
0.6481701968503937
21
1.0757484251968503
0
LINE
8
BLACK
6
CONTINUOUS
10
0.6481701968503937
20
1.0757484251968503
11
0.6468511023622047
21
1.0783373228346456
0
LINE
8
BLACK
6
CONTINUOUS
10
0.6468511023622047
20
1.0783373228346456
11
0.646851062992126
21
1.0783373622047243
0
LINE
8
BLACK
6
CONTINUOUS
10
0.646851062992126
20
1.0783373622047243
11
0.6468510236220473
21
1.0783374409448818
0
LINE
8
BLACK
6
CONTINUOUS
10
0.6468510236220473
20
1.0783374409448818
11
0.6432980708661418
21
1.0818903937007873
0
LINE
8
BLACK
6
CONTINUOUS
10
0.6432980708661418
20
1.0818903937007873
11
0.6432979527559055
21
1.0818904724409448
0
LINE
8
BLACK
6
CONTINUOUS
10
0.6432979527559055
20
1.0818904724409448
11
0.6432979133858268
21
1.0818905118110236
0
LINE
8
BLACK
6
CONTINUOUS
10
0.6432979133858268
20
1.0818905118110236
11
0.6432979527559055
21
1.0818905118110236
0
LINE
8
BLACK
6
CONTINUOUS
10
0.6432979527559055
20
1.0818905118110236
11
0.6388211811023622
21
1.084171496062992
0
LINE
8
BLACK
6
CONTINUOUS
10
0.6388211811023622
20
1.084171496062992
11
0.6388209448818898
21
1.0841715748031495
0
LINE
8
BLACK
6
CONTINUOUS
10
0.6388209448818898
20
1.0841715748031495
11
0.6351068503937007
21
1.0847598425196849
0
LINE
8
BLACK
6
CONTINUOUS
10
0.6351068503937007
20
1.0847598425196849
11
0.6351066141732283
21
1.0847598425196849
0
LINE
8
BLACK
6
CONTINUOUS
10
0.6351066141732283
20
1.0847598425196849
11
0.571003937007874
21
1.0847598425196849
0
LINE
8
BLACK
6
CONTINUOUS
10
0.571003937007874
20
1.0847598425196849
11
0.5686759448818898
21
1.0855162598425196
0
LINE
8
BLACK
6
CONTINUOUS
10
0.5686759448818898
20
1.0855162598425196
11
0.5672371653543307
21
1.0874965748031495
0
LINE
8
BLACK
6
CONTINUOUS
10
0.5672371653543307
20
1.0874965748031495
11
0.5670433070866142
21
1.0887204724409449
0
LINE
8
BLACK
6
CONTINUOUS
10
0.5670433070866142
20
1.0887204724409449
11
0.5670433070866142
21
1.1162474015748032
0
LINE
8
BLACK
6
CONTINUOUS
10
0.5670433070866142
20
1.1162474015748032
11
0.5677997244094488
21
1.1185753937007874
0
LINE
8
BLACK
6
CONTINUOUS
10
0.5677997244094488
20
1.1185753937007874
11
0.5696466535433071
21
1.1199173228346457
0
LINE
8
BLACK
6
CONTINUOUS
10
0.5696466535433071
20
1.1199173228346457
11
0.5696457086614173
21
1.1199192125984252
0
LINE
8
BLACK
6
CONTINUOUS
10
0.5696457086614173
20
1.1199192125984252
11
0.5696578346456693
21
1.1199254330708661
0
LINE
8
BLACK
6
CONTINUOUS
10
0.5696578346456693
20
1.1199254330708661
11
0.5697800393700787
21
1.1200141732283464
0
LINE
8
BLACK
6
CONTINUOUS
10
0.5697800393700787
20
1.1200141732283464
11
0.5697803543307086
21
1.1200142913385827
0
LINE
8
BLACK
6
CONTINUOUS
10
0.5697803543307086
20
1.1200142913385827
11
0.5699231496062992
21
1.1200607480314961
0
LINE
8
BLACK
6
CONTINUOUS
10
0.5699231496062992
20
1.1200607480314961
11
0.5699234251968504
21
1.1200607480314961
0
LINE
8
BLACK
6
CONTINUOUS
10
0.5699234251968504
20
1.1200607480314961
11
0.5744004330708661
21
1.1223418897637796
0
LINE
8
BLACK
6
CONTINUOUS
10
0.5744004330708661
20
1.1223418897637796
11
0.5779533858267717
21
1.1258948425196851
0
LINE
8
BLACK
6
CONTINUOUS
10
0.5779533858267717
20
1.1258948425196851
11
0.5802345275590551
21
1.1303718503937008
0
LINE
8
BLACK
6
CONTINUOUS
10
0.5802345275590551
20
1.1303718503937008
11
0.5805387401574803
21
1.1322926377952756
0
LINE
8
BLACK
6
CONTINUOUS
10
0.5805387401574803
20
1.1322926377952756
11
0.5808472047244094
21
1.1342399999999999
0
LINE
8
BLACK
6
CONTINUOUS
10
0.5808472047244094
20
1.1342399999999999
11
0.5809013779527559
21
1.1342314173228347
0
LINE
8
BLACK
6
CONTINUOUS
10
0.5809013779527559
20
1.1342314173228347
11
0.5817552755905512
21
1.1362927165354331
0
LINE
8
BLACK
6
CONTINUOUS
10
0.5817552755905512
20
1.1362927165354331
11
0.5838423622047244
21
1.1375716929133859
0
LINE
8
BLACK
6
CONTINUOUS
10
0.5838423622047244
20
1.1375716929133859
11
0.5847669291338583
21
1.1376811023622047
0
LINE
8
BLACK
6
CONTINUOUS
10
0.5847669291338583
20
1.1376811023622047
11
0.8086146456692913
21
1.1376811023622047
0
LINE
8
BLACK
6
CONTINUOUS
10
0.8086146456692913
20
1.1376811023622047
11
0.8086146850393701
21
1.1376811023622047
0
LINE
8
BLACK
6
CONTINUOUS
10
0.8086146850393701
20
1.1376811023622047
11
0.8086147244094488
21
1.1376811417322834
0
LINE
8
BLACK
6
CONTINUOUS
10
0.8086147244094488
20
1.1376811417322834
11
0.8086148425196851
21
1.1376811417322834
0
LINE
8
BLACK
6
CONTINUOUS
10
0.8086148425196851
20
1.1376811417322834
11
0.8095201574803149
21
1.13797531496063
0
LINE
8
BLACK
6
CONTINUOUS
10
0.8095201574803149
20
1.13797531496063
11
0.8101244488188977
21
1.1381204330708661
0
LINE
8
BLACK
6
CONTINUOUS
10
0.8101244488188977
20
1.1381204330708661
11
0.8110651574803149
21
1.1382694094488188
0
LINE
8
BLACK
6
CONTINUOUS
10
0.8110651574803149
20
1.1382694094488188
11
0.8119138582677166
21
1.1387018897637795
0
LINE
8
BLACK
6
CONTINUOUS
10
0.8119138582677166
20
1.1387018897637795
11
0.8124877165354331
21
1.1389395669291338
0
LINE
8
BLACK
6
CONTINUOUS
10
0.8124877165354331
20
1.1389395669291338
11
0.8133934251968504
21
1.1392338188976379
0
LINE
8
BLACK
6
CONTINUOUS
10
0.8133934251968504
20
1.1392338188976379
11
0.814163779527559
21
1.1397935826771652
0
LINE
8
BLACK
6
CONTINUOUS
10
0.814163779527559
20
1.1397935826771652
11
0.8146935433070865
21
1.1401181889763778
0
LINE
8
BLACK
6
CONTINUOUS
10
0.8146935433070865
20
1.1401181889763778
11
0.8155421653543307
21
1.1405505511811023
0
LINE
8
BLACK
6
CONTINUOUS
10
0.8155421653543307
20
1.1405505511811023
11
0.8190951181102362
21
1.1441035039370078
0
LINE
8
BLACK
6
CONTINUOUS
10
0.8190951181102362
20
1.1441035039370078
11
0.8190951181102362
21
1.1441035826771653
0
LINE
8
BLACK
6
CONTINUOUS
10
0.8190951181102362
20
1.1441035826771653
11
0.8194211811023622
21
1.1444296062992125
0
LINE
8
BLACK
6
CONTINUOUS
10
0.8194211811023622
20
1.1444296062992125
11
0.8194211811023622
21
1.14442968503937
0
LINE
8
BLACK
6
CONTINUOUS
10
0.8194211811023622
20
1.14442968503937
11
0.8233237007874016
21
1.1483321259842521
0
LINE
8
BLACK
6
CONTINUOUS
10
0.8233237007874016
20
1.1483321259842521
11
0.8255047244094488
21
1.1494433858267716
0
LINE
8
BLACK
6
CONTINUOUS
10
0.8255047244094488
20
1.1494433858267716
11
0.8261242519685039
21
1.1494921259842519
0
LINE
8
BLACK
6
CONTINUOUS
10
0.8261242519685039
20
1.1494921259842519
11
0.8644773228346456
21
1.1494921259842519
0
LINE
8
BLACK
6
CONTINUOUS
10
0.8644773228346456
20
1.1494921259842519
11
0.8644774015748031
21
1.1494921259842519
0
LINE
8
BLACK
6
CONTINUOUS
10
0.8644774015748031
20
1.1494921259842519
11
0.8654744094488189
21
1.1496077952755905
0
LINE
8
BLACK
6
CONTINUOUS
10
0.8654744094488189
20
1.1496077952755905
11
0.8695529527559055
21
1.1514086614173229
0
LINE
8
BLACK
6
CONTINUOUS
10
0.8695529527559055
20
1.1514086614173229
11
0.8727055118110236
21
1.1545612204724409
0
LINE
8
BLACK
6
CONTINUOUS
10
0.8727055118110236
20
1.1545612204724409
11
0.8745063779527559
21
1.1586397637795276
0
LINE
8
BLACK
6
CONTINUOUS
10
0.8745063779527559
20
1.1586397637795276
11
0.8746220472440944
21
1.1596367716535432
0
LINE
8
BLACK
6
CONTINUOUS
10
0.8746220472440944
20
1.1596367716535432
11
0.8746220472440944
21
1.1750088976377953
0
LINE
8
BLACK
6
CONTINUOUS
10
0.8746220472440944
20
1.1750088976377953
11
0.8745063779527559
21
1.1760059055118111
0
LINE
8
BLACK
6
CONTINUOUS
10
0.8745063779527559
20
1.1760059055118111
11
0.8727055118110236
21
1.1800844488188975
0
LINE
8
BLACK
6
CONTINUOUS
10
0.8727055118110236
20
1.1800844488188975
11
0.8695529527559055
21
1.1832370078740158
0
LINE
8
BLACK
6
CONTINUOUS
10
0.8695529527559055
20
1.1832370078740158
11
0.8695529133858267
21
1.1832370472440945
0
LINE
8
BLACK
6
CONTINUOUS
10
0.8695529133858267
20
1.1832370472440945
11
0.8654744488188976
21
1.1850378740157479
0
LINE
8
BLACK
6
CONTINUOUS
10
0.8654744488188976
20
1.1850378740157479
11
0.8644775196850394
21
1.1851535433070866
0
LINE
8
BLACK
6
CONTINUOUS
10
0.8644775196850394
20
1.1851535433070866
11
0.8644774015748031
21
1.1851535433070866
0
LINE
8
BLACK
6
CONTINUOUS
10
0.8644774015748031
20
1.1851535433070866
11
0.8146564566929134
21
1.1851535433070866
0
LINE
8
BLACK
6
CONTINUOUS
10
0.8146564566929134
20
1.1851535433070866
11
0.8146562992125984
21
1.1851535433070866
0
LINE
8
BLACK
6
CONTINUOUS
10
0.8146562992125984
20
1.1851535433070866
11
0.8136593700787401
21
1.1850378740157479
0
LINE
8
BLACK
6
CONTINUOUS
10
0.8136593700787401
20
1.1850378740157479
11
0.8095809055118111
21
1.1832370472440945
0
LINE
8
BLACK
6
CONTINUOUS
10
0.8095809055118111
20
1.1832370472440945
11
0.8064283070866142
21
1.1800844488188975
0
LINE
8
BLACK
6
CONTINUOUS
10
0.8064283070866142
20
1.1800844488188975
11
0.8046274015748032
21
1.1760058661417323
0
LINE
8
BLACK
6
CONTINUOUS
10
0.8046274015748032
20
1.1760058661417323
11
0.804588779527559
21
1.175672716535433
0
LINE
8
BLACK
6
CONTINUOUS
10
0.804588779527559
20
1.175672716535433
11
0.8035690944881889
21
1.1734474409448818
0
LINE
8
BLACK
6
CONTINUOUS
10
0.8035690944881889
20
1.1734474409448818
11
0.8034551574803149
21
1.1733287007874016
0
LINE
8
BLACK
6
CONTINUOUS
10
0.8034551574803149
20
1.1733287007874016
11
0.8006920866141732
21
1.1705655905511811
0
LINE
8
BLACK
6
CONTINUOUS
10
0.8006920866141732
20
1.1705655905511811
11
0.7985111023622047
21
1.1694542913385826
0
LINE
8
BLACK
6
CONTINUOUS
10
0.7985111023622047
20
1.1694542913385826
11
0.7978914960629921
21
1.1694055118110236
0
LINE
8
BLACK
6
CONTINUOUS
10
0.7978914960629921
20
1.1694055118110236
11
0.7973818897637795
21
1.1694055118110236
0
LINE
8
BLACK
6
CONTINUOUS
10
0.7973818897637795
20
1.1694055118110236
11
0.7950538976377952
21
1.1701619291338583
0
LINE
8
BLACK
6
CONTINUOUS
10
0.7950538976377952
20
1.1701619291338583
11
0.7936151181102362
21
1.1721422440944882
0
LINE
8
BLACK
6
CONTINUOUS
10
0.7936151181102362
20
1.1721422440944882
11
0.7934212598425197
21
1.1733661417322834
0
LINE
8
BLACK
6
CONTINUOUS
10
0.7934212598425197
20
1.1733661417322834
11
0.7934212598425197
21
1.180382283464567
0
LINE
8
BLACK
6
CONTINUOUS
10
0.7934212598425197
20
1.180382283464567
11
0.7934212204724409
21
1.1803824803149605
0
LINE
8
BLACK
6
CONTINUOUS
10
0.7934212204724409
20
1.1803824803149605
11
0.792969094488189
21
1.1832370472440945
0
LINE
8
BLACK
6
CONTINUOUS
10
0.792969094488189
20
1.1832370472440945
11
0.7928329527559055
21
1.1840966535433071
0
LINE
8
BLACK
6
CONTINUOUS
10
0.7928329527559055
20
1.1840966535433071
11
0.7914077952755906
21
1.1868937007874016
0
LINE
8
BLACK
6
CONTINUOUS
10
0.7914077952755906
20
1.1868937007874016
11
0.7905518897637795
21
1.1885735433070865
0
LINE
8
BLACK
6
CONTINUOUS
10
0.7905518897637795
20
1.1885735433070865
11
0.7905518503937008
21
1.1885735826771653
0
LINE
8
BLACK
6
CONTINUOUS
10
0.7905518503937008
20
1.1885735826771653
11
0.790551811023622
21
1.1885736614173228
0
LINE
8
BLACK
6
CONTINUOUS
10
0.790551811023622
20
1.1885736614173228
11
0.7869988582677165
21
1.1921266141732283
0
LINE
8
BLACK
6
CONTINUOUS
10
0.7869988582677165
20
1.1921266141732283
11
0.7869987401574803
21
1.1921266929133858
0
LINE
8
BLACK
6
CONTINUOUS
10
0.7869987401574803
20
1.1921266929133858
11
0.7869987007874015
21
1.1921267322834646
0
LINE
8
BLACK
6
CONTINUOUS
10
0.7869987007874015
20
1.1921267322834646
11
0.7869987401574803
21
1.1921267322834646
0
LINE
8
BLACK
6
CONTINUOUS
10
0.7869987401574803
20
1.1921267322834646
11
0.782521968503937
21
1.194407716535433
0
LINE
8
BLACK
6
CONTINUOUS
10
0.782521968503937
20
1.194407716535433
11
0.7825217322834646
21
1.1944077952755905
0
LINE
8
BLACK
6
CONTINUOUS
10
0.7825217322834646
20
1.1944077952755905
11
0.7788076377952756
21
1.1949960629921259
0
LINE
8
BLACK
6
CONTINUOUS
10
0.7788076377952756
20
1.1949960629921259
11
0.7788074015748031
21
1.1949960629921259
0
LINE
8
BLACK
6
CONTINUOUS
10
0.7788074015748031
20
1.1949960629921259
11
0.7408776377952756
21
1.1949960629921259
0
LINE
8
BLACK
6
CONTINUOUS
10
0.7408776377952756
20
1.1949960629921259
11
0.7408773622047244
21
1.1949960629921259
0
LINE
8
BLACK
6
CONTINUOUS
10
0.7408773622047244
20
1.1949960629921259
11
0.7371632677165354
21
1.1944077952755905
0
LINE
8
BLACK
6
CONTINUOUS
10
0.7371632677165354
20
1.1944077952755905
11
0.737163031496063
21
1.194407716535433
0
LINE
8
BLACK
6
CONTINUOUS
10
0.737163031496063
20
1.194407716535433
11
0.7326862992125984
21
1.1921267322834646
0
LINE
8
BLACK
6
CONTINUOUS
10
0.7326862992125984
20
1.1921267322834646
11
0.7291331102362204
21
1.1885735433070865
0
LINE
8
BLACK
6
CONTINUOUS
10
0.7291331102362204
20
1.1885735433070865
11
0.726852125984252
21
1.1840968110236221
0
LINE
8
BLACK
6
CONTINUOUS
10
0.726852125984252
20
1.1840968110236221
11
0.7268520472440945
21
1.1840965748031496
0
LINE
8
BLACK
6
CONTINUOUS
10
0.7268520472440945
20
1.1840965748031496
11
0.7262637795275591
21
1.1803824803149605
0
LINE
8
BLACK
6
CONTINUOUS
10
0.7262637795275591
20
1.1803824803149605
11
0.7262637795275591
21
1.1733661417322834
0
LINE
8
BLACK
6
CONTINUOUS
10
0.7262637795275591
20
1.1733661417322834
11
0.7255073622047243
21
1.1710381496062992
0
LINE
8
BLACK
6
CONTINUOUS
10
0.7255073622047243
20
1.1710381496062992
11
0.7235270472440944
21
1.1695993700787402
0
LINE
8
BLACK
6
CONTINUOUS
10
0.7235270472440944
20
1.1695993700787402
11
0.7223031496062992
21
1.1694055118110236
0
LINE
8
BLACK
6
CONTINUOUS
10
0.7223031496062992
20
1.1694055118110236
11
0.5745488976377953
21
1.1694055118110236
0
LINE
8
BLACK
6
CONTINUOUS
10
0.5745488976377953
20
1.1694055118110236
11
0.5727508267716536
21
1.1698372047244094
0
LINE
8
BLACK
6
CONTINUOUS
10
0.5727508267716536
20
1.1698372047244094
11
0.5713212992125984
21
1.1705655905511811
0
LINE
8
BLACK
6
CONTINUOUS
10
0.5713212992125984
20
1.1705655905511811
11
0.5699233858267716
21
1.1712778740157479
0
LINE
8
BLACK
6
CONTINUOUS
10
0.5699233858267716
20
1.1712778740157479
11
0.5662092125984252
21
1.1718661417322835
0
LINE
8
BLACK
6
CONTINUOUS
10
0.5662092125984252
20
1.1718661417322835
11
0.5662089763779528
21
1.1718661417322835
0
LINE
8
BLACK
6
CONTINUOUS
10
0.5662089763779528
20
1.1718661417322835
11
0.5282792125984251
21
1.1718661417322835
0
LINE
8
BLACK
6
CONTINUOUS
10
0.5282792125984251
20
1.1718661417322835
11
0.528278937007874
21
1.1718661417322835
0
LINE
8
BLACK
6
CONTINUOUS
10
0.528278937007874
20
1.1718661417322835
11
0.524564842519685
21
1.1712778740157479
0
LINE
8
BLACK
6
CONTINUOUS
10
0.524564842519685
20
1.1712778740157479
11
0.5245646062992125
21
1.1712777952755906
0
LINE
8
BLACK
6
CONTINUOUS
10
0.5245646062992125
20
1.1712777952755906
11
0.5200878740157481
21
1.168996811023622
0
LINE
8
BLACK
6
CONTINUOUS
10
0.5200878740157481
20
1.168996811023622
11
0.5165346850393701
21
1.1654436220472442
0
LINE
8
BLACK
6
CONTINUOUS
10
0.5165346850393701
20
1.1654436220472442
11
0.5142537007874015
21
1.1609668897637795
0
LINE
8
BLACK
6
CONTINUOUS
10
0.5142537007874015
20
1.1609668897637795
11
0.5142536220472441
21
1.160966653543307
0
LINE
8
BLACK
6
CONTINUOUS
10
0.5142536220472441
20
1.160966653543307
11
0.5136653543307087
21
1.1572525590551181
0
LINE
8
BLACK
6
CONTINUOUS
10
0.5136653543307087
20
1.1572525590551181
11
0.5136653543307087
21
1.1340860629921259
0
LINE
8
BLACK
6
CONTINUOUS
10
0.5136653543307087
20
1.1340860629921259
11
0.5142536220472441
21
1.1303719685039371
0
LINE
8
BLACK
6
CONTINUOUS
10
0.6997626771653543
20
1.5633205905511811
11
0.6997627559055118
21
1.5633204330708661
0
LINE
8
BLACK
6
CONTINUOUS
10
0.6997627559055118
20
1.5633204330708661
11
0.7010931102362205
21
1.5613294488188976
0
LINE
8
BLACK
6
CONTINUOUS
10
0.7010931102362205
20
1.5613294488188976
11
0.7010931496062992
21
1.5613294094488188
0
LINE
8
BLACK
6
CONTINUOUS
10
0.7010931496062992
20
1.5613294094488188
11
0.701093188976378
21
1.5613293700787401
0
LINE
8
BLACK
6
CONTINUOUS
10
0.701093188976378
20
1.5613293700787401
11
0.7030843700787401
21
1.5599988976377952
0
LINE
8
BLACK
6
CONTINUOUS
10
0.7030843700787401
20
1.5599988976377952
11
0.7048403149606299
21
1.5596496062992125
0
LINE
8
BLACK
6
CONTINUOUS
10
0.7048403149606299
20
1.5596496062992125
11
0.7660258661417323
21
1.5596496456692912
0
LINE
8
BLACK
6
CONTINUOUS
10
0.7660258661417323
20
1.5596496456692912
11
0.7677818503937007
21
1.5599988976377952
0
LINE
8
BLACK
6
CONTINUOUS
10
0.7677818503937007
20
1.5599988976377952
11
0.769773031496063
21
1.5613293700787401
0
LINE
8
BLACK
6
CONTINUOUS
10
0.769773031496063
20
1.5613293700787401
11
0.7711035039370079
21
1.5633205511811024
0
LINE
8
BLACK
6
CONTINUOUS
10
0.7711035039370079
20
1.5633205511811024
11
0.7714527952755905
21
1.5650764960629922
0
LINE
8
BLACK
6
CONTINUOUS
10
0.7714527952755905
20
1.5650764960629922
11
0.7714527952755905
21
1.5758464566929133
0
LINE
8
BLACK
6
CONTINUOUS
10
0.7714527952755905
20
1.5758464566929133
11
0.7722092125984252
21
1.5781744488188976
0
LINE
8
BLACK
6
CONTINUOUS
10
0.7722092125984252
20
1.5781744488188976
11
0.7741895275590551
21
1.5796132283464566
0
LINE
8
BLACK
6
CONTINUOUS
10
0.7741895275590551
20
1.5796132283464566
11
0.7754134251968504
21
1.5798070866141731
0
LINE
8
BLACK
6
CONTINUOUS
10
0.7754134251968504
20
1.5798070866141731
11
0.7954528346456693
21
1.5798070866141731
0
LINE
8
BLACK
6
CONTINUOUS
10
0.7954528346456693
20
1.5798070866141731
11
0.7977808267716535
21
1.5790506692913386
0
LINE
8
BLACK
6
CONTINUOUS
10
0.7977808267716535
20
1.5790506692913386
11
0.7992196062992126
21
1.5770703543307085
0
LINE
8
BLACK
6
CONTINUOUS
10
0.7992196062992126
20
1.5770703543307085
11
0.7994134645669291
21
1.5758464566929133
0
LINE
8
BLACK
6
CONTINUOUS
10
0.7994134645669291
20
1.5758464566929133
11
0.7994134645669291
21
1.5650765748031497
0
LINE
8
BLACK
6
CONTINUOUS
10
0.7994134645669291
20
1.5650765748031497
11
0.7997626771653543
21
1.5633205905511811
0
LINE
8
BLACK
6
CONTINUOUS
10
0.7997626771653543
20
1.5633205905511811
11
0.7997627559055118
21
1.5633204330708661
0
LINE
8
BLACK
6
CONTINUOUS
10
0.7997627559055118
20
1.5633204330708661
11
0.8010931102362204
21
1.5613294488188976
0
LINE
8
BLACK
6
CONTINUOUS
10
0.8010931102362204
20
1.5613294488188976
11
0.8010931496062992
21
1.5613294094488188
0
LINE
8
BLACK
6
CONTINUOUS
10
0.8010931496062992
20
1.5613294094488188
11
0.8010931889763779
21
1.5613293700787401
0
LINE
8
BLACK
6
CONTINUOUS
10
0.8010931889763779
20
1.5613293700787401
11
0.8030843700787401
21
1.5599988976377952
0
LINE
8
BLACK
6
CONTINUOUS
10
0.8030843700787401
20
1.5599988976377952
11
0.8048403149606299
21
1.5596496062992125
0
LINE
8
BLACK
6
CONTINUOUS
10
0.8048403149606299
20
1.5596496062992125
11
0.8097047637795275
21
1.5596496456692912
0
LINE
8
BLACK
6
CONTINUOUS
10
0.8097047637795275
20
1.5596496456692912
11
0.8120327559055118
21
1.5588932677165355
0
LINE
8
BLACK
6
CONTINUOUS
10
0.8120327559055118
20
1.5588932677165355
11
0.8134715354330708
21
1.5569129527559056
0
LINE
8
BLACK
6
CONTINUOUS
10
0.8134715354330708
20
1.5569129527559056
11
0.8136653937007874
21
1.5556890157480314
0
LINE
8
BLACK
6
CONTINUOUS
10
0.8136653937007874
20
1.5556890157480314
11
0.8136653937007874
21
1.5395101574803149
0
LINE
8
BLACK
6
CONTINUOUS
10
0.8136653937007874
20
1.5395101574803149
11
0.8129089763779528
21
1.5371821653543307
0
LINE
8
BLACK
6
CONTINUOUS
10
0.8129089763779528
20
1.5371821653543307
11
0.8125053937007873
21
1.5367096456692912
0
LINE
8
BLACK
6
CONTINUOUS
10
0.8125053937007873
20
1.5367096456692912
11
0.8118102755905512
21
1.5360145275590551
0
LINE
8
BLACK
6
CONTINUOUS
10
0.8118102755905512
20
1.5360145275590551
11
0.8095292913385826
21
1.5315377559055117
0
LINE
8
BLACK
6
CONTINUOUS
10
0.8095292913385826
20
1.5315377559055117
11
0.8095292125984251
21
1.5315375196850394
0
LINE
8
BLACK
6
CONTINUOUS
10
0.8095292125984251
20
1.5315375196850394
11
0.8089409448818897
21
1.5278234251968503
0
LINE
8
BLACK
6
CONTINUOUS
10
0.8089409448818897
20
1.5278234251968503
11
0.8089409448818897
21
1.4879246456692914
0
LINE
8
BLACK
6
CONTINUOUS
10
0.8089409448818897
20
1.4879246456692914
11
0.8095292125984251
21
1.4842105511811023
0
LINE
8
BLACK
6
CONTINUOUS
10
0.8095292125984251
20
1.4842105511811023
11
0.8095292913385826
21
1.4842103149606298
0
LINE
8
BLACK
6
CONTINUOUS
10
0.8095292913385826
20
1.4842103149606298
11
0.8118102755905512
21
1.4797335826771654
0
LINE
8
BLACK
6
CONTINUOUS
10
0.8118102755905512
20
1.4797335826771654
11
0.8118103149606299
21
1.4797335433070866
0
LINE
8
BLACK
6
CONTINUOUS
10
0.8118103149606299
20
1.4797335433070866
11
0.8118103937007873
21
1.4797334251968504
0
LINE
8
BLACK
6
CONTINUOUS
10
0.8118103937007873
20
1.4797334251968504
11
0.815363346456693
21
1.4761804724409449
0
LINE
8
BLACK
6
CONTINUOUS
10
0.815363346456693
20
1.4761804724409449
11
0.8153634251968503
21
1.4761804330708661
0
LINE
8
BLACK
6
CONTINUOUS
10
0.8153634251968503
20
1.4761804330708661
11
0.8153634645669291
21
1.4761803937007874
0
LINE
8
BLACK
6
CONTINUOUS
10
0.8153634645669291
20
1.4761803937007874
11
0.8189166929133858
21
1.4743699606299212
0
LINE
8
BLACK
6
CONTINUOUS
10
0.8189166929133858
20
1.4743699606299212
11
0.8198403543307087
21
1.4738993307086614
0
LINE
8
BLACK
6
CONTINUOUS
10
0.8198403543307087
20
1.4738993307086614
11
0.8226057086614174
21
1.4734613779527559
0
LINE
8
BLACK
6
CONTINUOUS
10
0.8226057086614174
20
1.4734613779527559
11
0.8235545275590551
21
1.473311062992126
0
LINE
8
BLACK
6
CONTINUOUS
10
0.8235545275590551
20
1.473311062992126
11
0.8235547244094488
21
1.4733110236220472
0
LINE
8
BLACK
6
CONTINUOUS
10
0.8235547244094488
20
1.4733110236220472
11
0.8235548031496063
21
1.4733110236220472
0
LINE
8
BLACK
6
CONTINUOUS
10
0.8235548031496063
20
1.4733110236220472
11
0.8457366141732283
21
1.4733110236220472
0
LINE
8
BLACK
6
CONTINUOUS
10
0.8457366141732283
20
1.4733110236220472
11
0.8457367716535433
21
1.473311062992126
0
LINE
8
BLACK
6
CONTINUOUS
10
0.8457367716535433
20
1.473311062992126
11
0.8494509842519685
21
1.4738993307086614
0
LINE
8
BLACK
6
CONTINUOUS
10
0.8494509842519685
20
1.4738993307086614
11
0.8539279921259842
21
1.4761804724409449
0
LINE
8
BLACK
6
CONTINUOUS
10
0.8539279921259842
20
1.4761804724409449
11
0.8574809448818898
21
1.4797334251968504
0
LINE
8
BLACK
6
CONTINUOUS
10
0.8574809448818898
20
1.4797334251968504
11
0.8576290944881889
21
1.4800242519685038
0
LINE
8
BLACK
6
CONTINUOUS
10
0.8576290944881889
20
1.4800242519685038
11
0.859626220472441
21
1.4839437401574802
0
LINE
8
BLACK
6
CONTINUOUS
10
0.859626220472441
20
1.4839437401574802
11
0.8613570472440945
21
1.4856746062992126
0
LINE
8
BLACK
6
CONTINUOUS
10
0.8613570472440945
20
1.4856746062992126
11
0.8631551574803149
21
1.4861062992125984
0
LINE
8
BLACK
6
CONTINUOUS
10
0.8631551574803149
20
1.4861062992125984
11
0.8691283070866141
21
1.4861062992125984
0
LINE
8
BLACK
6
CONTINUOUS
10
0.8691283070866141
20
1.4861062992125984
11
0.8714562992125984
21
1.4853498818897637
0
LINE
8
BLACK
6
CONTINUOUS
10
0.8714562992125984
20
1.4853498818897637
11
0.8726572440944882
21
1.4839437401574802
0
LINE
8
BLACK
6
CONTINUOUS
10
0.8726572440944882
20
1.4839437401574802
11
0.8748024015748032
21
1.4797335826771654
0
LINE
8
BLACK
6
CONTINUOUS
10
0.8748024015748032
20
1.4797335826771654
11
0.8748024409448819
21
1.4797335433070866
0
LINE
8
BLACK
6
CONTINUOUS
10
0.8748024409448819
20
1.4797335433070866
11
0.8748025196850393
21
1.4797334251968504
0
LINE
8
BLACK
6
CONTINUOUS
10
0.8748025196850393
20
1.4797334251968504
11
0.876043031496063
21
1.4784929133858267
0
LINE
8
BLACK
6
CONTINUOUS
10
0.876043031496063
20
1.4784929133858267
11
0.8770903937007873
21
1.4766302362204724
0
LINE
8
BLACK
6
CONTINUOUS
10
0.8770903937007873
20
1.4766302362204724
11
0.8771973228346457
21
1.4761914173228345
0
LINE
8
BLACK
6
CONTINUOUS
10
0.8771973228346457
20
1.4761914173228345
11
0.8771974409448818
21
1.4761911417322835
0
LINE
8
BLACK
6
CONTINUOUS
10
0.8771974409448818
20
1.4761911417322835
11
0.8780172440944881
21
1.4747331102362204
0
LINE
8
BLACK
6
CONTINUOUS
10
0.8780172440944881
20
1.4747331102362204
11
0.8781976377952756
21
1.4743699606299212
0
LINE
8
BLACK
6
CONTINUOUS
10
0.8781976377952756
20
1.4743699606299212
11
0.8784020472440944
21
1.4738994094488189
0
LINE
8
BLACK
6
CONTINUOUS
10
0.8784020472440944
20
1.4738994094488189
11
0.8788641732283464
21
1.4728354724409449
0
LINE
8
BLACK
6
CONTINUOUS
10
0.8788641732283464
20
1.4728354724409449
11
0.8793629527559055
21
1.4722224015748031
0
LINE
8
BLACK
6
CONTINUOUS
10
0.8793629527559055
20
1.4722224015748031
11
0.8797427559055118
21
1.4716643307086614
0
LINE
8
BLACK
6
CONTINUOUS
10
0.8797427559055118
20
1.4716643307086614
11
0.8799629133858268
21
1.4712728346456692
0
LINE
8
BLACK
6
CONTINUOUS
10
0.8799629133858268
20
1.4712728346456692
11
0.8801300787401575
21
1.4709755118110235
0
LINE
8
BLACK
6
CONTINUOUS
10
0.8801300787401575
20
1.4709755118110235
11
0.881312874015748
21
1.469792716535433
0
LINE
8
BLACK
6
CONTINUOUS
10
0.881312874015748
20
1.469792716535433
11
0.8815845669291338
21
1.4694916535433071
0
LINE
8
BLACK
6
CONTINUOUS
10
0.8815845669291338
20
1.4694916535433071
11
0.8826404724409449
21
1.468193779527559
0
LINE
8
BLACK
6
CONTINUOUS
10
0.8826404724409449
20
1.468193779527559
11
0.8832673228346456
21
1.467751338582677
0
LINE
8
BLACK
6
CONTINUOUS
10
0.8832673228346456
20
1.467751338582677
11
0.8832860236220472
21
1.4677381102362204
0
LINE
8
BLACK
6
CONTINUOUS
10
0.8832860236220472
20
1.4677381102362204
11
0.8838025984251968
21
1.4673029921259841
0
LINE
8
BLACK
6
CONTINUOUS
10
0.8838025984251968
20
1.4673029921259841
11
0.9394157086614173
21
1.4116898425196851
0
LINE
8
BLACK
6
CONTINUOUS
10
0.9394157086614173
20
1.4116898425196851
11
0.93950968503937
21
1.4115925984251969
0
LINE
8
BLACK
6
CONTINUOUS
10
0.93950968503937
20
1.4115925984251969
11
0.9412516141732283
21
1.4097274409448819
0
LINE
8
BLACK
6
CONTINUOUS
10
0.9412516141732283
20
1.4097274409448819
11
0.942681220472441
21
1.4088581102362205
0
LINE
8
BLACK
6
CONTINUOUS
10
0.942681220472441
20
1.4088581102362205
11
0.9430161023622047
21
1.4086301968503936
0
LINE
8
BLACK
6
CONTINUOUS
10
0.9430161023622047
20
1.4086301968503936
11
0.9443492519685039
21
1.4076192125984253
0
LINE
8
BLACK
6
CONTINUOUS
10
0.9443492519685039
20
1.4076192125984253
11
0.9450842519685039
21
1.4073293700787401
0
LINE
8
BLACK
6
CONTINUOUS
10
0.9450842519685039
20
1.4073293700787401
11
0.9456891732283464
21
1.4070288976377952
0
LINE
8
BLACK
6
CONTINUOUS
10
0.9456891732283464
20
1.4070288976377952
11
0.9463641338582677
21
1.4066184251968503
0
LINE
8
BLACK
6
CONTINUOUS
10
0.9463641338582677
20
1.4066184251968503
11
0.9463641732283464
21
1.4066184251968503
0
LINE
8
BLACK
6
CONTINUOUS
10
0.9463641732283464
20
1.4066184251968503
11
0.9463642913385827
21
1.4066183464566928
0
LINE
8
BLACK
6
CONTINUOUS
10
0.9463642913385827
20
1.4066183464566928
11
0.9479755511811023
21
1.4061669291338583
0
LINE
8
BLACK
6
CONTINUOUS
10
0.9479755511811023
20
1.4061669291338583
11
0.9483594094488189
21
1.4060377952755905
0
LINE
8
BLACK
6
CONTINUOUS
10
0.9483594094488189
20
1.4060377952755905
11
0.9499158267716535
21
1.4054240157480316
0
LINE
8
BLACK
6
CONTINUOUS
10
0.9499158267716535
20
1.4054240157480316
11
0.9507017716535433
21
1.4053432677165354
0
LINE
8
BLACK
6
CONTINUOUS
10
0.9507017716535433
20
1.4053432677165354
11
0.9513653937007874
21
1.4052171653543306
0
LINE
8
BLACK
6
CONTINUOUS
10
0.9513653937007874
20
1.4052171653543306
11
0.9521262204724409
21
1.405003937007874
0
LINE
8
BLACK
6
CONTINUOUS
10
0.9521262204724409
20
1.405003937007874
11
0.9537988976377952
21
1.405003937007874
0
LINE
8
BLACK
6
CONTINUOUS
10
0.9537988976377952
20
1.405003937007874
11
0.9542038976377952
21
1.404983188976378
0
LINE
8
BLACK
6
CONTINUOUS
10
0.9542038976377952
20
1.404983188976378
11
0.9558682677165354
21
1.4048120866141731
0
LINE
8
BLACK
6
CONTINUOUS
10
0.9558682677165354
20
1.4048120866141731
11
0.9566468897637795
21
1.4049463779527558
0
LINE
8
BLACK
6
CONTINUOUS
10
0.9566468897637795
20
1.4049463779527558
11
0.957319842519685
21
1.405003937007874
0
LINE
8
BLACK
6
CONTINUOUS
10
0.957319842519685
20
1.405003937007874
11
1.2869807874015748
21
1.405003937007874
0
LINE
8
BLACK
6
CONTINUOUS
10
1.2869807874015748
20
1.405003937007874
11
1.2893087795275591
21
1.4042475196850392
0
LINE
8
BLACK
6
CONTINUOUS
10
1.2893087795275591
20
1.4042475196850392
11
1.2897813779527558
21
1.4038438976377952
0
LINE
8
BLACK
6
CONTINUOUS
10
1.2897813779527558
20
1.4038438976377952
11
1.3117179133858268
21
1.3819073622047244
0
LINE
8
BLACK
6
CONTINUOUS
10
1.3117179133858268
20
1.3819073622047244
11
1.3128291732283464
21
1.3797263385826772
0
LINE
8
BLACK
6
CONTINUOUS
10
1.3128291732283464
20
1.3797263385826772
11
1.3128779527559056
21
1.3791067716535432
0
LINE
8
BLACK
6
CONTINUOUS
10
1.3128779527559056
20
1.3791067716535432
11
1.3128779527559056
21
1.2114444488188976
0
LINE
8
BLACK
6
CONTINUOUS
10
1.3128779527559056
20
1.2114444488188976
11
1.3121215354330709
21
1.2091164566929133
0
LINE
8
BLACK
6
CONTINUOUS
10
1.3121215354330709
20
1.2091164566929133
11
1.3117179133858268
21
1.2086438582677166
0
LINE
8
BLACK
6
CONTINUOUS
10
1.3117179133858268
20
1.2086438582677166
11
1.2637970866141732
21
1.160723031496063
0
LINE
8
BLACK
6
CONTINUOUS
10
1.2637970866141732
20
1.160723031496063
11
1.261616062992126
21
1.1596117716535432
0
LINE
8
BLACK
6
CONTINUOUS
10
1.261616062992126
20
1.1596117716535432
11
1.260996496062992
21
1.1595629921259842
0
LINE
8
BLACK
6
CONTINUOUS
10
1.260996496062992
20
1.1595629921259842
11
1.069035433070866
21
1.1595629921259842
0
LINE
8
BLACK
6
CONTINUOUS
10
1.069035433070866
20
1.1595629921259842
11
1.0667074409448818
21
1.160319409448819
0
LINE
8
BLACK
6
CONTINUOUS
10
1.0667074409448818
20
1.160319409448819
11
1.0652686614173228
21
1.1622997244094488
0
LINE
8
BLACK
6
CONTINUOUS
10
1.0652686614173228
20
1.1622997244094488
11
1.0650748031496062
21
1.163523622047244
0
LINE
8
BLACK
6
CONTINUOUS
10
1.0650748031496062
20
1.163523622047244
11
1.0650748031496062
21
1.2217208661417323
0
LINE
8
BLACK
6
CONTINUOUS
10
1.0650748031496062
20
1.2217208661417323
11
1.0650747637795275
21
1.221721062992126
0
LINE
8
BLACK
6
CONTINUOUS
10
1.0650747637795275
20
1.221721062992126
11
1.0648758267716536
21
1.2229770866141731
0
LINE
8
BLACK
6
CONTINUOUS
10
1.0648758267716536
20
1.2229770866141731
11
1.0644864960629921
21
1.2254352362204723
0
LINE
8
BLACK
6
CONTINUOUS
10
1.0644864960629921
20
1.2254352362204723
11
1.0634847244094487
21
1.2274013385826772
0
LINE
8
BLACK
6
CONTINUOUS
10
1.0634847244094487
20
1.2274013385826772
11
1.0622054330708661
21
1.229912125984252
0
LINE
8
BLACK
6
CONTINUOUS
10
1.0622054330708661
20
1.229912125984252
11
1.0622053937007874
21
1.2299121653543308
0
LINE
8
BLACK
6
CONTINUOUS
10
1.0622053937007874
20
1.2299121653543308
11
1.0622053543307086
21
1.2299122440944881
0
LINE
8
BLACK
6
CONTINUOUS
10
1.0622053543307086
20
1.2299122440944881
11
1.0608038976377951
21
1.2313137007874015
0
LINE
8
BLACK
6
CONTINUOUS
10
1.0608038976377951
20
1.2313137007874015
11
1.0596927165354331
21
1.2334946062992125
0
LINE
8
BLACK
6
CONTINUOUS
10
1.0596927165354331
20
1.2334946062992125
11
1.0600756299212599
21
1.2359122440944881
0
LINE
8
BLACK
6
CONTINUOUS
10
1.0600756299212599
20
1.2359122440944881
11
1.061806496062992
21
1.2376431102362204
0
LINE
8
BLACK
6
CONTINUOUS
10
1.061806496062992
20
1.2376431102362204
11
1.0636045669291339
21
1.2380748031496063
0
LINE
8
BLACK
6
CONTINUOUS
10
1.0636045669291339
20
1.2380748031496063
11
1.1159252362204723
21
1.2380748031496063
0
LINE
8
BLACK
6
CONTINUOUS
10
1.1159252362204723
20
1.2380748031496063
11
1.1182532283464566
21
1.2373183858267716
0
LINE
8
BLACK
6
CONTINUOUS
10
1.1182532283464566
20
1.2373183858267716
11
1.1196920078740158
21
1.2353380708661417
0
LINE
8
BLACK
6
CONTINUOUS
10
1.1196920078740158
20
1.2353380708661417
11
1.1198858661417324
21
1.2341141732283465
0
LINE
8
BLACK
6
CONTINUOUS
10
1.1198858661417324
20
1.2341141732283465
11
1.1198858661417324
21
1.217438779527559
0
LINE
8
BLACK
6
CONTINUOUS
10
1.1198858661417324
20
1.217438779527559
11
1.1202350787401574
21
1.2156827952755904
0
LINE
8
BLACK
6
CONTINUOUS
10
1.1202350787401574
20
1.2156827952755904
11
1.1202351574803149
21
1.2156826377952756
0
LINE
8
BLACK
6
CONTINUOUS
10
1.1202351574803149
20
1.2156826377952756
11
1.1215655118110235
21
1.2136916535433071
0
LINE
8
BLACK
6
CONTINUOUS
10
1.1215655118110235
20
1.2136916535433071
11
1.1215655511811022
21
1.2136916141732284
0
LINE
8
BLACK
6
CONTINUOUS
10
1.1215655511811022
20
1.2136916141732284
11
1.121565590551181
21
1.2136915748031496
0
LINE
8
BLACK
6
CONTINUOUS
10
1.121565590551181
20
1.2136915748031496
11
1.1235567716535433
21
1.2123611023622047
0
LINE
8
BLACK
6
CONTINUOUS
10
1.1235567716535433
20
1.2123611023622047
11
1.1253127165354331
21
1.212011811023622
0
LINE
8
BLACK
6
CONTINUOUS
10
1.1253127165354331
20
1.212011811023622
11
1.1864982677165354
21
1.2120118503937007
0
LINE
8
BLACK
6
CONTINUOUS
10
1.1864982677165354
20
1.2120118503937007
11
1.188254251968504
21
1.2123611023622047
0
LINE
8
BLACK
6
CONTINUOUS
10
1.188254251968504
20
1.2123611023622047
11
1.1902454330708661
21
1.2136915748031496
0
LINE
8
BLACK
6
CONTINUOUS
10
1.1902454330708661
20
1.2136915748031496
11
1.1915759055118109
21
1.2156827559055119
0
LINE
8
BLACK
6
CONTINUOUS
10
1.1915759055118109
20
1.2156827559055119
11
1.1919251968503937
21
1.2174387007874015
0
LINE
8
BLACK
6
CONTINUOUS
10
1.1919251968503937
20
1.2174387007874015
11
1.1919251968503937
21
1.2341141732283465
0
LINE
8
BLACK
6
CONTINUOUS
10
1.1919251968503937
20
1.2341141732283465
11
1.1926816141732284
21
1.2364421653543307
0
LINE
8
BLACK
6
CONTINUOUS
10
1.1926816141732284
20
1.2364421653543307
11
1.1946619291338583
21
1.2378809448818897
0
LINE
8
BLACK
6
CONTINUOUS
10
1.1946619291338583
20
1.2378809448818897
11
1.1958858267716534
21
1.2380748031496063
0
LINE
8
BLACK
6
CONTINUOUS
10
1.1958858267716534
20
1.2380748031496063
11
1.2159252362204724
21
1.2380748031496063
0
LINE
8
BLACK
6
CONTINUOUS
10
1.2159252362204724
20
1.2380748031496063
11
1.2182532283464567
21
1.2373183858267716
0
LINE
8
BLACK
6
CONTINUOUS
10
1.2182532283464567
20
1.2373183858267716
11
1.2196920078740157
21
1.2353380708661417
0
LINE
8
BLACK
6
CONTINUOUS
10
1.2196920078740157
20
1.2353380708661417
11
1.2198858661417322
21
1.2341141732283465
0
LINE
8
BLACK
6
CONTINUOUS
10
1.2198858661417322
20
1.2341141732283465
11
1.2198858661417322
21
1.217438779527559
0
LINE
8
BLACK
6
CONTINUOUS
10
1.2198858661417322
20
1.217438779527559
11
1.2202350787401575
21
1.2156827952755904
0
LINE
8
BLACK
6
CONTINUOUS
10
1.2202350787401575
20
1.2156827952755904
11
1.220235157480315
21
1.2156826377952756
0
LINE
8
BLACK
6
CONTINUOUS
10
1.220235157480315
20
1.2156826377952756
11
1.2215655118110236
21
1.2136916535433071
0
LINE
8
BLACK
6
CONTINUOUS
10
1.2215655118110236
20
1.2136916535433071
11
1.2215655511811023
21
1.2136916141732284
0
LINE
8
BLACK
6
CONTINUOUS
10
1.2215655511811023
20
1.2136916141732284
11
1.2215655905511811
21
1.2136915748031496
0
LINE
8
BLACK
6
CONTINUOUS
10
1.2215655905511811
20
1.2136915748031496
11
1.2235567716535434
21
1.2123611023622047
0
LINE
8
BLACK
6
CONTINUOUS
10
1.2235567716535434
20
1.2123611023622047
11
1.2253127165354329
21
1.212011811023622
0
LINE
8
BLACK
6
CONTINUOUS
10
1.2253127165354329
20
1.212011811023622
11
1.2864982677165353
21
1.2120118503937007
0
LINE
8
BLACK
6
CONTINUOUS
10
1.2864982677165353
20
1.2120118503937007
11
1.2882542519685038
21
1.2123611023622047
0
LINE
8
BLACK
6
CONTINUOUS
10
1.2882542519685038
20
1.2123611023622047
11
1.2902454330708661
21
1.2136915748031496
0
LINE
8
BLACK
6
CONTINUOUS
10
1.2902454330708661
20
1.2136915748031496
11
1.291575905511811
21
1.2156827559055119
0
LINE
8
BLACK
6
CONTINUOUS
10
1.291575905511811
20
1.2156827559055119
11
1.2919251968503938
21
1.2174387007874015
0
LINE
8
BLACK
6
CONTINUOUS
10
1.2919251968503938
20
1.2174387007874015
11
1.291925157480315
21
1.2786242519685038
0
LINE
8
BLACK
6
CONTINUOUS
10
1.291925157480315
20
1.2786242519685038
11
1.291575905511811
21
1.2803802362204724
0
LINE
8
BLACK
6
CONTINUOUS
10
1.291575905511811
20
1.2803802362204724
11
1.2915758267716535
21
1.2803803937007874
0
LINE
8
BLACK
6
CONTINUOUS
10
1.2915758267716535
20
1.2803803937007874
11
1.2902454724409449
21
1.2823713779527559
0
LINE
8
BLACK
6
CONTINUOUS
10
1.2902454724409449
20
1.2823713779527559
11
1.2902453937007874
21
1.2823714566929134
0
LINE
8
BLACK
6
CONTINUOUS
10
1.2902453937007874
20
1.2823714566929134
11
1.2882542125984251
21
1.2837019291338583
0
LINE
8
BLACK
6
CONTINUOUS
10
1.2882542125984251
20
1.2837019291338583
11
1.2868475590551181
21
1.2839817322834646
0
LINE
8
BLACK
6
CONTINUOUS
10
1.2868475590551181
20
1.2839817322834646
11
1.2864983070866141
21
1.2840511811023623
0
LINE
8
BLACK
6
CONTINUOUS
10
1.2864983070866141
20
1.2840511811023623
11
1.2864982677165353
21
1.2840511811023623
0
LINE
8
BLACK
6
CONTINUOUS
10
1.2864982677165353
20
1.2840511811023623
11
1.2253127559055117
21
1.2840511811023623
0
LINE
8
BLACK
6
CONTINUOUS
10
1.2253127559055117
20
1.2840511811023623
11
1.2235567716535434
21
1.2837019291338583
0
LINE
8
BLACK
6
CONTINUOUS
10
1.2235567716535434
20
1.2837019291338583
11
1.2235566141732284
21
1.2837018503937008
0
LINE
8
BLACK
6
CONTINUOUS
10
1.2235566141732284
20
1.2837018503937008
11
1.2214253937007873
21
1.2822777559055119
0
LINE
8
BLACK
6
CONTINUOUS
10
1.2214253937007873
20
1.2822777559055119
11
1.2192249606299213
21
1.2816102362204724
0
LINE
8
BLACK
6
CONTINUOUS
10
1.2192249606299213
20
1.2816102362204724
11
1.1925860629921259
21
1.2816102362204724
0
LINE
8
BLACK
6
CONTINUOUS
10
1.1925860629921259
20
1.2816102362204724
11
1.1903856692913386
21
1.2822777165354331
0
LINE
8
BLACK
6
CONTINUOUS
10
1.1903856692913386
20
1.2822777165354331
11
1.1899612598425195
21
1.2825612992125983
0
LINE
8
BLACK
6
CONTINUOUS
10
1.1899612598425195
20
1.2825612992125983
11
1.188254251968504
21
1.2837018897637795
0
LINE
8
BLACK
6
CONTINUOUS
10
1.188254251968504
20
1.2837018897637795
11
1.1882542125984252
21
1.2837019291338583
0
LINE
8
BLACK
6
CONTINUOUS
10
1.1882542125984252
20
1.2837019291338583
11
1.1882541732283465
21
1.2837019291338583
0
LINE
8
BLACK
6
CONTINUOUS
10
1.1882541732283465
20
1.2837019291338583
11
1.186934251968504
21
1.2839644881889762
0
LINE
8
BLACK
6
CONTINUOUS
10
1.186934251968504
20
1.2839644881889762
11
1.1864983070866142
21
1.2840511811023623
0
LINE
8
BLACK
6
CONTINUOUS
10
1.1864983070866142
20
1.2840511811023623
11
1.1864982677165354
21
1.2840511811023623
0
LINE
8
BLACK
6
CONTINUOUS
10
1.1864982677165354
20
1.2840511811023623
11
1.1253127559055118
21
1.2840511811023623
0
LINE
8
BLACK
6
CONTINUOUS
10
1.1253127559055118
20
1.2840511811023623
11
1.1235567716535433
21
1.2837019291338583
0
LINE
8
BLACK
6
CONTINUOUS
10
1.1235567716535433
20
1.2837019291338583
11
1.1235566141732283
21
1.2837018503937008
0
LINE
8
BLACK
6
CONTINUOUS
10
1.1235566141732283
20
1.2837018503937008
11
1.1214253937007874
21
1.2822777559055119
0
LINE
8
BLACK
6
CONTINUOUS
10
1.1214253937007874
20
1.2822777559055119
11
1.1192249606299212
21
1.2816102362204724
0
LINE
8
BLACK
6
CONTINUOUS
10
1.1192249606299212
20
1.2816102362204724
11
1.0636045669291339
21
1.2816102362204724
0
LINE
8
BLACK
6
CONTINUOUS
10
1.0636045669291339
20
1.2816102362204724
11
1.0612765748031496
21
1.2823666535433071
0
LINE
8
BLACK
6
CONTINUOUS
10
1.0612765748031496
20
1.2823666535433071
11
1.0598377952755906
21
1.284346968503937
0
LINE
8
BLACK
6
CONTINUOUS
10
1.0598377952755906
20
1.284346968503937
11
1.0598377952755906
21
1.2867947637795276
0
LINE
8
BLACK
6
CONTINUOUS
10
1.0598377952755906
20
1.2867947637795276
11
1.0608038976377951
21
1.2883713779527559
0
LINE
8
BLACK
6
CONTINUOUS
10
1.0608038976377951
20
1.2883713779527559
11
1.0622053543307086
21
1.2897727952755904
0
LINE
8
BLACK
6
CONTINUOUS
10
1.0622053543307086
20
1.2897727952755904
11
1.0644864960629921
21
1.2942498031496064
0
LINE
8
BLACK
6
CONTINUOUS
10
1.0644864960629921
20
1.2942498031496064
11
1.0650748031496062
21
1.297964251968504
0
LINE
8
BLACK
6
CONTINUOUS
10
1.0650748031496062
20
1.297964251968504
11
1.0650748031496062
21
1.336476377952756
0
LINE
8
BLACK
6
CONTINUOUS
10
1.0650748031496062
20
1.336476377952756
11
1.0658312204724409
21
1.3388043700787402
0
LINE
8
BLACK
6
CONTINUOUS
10
1.0658312204724409
20
1.3388043700787402
11
1.0678115354330708
21
1.3402431496062992
0
LINE
8
BLACK
6
CONTINUOUS
10
1.0678115354330708
20
1.3402431496062992
11
1.069035433070866
21
1.3404370078740158
0
LINE
8
BLACK
6
CONTINUOUS
10
1.069035433070866
20
1.3404370078740158
11
1.1159252362204723
21
1.3404370078740158
0
LINE
8
BLACK
6
CONTINUOUS
10
1.1159252362204723
20
1.3404370078740158
11
1.1182532283464566
21
1.339680590551181
0
LINE
8
BLACK
6
CONTINUOUS
10
1.1182532283464566
20
1.339680590551181
11
1.1196920078740158
21
1.3377002755905512
0
LINE
8
BLACK
6
CONTINUOUS
10
1.1196920078740158
20
1.3377002755905512
11
1.1198858661417324
21
1.336476377952756
0
LINE
8
BLACK
6
CONTINUOUS
10
1.1198858661417324
20
1.336476377952756
11
1.1198858661417324
21
1.3174387795275591
0
LINE
8
BLACK
6
CONTINUOUS
10
1.1198858661417324
20
1.3174387795275591
11
1.1202350787401574
21
1.3156827952755905
0
LINE
8
BLACK
6
CONTINUOUS
10
1.1202350787401574
20
1.3156827952755905
11
1.1202351574803149
21
1.3156826377952755
0
LINE
8
BLACK
6
CONTINUOUS
10
1.1202351574803149
20
1.3156826377952755
11
1.1215655118110235
21
1.313691653543307
0
LINE
8
BLACK
6
CONTINUOUS
10
1.1215655118110235
20
1.313691653543307
11
1.1215655511811022
21
1.3136916141732282
0
LINE
8
BLACK
6
CONTINUOUS
10
1.1215655511811022
20
1.3136916141732282
11
1.121565590551181
21
1.3136915748031497
0
LINE
8
BLACK
6
CONTINUOUS
10
1.121565590551181
20
1.3136915748031497
11
1.1235567716535433
21
1.3123611023622046
0
LINE
8
BLACK
6
CONTINUOUS
10
1.1235567716535433
20
1.3123611023622046
11
1.1253127165354331
21
1.3120118110236221
0
LINE
8
BLACK
6
CONTINUOUS
10
1.1253127165354331
20
1.3120118110236221
11
1.1864982677165354
21
1.3120118503937008
0
LINE
8
BLACK
6
CONTINUOUS
10
1.1864982677165354
20
1.3120118503937008
11
1.188254251968504
21
1.3123611023622046
0
LINE
8
BLACK
6
CONTINUOUS
10
1.188254251968504
20
1.3123611023622046
11
1.1902454330708661
21
1.3136915748031497
0
LINE
8
BLACK
6
CONTINUOUS
10
1.1902454330708661
20
1.3136915748031497
11
1.1915759055118109
21
1.3156827559055118
0
LINE
8
BLACK
6
CONTINUOUS
10
1.1915759055118109
20
1.3156827559055118
11
1.1919251968503937
21
1.3174387007874016
0
LINE
8
BLACK
6
CONTINUOUS
10
1.1919251968503937
20
1.3174387007874016
11
1.1919251968503937
21
1.336476377952756
0
LINE
8
BLACK
6
CONTINUOUS
10
1.1919251968503937
20
1.336476377952756
11
1.1926816141732284
21
1.3388043700787402
0
LINE
8
BLACK
6
CONTINUOUS
10
1.1926816141732284
20
1.3388043700787402
11
1.1946619291338583
21
1.3402431496062992
0
LINE
8
BLACK
6
CONTINUOUS
10
1.1946619291338583
20
1.3402431496062992
11
1.1958858267716534
21
1.3404370078740158
0
LINE
8
BLACK
6
CONTINUOUS
10
1.1958858267716534
20
1.3404370078740158
11
1.2159252362204724
21
1.3404370078740158
0
LINE
8
BLACK
6
CONTINUOUS
10
1.2159252362204724
20
1.3404370078740158
11
1.2182532283464567
21
1.339680590551181
0
LINE
8
BLACK
6
CONTINUOUS
10
1.2182532283464567
20
1.339680590551181
11
1.2196920078740157
21
1.3377002755905512
0
LINE
8
BLACK
6
CONTINUOUS
10
1.2196920078740157
20
1.3377002755905512
11
1.2198858661417322
21
1.336476377952756
0
LINE
8
BLACK
6
CONTINUOUS
10
1.2198858661417322
20
1.336476377952756
11
1.2198858661417322
21
1.3174387795275591
0
LINE
8
BLACK
6
CONTINUOUS
10
1.2198858661417322
20
1.3174387795275591
11
1.2202350787401575
21
1.3156827952755905
0
LINE
8
BLACK
6
CONTINUOUS
10
1.2202350787401575
20
1.3156827952755905
11
1.220235157480315
21
1.3156826377952755
0
LINE
8
BLACK
6
CONTINUOUS
10
1.220235157480315
20
1.3156826377952755
11
1.2215655118110236
21
1.313691653543307
0
LINE
8
BLACK
6
CONTINUOUS
10
1.2215655118110236
20
1.313691653543307
11
1.2215655511811023
21
1.3136916141732282
0
LINE
8
BLACK
6
CONTINUOUS
10
1.2215655511811023
20
1.3136916141732282
11
1.2215655905511811
21
1.3136915748031497
0
LINE
8
BLACK
6
CONTINUOUS
10
1.2215655905511811
20
1.3136915748031497
11
1.2235567716535434
21
1.3123611023622046
0
LINE
8
BLACK
6
CONTINUOUS
10
1.2235567716535434
20
1.3123611023622046
11
1.2253127165354329
21
1.3120118110236221
0
LINE
8
BLACK
6
CONTINUOUS
10
1.2253127165354329
20
1.3120118110236221
11
1.2864982677165353
21
1.3120118503937008
0
LINE
8
BLACK
6
CONTINUOUS
10
1.2864982677165353
20
1.3120118503937008
11
1.2882542519685038
21
1.3123611023622046
0
LINE
8
BLACK
6
CONTINUOUS
10
1.2882542519685038
20
1.3123611023622046
11
1.2902454330708661
21
1.3136915748031497
0
LINE
8
BLACK
6
CONTINUOUS
10
1.2902454330708661
20
1.3136915748031497
11
1.291575905511811
21
1.3156827559055118
0
LINE
8
BLACK
6
CONTINUOUS
10
1.291575905511811
20
1.3156827559055118
11
1.2919251968503938
21
1.3174387007874016
0
LINE
8
BLACK
6
CONTINUOUS
10
1.2919251968503938
20
1.3174387007874016
11
1.291925157480315
21
1.3786242519685039
0
LINE
8
BLACK
6
CONTINUOUS
10
1.291925157480315
20
1.3786242519685039
11
1.291575905511811
21
1.3803802362204725
0
LINE
8
BLACK
6
CONTINUOUS
10
1.291575905511811
20
1.3803802362204725
11
1.2915758267716535
21
1.3803803937007875
0
LINE
8
BLACK
6
CONTINUOUS
10
1.2915758267716535
20
1.3803803937007875
11
1.2902454724409449
21
1.3823713779527558
0
LINE
8
BLACK
6
CONTINUOUS
10
1.2902454724409449
20
1.3823713779527558
11
1.2902453937007874
21
1.3823714566929133
0
LINE
8
BLACK
6
CONTINUOUS
10
1.2902453937007874
20
1.3823714566929133
11
1.2882542125984251
21
1.3837019291338581
0
LINE
8
BLACK
6
CONTINUOUS
10
1.2882542125984251
20
1.3837019291338581
11
1.2868475590551181
21
1.3839817322834644
0
LINE
8
BLACK
6
CONTINUOUS
10
1.2868475590551181
20
1.3839817322834644
11
1.2864983070866141
21
1.3840511811023621
0
LINE
8
BLACK
6
CONTINUOUS
10
1.2864983070866141
20
1.3840511811023621
11
1.2864982677165353
21
1.3840511811023621
0
LINE
8
BLACK
6
CONTINUOUS
10
1.2864982677165353
20
1.3840511811023621
11
1.2344116929133857
21
1.3840511811023621
0
LINE
8
BLACK
6
CONTINUOUS
10
1.2344116929133857
20
1.3840511811023621
11
1.234006811023622
21
1.3840719291338581
0
LINE
8
BLACK
6
CONTINUOUS
10
1.234006811023622
20
1.3840719291338581
11
1.2331081496062992
21
1.3841642913385825
0
LINE
8
BLACK
6
CONTINUOUS
10
1.2331081496062992
20
1.3841642913385825
11
1.2331079133858267
21
1.3841642913385825
0
LINE
8
BLACK
6
CONTINUOUS
10
1.2331079133858267
20
1.3841642913385825
11
1.2327857874015749
21
1.3841087401574803
0
LINE
8
BLACK
6
CONTINUOUS
10
1.2327857874015749
20
1.3841087401574803
11
1.2321130314960629
21
1.3840511811023621
0
LINE
8
BLACK
6
CONTINUOUS
10
1.2321130314960629
20
1.3840511811023621
11
1.2253127559055117
21
1.3840511811023621
0
LINE
8
BLACK
6
CONTINUOUS
10
1.2253127559055117
20
1.3840511811023621
11
1.2252992913385827
21
1.3840484645669291
0
LINE
8
BLACK
6
CONTINUOUS
10
1.2252992913385827
20
1.3840484645669291
11
1.2245270078740158
21
1.3839724409448819
0
LINE
8
BLACK
6
CONTINUOUS
10
1.2245270078740158
20
1.3839724409448819
11
1.1872842519685038
21
1.3839724409448819
0
LINE
8
BLACK
6
CONTINUOUS
10
1.1872842519685038
20
1.3839724409448819
11
1.1865115748031496
21
1.3840485433070866
0
LINE
8
BLACK
6
CONTINUOUS
10
1.1865115748031496
20
1.3840485433070866
11
1.1864983070866142
21
1.3840511811023621
0
LINE
8
BLACK
6
CONTINUOUS
10
1.1864983070866142
20
1.3840511811023621
11
1.1864982677165354
21
1.3840511811023621
0
LINE
8
BLACK
6
CONTINUOUS
10
1.1864982677165354
20
1.3840511811023621
11
1.1253127559055118
21
1.3840511811023621
0
LINE
8
BLACK
6
CONTINUOUS
10
1.1253127559055118
20
1.3840511811023621
11
1.1252992913385826
21
1.3840484645669291
0
LINE
8
BLACK
6
CONTINUOUS
10
1.1252992913385826
20
1.3840484645669291
11
1.1245270078740157
21
1.3839724409448819
0
LINE
8
BLACK
6
CONTINUOUS
10
1.1245270078740157
20
1.3839724409448819
11
1.0663750787401574
21
1.3839724409448819
0
LINE
8
BLACK
6
CONTINUOUS
10
1.0663750787401574
20
1.3839724409448819
11
1.0640470866141731
21
1.3847288582677164
0
LINE
8
BLACK
6
CONTINUOUS
10
1.0640470866141731
20
1.3847288582677164
11
1.0628461417322834
21
1.3861349606299211
0
LINE
8
BLACK
6
CONTINUOUS
10
1.0628461417322834
20
1.3861349606299211
11
1.0622053543307086
21
1.3873925590551182
0
LINE
8
BLACK
6
CONTINUOUS
10
1.0622053543307086
20
1.3873925590551182
11
1.0604522440944881
21
1.3891456692913386
0
LINE
8
BLACK
6
CONTINUOUS
10
1.0604522440944881
20
1.3891456692913386
11
1.0586524015748031
21
1.3909455118110237
0
LINE
8
BLACK
6
CONTINUOUS
10
1.0586524015748031
20
1.3909455118110237
11
1.0586522834645669
21
1.3909455905511812
0
LINE
8
BLACK
6
CONTINUOUS
10
1.0586522834645669
20
1.3909455905511812
11
1.0586522440944881
21
1.3909456299212599
0
LINE
8
BLACK
6
CONTINUOUS
10
1.0586522440944881
20
1.3909456299212599
11
1.0586522834645669
21
1.3909456299212599
0
LINE
8
BLACK
6
CONTINUOUS
10
1.0586522834645669
20
1.3909456299212599
11
1.0541755118110236
21
1.3932266141732284
0
LINE
8
BLACK
6
CONTINUOUS
10
1.0541755118110236
20
1.3932266141732284
11
1.0541752755905511
21
1.3932266929133859
0
LINE
8
BLACK
6
CONTINUOUS
10
1.0541752755905511
20
1.3932266929133859
11
1.0504611811023621
21
1.3938149606299213
0
LINE
8
BLACK
6
CONTINUOUS
10
1.0504611811023621
20
1.3938149606299213
11
1.0504609448818898
21
1.3938149606299213
0
LINE
8
BLACK
6
CONTINUOUS
10
1.0504609448818898
20
1.3938149606299213
11
0.9967831496062992
21
1.3938149606299213
0
LINE
8
BLACK
6
CONTINUOUS
10
0.9967831496062992
20
1.3938149606299213
11
0.9967828740157481
21
1.3938149606299213
0
LINE
8
BLACK
6
CONTINUOUS
10
0.9967828740157481
20
1.3938149606299213
11
0.993068779527559
21
1.3932266929133859
0
LINE
8
BLACK
6
CONTINUOUS
10
0.993068779527559
20
1.3932266929133859
11
0.9930685433070866
21
1.3932266141732284
0
LINE
8
BLACK
6
CONTINUOUS
10
0.9930685433070866
20
1.3932266141732284
11
0.988591811023622
21
1.3909456299212599
0
LINE
8
BLACK
6
CONTINUOUS
10
0.988591811023622
20
1.3909456299212599
11
0.9850387007874015
21
1.3873925590551182
0
LINE
8
BLACK
6
CONTINUOUS
10
0.9850387007874015
20
1.3873925590551182
11
0.9843979527559055
21
1.3861349606299211
0
LINE
8
BLACK
6
CONTINUOUS
10
0.9843979527559055
20
1.3861349606299211
11
0.9826670866141732
21
1.3844041338582678
0
LINE
8
BLACK
6
CONTINUOUS
10
0.9826670866141732
20
1.3844041338582678
11
0.9808690157480314
21
1.3839724409448819
0
LINE
8
BLACK
6
CONTINUOUS
10
0.9808690157480314
20
1.3839724409448819
11
0.913373031496063
21
1.3839724409448819
0
LINE
8
BLACK
6
CONTINUOUS
10
0.913373031496063
20
1.3839724409448819
11
0.9089342125984252
21
1.3833623228346457
0
LINE
8
BLACK
6
CONTINUOUS
10
0.9089342125984252
20
1.3833623228346457
11
0.9034456299212599
21
1.3809783464566929
0
LINE
8
BLACK
6
CONTINUOUS
10
0.9034456299212599
20
1.3809783464566929
11
0.9033785826771653
21
1.3809237401574803
0
LINE
8
BLACK
6
CONTINUOUS
10
0.9033785826771653
20
1.3809237401574803
11
0.9033163385826771
21
1.3808997244094487
0
LINE
8
BLACK
6
CONTINUOUS
10
0.9033163385826771
20
1.3808997244094487
11
0.9032142519685039
21
1.3808375984251968
0
LINE
8
BLACK
6
CONTINUOUS
10
0.9032142519685039
20
1.3808375984251968
11
0.9032030708661417
21
1.3808559448818898
0
LINE
8
BLACK
6
CONTINUOUS
10
0.9032030708661417
20
1.3808559448818898
11
0.9010953543307086
21
1.3800413385826771
0
LINE
8
BLACK
6
CONTINUOUS
10
0.9010953543307086
20
1.3800413385826771
11
0.9008790944881889
21
1.3800354330708662
0
LINE
8
BLACK
6
CONTINUOUS
10
0.9008790944881889
20
1.3800354330708662
11
0.8899515748031496
21
1.3800354330708662
0
LINE
8
BLACK
6
CONTINUOUS
10
0.8899515748031496
20
1.3800354330708662
11
0.8889546456692913
21
1.3799197637795275
0
LINE
8
BLACK
6
CONTINUOUS
10
0.8889546456692913
20
1.3799197637795275
11
0.8848761811023622
21
1.3781189370078739
0
LINE
8
BLACK
6
CONTINUOUS
10
0.8848761811023622
20
1.3781189370078739
11
0.8817235826771653
21
1.3749663385826771
0
LINE
8
BLACK
6
CONTINUOUS
10
0.8817235826771653
20
1.3749663385826771
11
0.8799227559055118
21
1.370887874015748
0
LINE
8
BLACK
6
CONTINUOUS
10
0.8799227559055118
20
1.370887874015748
11
0.8798070866141732
21
1.3698909448818897
0
LINE
8
BLACK
6
CONTINUOUS
10
0.8798070866141732
20
1.3698909448818897
11
0.8798070866141732
21
1.3545185433070865
0
LINE
8
BLACK
6
CONTINUOUS
10
0.8798070866141732
20
1.3545185433070865
11
0.8799227559055118
21
1.3535216141732282
0
LINE
8
BLACK
6
CONTINUOUS
10
0.8799227559055118
20
1.3535216141732282
11
0.8817235826771653
21
1.3494431496062991
0
LINE
8
BLACK
6
CONTINUOUS
10
0.8817235826771653
20
1.3494431496062991
11
0.8817236220472441
21
1.3494431102362205
0
LINE
8
BLACK
6
CONTINUOUS
10
0.8817236220472441
20
1.3494431102362205
11
0.8848761811023622
21
1.3462905511811023
0
LINE
8
BLACK
6
CONTINUOUS
10
0.8848761811023622
20
1.3462905511811023
11
0.8889547244094488
21
1.3444896850393699
0
LINE
8
BLACK
6
CONTINUOUS
10
0.8889547244094488
20
1.3444896850393699
11
0.8899517322834646
21
1.3443740157480315
0
LINE
8
BLACK
6
CONTINUOUS
10
0.8899517322834646
20
1.3443740157480315
11
0.9011793700787402
21
1.3443740157480315
0
LINE
8
BLACK
6
CONTINUOUS
10
0.9011793700787402
20
1.3443740157480315
11
0.9032372047244094
21
1.3437974409448818
0
LINE
8
BLACK
6
CONTINUOUS
10
0.9032372047244094
20
1.3437974409448818
11
0.9051505905511811
21
1.3426338582677164
0
LINE
8
BLACK
6
CONTINUOUS
10
0.9051505905511811
20
1.3426338582677164
11
0.905959842519685
21
1.3421417322834646
0
LINE
8
BLACK
6
CONTINUOUS
10
0.905959842519685
20
1.3421417322834646
11
0.9061083858267717
21
1.3420514173228346
0
LINE
8
BLACK
6
CONTINUOUS
10
0.9061083858267717
20
1.3420514173228346
11
0.9118703149606299
21
1.3404370078740158
0
LINE
8
BLACK
6
CONTINUOUS
10
0.9118703149606299
20
1.3404370078740158
11
0.9782086614173228
21
1.3404370078740158
0
LINE
8
BLACK
6
CONTINUOUS
10
0.9782086614173228
20
1.3404370078740158
11
0.9805366535433071
21
1.339680590551181
0
LINE
8
BLACK
6
CONTINUOUS
10
0.9805366535433071
20
1.339680590551181
11
0.9819754330708661
21
1.3377002755905512
0
LINE
8
BLACK
6
CONTINUOUS
10
0.9819754330708661
20
1.3377002755905512
11
0.9821692913385827
21
1.336476377952756
0
LINE
8
BLACK
6
CONTINUOUS
10
0.9821692913385827
20
1.336476377952756
11
0.9821692913385827
21
1.2979640157480314
0
LINE
8
BLACK
6
CONTINUOUS
10
0.9821692913385827
20
1.2979640157480314
11
0.9827575590551181
21
1.2942499212598424
0
LINE
8
BLACK
6
CONTINUOUS
10
0.9827575590551181
20
1.2942499212598424
11
0.9827576377952756
21
1.2942496850393701
0
LINE
8
BLACK
6
CONTINUOUS
10
0.9827576377952756
20
1.2942496850393701
11
0.985038622047244
21
1.2897729527559054
0
LINE
8
BLACK
6
CONTINUOUS
10
0.985038622047244
20
1.2897729527559054
11
0.9850386614173228
21
1.2897729133858267
0
LINE
8
BLACK
6
CONTINUOUS
10
0.9850386614173228
20
1.2897729133858267
11
0.9850387401574803
21
1.2897727952755904
0
LINE
8
BLACK
6
CONTINUOUS
10
0.9850387401574803
20
1.2897727952755904
11
0.9864401574803149
21
1.2883713779527559
0
LINE
8
BLACK
6
CONTINUOUS
10
0.9864401574803149
20
1.2883713779527559
11
0.9875513779527559
21
1.286190433070866
0
LINE
8
BLACK
6
CONTINUOUS
10
0.9875513779527559
20
1.286190433070866
11
0.9871684645669291
21
1.2837727952755906
0
LINE
8
BLACK
6
CONTINUOUS
10
0.9871684645669291
20
1.2837727952755906
11
0.9854375984251968
21
1.2820419291338583
0
LINE
8
BLACK
6
CONTINUOUS
10
0.9854375984251968
20
1.2820419291338583
11
0.9836395275590551
21
1.2816102362204724
0
LINE
8
BLACK
6
CONTINUOUS
10
0.9836395275590551
20
1.2816102362204724
11
0.9492575984251969
21
1.2816102362204724
0
LINE
8
BLACK
6
CONTINUOUS
10
0.9492575984251969
20
1.2816102362204724
11
0.9491223622047243
21
1.2816125590551182
0
LINE
8
BLACK
6
CONTINUOUS
10
0.9491223622047243
20
1.2816125590551182
11
0.946571968503937
21
1.28169968503937
0
LINE
8
BLACK
6
CONTINUOUS
10
0.946571968503937
20
1.28169968503937
11
0.9465717716535433
21
1.28169968503937
0
LINE
8
BLACK
6
CONTINUOUS
10
0.9465717716535433
20
1.28169968503937
11
0.9449463779527559
21
1.2813035826771653
0
LINE
8
BLACK
6
CONTINUOUS
10
0.9449463779527559
20
1.2813035826771653
11
0.9445480314960629
21
1.2812278740157479
0
LINE
8
BLACK
6
CONTINUOUS
10
0.9445480314960629
20
1.2812278740157479
11
0.942890905511811
21
1.2810001181102362
0
LINE
8
BLACK
6
CONTINUOUS
10
0.942890905511811
20
1.2810001181102362
11
0.9428908267716535
21
1.2810000787401574
0
LINE
8
BLACK
6
CONTINUOUS
10
0.9428908267716535
20
1.2810000787401574
11
0.9421659448818898
21
1.2806852755905511
0
LINE
8
BLACK
6
CONTINUOUS
10
0.9421659448818898
20
1.2806852755905511
11
0.9415260629921259
21
1.2804700787401575
0
LINE
8
BLACK
6
CONTINUOUS
10
0.9415260629921259
20
1.2804700787401575
11
0.9407582677165354
21
1.2802829921259842
0
LINE
8
BLACK
6
CONTINUOUS
10
0.9407582677165354
20
1.2802829921259842
11
0.9407581102362205
21
1.2802829133858267
0
LINE
8
BLACK
6
CONTINUOUS
10
0.9407581102362205
20
1.2802829133858267
11
0.9392999606299213
21
1.2794630708661416
0
LINE
8
BLACK
6
CONTINUOUS
10
0.9392999606299213
20
1.2794630708661416
11
0.938936968503937
21
1.2792827559055118
0
LINE
8
BLACK
6
CONTINUOUS
10
0.938936968503937
20
1.2792827559055118
11
0.9374023622047244
21
1.2786161417322834
0
LINE
8
BLACK
6
CONTINUOUS
10
0.9374023622047244
20
1.2786161417322834
11
0.9367892913385827
21
1.2781174015748031
0
LINE
8
BLACK
6
CONTINUOUS
10
0.9367892913385827
20
1.2781174015748031
11
0.9362313385826772
21
1.2777376377952756
0
LINE
8
BLACK
6
CONTINUOUS
10
0.9362313385826772
20
1.2777376377952756
11
0.9355424409448818
21
1.2773502755905513
0
LINE
8
BLACK
6
CONTINUOUS
10
0.9355424409448818
20
1.2773502755905513
11
0.9355423228346457
21
1.277350157480315
0
LINE
8
BLACK
6
CONTINUOUS
10
0.9355423228346457
20
1.277350157480315
11
0.9343594881889764
21
1.2761673622047245
0
LINE
8
BLACK
6
CONTINUOUS
10
0.9343594881889764
20
1.2761673622047245
11
0.9340585826771653
21
1.2758957874015748
0
LINE
8
BLACK
6
CONTINUOUS
10
0.9340585826771653
20
1.2758957874015748
11
0.9327605905511811
21
1.2748397637795275
0
LINE
8
BLACK
6
CONTINUOUS
10
0.9327605905511811
20
1.2748397637795275
11
0.9327605905511811
21
1.2748397244094487
0
LINE
8
BLACK
6
CONTINUOUS
10
0.9327605905511811
20
1.2748397244094487
11
0.9323049212598425
21
1.2741942519685039
0
LINE
8
BLACK
6
CONTINUOUS
10
0.9323049212598425
20
1.2741942519685039
11
0.9318699212598425
21
1.2736778346456692
0
LINE
8
BLACK
6
CONTINUOUS
10
0.9318699212598425
20
1.2736778346456692
11
0.898303937007874
21
1.2401118503937008
0
LINE
8
BLACK
6
CONTINUOUS
10
0.898303937007874
20
1.2401118503937008
11
0.8982067322834646
21
1.2400179133858267
0
LINE
8
BLACK
6
CONTINUOUS
10
0.8982067322834646
20
1.2400179133858267
11
0.8963417322834646
21
1.2382760629921259
0
LINE
8
BLACK
6
CONTINUOUS
10
0.8963417322834646
20
1.2382760629921259
11
0.8963414960629921
21
1.2382757874015748
0
LINE
8
BLACK
6
CONTINUOUS
10
0.8963414960629921
20
1.2382757874015748
11
0.8954722440944882
21
1.2368463779527559
0
LINE
8
BLACK
6
CONTINUOUS
10
0.8954722440944882
20
1.2368463779527559
11
0.8952442519685039
21
1.2365114173228346
0
LINE
8
BLACK
6
CONTINUOUS
10
0.8952442519685039
20
1.2365114173228346
11
0.8942333858267716
21
1.2351783070866142
0
LINE
8
BLACK
6
CONTINUOUS
10
0.8942333858267716
20
1.2351783070866142
11
0.8942333070866142
21
1.235178188976378
0
LINE
8
BLACK
6
CONTINUOUS
10
0.8942333070866142
20
1.235178188976378
11
0.8942332283464567
21
1.2351780708661417
0
LINE
8
BLACK
6
CONTINUOUS
10
0.8942332283464567
20
1.2351780708661417
11
0.8939434251968503
21
1.2344431889763778
0
LINE
8
BLACK
6
CONTINUOUS
10
0.8939434251968503
20
1.2344431889763778
11
0.8936431496062992
21
1.2338386220472441
0
LINE
8
BLACK
6
CONTINUOUS
10
0.8936431496062992
20
1.2338386220472441
11
0.8932325590551181
21
1.2331634645669292
0
LINE
8
BLACK
6
CONTINUOUS
10
0.8932325590551181
20
1.2331634645669292
11
0.8932324409448819
21
1.2331631496062991
0
LINE
8
BLACK
6
CONTINUOUS
10
0.8932324409448819
20
1.2331631496062991
11
0.8927811811023622
21
1.2315525590551182
0
LINE
8
BLACK
6
CONTINUOUS
10
0.8927811811023622
20
1.2315525590551182
11
0.892651968503937
21
1.2311683070866142
0
LINE
8
BLACK
6
CONTINUOUS
10
0.892651968503937
20
1.2311683070866142
11
0.8920381496062992
21
1.2296117716535433
0
LINE
8
BLACK
6
CONTINUOUS
10
0.8920381496062992
20
1.2296117716535433
11
0.8920381496062992
21
1.229611653543307
0
LINE
8
BLACK
6
CONTINUOUS
10
0.8920381496062992
20
1.229611653543307
11
0.8919573228346457
21
1.2288255511811024
0
LINE
8
BLACK
6
CONTINUOUS
10
0.8919573228346457
20
1.2288255511811024
11
0.8918312598425197
21
1.2281622047244094
0
LINE
8
BLACK
6
CONTINUOUS
10
0.8918312598425197
20
1.2281622047244094
11
0.8916181102362205
21
1.2274014566929135
0
LINE
8
BLACK
6
CONTINUOUS
10
0.8916181102362205
20
1.2274014566929135
11
0.8916181102362205
21
1.2264474803149605
0
LINE
8
BLACK
6
CONTINUOUS
10
0.8916181102362205
20
1.2264474803149605
11
0.8908616929133858
21
1.2241194881889763
0
LINE
8
BLACK
6
CONTINUOUS
10
0.8908616929133858
20
1.2241194881889763
11
0.8888813779527559
21
1.2226807086614173
0
LINE
8
BLACK
6
CONTINUOUS
10
0.8888813779527559
20
1.2226807086614173
11
0.888114094488189
21
1.2225132677165353
0
LINE
8
BLACK
6
CONTINUOUS
10
0.888114094488189
20
1.2225132677165353
11
0.8874783464566929
21
1.2224394881889764
0
LINE
8
BLACK
6
CONTINUOUS
10
0.8874783464566929
20
1.2224394881889764
11
0.8833998031496063
21
1.220638622047244
0
LINE
8
BLACK
6
CONTINUOUS
10
0.8833998031496063
20
1.220638622047244
11
0.8802472047244094
21
1.2174860236220473
0
LINE
8
BLACK
6
CONTINUOUS
10
0.8802472047244094
20
1.2174860236220473
11
0.8784463779527559
21
1.2134075590551181
0
LINE
8
BLACK
6
CONTINUOUS
10
0.8784463779527559
20
1.2134075590551181
11
0.8783307086614173
21
1.2124106299212598
0
LINE
8
BLACK
6
CONTINUOUS
10
0.8783307086614173
20
1.2124106299212598
11
0.8783307086614173
21
1.1970382283464567
0
LINE
8
BLACK
6
CONTINUOUS
10
0.8783307086614173
20
1.1970382283464567
11
0.8784463779527559
21
1.1960412992125984
0
LINE
8
BLACK
6
CONTINUOUS
10
0.8784463779527559
20
1.1960412992125984
11
0.8802472047244094
21
1.1919628346456692
0
LINE
8
BLACK
6
CONTINUOUS
10
0.8802472047244094
20
1.1919628346456692
11
0.8802472440944882
21
1.1919627952755905
0
LINE
8
BLACK
6
CONTINUOUS
10
0.8802472440944882
20
1.1919627952755905
11
0.8833998031496063
21
1.1888102362204724
0
LINE
8
BLACK
6
CONTINUOUS
10
0.8833998031496063
20
1.1888102362204724
11
0.8874783464566929
21
1.1870093700787401
0
LINE
8
BLACK
6
CONTINUOUS
10
0.8874783464566929
20
1.1870093700787401
11
0.8880894094488189
21
1.1869385039370079
0
LINE
8
BLACK
6
CONTINUOUS
10
0.8880894094488189
20
1.1869385039370079
11
0.888113937007874
21
1.1869356299212599
0
LINE
8
BLACK
6
CONTINUOUS
10
0.888113937007874
20
1.1869356299212599
11
0.8903392519685039
21
1.1859159448818897
0
LINE
8
BLACK
6
CONTINUOUS
10
0.8903392519685039
20
1.1859159448818897
11
0.8915401968503937
21
1.1837830314960629
0
LINE
8
BLACK
6
CONTINUOUS
10
0.8915401968503937
20
1.1837830314960629
11
0.8916181102362205
21
1.183001377952756
0
LINE
8
BLACK
6
CONTINUOUS
10
0.8916181102362205
20
1.183001377952756
11
0.8916181102362205
21
1.0893972047244094
0
LINE
8
BLACK
6
CONTINUOUS
10
0.8916181102362205
20
1.0893972047244094
11
0.8908616929133858
21
1.0870692125984251
0
LINE
8
BLACK
6
CONTINUOUS
10
0.8908616929133858
20
1.0870692125984251
11
0.8904580708661417
21
1.0865966141732284
0
LINE
8
BLACK
6
CONTINUOUS
10
0.8904580708661417
20
1.0865966141732284
11
0.8897813385826772
21
1.0859198818897637
0
LINE
8
BLACK
6
CONTINUOUS
10
0.8897813385826772
20
1.0859198818897637
11
0.8876003149606299
21
1.0848086220472442
0
LINE
8
BLACK
6
CONTINUOUS
10
0.8876003149606299
20
1.0848086220472442
11
0.8869807480314961
21
1.0847598425196849
0
LINE
8
BLACK
6
CONTINUOUS
10
0.8869807480314961
20
1.0847598425196849
11
0.8333970472440945
21
1.0847598425196849
0
LINE
8
BLACK
6
CONTINUOUS
10
0.8333970472440945
20
1.0847598425196849
11
0.8296829527559055
21
1.0841715748031495
0
LINE
8
BLACK
6
CONTINUOUS
10
0.8296829527559055
20
1.0841715748031495
11
0.829682716535433
21
1.084171496062992
0
LINE
8
BLACK
6
CONTINUOUS
10
0.829682716535433
20
1.084171496062992
11
0.8252059842519684
21
1.0818905118110236
0
LINE
8
BLACK
6
CONTINUOUS
10
0.8252059842519684
20
1.0818905118110236
11
0.8216527952755905
21
1.0783373228346456
0
LINE
8
BLACK
6
CONTINUOUS
10
0.8216527952755905
20
1.0783373228346456
11
0.819371811023622
21
1.0738605905511811
0
LINE
8
BLACK
6
CONTINUOUS
10
0.819371811023622
20
1.0738605905511811
11
0.8193717322834645
21
1.0738603543307086
0
LINE
8
BLACK
6
CONTINUOUS
10
0.8193717322834645
20
1.0738603543307086
11
0.8188651181102362
21
1.0706617322834646
0
LINE
8
BLACK
6
CONTINUOUS
10
0.8188651181102362
20
1.0706617322834646
11
0.8177538582677165
21
1.0684807086614172
0
LINE
8
BLACK
6
CONTINUOUS
10
0.8177538582677165
20
1.0684807086614172
11
0.8155728346456693
21
1.0673694488188976
0
LINE
8
BLACK
6
CONTINUOUS
10
0.8155728346456693
20
1.0673694488188976
11
0.813155157480315
21
1.0677523622047245
0
LINE
8
BLACK
6
CONTINUOUS
10
0.813155157480315
20
1.0677523622047245
11
0.8114243307086614
21
1.0694832283464566
0
LINE
8
BLACK
6
CONTINUOUS
10
0.8114243307086614
20
1.0694832283464566
11
0.81101531496063
21
1.0708579133858267
0
LINE
8
BLACK
6
CONTINUOUS
10
0.81101531496063
20
1.0708579133858267
11
0.8107715354330709
21
1.0731250393700786
0
LINE
8
BLACK
6
CONTINUOUS
10
0.8107715354330709
20
1.0731250393700786
11
0.8107714960629921
21
1.0731252362204724
0
LINE
8
BLACK
6
CONTINUOUS
10
0.8107714960629921
20
1.0731252362204724
11
0.8087935039370079
21
1.0784285826771653
0
LINE
8
BLACK
6
CONTINUOUS
10
0.8087935039370079
20
1.0784285826771653
11
0.8087934645669291
21
1.0784286614173229
0
LINE
8
BLACK
6
CONTINUOUS
10
0.8087934645669291
20
1.0784286614173229
11
0.8054011023622047
21
1.0829601968503937
0
LINE
8
BLACK
6
CONTINUOUS
10
0.8054011023622047
20
1.0829601968503937
11
0.8008695669291338
21
1.0863525590551182
0
LINE
8
BLACK
6
CONTINUOUS
10
0.8008695669291338
20
1.0863525590551182
11
0.8008694881889764
21
1.0863525984251969
0
LINE
8
BLACK
6
CONTINUOUS
10
0.8008694881889764
20
1.0863525984251969
11
0.7955661417322835
21
1.0883305905511811
0
LINE
8
BLACK
6
CONTINUOUS
10
0.7955661417322835
20
1.0883305905511811
11
0.7955659448818897
21
1.0883306299212598
0
LINE
8
BLACK
6
CONTINUOUS
10
0.7955659448818897
20
1.0883306299212598
11
0.7932215748031496
21
1.0885826771653544
0
LINE
8
BLACK
6
CONTINUOUS
10
0.7932215748031496
20
1.0885826771653544
11
0.7609527559055118
21
1.0885826771653544
0
LINE
8
BLACK
6
CONTINUOUS
10
0.7609527559055118
20
1.0885826771653544
11
0.7609527559055118
21
1.078740157480315
0
LINE
8
BLACK
6
CONTINUOUS
10
0.7609527559055118
20
1.078740157480315
11
0.7913385826771653
21
1.078740157480315
0
LINE
8
BLACK
6
CONTINUOUS
10
0.7913385826771653
20
1.078740157480315
11
0.795105157480315
21
1.0779909448818898
0
LINE
8
BLACK
6
CONTINUOUS
10
0.795105157480315
20
1.0779909448818898
11
0.7982983070866142
21
1.0758573622047243
0
LINE
8
BLACK
6
CONTINUOUS
10
0.7982983070866142
20
1.0758573622047243
11
0.8004318897637795
21
1.0726642125984251
0
LINE
8
BLACK
6
CONTINUOUS
10
0.8004318897637795
20
1.0726642125984251
11
0.8011811023622047
21
1.0688976377952755
0
LINE
8
BLACK
6
CONTINUOUS
10
0.8011811023622047
20
1.0688976377952755
11
0.8011811023622047
21
1.0177165354330708
0
LINE
8
BLACK
6
CONTINUOUS
10
0.8011811023622047
20
1.0177165354330708
11
0.8004318897637795
21
1.0139499606299212
0
LINE
8
BLACK
6
CONTINUOUS
10
0.8004318897637795
20
1.0139499606299212
11
0.7982983070866142
21
1.010756811023622
0
LINE
8
BLACK
6
CONTINUOUS
10
0.7982983070866142
20
1.010756811023622
11
0.795105157480315
21
1.0086232283464567
0
LINE
8
BLACK
6
CONTINUOUS
10
0.795105157480315
20
1.0086232283464567
11
0.7913385826771653
21
1.0078740157480315
0
LINE
8
BLACK
6
CONTINUOUS
10
0.7913385826771653
20
1.0078740157480315
11
0.7609527559055118
21
1.0078740157480315
0
LINE
8
BLACK
6
CONTINUOUS
10
0.7609527559055118
20
1.0078740157480315
11
0.7609527559055118
21
0.9980314960629921
0
LINE
8
BLACK
6
CONTINUOUS
10
0.7609527559055118
20
0.9980314960629921
11
0.7932215748031496
21
0.9980314960629921
0
LINE
8
BLACK
6
CONTINUOUS
10
0.7932215748031496
20
0.9980314960629921
11
0.7955659448818897
21
0.9982835826771653
0
LINE
8
BLACK
6
CONTINUOUS
10
0.7955659448818897
20
0.9982835826771653
11
0.7955661417322835
21
0.9982836220472441
0
LINE
8
BLACK
6
CONTINUOUS
10
0.7955661417322835
20
0.9982836220472441
11
0.8008694881889764
21
1.0002616141732283
0
LINE
8
BLACK
6
CONTINUOUS
10
0.8008694881889764
20
1.0002616141732283
11
0.8008695669291338
21
1.0002616535433071
0
LINE
8
BLACK
6
CONTINUOUS
10
0.8008695669291338
20
1.0002616535433071
11
0.8054011023622047
21
1.0036540157480314
0
LINE
8
BLACK
6
CONTINUOUS
10
0.8054011023622047
20
1.0036540157480314
11
0.8087934645669291
21
1.0081855511811024
0
LINE
8
BLACK
6
CONTINUOUS
10
0.8087934645669291
20
1.0081855511811024
11
0.8087935039370079
21
1.0081856299212599
0
LINE
8
BLACK
6
CONTINUOUS
10
0.8087935039370079
20
1.0081856299212599
11
0.8107714960629921
21
1.0134889763779527
0
LINE
8
BLACK
6
CONTINUOUS
10
0.8107714960629921
20
1.0134889763779527
11
0.8107715354330709
21
1.0134891732283464
0
LINE
8
BLACK
6
CONTINUOUS
10
0.8107715354330709
20
1.0134891732283464
11
0.81101531496063
21
1.0157562992125984
0
LINE
8
BLACK
6
CONTINUOUS
10
0.81101531496063
20
1.0157562992125984
11
0.8120162598425197
21
1.0179900787401575
0
LINE
8
BLACK
6
CONTINUOUS
10
0.8120162598425197
20
1.0179900787401575
11
0.8141390551181102
21
1.0192089370078741
0
LINE
8
BLACK
6
CONTINUOUS
10
0.8141390551181102
20
1.0192089370078741
11
0.8165728346456693
21
1.018947283464567
0
LINE
8
BLACK
6
CONTINUOUS
10
0.8165728346456693
20
1.018947283464567
11
0.8183879921259842
21
1.0173050393700787
0
LINE
8
BLACK
6
CONTINUOUS
10
0.8183879921259842
20
1.0173050393700787
11
0.8188651181102362
21
1.0159524803149607
0
LINE
8
BLACK
6
CONTINUOUS
10
0.8188651181102362
20
1.0159524803149607
11
0.8193717322834645
21
1.0127538582677165
0
LINE
8
BLACK
6
CONTINUOUS
10
0.8193717322834645
20
1.0127538582677165
11
0.819371811023622
21
1.0127536220472442
0
LINE
8
BLACK
6
CONTINUOUS
10
0.819371811023622
20
1.0127536220472442
11
0.8216527952755905
21
1.0082768897637795
0
LINE
8
BLACK
6
CONTINUOUS
10
0.8216527952755905
20
1.0082768897637795
11
0.8216528346456693
21
1.0082768503937007
0
LINE
8
BLACK
6
CONTINUOUS
10
0.8216528346456693
20
1.0082768503937007
11
0.8216529133858268
21
1.0082767322834645
0
LINE
8
BLACK
6
CONTINUOUS
10
0.8216529133858268
20
1.0082767322834645
11
0.8252058661417323
21
1.004723779527559
0
LINE
8
BLACK
6
CONTINUOUS
10
0.8252058661417323
20
1.004723779527559
11
0.8252059448818897
21
1.0047237401574802
0
LINE
8
BLACK
6
CONTINUOUS
10
0.8252059448818897
20
1.0047237401574802
11
0.8252059842519684
21
1.0047237007874015
0
LINE
8
BLACK
6
CONTINUOUS
10
0.8252059842519684
20
1.0047237007874015
11
0.8273053937007874
21
1.0036540157480314
0
LINE
8
BLACK
6
CONTINUOUS
10
0.8273053937007874
20
1.0036540157480314
11
0.829682874015748
21
1.0024426377952755
0
LINE
8
BLACK
6
CONTINUOUS
10
0.829682874015748
20
1.0024426377952755
11
0.8324482283464567
21
1.00200468503937
0
LINE
8
BLACK
6
CONTINUOUS
10
0.8324482283464567
20
1.00200468503937
11
0.8333970472440945
21
1.0018543700787401
0
LINE
8
BLACK
6
CONTINUOUS
10
0.8333970472440945
20
1.0018543700787401
11
0.8333972440944881
21
1.0018543307086614
0
LINE
8
BLACK
6
CONTINUOUS
10
0.8333972440944881
20
1.0018543307086614
11
0.8333973228346456
21
1.0018543307086614
0
LINE
8
BLACK
6
CONTINUOUS
10
0.8333973228346456
20
1.0018543307086614
11
0.9146342519685039
21
1.0018543307086614
0
LINE
8
BLACK
6
CONTINUOUS
10
0.9146342519685039
20
1.0018543307086614
11
0.9146344094488189
21
1.0018543700787401
0
LINE
8
BLACK
6
CONTINUOUS
10
0.9146344094488189
20
1.0018543700787401
11
0.9183486220472441
21
1.0024426377952755
0
LINE
8
BLACK
6
CONTINUOUS
10
0.9183486220472441
20
1.0024426377952755
11
0.9228256299212598
21
1.004723779527559
0
LINE
8
BLACK
6
CONTINUOUS
10
0.9228256299212598
20
1.004723779527559
11
0.9263785826771653
21
1.0082767322834645
0
LINE
8
BLACK
6
CONTINUOUS
10
0.9263785826771653
20
1.0082767322834645
11
0.9286597244094488
21
1.0127537401574802
0
LINE
8
BLACK
6
CONTINUOUS
10
0.9286597244094488
20
1.0127537401574802
11
0.9292480314960629
21
1.016468188976378
0
LINE
8
BLACK
6
CONTINUOUS
10
0.9292480314960629
20
1.016468188976378
11
0.9292480314960629
21
1.0620494094488189
0
LINE
8
BLACK
6
CONTINUOUS
10
0.9292480314960629
20
1.0620494094488189
11
0.9300044488188977
21
1.0643774015748031
0
LINE
8
BLACK
6
CONTINUOUS
10
0.9300044488188977
20
1.0643774015748031
11
0.9302781496062992
21
1.0646870078740158
0
LINE
8
BLACK
6
CONTINUOUS
10
0.9302781496062992
20
1.0646870078740158
11
0.9304298031496063
21
1.0648734645669291
0
LINE
8
BLACK
6
CONTINUOUS
10
0.9304298031496063
20
1.0648734645669291
11
0.9304300393700787
21
1.0648736614173229
0
LINE
8
BLACK
6
CONTINUOUS
10
0.9304300393700787
20
1.0648736614173229
11
0.9312993307086614
21
1.0663032283464566
0
LINE
8
BLACK
6
CONTINUOUS
10
0.9312993307086614
20
1.0663032283464566
11
0.9315271259842519
21
1.0666379133858268
0
LINE
8
BLACK
6
CONTINUOUS
10
0.9315271259842519
20
1.0666379133858268
11
0.9325382677165354
21
1.0679712598425197
0
LINE
8
BLACK
6
CONTINUOUS
10
0.9325382677165354
20
1.0679712598425197
11
0.9328282283464566
21
1.068706653543307
0
LINE
8
BLACK
6
CONTINUOUS
10
0.9328282283464566
20
1.068706653543307
11
0.9331285039370079
21
1.0693111417322834
0
LINE
8
BLACK
6
CONTINUOUS
10
0.9331285039370079
20
1.0693111417322834
11
0.9335391338582677
21
1.0699863385826771
0
LINE
8
BLACK
6
CONTINUOUS
10
0.9335391338582677
20
1.0699863385826771
11
0.9339905511811023
21
1.0715976377952756
0
LINE
8
BLACK
6
CONTINUOUS
10
0.9339905511811023
20
1.0715976377952756
11
0.9341195669291338
21
1.0719812992125983
0
LINE
8
BLACK
6
CONTINUOUS
10
0.9341195669291338
20
1.0719812992125983
11
0.9347334645669291
21
1.073537874015748
0
LINE
8
BLACK
6
CONTINUOUS
10
0.9347334645669291
20
1.073537874015748
11
0.9348142519685039
21
1.0743242519685039
0
LINE
8
BLACK
6
CONTINUOUS
10
0.9348142519685039
20
1.0743242519685039
11
0.9349402362204724
21
1.0749871653543306
0
LINE
8
BLACK
6
CONTINUOUS
10
0.9349402362204724
20
1.0749871653543306
11
0.9351535433070866
21
1.0757482677165353
0
LINE
8
BLACK
6
CONTINUOUS
10
0.9351535433070866
20
1.0757482677165353
11
0.9351535433070866
21
1.0774209448818897
0
LINE
8
BLACK
6
CONTINUOUS
10
0.9351535433070866
20
1.0774209448818897
11
0.9351742913385827
21
1.0778259448818897
0
LINE
8
BLACK
6
CONTINUOUS
10
0.9351742913385827
20
1.0778259448818897
11
0.9352268503937008
21
1.0783373228346456
0
LINE
8
BLACK
6
CONTINUOUS
10
0.9352268503937008
20
1.0783373228346456
11
0.9353453937007874
21
1.0794903149606299
0
LINE
8
BLACK
6
CONTINUOUS
10
0.9353453937007874
20
1.0794903149606299
11
0.9352111417322835
21
1.0802690157480315
0
LINE
8
BLACK
6
CONTINUOUS
10
0.9352111417322835
20
1.0802690157480315
11
0.9351535433070866
21
1.0809419291338582
0
LINE
8
BLACK
6
CONTINUOUS
10
0.9351535433070866
20
1.0809419291338582
11
0.9351535433070866
21
1.183001377952756
0
LINE
8
BLACK
6
CONTINUOUS
10
0.9351535433070866
20
1.183001377952756
11
0.9359099606299213
21
1.1853293700787402
0
LINE
8
BLACK
6
CONTINUOUS
10
0.9359099606299213
20
1.1853293700787402
11
0.9378902755905512
21
1.1867681496062992
0
LINE
8
BLACK
6
CONTINUOUS
10
0.9378902755905512
20
1.1867681496062992
11
0.9386577165354331
21
1.1869356299212599
0
LINE
8
BLACK
6
CONTINUOUS
10
0.9386577165354331
20
1.1869356299212599
11
0.938679094488189
21
1.1869381496062992
0
LINE
8
BLACK
6
CONTINUOUS
10
0.938679094488189
20
1.1869381496062992
11
0.9392933070866142
21
1.1870093700787401
0
LINE
8
BLACK
6
CONTINUOUS
10
0.9392933070866142
20
1.1870093700787401
11
0.9433718503937008
21
1.1888102362204724
0
LINE
8
BLACK
6
CONTINUOUS
10
0.9433718503937008
20
1.1888102362204724
11
0.9465244094488189
21
1.1919627952755905
0
LINE
8
BLACK
6
CONTINUOUS
10
0.9465244094488189
20
1.1919627952755905
11
0.9483252755905511
21
1.1960413385826771
0
LINE
8
BLACK
6
CONTINUOUS
10
0.9483252755905511
20
1.1960413385826771
11
0.9484409448818898
21
1.1970383464566929
0
LINE
8
BLACK
6
CONTINUOUS
10
0.9484409448818898
20
1.1970383464566929
11
0.9484409448818898
21
1.2124104724409448
0
LINE
8
BLACK
6
CONTINUOUS
10
0.9484409448818898
20
1.2124104724409448
11
0.9483252755905511
21
1.2134074803149606
0
LINE
8
BLACK
6
CONTINUOUS
10
0.9483252755905511
20
1.2134074803149606
11
0.9465244094488189
21
1.2174860236220473
0
LINE
8
BLACK
6
CONTINUOUS
10
0.9465244094488189
20
1.2174860236220473
11
0.944686062992126
21
1.2193243700787402
0
LINE
8
BLACK
6
CONTINUOUS
10
0.944686062992126
20
1.2193243700787402
11
0.9435748031496063
21
1.2215053937007874
0
LINE
8
BLACK
6
CONTINUOUS
10
0.9435748031496063
20
1.2215053937007874
11
0.943957716535433
21
1.223923031496063
0
LINE
8
BLACK
6
CONTINUOUS
10
0.943957716535433
20
1.223923031496063
11
0.944685905511811
21
1.2249253937007873
0
LINE
8
BLACK
6
CONTINUOUS
10
0.944685905511811
20
1.2249253937007873
11
0.9566753543307086
21
1.2369147637795275
0
LINE
8
BLACK
6
CONTINUOUS
10
0.9566753543307086
20
1.2369147637795275
11
0.9588563779527559
21
1.2380260236220473
0
LINE
8
BLACK
6
CONTINUOUS
10
0.9588563779527559
20
1.2380260236220473
11
0.9594759448818897
21
1.2380748031496063
0
LINE
8
BLACK
6
CONTINUOUS
10
0.9594759448818897
20
1.2380748031496063
11
0.9836395275590551
21
1.2380748031496063
0
LINE
8
BLACK
6
CONTINUOUS
10
0.9836395275590551
20
1.2380748031496063
11
0.9859675196850394
21
1.2373183858267716
0
LINE
8
BLACK
6
CONTINUOUS
10
0.9859675196850394
20
1.2373183858267716
11
0.9874062992125984
21
1.2353380708661417
0
LINE
8
BLACK
6
CONTINUOUS
10
0.9874062992125984
20
1.2353380708661417
11
0.9874062992125984
21
1.2328902755905511
0
LINE
8
BLACK
6
CONTINUOUS
10
0.9874062992125984
20
1.2328902755905511
11
0.9864401574803149
21
1.2313137007874015
0
LINE
8
BLACK
6
CONTINUOUS
10
0.9864401574803149
20
1.2313137007874015
11
0.9850387401574803
21
1.2299122440944881
0
LINE
8
BLACK
6
CONTINUOUS
10
0.9850387401574803
20
1.2299122440944881
11
0.985038622047244
21
1.229912125984252
0
LINE
8
BLACK
6
CONTINUOUS
10
0.985038622047244
20
1.229912125984252
11
0.9827576377952756
21
1.2254353937007874
0
LINE
8
BLACK
6
CONTINUOUS
10
0.9827576377952756
20
1.2254353937007874
11
0.9827575590551181
21
1.2254351574803148
0
LINE
8
BLACK
6
CONTINUOUS
10
0.9827575590551181
20
1.2254351574803148
11
0.9821692913385827
21
1.221721062992126
0
LINE
8
BLACK
6
CONTINUOUS
10
0.9821692913385827
20
1.221721062992126
11
0.9821692913385827
21
1.1404837007874016
0
LINE
8
BLACK
6
CONTINUOUS
10
0.9821692913385827
20
1.1404837007874016
11
0.9827575590551181
21
1.1367696062992125
0
LINE
8
BLACK
6
CONTINUOUS
10
0.9827575590551181
20
1.1367696062992125
11
0.9827576377952756
21
1.1367693700787402
0
LINE
8
BLACK
6
CONTINUOUS
10
0.9827576377952756
20
1.1367693700787402
11
0.985038622047244
21
1.1322926377952756
0
LINE
8
BLACK
6
CONTINUOUS
10
0.985038622047244
20
1.1322926377952756
11
0.9850386614173228
21
1.1322925984251968
0
LINE
8
BLACK
6
CONTINUOUS
10
0.9850386614173228
20
1.1322925984251968
11
0.9850387401574803
21
1.1322924803149605
0
LINE
8
BLACK
6
CONTINUOUS
10
0.9850387401574803
20
1.1322924803149605
11
0.9885916929133858
21
1.128739527559055
0
LINE
8
BLACK
6
CONTINUOUS
10
0.9885916929133858
20
1.128739527559055
11
0.9885917716535433
21
1.1287394881889763
0
LINE
8
BLACK
6
CONTINUOUS
10
0.9885917716535433
20
1.1287394881889763
11
0.988591811023622
21
1.1287394488188975
0
LINE
8
BLACK
6
CONTINUOUS
10
0.988591811023622
20
1.1287394488188975
11
0.9924195669291338
21
1.1267891338582676
0
LINE
8
BLACK
6
CONTINUOUS
10
0.9924195669291338
20
1.1267891338582676
11
0.9930687007874015
21
1.1264583858267716
0
LINE
8
BLACK
6
CONTINUOUS
10
0.9930687007874015
20
1.1264583858267716
11
0.9958340551181102
21
1.1260204330708661
0
LINE
8
BLACK
6
CONTINUOUS
10
0.9958340551181102
20
1.1260204330708661
11
0.9967828740157481
21
1.1258701181102362
0
LINE
8
BLACK
6
CONTINUOUS
10
0.9967828740157481
20
1.1258701181102362
11
0.9967830708661417
21
1.1258700787401574
0
LINE
8
BLACK
6
CONTINUOUS
10
0.9967830708661417
20
1.1258700787401574
11
0.9967831496062992
21
1.1258700787401574
0
LINE
8
BLACK
6
CONTINUOUS
10
0.9967831496062992
20
1.1258700787401574
11
0.9978937007874016
21
1.1258700787401574
0
LINE
8
BLACK
6
CONTINUOUS
10
0.9978937007874016
20
1.1258700787401574
11
1.0002216929133858
21
1.1251136614173227
0
LINE
8
BLACK
6
CONTINUOUS
10
1.0002216929133858
20
1.1251136614173227
11
1.0016604724409448
21
1.1231333464566928
0
LINE
8
BLACK
6
CONTINUOUS
10
1.0016604724409448
20
1.1231333464566928
11
1.0018543307086614
21
1.1219094488188976
0
LINE
8
BLACK
6
CONTINUOUS
10
1.0018543307086614
20
1.1219094488188976
11
1.0018543307086614
21
1.0887204724409449
0
LINE
8
BLACK
6
CONTINUOUS
10
1.0018543307086614
20
1.0887204724409449
11
1.0010979133858267
21
1.0863924803149605
0
LINE
8
BLACK
6
CONTINUOUS
10
1.0010979133858267
20
1.0863924803149605
11
0.9991175984251969
21
1.0849537007874015
0
LINE
8
BLACK
6
CONTINUOUS
10
0.9991175984251969
20
1.0849537007874015
11
0.9978937007874016
21
1.0847598425196849
0
LINE
8
BLACK
6
CONTINUOUS
10
0.9978937007874016
20
1.0847598425196849
11
0.9908773622047243
21
1.0847598425196849
0
LINE
8
BLACK
6
CONTINUOUS
10
0.9908773622047243
20
1.0847598425196849
11
0.9871632677165354
21
1.0841715748031495
0
LINE
8
BLACK
6
CONTINUOUS
10
0.9871632677165354
20
1.0841715748031495
11
0.987163031496063
21
1.084171496062992
0
LINE
8
BLACK
6
CONTINUOUS
10
0.987163031496063
20
1.084171496062992
11
0.9826862992125984
21
1.0818905118110236
0
LINE
8
BLACK
6
CONTINUOUS
10
0.9826862992125984
20
1.0818905118110236
11
0.9791331102362204
21
1.0783373228346456
0
LINE
8
BLACK
6
CONTINUOUS
10
0.9791331102362204
20
1.0783373228346456
11
0.976852125984252
21
1.0738605905511811
0
LINE
8
BLACK
6
CONTINUOUS
10
0.976852125984252
20
1.0738605905511811
11
0.9768520472440945
21
1.0738603543307086
0
LINE
8
BLACK
6
CONTINUOUS
10
0.9768520472440945
20
1.0738603543307086
11
0.9762637795275591
21
1.0701462598425198
0
LINE
8
BLACK
6
CONTINUOUS
10
0.9762637795275591
20
1.0701462598425198
11
0.9762637795275591
21
1.0164679527559055
0
LINE
8
BLACK
6
CONTINUOUS
10
0.9762637795275591
20
1.0164679527559055
11
0.9768520472440945
21
1.0127538582677165
0
LINE
8
BLACK
6
CONTINUOUS
10
0.9768520472440945
20
1.0127538582677165
11
0.976852125984252
21
1.0127536220472442
0
LINE
8
BLACK
6
CONTINUOUS
10
0.976852125984252
20
1.0127536220472442
11
0.9791331102362204
21
1.0082768897637795
0
LINE
8
BLACK
6
CONTINUOUS
10
0.9791331102362204
20
1.0082768897637795
11
0.9791331496062992
21
1.0082768503937007
0
LINE
8
BLACK
6
CONTINUOUS
10
0.9791331496062992
20
1.0082768503937007
11
0.9791332283464567
21
1.0082767322834645
0
LINE
8
BLACK
6
CONTINUOUS
10
0.9791332283464567
20
1.0082767322834645
11
0.9826861811023622
21
1.004723779527559
0
LINE
8
BLACK
6
CONTINUOUS
10
0.9826861811023622
20
1.004723779527559
11
0.9826862598425197
21
1.0047237401574802
0
LINE
8
BLACK
6
CONTINUOUS
10
0.9826862598425197
20
1.0047237401574802
11
0.9826862992125984
21
1.0047237007874015
0
LINE
8
BLACK
6
CONTINUOUS
10
0.9826862992125984
20
1.0047237007874015
11
0.9847857086614173
21
1.0036540157480314
0
LINE
8
BLACK
6
CONTINUOUS
10
0.9847857086614173
20
1.0036540157480314
11
0.9871631889763779
21
1.0024426377952755
0
LINE
8
BLACK
6
CONTINUOUS
10
0.9871631889763779
20
1.0024426377952755
11
0.9899285433070866
21
1.00200468503937
0
LINE
8
BLACK
6
CONTINUOUS
10
0.9899285433070866
20
1.00200468503937
11
0.9908773622047243
21
1.0018543700787401
0
LINE
8
BLACK
6
CONTINUOUS
10
0.9908773622047243
20
1.0018543700787401
11
0.9908775590551181
21
1.0018543307086614
0
LINE
8
BLACK
6
CONTINUOUS
10
0.9908775590551181
20
1.0018543307086614
11
0.9908776377952756
21
1.0018543307086614
0
LINE
8
BLACK
6
CONTINUOUS
10
0.9908776377952756
20
1.0018543307086614
11
1.0721145669291339
21
1.0018543307086614
0
LINE
8
BLACK
6
CONTINUOUS
10
1.0721145669291339
20
1.0018543307086614
11
1.0721147244094489
21
1.0018543700787401
0
LINE
8
BLACK
6
CONTINUOUS
10
1.0721147244094489
20
1.0018543700787401
11
1.075828937007874
21
1.0024426377952755
0
LINE
8
BLACK
6
CONTINUOUS
10
1.075828937007874
20
1.0024426377952755
11
1.0803059448818897
21
1.004723779527559
0
LINE
8
BLACK
6
CONTINUOUS
10
1.0803059448818897
20
1.004723779527559
11
1.0838588976377952
21
1.0082767322834645
0
LINE
8
BLACK
6
CONTINUOUS
10
1.0838588976377952
20
1.0082767322834645
11
1.0861400393700786
21
1.0127537401574802
0
LINE
8
BLACK
6
CONTINUOUS
10
1.0861400393700786
20
1.0127537401574802
11
1.0867283464566928
21
1.016468188976378
0
LINE
8
BLACK
6
CONTINUOUS
10
1.0867283464566928
20
1.016468188976378
11
1.0867283464566928
21
1.0701459842519685
0
LINE
8
BLACK
6
CONTINUOUS
10
1.0867283464566928
20
1.0701459842519685
11
1.0861400393700786
21
1.0738604330708661
0
LINE
8
BLACK
6
CONTINUOUS
10
1.0861400393700786
20
1.0738604330708661
11
1.0851780708661416
21
1.0757484251968503
0
LINE
8
BLACK
6
CONTINUOUS
10
1.0851780708661416
20
1.0757484251968503
11
1.0838589763779527
21
1.0783373228346456
0
LINE
8
BLACK
6
CONTINUOUS
10
1.0838589763779527
20
1.0783373228346456
11
1.0838589370078739
21
1.0783373622047243
0
LINE
8
BLACK
6
CONTINUOUS
10
1.0838589370078739
20
1.0783373622047243
11
1.0838588976377952
21
1.0783374409448818
0
LINE
8
BLACK
6
CONTINUOUS
10
1.0838588976377952
20
1.0783374409448818
11
1.0803059448818897
21
1.0818903937007873
0
LINE
8
BLACK
6
CONTINUOUS
10
1.0803059448818897
20
1.0818903937007873
11
1.0803058267716534
21
1.0818904724409448
0
LINE
8
BLACK
6
CONTINUOUS
10
1.0803058267716534
20
1.0818904724409448
11
1.0803057874015747
21
1.0818905118110236
0
LINE
8
BLACK
6
CONTINUOUS
10
1.0803057874015747
20
1.0818905118110236
11
1.0803058267716534
21
1.0818905118110236
0
LINE
8
BLACK
6
CONTINUOUS
10
1.0803058267716534
20
1.0818905118110236
11
1.0758290551181102
21
1.084171496062992
0
LINE
8
BLACK
6
CONTINUOUS
10
1.0758290551181102
20
1.084171496062992
11
1.0758288188976377
21
1.0841715748031495
0
LINE
8
BLACK
6
CONTINUOUS
10
1.0758288188976377
20
1.0841715748031495
11
1.0721147244094489
21
1.0847598425196849
0
LINE
8
BLACK
6
CONTINUOUS
10
1.0721147244094489
20
1.0847598425196849
11
1.0721144881889764
21
1.0847598425196849
0
LINE
8
BLACK
6
CONTINUOUS
10
1.0721144881889764
20
1.0847598425196849
11
1.0493503937007873
21
1.0847598425196849
0
LINE
8
BLACK
6
CONTINUOUS
10
1.0493503937007873
20
1.0847598425196849
11
1.0470224015748031
21
1.0855162598425196
0
LINE
8
BLACK
6
CONTINUOUS
10
1.0470224015748031
20
1.0855162598425196
11
1.0455836220472441
21
1.0874965748031495
0
LINE
8
BLACK
6
CONTINUOUS
10
1.0455836220472441
20
1.0874965748031495
11
1.0453897637795275
21
1.0887204724409449
0
LINE
8
BLACK
6
CONTINUOUS
10
1.0453897637795275
20
1.0887204724409449
11
1.0453897637795275
21
1.1120669291338583
0
LINE
8
BLACK
6
CONTINUOUS
10
1.0453897637795275
20
1.1120669291338583
11
1.0461461811023622
21
1.1143949212598425
0
LINE
8
BLACK
6
CONTINUOUS
10
1.0461461811023622
20
1.1143949212598425
11
1.0481264960629921
21
1.1158337007874015
0
LINE
8
BLACK
6
CONTINUOUS
10
1.0481264960629921
20
1.1158337007874015
11
1.0493503937007873
21
1.1160275590551181
0
LINE
8
BLACK
6
CONTINUOUS
10
1.0493503937007873
20
1.1160275590551181
11
1.1147441338582678
21
1.1160275590551181
0
LINE
8
BLACK
6
CONTINUOUS
10
1.1147441338582678
20
1.1160275590551181
11
1.117072125984252
21
1.1152711417322834
0
LINE
8
BLACK
6
CONTINUOUS
10
1.117072125984252
20
1.1152711417322834
11
1.118510905511811
21
1.1132908267716535
0
LINE
8
BLACK
6
CONTINUOUS
10
1.118510905511811
20
1.1132908267716535
11
1.1187047637795275
21
1.1120669291338583
0
LINE
8
BLACK
6
CONTINUOUS
10
1.1187047637795275
20
1.1120669291338583
11
1.1187047637795275
21
1.085942716535433
0
LINE
8
BLACK
6
CONTINUOUS
10
1.1187047637795275
20
1.085942716535433
11
1.1190539763779528
21
1.0841867322834646
0
LINE
8
BLACK
6
CONTINUOUS
10
1.1190539763779528
20
1.0841867322834646
11
1.1190540551181103
21
1.0841865748031496
0
LINE
8
BLACK
6
CONTINUOUS
10
1.1190540551181103
20
1.0841865748031496
11
1.1203844094488189
21
1.0821955905511811
0
LINE
8
BLACK
6
CONTINUOUS
10
1.1203844094488189
20
1.0821955905511811
11
1.1203844488188976
21
1.0821955511811023
0
LINE
8
BLACK
6
CONTINUOUS
10
1.1203844488188976
20
1.0821955511811023
11
1.1203844881889764
21
1.0821955118110236
0
LINE
8
BLACK
6
CONTINUOUS
10
1.1203844881889764
20
1.0821955118110236
11
1.1223756692913385
21
1.0808650393700787
0
LINE
8
BLACK
6
CONTINUOUS
10
1.1223756692913385
20
1.0808650393700787
11
1.1241316141732283
21
1.080515748031496
0
LINE
8
BLACK
6
CONTINUOUS
10
1.1241316141732283
20
1.080515748031496
11
1.1853171653543306
21
1.0805157874015747
0
LINE
8
BLACK
6
CONTINUOUS
10
1.1853171653543306
20
1.0805157874015747
11
1.1870731496062992
21
1.0808650393700787
0
LINE
8
BLACK
6
CONTINUOUS
10
1.1870731496062992
20
1.0808650393700787
11
1.1890643307086615
21
1.0821955118110236
0
LINE
8
BLACK
6
CONTINUOUS
10
1.1890643307086615
20
1.0821955118110236
11
1.1903948031496063
21
1.0841866929133859
0
LINE
8
BLACK
6
CONTINUOUS
10
1.1903948031496063
20
1.0841866929133859
11
1.1907440944881889
21
1.0859426377952757
0
LINE
8
BLACK
6
CONTINUOUS
10
1.1907440944881889
20
1.0859426377952757
11
1.1907440944881889
21
1.1120669291338583
0
LINE
8
BLACK
6
CONTINUOUS
10
1.1907440944881889
20
1.1120669291338583
11
1.1915005118110236
21
1.1143949212598425
0
LINE
8
BLACK
6
CONTINUOUS
10
1.1915005118110236
20
1.1143949212598425
11
1.1934808267716535
21
1.1158337007874015
0
LINE
8
BLACK
6
CONTINUOUS
10
1.1934808267716535
20
1.1158337007874015
11
1.1947047244094489
21
1.1160275590551181
0
LINE
8
BLACK
6
CONTINUOUS
10
1.1947047244094489
20
1.1160275590551181
11
1.2147441338582676
21
1.1160275590551181
0
LINE
8
BLACK
6
CONTINUOUS
10
1.2147441338582676
20
1.1160275590551181
11
1.2170721259842519
21
1.1152711417322834
0
LINE
8
BLACK
6
CONTINUOUS
10
1.2170721259842519
20
1.1152711417322834
11
1.2185109055118111
21
1.1132908267716535
0
LINE
8
BLACK
6
CONTINUOUS
10
1.2185109055118111
20
1.1132908267716535
11
1.2187047637795276
21
1.1120669291338583
0
LINE
8
BLACK
6
CONTINUOUS
10
1.2187047637795276
20
1.1120669291338583
11
1.2187047637795276
21
1.085942716535433
0
LINE
8
BLACK
6
CONTINUOUS
10
1.2187047637795276
20
1.085942716535433
11
1.2190539763779527
21
1.0841867322834646
0
LINE
8
BLACK
6
CONTINUOUS
10
1.2190539763779527
20
1.0841867322834646
11
1.2190540551181102
21
1.0841865748031496
0
LINE
8
BLACK
6
CONTINUOUS
10
1.2190540551181102
20
1.0841865748031496
11
1.2203844094488188
21
1.0821955905511811
0
LINE
8
BLACK
6
CONTINUOUS
10
1.2203844094488188
20
1.0821955905511811
11
1.2203844488188975
21
1.0821955511811023
0
LINE
8
BLACK
6
CONTINUOUS
10
1.2203844488188975
20
1.0821955511811023
11
1.2203844881889763
21
1.0821955118110236
0
LINE
8
BLACK
6
CONTINUOUS
10
1.2203844881889763
20
1.0821955118110236
11
1.2223756692913386
21
1.0808650393700787
0
LINE
8
BLACK
6
CONTINUOUS
10
1.2223756692913386
20
1.0808650393700787
11
1.2241316141732284
21
1.080515748031496
0
LINE
8
BLACK
6
CONTINUOUS
10
1.2241316141732284
20
1.080515748031496
11
1.2853171653543307
21
1.0805157874015747
0
LINE
8
BLACK
6
CONTINUOUS
10
1.2853171653543307
20
1.0805157874015747
11
1.2870731496062993
21
1.0808650393700787
0
LINE
8
BLACK
6
CONTINUOUS
10
1.2870731496062993
20
1.0808650393700787
11
1.2890643307086613
21
1.0821955118110236
0
LINE
8
BLACK
6
CONTINUOUS
10
1.2890643307086613
20
1.0821955118110236
11
1.2903948031496062
21
1.0841866929133859
0
LINE
8
BLACK
6
CONTINUOUS
10
1.2903948031496062
20
1.0841866929133859
11
1.2907440944881889
21
1.0859426377952757
0
LINE
8
BLACK
6
CONTINUOUS
10
1.2907440944881889
20
1.0859426377952757
11
1.2907440551181102
21
1.1244611811023622
0
LINE
8
BLACK
6
CONTINUOUS
10
1.2907440551181102
20
1.1244611811023622
11
1.2915004724409449
21
1.1267891338582676
0
LINE
8
BLACK
6
CONTINUOUS
10
1.2915004724409449
20
1.1267891338582676
11
1.2919038582677165
21
1.1272614960629921
0
LINE
8
BLACK
6
CONTINUOUS
10
1.2919038582677165
20
1.1272614960629921
11
1.3497285433070867
21
1.1850861417322833
0
LINE
8
BLACK
6
CONTINUOUS
10
1.3497285433070867
20
1.1850861417322833
11
1.3498234645669291
21
1.1851779133858267
0
LINE
8
BLACK
6
CONTINUOUS
10
1.3498234645669291
20
1.1851779133858267
11
1.3516898818897638
21
1.1869209055118111
0
LINE
8
BLACK
6
CONTINUOUS
10
1.3516898818897638
20
1.1869209055118111
11
1.3525593700787402
21
1.1883508267716536
0
LINE
8
BLACK
6
CONTINUOUS
10
1.3525593700787402
20
1.1883508267716536
11
1.3527872047244094
21
1.1886855511811023
0
LINE
8
BLACK
6
CONTINUOUS
10
1.3527872047244094
20
1.1886855511811023
11
1.3537981102362204
21
1.1900185433070867
0
LINE
8
BLACK
6
CONTINUOUS
10
1.3537981102362204
20
1.1900185433070867
11
1.3540879527559055
21
1.1907536614173229
0
LINE
8
BLACK
6
CONTINUOUS
10
1.3540879527559055
20
1.1907536614173229
11
1.3543883858267716
21
1.1913585039370078
0
LINE
8
BLACK
6
CONTINUOUS
10
1.3543883858267716
20
1.1913585039370078
11
1.3547989763779527
21
1.1920335826771653
0
LINE
8
BLACK
6
CONTINUOUS
10
1.3547989763779527
20
1.1920335826771653
11
1.3552503937007874
21
1.1936449212598426
0
LINE
8
BLACK
6
CONTINUOUS
10
1.3552503937007874
20
1.1936449212598426
11
1.3553795669291338
21
1.1940288582677165
0
LINE
8
BLACK
6
CONTINUOUS
10
1.3553795669291338
20
1.1940288582677165
11
1.3555289763779528
21
1.194407716535433
0
LINE
8
BLACK
6
CONTINUOUS
10
1.3555289763779528
20
1.194407716535433
11
1.3559933070866141
21
1.1955851181102362
0
LINE
8
BLACK
6
CONTINUOUS
10
1.3559933070866141
20
1.1955851181102362
11
1.3560740944881891
21
1.1963714960629921
0
LINE
8
BLACK
6
CONTINUOUS
10
1.3560740944881891
20
1.1963714960629921
11
1.3562000787401574
21
1.1970344094488188
0
LINE
8
BLACK
6
CONTINUOUS
10
1.3562000787401574
20
1.1970344094488188
11
1.3564133858267717
21
1.1977955118110235
0
LINE
8
BLACK
6
CONTINUOUS
10
1.3564133858267717
20
1.1977955118110235
11
1.3564133858267717
21
1.1994681889763779
0
LINE
8
BLACK
6
CONTINUOUS
10
1.3564133858267717
20
1.1994681889763779
11
1.3564341338582677
21
1.1998731889763778
0
LINE
8
BLACK
6
CONTINUOUS
10
1.3564341338582677
20
1.1998731889763778
11
1.3564377165354331
21
1.1999081102362203
0
LINE
8
BLACK
6
CONTINUOUS
10
1.3564377165354331
20
1.1999081102362203
11
1.3566052362204724
21
1.2015375590551181
0
LINE
8
BLACK
6
CONTINUOUS
10
1.3566052362204724
20
1.2015375590551181
11
1.3564709842519684
21
1.2023162598425197
0
LINE
8
BLACK
6
CONTINUOUS
10
1.3564709842519684
20
1.2023162598425197
11
1.3564133858267717
21
1.2029891732283464
0
LINE
8
BLACK
6
CONTINUOUS
10
1.3564133858267717
20
1.2029891732283464
11
1.3564133858267717
21
1.3893250787401574
0
LINE
8
BLACK
6
CONTINUOUS
10
1.3564133858267717
20
1.3893250787401574
11
1.3564157086614173
21
1.3894603149606299
0
LINE
8
BLACK
6
CONTINUOUS
10
1.3564157086614173
20
1.3894603149606299
11
1.3565028346456693
21
1.3920107086614173
0
LINE
8
BLACK
6
CONTINUOUS
10
1.3565028346456693
20
1.3920107086614173
11
1.3565028346456693
21
1.392010748031496
0
LINE
8
BLACK
6
CONTINUOUS
10
1.3565028346456693
20
1.392010748031496
11
1.3561065354330708
21
1.3936368897637794
0
LINE
8
BLACK
6
CONTINUOUS
10
1.3561065354330708
20
1.3936368897637794
11
1.3560309842519684
21
1.3940347244094489
0
LINE
8
BLACK
6
CONTINUOUS
10
1.3560309842519684
20
1.3940347244094489
11
1.3558032283464567
21
1.3956917716535433
0
LINE
8
BLACK
6
CONTINUOUS
10
1.3558032283464567
20
1.3956917716535433
11
1.3558032283464567
21
1.3956918503937008
0
LINE
8
BLACK
6
CONTINUOUS
10
1.3558032283464567
20
1.3956918503937008
11
1.3554884645669292
21
1.3964164566929134
0
LINE
8
BLACK
6
CONTINUOUS
10
1.3554884645669292
20
1.3964164566929134
11
1.3552731889763778
21
1.3970566929133859
0
LINE
8
BLACK
6
CONTINUOUS
10
1.3552731889763778
20
1.3970566929133859
11
1.3550861417322835
21
1.3978242913385825
0
LINE
8
BLACK
6
CONTINUOUS
10
1.3550861417322835
20
1.3978242913385825
11
1.3550859842519685
21
1.3978246456692913
0
LINE
8
BLACK
6
CONTINUOUS
10
1.3550859842519685
20
1.3978246456692913
11
1.3542662992125984
21
1.3992824409448819
0
LINE
8
BLACK
6
CONTINUOUS
10
1.3542662992125984
20
1.3992824409448819
11
1.3540858661417323
21
1.3996456692913386
0
LINE
8
BLACK
6
CONTINUOUS
10
1.3540858661417323
20
1.3996456692913386
11
1.3534192913385827
21
1.4011802362204724
0
LINE
8
BLACK
6
CONTINUOUS
10
1.3534192913385827
20
1.4011802362204724
11
1.3534192913385827
21
1.4011802755905511
0
LINE
8
BLACK
6
CONTINUOUS
10
1.3534192913385827
20
1.4011802755905511
11
1.3529203543307087
21
1.4017935826771653
0
LINE
8
BLACK
6
CONTINUOUS
10
1.3529203543307087
20
1.4017935826771653
11
1.3525405511811024
21
1.4023516929133859
0
LINE
8
BLACK
6
CONTINUOUS
10
1.3525405511811024
20
1.4023516929133859
11
1.3521534645669291
21
1.4030400787401573
0
LINE
8
BLACK
6
CONTINUOUS
10
1.3521534645669291
20
1.4030400787401573
11
1.3521534251968503
21
1.4030401574803149
0
LINE
8
BLACK
6
CONTINUOUS
10
1.3521534251968503
20
1.4030401574803149
11
1.3521533464566928
21
1.4030402755905511
0
LINE
8
BLACK
6
CONTINUOUS
10
1.3521533464566928
20
1.4030402755905511
11
1.3509705511811023
21
1.4042230708661416
0
LINE
8
BLACK
6
CONTINUOUS
10
1.3509705511811023
20
1.4042230708661416
11
1.3506988976377952
21
1.4045240944881889
0
LINE
8
BLACK
6
CONTINUOUS
10
1.3506988976377952
20
1.4045240944881889
11
1.3496429527559055
21
1.4058220078740158
0
LINE
8
BLACK
6
CONTINUOUS
10
1.3496429527559055
20
1.4058220078740158
11
1.3489974409448819
21
1.4062776377952755
0
LINE
8
BLACK
6
CONTINUOUS
10
1.3489974409448819
20
1.4062776377952755
11
1.3484808267716535
21
1.4067127952755905
0
LINE
8
BLACK
6
CONTINUOUS
10
1.3484808267716535
20
1.4067127952755905
11
1.3133401181102362
21
1.4418535433070865
0
LINE
8
BLACK
6
CONTINUOUS
10
1.3133401181102362
20
1.4418535433070865
11
1.3132461417322834
21
1.4419507874015747
0
LINE
8
BLACK
6
CONTINUOUS
10
1.3132461417322834
20
1.4419507874015747
11
1.3115043700787401
21
1.4438157874015747
0
LINE
8
BLACK
6
CONTINUOUS
10
1.3115043700787401
20
1.4438157874015747
11
1.3115043307086613
21
1.4438158267716534
0
LINE
8
BLACK
6
CONTINUOUS
10
1.3115043307086613
20
1.4438158267716534
11
1.3115042913385826
21
1.4438158661417322
0
LINE
8
BLACK
6
CONTINUOUS
10
1.3115042913385826
20
1.4438158661417322
11
1.3100745275590551
21
1.4446853149606298
0
LINE
8
BLACK
6
CONTINUOUS
10
1.3100745275590551
20
1.4446853149606298
11
1.3097396062992126
21
1.4449132677165355
0
LINE
8
BLACK
6
CONTINUOUS
10
1.3097396062992126
20
1.4449132677165355
11
1.3090538188976377
21
1.4454333464566929
0
LINE
8
BLACK
6
CONTINUOUS
10
1.3090538188976377
20
1.4454333464566929
11
1.3084066929133857
21
1.445924094488189
0
LINE
8
BLACK
6
CONTINUOUS
10
1.3084066929133857
20
1.445924094488189
11
1.3076716141732283
21
1.4462139763779527
0
LINE
8
BLACK
6
CONTINUOUS
10
1.3076716141732283
20
1.4462139763779527
11
1.3070670078740156
21
1.4465142913385827
0
LINE
8
BLACK
6
CONTINUOUS
10
1.3070670078740156
20
1.4465142913385827
11
1.3063915748031496
21
1.446925
0
LINE
8
BLACK
6
CONTINUOUS
10
1.3063915748031496
20
1.446925
11
1.3047807480314961
21
1.4473763385826772
0
LINE
8
BLACK
6
CONTINUOUS
10
1.3047807480314961
20
1.4473763385826772
11
1.3043964173228346
21
1.4475055905511811
0
LINE
8
BLACK
6
CONTINUOUS
10
1.3043964173228346
20
1.4475055905511811
11
1.3028400787401575
21
1.4481193307086613
0
LINE
8
BLACK
6
CONTINUOUS
10
1.3028400787401575
20
1.4481193307086613
11
1.3020537795275591
21
1.4482001574803149
0
LINE
8
BLACK
6
CONTINUOUS
10
1.3020537795275591
20
1.4482001574803149
11
1.3013903149606298
21
1.4483262598425197
0
LINE
8
BLACK
6
CONTINUOUS
10
1.3013903149606298
20
1.4483262598425197
11
1.3006296850393702
21
1.4485393700787401
0
LINE
8
BLACK
6
CONTINUOUS
10
1.3006296850393702
20
1.4485393700787401
11
1.2989570078740158
21
1.4485393700787401
0
LINE
8
BLACK
6
CONTINUOUS
10
1.2989570078740158
20
1.4485393700787401
11
1.2985520078740158
21
1.4485601181102361
0
LINE
8
BLACK
6
CONTINUOUS
10
1.2985520078740158
20
1.4485601181102361
11
1.2981935433070866
21
1.448596968503937
0
LINE
8
BLACK
6
CONTINUOUS
10
1.2981935433070866
20
1.448596968503937
11
1.2968876377952756
21
1.448731220472441
0
LINE
8
BLACK
6
CONTINUOUS
10
1.2968876377952756
20
1.448731220472441
11
1.2968875984251969
21
1.448731220472441
0
LINE
8
BLACK
6
CONTINUOUS
10
1.2968875984251969
20
1.448731220472441
11
1.2968875590551181
21
1.448731220472441
0
LINE
8
BLACK
6
CONTINUOUS
10
1.2968875590551181
20
1.448731220472441
11
1.2961090157480315
21
1.448596968503937
0
LINE
8
BLACK
6
CONTINUOUS
10
1.2961090157480315
20
1.448596968503937
11
1.295436062992126
21
1.4485393700787401
0
LINE
8
BLACK
6
CONTINUOUS
10
1.295436062992126
20
1.4485393700787401
11
0.9657751181102362
21
1.4485393700787401
0
LINE
8
BLACK
6
CONTINUOUS
10
0.9657751181102362
20
1.4485393700787401
11
0.963447125984252
21
1.4492957874015748
0
LINE
8
BLACK
6
CONTINUOUS
10
0.963447125984252
20
1.4492957874015748
11
0.9629745275590551
21
1.4496994094488189
0
LINE
8
BLACK
6
CONTINUOUS
10
0.9629745275590551
20
1.4496994094488189
11
0.9440489763779527
21
1.4686250000000001
0
LINE
8
BLACK
6
CONTINUOUS
10
0.9440489763779527
20
1.4686250000000001
11
0.9434653543307087
21
1.4697704330708661
0
LINE
8
BLACK
6
CONTINUOUS
10
0.9434653543307087
20
1.4697704330708661
11
0.942050157480315
21
1.4706238188976377
0
LINE
8
BLACK
6
CONTINUOUS
10
0.942050157480315
20
1.4706238188976377
11
0.9245025590551181
21
1.4881714173228346
0
LINE
8
BLACK
6
CONTINUOUS
10
0.9245025590551181
20
1.4881714173228346
11
0.9233912992125984
21
1.4903524409448818
0
LINE
8
BLACK
6
CONTINUOUS
10
0.9233912992125984
20
1.4903524409448818
11
0.9233425196850393
21
1.4909720078740156
0
LINE
8
BLACK
6
CONTINUOUS
10
0.9233425196850393
20
1.4909720078740156
11
0.9233425196850393
21
1.4988897637795275
0
LINE
8
BLACK
6
CONTINUOUS
10
0.9233425196850393
20
1.4988897637795275
11
0.9233425196850393
21
1.5168582677165354
0
LINE
8
BLACK
6
CONTINUOUS
10
0.9233425196850393
20
1.5168582677165354
11
0.9233425196850393
21
1.5278232283464566
0
LINE
8
BLACK
6
CONTINUOUS
10
0.9233425196850393
20
1.5278232283464566
11
0.9233424803149606
21
1.5278234251968503
0
LINE
8
BLACK
6
CONTINUOUS
10
0.9233424803149606
20
1.5278234251968503
11
0.9228706692913385
21
1.5308022047244094
0
LINE
8
BLACK
6
CONTINUOUS
10
0.9228706692913385
20
1.5308022047244094
11
0.9227542125984252
21
1.5315375984251969
0
LINE
8
BLACK
6
CONTINUOUS
10
0.9227542125984252
20
1.5315375984251969
11
0.9227541338582677
21
1.5315377559055117
0
LINE
8
BLACK
6
CONTINUOUS
10
0.9227541338582677
20
1.5315377559055117
11
0.9204731496062992
21
1.5360144881889763
0
LINE
8
BLACK
6
CONTINUOUS
10
0.9204731496062992
20
1.5360144881889763
11
0.9204731102362205
21
1.5360145275590551
0
LINE
8
BLACK
6
CONTINUOUS
10
0.9204731102362205
20
1.5360145275590551
11
0.9204730708661417
21
1.5360146062992126
0
LINE
8
BLACK
6
CONTINUOUS
10
0.9204730708661417
20
1.5360146062992126
11
0.9169201181102362
21
1.5395675590551181
0
LINE
8
BLACK
6
CONTINUOUS
10
0.9169201181102362
20
1.5395675590551181
11
0.91692
21
1.5395676377952756
0
LINE
8
BLACK
6
CONTINUOUS
10
0.91692
20
1.5395676377952756
11
0.9169199606299212
21
1.5395676771653544
0
LINE
8
BLACK
6
CONTINUOUS
10
0.9169199606299212
20
1.5395676771653544
11
0.91692
21
1.5395676771653544
0
LINE
8
BLACK
6
CONTINUOUS
10
0.91692
20
1.5395676771653544
11
0.9124432283464566
21
1.5418486614173228
0
LINE
8
BLACK
6
CONTINUOUS
10
0.9124432283464566
20
1.5418486614173228
11
0.9124429921259842
21
1.5418487401574803
0
LINE
8
BLACK
6
CONTINUOUS
10
0.9124429921259842
20
1.5418487401574803
11
0.9087288976377953
21
1.5424370078740157
0
LINE
8
BLACK
6
CONTINUOUS
10
0.9087288976377953
20
1.5424370078740157
11
0.9087286614173228
21
1.5424370078740157
0
LINE
8
BLACK
6
CONTINUOUS
10
0.9087286614173228
20
1.5424370078740157
11
0.8865469291338582
21
1.5424370078740157
0
LINE
8
BLACK
6
CONTINUOUS
10
0.8865469291338582
20
1.5424370078740157
11
0.8865466535433071
21
1.5424370078740157
0
LINE
8
BLACK
6
CONTINUOUS
10
0.8865466535433071
20
1.5424370078740157
11
0.882832559055118
21
1.5418487401574803
0
LINE
8
BLACK
6
CONTINUOUS
10
0.882832559055118
20
1.5418487401574803
11
0.8828323228346456
21
1.5418486614173228
0
LINE
8
BLACK
6
CONTINUOUS
10
0.8828323228346456
20
1.5418486614173228
11
0.8783555905511811
21
1.5395676771653544
0
LINE
8
BLACK
6
CONTINUOUS
10
0.8783555905511811
20
1.5395676771653544
11
0.8748024015748032
21
1.5360144881889763
0
LINE
8
BLACK
6
CONTINUOUS
10
0.8748024015748032
20
1.5360144881889763
11
0.8726572440944882
21
1.5318042913385825
0
LINE
8
BLACK
6
CONTINUOUS
10
0.8726572440944882
20
1.5318042913385825
11
0.8709264173228346
21
1.5300734251968504
0
LINE
8
BLACK
6
CONTINUOUS
10
0.8709264173228346
20
1.5300734251968504
11
0.8691283070866141
21
1.5296417322834646
0
LINE
8
BLACK
6
CONTINUOUS
10
0.8691283070866141
20
1.5296417322834646
11
0.8631551574803149
21
1.5296417322834646
0
LINE
8
BLACK
6
CONTINUOUS
10
0.8631551574803149
20
1.5296417322834646
11
0.8608271653543307
21
1.5303981496062993
0
LINE
8
BLACK
6
CONTINUOUS
10
0.8608271653543307
20
1.5303981496062993
11
0.8596261811023622
21
1.5318042913385825
0
LINE
8
BLACK
6
CONTINUOUS
10
0.8596261811023622
20
1.5318042913385825
11
0.8576324803149606
21
1.5357172047244094
0
LINE
8
BLACK
6
CONTINUOUS
10
0.8576324803149606
20
1.5357172047244094
11
0.8572008267716535
21
1.5375152755905512
0
LINE
8
BLACK
6
CONTINUOUS
10
0.8572008267716535
20
1.5375152755905512
11
0.8572008267716535
21
1.5556890157480314
0
LINE
8
BLACK
6
CONTINUOUS
10
0.8572008267716535
20
1.5556890157480314
11
0.8579572440944881
21
1.5580170078740156
0
LINE
8
BLACK
6
CONTINUOUS
10
0.8579572440944881
20
1.5580170078740156
11
0.859937559055118
21
1.5594557874015749
0
LINE
8
BLACK
6
CONTINUOUS
10
0.859937559055118
20
1.5594557874015749
11
0.8611614566929133
21
1.5596496456692912
0
LINE
8
BLACK
6
CONTINUOUS
10
0.8611614566929133
20
1.5596496456692912
11
0.8660258661417323
21
1.5596496456692912
0
LINE
8
BLACK
6
CONTINUOUS
10
0.8660258661417323
20
1.5596496456692912
11
0.8677818503937008
21
1.5599988976377952
0
LINE
8
BLACK
6
CONTINUOUS
10
0.8677818503937008
20
1.5599988976377952
11
0.869773031496063
21
1.5613293700787401
0
LINE
8
BLACK
6
CONTINUOUS
10
0.869773031496063
20
1.5613293700787401
11
0.8711035039370079
21
1.5633205511811024
0
LINE
8
BLACK
6
CONTINUOUS
10
0.8711035039370079
20
1.5633205511811024
11
0.8713778740157481
21
1.5646998818897637
0
LINE
8
BLACK
6
CONTINUOUS
10
0.8713778740157481
20
1.5646998818897637
11
0.8714527952755905
21
1.5650764960629922
0
LINE
8
BLACK
6
CONTINUOUS
10
0.8714527952755905
20
1.5650764960629922
11
0.8714527559055117
21
1.6262620472440945
0
LINE
8
BLACK
6
CONTINUOUS
10
0.8714527559055117
20
1.6262620472440945
11
0.8711035039370079
21
1.6280180314960631
0
LINE
8
BLACK
6
CONTINUOUS
10
0.8711035039370079
20
1.6280180314960631
11
0.8711034251968504
21
1.6280181889763778
0
LINE
8
BLACK
6
CONTINUOUS
10
0.8711034251968504
20
1.6280181889763778
11
0.8697730708661418
21
1.6300091732283464
0
LINE
8
BLACK
6
CONTINUOUS
10
0.8697730708661418
20
1.6300091732283464
11
0.8697729921259842
21
1.6300092519685039
0
LINE
8
BLACK
6
CONTINUOUS
10
0.8697729921259842
20
1.6300092519685039
11
0.8677818110236221
21
1.6313397244094487
0
LINE
8
BLACK
6
CONTINUOUS
10
0.8677818110236221
20
1.6313397244094487
11
0.8663751574803149
21
1.631619527559055
0
LINE
8
BLACK
6
CONTINUOUS
10
0.8663751574803149
20
1.631619527559055
11
0.866025905511811
21
1.6316889763779527
0
LINE
8
BLACK
6
CONTINUOUS
10
0.866025905511811
20
1.6316889763779527
11
0.8660258661417323
21
1.6316889763779527
0
LINE
8
BLACK
6
CONTINUOUS
10
0.8660258661417323
20
1.6316889763779527
11
0.8611614566929133
21
1.6316889763779527
0
LINE
8
BLACK
6
CONTINUOUS
10
0.8611614566929133
20
1.6316889763779527
11
0.8588334645669291
21
1.6324453937007875
0
LINE
8
BLACK
6
CONTINUOUS
10
0.8588334645669291
20
1.6324453937007875
11
0.8573946850393701
21
1.6344257086614173
0
LINE
8
BLACK
6
CONTINUOUS
10
0.8573946850393701
20
1.6344257086614173
11
0.8572008267716535
21
1.6356496062992125
0
LINE
8
BLACK
6
CONTINUOUS
10
0.8572008267716535
20
1.6356496062992125
11
0.8572008267716535
21
1.6556890157480315
0
LINE
8
BLACK
6
CONTINUOUS
10
0.8572008267716535
20
1.6556890157480315
11
0.8579572440944881
21
1.6580170078740157
0
LINE
8
BLACK
6
CONTINUOUS
10
0.8579572440944881
20
1.6580170078740157
11
0.859937559055118
21
1.6594557874015747
0
LINE
8
BLACK
6
CONTINUOUS
10
0.859937559055118
20
1.6594557874015747
11
0.8611614566929133
21
1.6596496456692913
0
LINE
8
BLACK
6
CONTINUOUS
10
0.8611614566929133
20
1.6596496456692913
11
0.8660258661417323
21
1.6596496456692913
0
LINE
8
BLACK
6
CONTINUOUS
10
0.8660258661417323
20
1.6596496456692913
11
0.8677818503937008
21
1.6599988976377953
0
LINE
8
BLACK
6
CONTINUOUS
10
0.8677818503937008
20
1.6599988976377953
11
0.869773031496063
21
1.6613293700787402
0
LINE
8
BLACK
6
CONTINUOUS
10
0.869773031496063
20
1.6613293700787402
11
0.8711035039370079
21
1.6633205511811022
0
LINE
8
BLACK
6
CONTINUOUS
10
0.8711035039370079
20
1.6633205511811022
11
0.8713778740157481
21
1.6646998818897638
0
LINE
8
BLACK
6
CONTINUOUS
10
0.8713778740157481
20
1.6646998818897638
11
0.8714527952755905
21
1.665076496062992
0
LINE
8
BLACK
6
CONTINUOUS
10
0.8714527952755905
20
1.665076496062992
11
0.8714527559055117
21
1.7262620472440944
0
LINE
8
BLACK
6
CONTINUOUS
10
0.8714527559055117
20
1.7262620472440944
11
0.8711035039370079
21
1.7280180314960629
0
LINE
8
BLACK
6
CONTINUOUS
10
0.8711035039370079
20
1.7280180314960629
11
0.8711034251968504
21
1.7280181889763779
0
LINE
8
BLACK
6
CONTINUOUS
10
0.8711034251968504
20
1.7280181889763779
11
0.8697730708661418
21
1.7300091732283465
0
LINE
8
BLACK
6
CONTINUOUS
10
0.8697730708661418
20
1.7300091732283465
11
0.8697729921259842
21
1.730009251968504
0
LINE
8
BLACK
6
CONTINUOUS
10
0.8697729921259842
20
1.730009251968504
11
0.8677818110236221
21
1.7313397244094488
0
LINE
8
BLACK
6
CONTINUOUS
10
0.8677818110236221
20
1.7313397244094488
11
0.8663751574803149
21
1.7316195275590551
0
LINE
8
BLACK
6
CONTINUOUS
10
0.8663751574803149
20
1.7316195275590551
11
0.866025905511811
21
1.7316889763779528
0
LINE
8
BLACK
6
CONTINUOUS
10
0.866025905511811
20
1.7316889763779528
11
0.8660258661417323
21
1.7316889763779528
0
LINE
8
BLACK
6
CONTINUOUS
10
0.8660258661417323
20
1.7316889763779528
11
0.8048403543307087
21
1.7316889763779528
0
LINE
8
BLACK
6
CONTINUOUS
10
0.8048403543307087
20
1.7316889763779528
11
0.8030843700787401
21
1.7313397244094488
0
LINE
8
BLACK
6
CONTINUOUS
10
0.8030843700787401
20
1.7313397244094488
11
0.8030842125984252
21
1.7313396456692913
0
LINE
8
BLACK
6
CONTINUOUS
10
0.8030842125984252
20
1.7313396456692913
11
0.8010932283464567
21
1.7300092913385827
0
LINE
8
BLACK
6
CONTINUOUS
10
0.8010932283464567
20
1.7300092913385827
11
0.8010931496062992
21
1.7300092125984252
0
LINE
8
BLACK
6
CONTINUOUS
10
0.8010931496062992
20
1.7300092125984252
11
0.7997626771653543
21
1.7280180314960629
0
LINE
8
BLACK
6
CONTINUOUS
10
0.7997626771653543
20
1.7280180314960629
11
0.7994134251968503
21
1.7262620866141731
0
LINE
8
BLACK
6
CONTINUOUS
10
0.7994134251968503
20
1.7262620866141731
11
0.7994134251968503
21
1.7225787401574804
0
LINE
8
BLACK
6
CONTINUOUS
10
0.7994134251968503
20
1.7225787401574804
11
0.7986570078740157
21
1.7202507480314959
0
LINE
8
BLACK
6
CONTINUOUS
10
0.7986570078740157
20
1.7202507480314959
11
0.7966766929133858
21
1.7188119685039369
0
LINE
8
BLACK
6
CONTINUOUS
10
0.7966766929133858
20
1.7188119685039369
11
0.7954527952755905
21
1.7186181102362204
0
LINE
8
BLACK
6
CONTINUOUS
10
0.7954527952755905
20
1.7186181102362204
11
0.7754133858267717
21
1.7186181102362204
0
LINE
8
BLACK
6
CONTINUOUS
10
0.7754133858267717
20
1.7186181102362204
11
0.7730853937007874
21
1.7193745275590551
0
LINE
8
BLACK
6
CONTINUOUS
10
0.7730853937007874
20
1.7193745275590551
11
0.7716466141732283
21
1.721354842519685
0
LINE
8
BLACK
6
CONTINUOUS
10
0.7716466141732283
20
1.721354842519685
11
0.7714527559055118
21
1.7225787401574804
0
LINE
8
BLACK
6
CONTINUOUS
10
0.7714527559055118
20
1.7225787401574804
11
0.7714527559055118
21
1.7262620472440944
0
LINE
8
BLACK
6
CONTINUOUS
10
0.7714527559055118
20
1.7262620472440944
11
0.7711035039370079
21
1.7280180314960629
0
LINE
8
BLACK
6
CONTINUOUS
10
0.7711035039370079
20
1.7280180314960629
11
0.7711034251968504
21
1.7280181889763779
0
LINE
8
BLACK
6
CONTINUOUS
10
0.7711034251968504
20
1.7280181889763779
11
0.7697730708661417
21
1.7300091732283465
0
LINE
8
BLACK
6
CONTINUOUS
10
0.7697730708661417
20
1.7300091732283465
11
0.7697729921259843
21
1.730009251968504
0
LINE
8
BLACK
6
CONTINUOUS
10
0.7697729921259843
20
1.730009251968504
11
0.7677818110236221
21
1.7313397244094488
0
LINE
8
BLACK
6
CONTINUOUS
10
0.7677818110236221
20
1.7313397244094488
11
0.7663751574803149
21
1.7316195275590551
0
LINE
8
BLACK
6
CONTINUOUS
10
0.7663751574803149
20
1.7316195275590551
11
0.766025905511811
21
1.7316889763779528
0
LINE
8
BLACK
6
CONTINUOUS
10
0.766025905511811
20
1.7316889763779528
11
0.7660258661417323
21
1.7316889763779528
0
LINE
8
BLACK
6
CONTINUOUS
10
0.7660258661417323
20
1.7316889763779528
11
0.7048403543307087
21
1.7316889763779528
0
LINE
8
BLACK
6
CONTINUOUS
10
0.7048403543307087
20
1.7316889763779528
11
0.7030843700787401
21
1.7313397244094488
0
LINE
8
BLACK
6
CONTINUOUS
10
0.7030843700787401
20
1.7313397244094488
11
0.7030842125984251
21
1.7313396456692913
0
LINE
8
BLACK
6
CONTINUOUS
10
0.7030842125984251
20
1.7313396456692913
11
0.7010932283464567
21
1.7300092913385827
0
LINE
8
BLACK
6
CONTINUOUS
10
0.7010932283464567
20
1.7300092913385827
11
0.7010931496062992
21
1.7300092125984252
0
LINE
8
BLACK
6
CONTINUOUS
10
0.7010931496062992
20
1.7300092125984252
11
0.6997626771653543
21
1.7280180314960629
0
LINE
8
BLACK
6
CONTINUOUS
10
0.6997626771653543
20
1.7280180314960629
11
0.6994134251968503
21
1.7262620866141731
0
LINE
8
BLACK
6
CONTINUOUS
10
0.6994134251968503
20
1.7262620866141731
11
0.6994134251968503
21
1.6650765748031495
0
LINE
8
BLACK
6
CONTINUOUS
10
0.6994134251968503
20
1.6650765748031495
11
0.6997626771653543
21
1.663320590551181
0
LINE
8
BLACK
6
CONTINUOUS
10
0.6997626771653543
20
1.663320590551181
11
0.6997627559055118
21
1.6633204330708662
0
LINE
8
BLACK
6
CONTINUOUS
10
0.6997627559055118
20
1.6633204330708662
11
0.7010931102362205
21
1.6613294488188977
0
LINE
8
BLACK
6
CONTINUOUS
10
0.7010931102362205
20
1.6613294488188977
11
0.7010931496062992
21
1.6613294094488189
0
LINE
8
BLACK
6
CONTINUOUS
10
0.7010931496062992
20
1.6613294094488189
11
0.701093188976378
21
1.6613293700787402
0
LINE
8
BLACK
6
CONTINUOUS
10
0.701093188976378
20
1.6613293700787402
11
0.7030843700787401
21
1.6599988976377953
0
LINE
8
BLACK
6
CONTINUOUS
10
0.7030843700787401
20
1.6599988976377953
11
0.7048403149606299
21
1.6596496062992125
0
LINE
8
BLACK
6
CONTINUOUS
10
0.7048403149606299
20
1.6596496062992125
11
0.7660258661417323
21
1.6596496456692913
0
LINE
8
BLACK
6
CONTINUOUS
10
0.7660258661417323
20
1.6596496456692913
11
0.7677818503937007
21
1.6599988976377953
0
LINE
8
BLACK
6
CONTINUOUS
10
0.7677818503937007
20
1.6599988976377953
11
0.769773031496063
21
1.6613293700787402
0
LINE
8
BLACK
6
CONTINUOUS
10
0.769773031496063
20
1.6613293700787402
11
0.7711035039370079
21
1.6633205511811022
0
LINE
8
BLACK
6
CONTINUOUS
10
0.7711035039370079
20
1.6633205511811022
11
0.7714527952755905
21
1.665076496062992
0
LINE
8
BLACK
6
CONTINUOUS
10
0.7714527952755905
20
1.665076496062992
11
0.7714527952755905
21
1.6711220472440944
0
LINE
8
BLACK
6
CONTINUOUS
10
0.7714527952755905
20
1.6711220472440944
11
0.7722092125984252
21
1.6734500393700786
0
LINE
8
BLACK
6
CONTINUOUS
10
0.7722092125984252
20
1.6734500393700786
11
0.7741895275590551
21
1.6748888188976379
0
LINE
8
BLACK
6
CONTINUOUS
10
0.7741895275590551
20
1.6748888188976379
11
0.7754134251968504
21
1.6750826771653542
0
LINE
8
BLACK
6
CONTINUOUS
10
0.7754134251968504
20
1.6750826771653542
11
0.7954528346456693
21
1.6750826771653542
0
LINE
8
BLACK
6
CONTINUOUS
10
0.7954528346456693
20
1.6750826771653542
11
0.7977808267716535
21
1.6743262598425197
0
LINE
8
BLACK
6
CONTINUOUS
10
0.7977808267716535
20
1.6743262598425197
11
0.7992196062992126
21
1.6723459448818898
0
LINE
8
BLACK
6
CONTINUOUS
10
0.7992196062992126
20
1.6723459448818898
11
0.7994134645669291
21
1.6711220472440944
0
LINE
8
BLACK
6
CONTINUOUS
10
0.7994134645669291
20
1.6711220472440944
11
0.7994134645669291
21
1.6650765748031495
0
LINE
8
BLACK
6
CONTINUOUS
10
0.7994134645669291
20
1.6650765748031495
11
0.7997626771653543
21
1.663320590551181
0
LINE
8
BLACK
6
CONTINUOUS
10
0.7997626771653543
20
1.663320590551181
11
0.7997627559055118
21
1.6633204330708662
0
LINE
8
BLACK
6
CONTINUOUS
10
0.7997627559055118
20
1.6633204330708662
11
0.8010931102362204
21
1.6613294488188977
0
LINE
8
BLACK
6
CONTINUOUS
10
0.8010931102362204
20
1.6613294488188977
11
0.8010931496062992
21
1.6613294094488189
0
LINE
8
BLACK
6
CONTINUOUS
10
0.8010931496062992
20
1.6613294094488189
11
0.8010931889763779
21
1.6613293700787402
0
LINE
8
BLACK
6
CONTINUOUS
10
0.8010931889763779
20
1.6613293700787402
11
0.8030843700787401
21
1.6599988976377953
0
LINE
8
BLACK
6
CONTINUOUS
10
0.8030843700787401
20
1.6599988976377953
11
0.8048403149606299
21
1.6596496062992125
0
LINE
8
BLACK
6
CONTINUOUS
10
0.8048403149606299
20
1.6596496062992125
11
0.8097047637795275
21
1.6596496456692913
0
LINE
8
BLACK
6
CONTINUOUS
10
0.8097047637795275
20
1.6596496456692913
11
0.8120327559055118
21
1.6588932677165353
0
LINE
8
BLACK
6
CONTINUOUS
10
0.8120327559055118
20
1.6588932677165353
11
0.8134715354330708
21
1.6569129527559054
0
LINE
8
BLACK
6
CONTINUOUS
10
0.8134715354330708
20
1.6569129527559054
11
0.8136653937007874
21
1.6556890157480315
0
LINE
8
BLACK
6
CONTINUOUS
10
0.8136653937007874
20
1.6556890157480315
11
0.8136653937007874
21
1.6356496062992125
0
LINE
8
BLACK
6
CONTINUOUS
10
0.8136653937007874
20
1.6356496062992125
11
0.8129089763779528
21
1.6333216141732283
0
LINE
8
BLACK
6
CONTINUOUS
10
0.8129089763779528
20
1.6333216141732283
11
0.8109286614173228
21
1.6318828346456693
0
LINE
8
BLACK
6
CONTINUOUS
10
0.8109286614173228
20
1.6318828346456693
11
0.8097048031496062
21
1.6316889763779527
0
LINE
8
BLACK
6
CONTINUOUS
10
0.8097048031496062
20
1.6316889763779527
11
0.8048403149606299
21
1.6316889763779527
0
LINE
8
BLACK
6
CONTINUOUS
10
0.8048403149606299
20
1.6316889763779527
11
0.8030843700787401
21
1.6313397244094487
0
LINE
8
BLACK
6
CONTINUOUS
10
0.8030843700787401
20
1.6313397244094487
11
0.8030842125984252
21
1.6313396456692912
0
LINE
8
BLACK
6
CONTINUOUS
10
0.8030842125984252
20
1.6313396456692912
11
0.8010932283464567
21
1.6300092913385826
0
LINE
8
BLACK
6
CONTINUOUS
10
0.8010932283464567
20
1.6300092913385826
11
0.8010931496062992
21
1.6300092125984251
0
LINE
8
BLACK
6
CONTINUOUS
10
0.8010931496062992
20
1.6300092125984251
11
0.7997626771653543
21
1.6280180314960631
0
LINE
8
BLACK
6
CONTINUOUS
10
0.7997626771653543
20
1.6280180314960631
11
0.7994134251968503
21
1.6262620866141733
0
LINE
8
BLACK
6
CONTINUOUS
10
0.7994134251968503
20
1.6262620866141733
11
0.7994134251968503
21
1.6154921259842518
0
LINE
8
BLACK
6
CONTINUOUS
10
0.7994134251968503
20
1.6154921259842518
11
0.7986570078740157
21
1.6131641338582676
0
LINE
8
BLACK
6
CONTINUOUS
10
0.7986570078740157
20
1.6131641338582676
11
0.7966766929133858
21
1.6117253543307086
0
LINE
8
BLACK
6
CONTINUOUS
10
0.7966766929133858
20
1.6117253543307086
11
0.7954527952755905
21
1.6115314960629921
0
LINE
8
BLACK
6
CONTINUOUS
10
0.7954527952755905
20
1.6115314960629921
11
0.7754133858267717
21
1.6115314960629921
0
LINE
8
BLACK
6
CONTINUOUS
10
0.7754133858267717
20
1.6115314960629921
11
0.7730853937007874
21
1.6122879133858268
0
LINE
8
BLACK
6
CONTINUOUS
10
0.7730853937007874
20
1.6122879133858268
11
0.7716466141732283
21
1.6142682283464567
0
LINE
8
BLACK
6
CONTINUOUS
10
0.7716466141732283
20
1.6142682283464567
11
0.7714527559055118
21
1.6154921259842518
0
LINE
8
BLACK
6
CONTINUOUS
10
0.7714527559055118
20
1.6154921259842518
11
0.7714527559055118
21
1.6262620472440945
0
LINE
8
BLACK
6
CONTINUOUS
10
0.7714527559055118
20
1.6262620472440945
11
0.7711035039370079
21
1.6280180314960631
0
LINE
8
BLACK
6
CONTINUOUS
10
0.7711035039370079
20
1.6280180314960631
11
0.7711034251968504
21
1.6280181889763778
0
LINE
8
BLACK
6
CONTINUOUS
10
0.7711034251968504
20
1.6280181889763778
11
0.7697730708661417
21
1.6300091732283464
0
LINE
8
BLACK
6
CONTINUOUS
10
0.7697730708661417
20
1.6300091732283464
11
0.7697729921259843
21
1.6300092519685039
0
LINE
8
BLACK
6
CONTINUOUS
10
0.7697729921259843
20
1.6300092519685039
11
0.7677818110236221
21
1.6313397244094487
0
LINE
8
BLACK
6
CONTINUOUS
10
0.7677818110236221
20
1.6313397244094487
11
0.7663751574803149
21
1.631619527559055
0
LINE
8
BLACK
6
CONTINUOUS
10
0.7663751574803149
20
1.631619527559055
11
0.766025905511811
21
1.6316889763779527
0
LINE
8
BLACK
6
CONTINUOUS
10
0.766025905511811
20
1.6316889763779527
11
0.7660258661417323
21
1.6316889763779527
0
LINE
8
BLACK
6
CONTINUOUS
10
0.7660258661417323
20
1.6316889763779527
11
0.7048403543307087
21
1.6316889763779527
0
LINE
8
BLACK
6
CONTINUOUS
10
0.7048403543307087
20
1.6316889763779527
11
0.7030843700787401
21
1.6313397244094487
0
LINE
8
BLACK
6
CONTINUOUS
10
0.7030843700787401
20
1.6313397244094487
11
0.7030842125984251
21
1.6313396456692912
0
LINE
8
BLACK
6
CONTINUOUS
10
0.7030842125984251
20
1.6313396456692912
11
0.7010932283464567
21
1.6300092913385826
0
LINE
8
BLACK
6
CONTINUOUS
10
0.7010932283464567
20
1.6300092913385826
11
0.7010931496062992
21
1.6300092125984251
0
LINE
8
BLACK
6
CONTINUOUS
10
0.7010931496062992
20
1.6300092125984251
11
0.6997626771653543
21
1.6280180314960631
0
LINE
8
BLACK
6
CONTINUOUS
10
0.6997626771653543
20
1.6280180314960631
11
0.6994134251968503
21
1.6262620866141733
0
LINE
8
BLACK
6
CONTINUOUS
10
0.6994134251968503
20
1.6262620866141733
11
0.6994134251968503
21
1.5650765748031497
0
LINE
8
BLACK
6
CONTINUOUS
10
0.6994134251968503
20
1.5650765748031497
11
0.6997626771653543
21
1.5633205905511811
0
LINE
8
BLACK
6
CONTINUOUS
10
0.3198413779527559
20
1.0841867322834646
11
0.3198414566929134
21
1.0841865748031496
0
LINE
8
BLACK
6
CONTINUOUS
10
0.3198414566929134
20
1.0841865748031496
11
0.321171811023622
21
1.0821955905511811
0
LINE
8
BLACK
6
CONTINUOUS
10
0.321171811023622
20
1.0821955905511811
11
0.3211718503937008
21
1.0821955511811023
0
LINE
8
BLACK
6
CONTINUOUS
10
0.3211718503937008
20
1.0821955511811023
11
0.3211718897637795
21
1.0821955118110236
0
LINE
8
BLACK
6
CONTINUOUS
10
0.3211718897637795
20
1.0821955118110236
11
0.3231630708661417
21
1.0808650393700787
0
LINE
8
BLACK
6
CONTINUOUS
10
0.3231630708661417
20
1.0808650393700787
11
0.3249190157480315
21
1.080515748031496
0
LINE
8
BLACK
6
CONTINUOUS
10
0.3249190157480315
20
1.080515748031496
11
0.3861045669291339
21
1.0805157874015747
0
LINE
8
BLACK
6
CONTINUOUS
10
0.3861045669291339
20
1.0805157874015747
11
0.3878605511811024
21
1.0808650393700787
0
LINE
8
BLACK
6
CONTINUOUS
10
0.3878605511811024
20
1.0808650393700787
11
0.3898517322834645
21
1.0821955118110236
0
LINE
8
BLACK
6
CONTINUOUS
10
0.3898517322834645
20
1.0821955118110236
11
0.3911822047244095
21
1.0841866929133859
0
LINE
8
BLACK
6
CONTINUOUS
10
0.3911822047244095
20
1.0841866929133859
11
0.3915314960629921
21
1.0859426377952757
0
LINE
8
BLACK
6
CONTINUOUS
10
0.3915314960629921
20
1.0859426377952757
11
0.3915314960629921
21
1.085942716535433
0
LINE
8
BLACK
6
CONTINUOUS
10
0.3915314960629921
20
1.085942716535433
11
0.3915314566929134
21
1.147128188976378
0
LINE
8
BLACK
6
CONTINUOUS
10
0.3915314566929134
20
1.147128188976378
11
0.3911822047244095
21
1.1488841732283464
0
LINE
8
BLACK
6
CONTINUOUS
10
0.3911822047244095
20
1.1488841732283464
11
0.3911821259842519
21
1.1488843307086614
0
LINE
8
BLACK
6
CONTINUOUS
10
0.3911821259842519
20
1.1488843307086614
11
0.3898517716535433
21
1.1508753149606299
0
LINE
8
BLACK
6
CONTINUOUS
10
0.3898517716535433
20
1.1508753149606299
11
0.3898516929133858
21
1.1508753937007874
0
LINE
8
BLACK
6
CONTINUOUS
10
0.3898516929133858
20
1.1508753937007874
11
0.3878605118110236
21
1.1522058661417323
0
LINE
8
BLACK
6
CONTINUOUS
10
0.3878605118110236
20
1.1522058661417323
11
0.3864538582677165
21
1.1524856692913386
0
LINE
8
BLACK
6
CONTINUOUS
10
0.3864538582677165
20
1.1524856692913386
11
0.3861046062992126
21
1.1525551181102363
0
LINE
8
BLACK
6
CONTINUOUS
10
0.3861046062992126
20
1.1525551181102363
11
0.3861045669291339
21
1.1525551181102363
0
LINE
8
BLACK
6
CONTINUOUS
10
0.3861045669291339
20
1.1525551181102363
11
0.3249190551181103
21
1.1525551181102363
0
LINE
8
BLACK
6
CONTINUOUS
10
0.3249190551181103
20
1.1525551181102363
11
0.3231630708661417
21
1.1522058661417323
0
LINE
8
BLACK
6
CONTINUOUS
10
0.3231630708661417
20
1.1522058661417323
11
0.3231629133858268
21
1.1522057874015748
0
LINE
8
BLACK
6
CONTINUOUS
10
0.3231629133858268
20
1.1522057874015748
11
0.3211719291338583
21
1.1508754330708661
0
LINE
8
BLACK
6
CONTINUOUS
10
0.3211719291338583
20
1.1508754330708661
11
0.3211718503937008
21
1.1508753543307086
0
LINE
8
BLACK
6
CONTINUOUS
10
0.3211718503937008
20
1.1508753543307086
11
0.3198413779527559
21
1.1488841732283464
0
LINE
8
BLACK
6
CONTINUOUS
10
0.3198413779527559
20
1.1488841732283464
11
0.319492125984252
21
1.1471282283464566
0
LINE
8
BLACK
6
CONTINUOUS
10
0.319492125984252
20
1.1471282283464566
11
0.319492125984252
21
1.085942716535433
0
LINE
8
BLACK
6
CONTINUOUS
10
0.319492125984252
20
1.085942716535433
11
0.3198413779527559
21
1.0841867322834646
0
LINE
8
BLACK
6
CONTINUOUS
10
0.4198413779527559
20
1.0841867322834646
11
0.4198414566929134
21
1.0841865748031496
0
LINE
8
BLACK
6
CONTINUOUS
10
0.4198414566929134
20
1.0841865748031496
11
0.4211718110236221
21
1.0821955905511811
0
LINE
8
BLACK
6
CONTINUOUS
10
0.4211718110236221
20
1.0821955905511811
11
0.4211718503937008
21
1.0821955511811023
0
LINE
8
BLACK
6
CONTINUOUS
10
0.4211718503937008
20
1.0821955511811023
11
0.4211718897637795
21
1.0821955118110236
0
LINE
8
BLACK
6
CONTINUOUS
10
0.4211718897637795
20
1.0821955118110236
11
0.4231630708661417
21
1.0808650393700787
0
LINE
8
BLACK
6
CONTINUOUS
10
0.4231630708661417
20
1.0808650393700787
11
0.4249190157480315
21
1.080515748031496
0
LINE
8
BLACK
6
CONTINUOUS
10
0.4249190157480315
20
1.080515748031496
11
0.4861045669291338
21
1.0805157874015747
0
LINE
8
BLACK
6
CONTINUOUS
10
0.4861045669291338
20
1.0805157874015747
11
0.4878605511811023
21
1.0808650393700787
0
LINE
8
BLACK
6
CONTINUOUS
10
0.4878605511811023
20
1.0808650393700787
11
0.4898517322834646
21
1.0821955118110236
0
LINE
8
BLACK
6
CONTINUOUS
10
0.4898517322834646
20
1.0821955118110236
11
0.4911822047244094
21
1.0841866929133859
0
LINE
8
BLACK
6
CONTINUOUS
10
0.4911822047244094
20
1.0841866929133859
11
0.4915314960629921
21
1.0859426377952757
0
LINE
8
BLACK
6
CONTINUOUS
10
0.4915314960629921
20
1.0859426377952757
11
0.4915314566929134
21
1.1340860629921259
0
LINE
8
BLACK
6
CONTINUOUS
10
0.4915314566929134
20
1.1340860629921259
11
0.4915314566929134
21
1.147128188976378
0
LINE
8
BLACK
6
CONTINUOUS
10
0.4915314566929134
20
1.147128188976378
11
0.4911822047244094
21
1.1488841732283464
0
LINE
8
BLACK
6
CONTINUOUS
10
0.4911822047244094
20
1.1488841732283464
11
0.491182125984252
21
1.1488843307086614
0
LINE
8
BLACK
6
CONTINUOUS
10
0.491182125984252
20
1.1488843307086614
11
0.4898517716535433
21
1.1508753149606299
0
LINE
8
BLACK
6
CONTINUOUS
10
0.4898517716535433
20
1.1508753149606299
11
0.4898516929133858
21
1.1508753937007874
0
LINE
8
BLACK
6
CONTINUOUS
10
0.4898516929133858
20
1.1508753937007874
11
0.4878605118110236
21
1.1522058661417323
0
LINE
8
BLACK
6
CONTINUOUS
10
0.4878605118110236
20
1.1522058661417323
11
0.4864538582677165
21
1.1524856692913386
0
LINE
8
BLACK
6
CONTINUOUS
10
0.4864538582677165
20
1.1524856692913386
11
0.4861046062992126
21
1.1525551181102363
0
LINE
8
BLACK
6
CONTINUOUS
10
0.4861046062992126
20
1.1525551181102363
11
0.4861045669291338
21
1.1525551181102363
0
LINE
8
BLACK
6
CONTINUOUS
10
0.4861045669291338
20
1.1525551181102363
11
0.4249190551181102
21
1.1525551181102363
0
LINE
8
BLACK
6
CONTINUOUS
10
0.4249190551181102
20
1.1525551181102363
11
0.4231630708661417
21
1.1522058661417323
0
LINE
8
BLACK
6
CONTINUOUS
10
0.4231630708661417
20
1.1522058661417323
11
0.4231629133858268
21
1.1522057874015748
0
LINE
8
BLACK
6
CONTINUOUS
10
0.4231629133858268
20
1.1522057874015748
11
0.4211719291338583
21
1.1508754330708661
0
LINE
8
BLACK
6
CONTINUOUS
10
0.4211719291338583
20
1.1508754330708661
11
0.4211718503937008
21
1.1508753543307086
0
LINE
8
BLACK
6
CONTINUOUS
10
0.4211718503937008
20
1.1508753543307086
11
0.4198413779527559
21
1.1488841732283464
0
LINE
8
BLACK
6
CONTINUOUS
10
0.4198413779527559
20
1.1488841732283464
11
0.419492125984252
21
1.1471282283464566
0
LINE
8
BLACK
6
CONTINUOUS
10
0.419492125984252
20
1.1471282283464566
11
0.419492125984252
21
1.085942716535433
0
LINE
8
BLACK
6
CONTINUOUS
10
0.419492125984252
20
1.085942716535433
11
0.4198413779527559
21
1.0841867322834646
0
LINE
8
BLACK
6
CONTINUOUS
10
0.3186602755905512
20
1.2196198031496062
11
0.3186603543307087
21
1.2196196456692914
0
LINE
8
BLACK
6
CONTINUOUS
10
0.3186603543307087
20
1.2196196456692914
11
0.3199907086614173
21
1.2176286614173228
0
LINE
8
BLACK
6
CONTINUOUS
10
0.3199907086614173
20
1.2176286614173228
11
0.3199907480314961
21
1.2176286220472441
0
LINE
8
BLACK
6
CONTINUOUS
10
0.3199907480314961
20
1.2176286220472441
11
0.3199907874015748
21
1.2176285826771653
0
LINE
8
BLACK
6
CONTINUOUS
10
0.3199907874015748
20
1.2176285826771653
11
0.321981968503937
21
1.2162981102362205
0
LINE
8
BLACK
6
CONTINUOUS
10
0.321981968503937
20
1.2162981102362205
11
0.3237379133858267
21
1.2159488188976377
0
LINE
8
BLACK
6
CONTINUOUS
10
0.3237379133858267
20
1.2159488188976377
11
0.3849234645669291
21
1.2159488582677165
0
LINE
8
BLACK
6
CONTINUOUS
10
0.3849234645669291
20
1.2159488582677165
11
0.3866794488188977
21
1.2162981102362205
0
LINE
8
BLACK
6
CONTINUOUS
10
0.3866794488188977
20
1.2162981102362205
11
0.3886706299212598
21
1.2176285826771653
0
LINE
8
BLACK
6
CONTINUOUS
10
0.3886706299212598
20
1.2176285826771653
11
0.3900011023622047
21
1.2196197637795276
0
LINE
8
BLACK
6
CONTINUOUS
10
0.3900011023622047
20
1.2196197637795276
11
0.3903503937007874
21
1.2213757086614172
0
LINE
8
BLACK
6
CONTINUOUS
10
0.3903503937007874
20
1.2213757086614172
11
0.3903503937007874
21
1.2321456692913386
0
LINE
8
BLACK
6
CONTINUOUS
10
0.3903503937007874
20
1.2321456692913386
11
0.391106811023622
21
1.2344736614173228
0
LINE
8
BLACK
6
CONTINUOUS
10
0.391106811023622
20
1.2344736614173228
11
0.3930871259842519
21
1.2359124409448818
0
LINE
8
BLACK
6
CONTINUOUS
10
0.3930871259842519
20
1.2359124409448818
11
0.3943110236220472
21
1.2361062992125984
0
LINE
8
BLACK
6
CONTINUOUS
10
0.3943110236220472
20
1.2361062992125984
11
0.4143504330708661
21
1.2361062992125984
0
LINE
8
BLACK
6
CONTINUOUS
10
0.4143504330708661
20
1.2361062992125984
11
0.4166784251968504
21
1.2353498818897637
0
LINE
8
BLACK
6
CONTINUOUS
10
0.4166784251968504
20
1.2353498818897637
11
0.4181172047244094
21
1.2333695669291338
0
LINE
8
BLACK
6
CONTINUOUS
10
0.4181172047244094
20
1.2333695669291338
11
0.4183110629921259
21
1.2321456692913386
0
LINE
8
BLACK
6
CONTINUOUS
10
0.4183110629921259
20
1.2321456692913386
11
0.4183110629921259
21
1.2213757874015747
0
LINE
8
BLACK
6
CONTINUOUS
10
0.4183110629921259
20
1.2213757874015747
11
0.4186602755905512
21
1.2196198031496062
0
LINE
8
BLACK
6
CONTINUOUS
10
0.4186602755905512
20
1.2196198031496062
11
0.4186603543307086
21
1.2196196456692914
0
LINE
8
BLACK
6
CONTINUOUS
10
0.4186603543307086
20
1.2196196456692914
11
0.4199907086614173
21
1.2176286614173228
0
LINE
8
BLACK
6
CONTINUOUS
10
0.4199907086614173
20
1.2176286614173228
11
0.4199907480314961
21
1.2176286220472441
0
LINE
8
BLACK
6
CONTINUOUS
10
0.4199907480314961
20
1.2176286220472441
11
0.4199907874015748
21
1.2176285826771653
0
LINE
8
BLACK
6
CONTINUOUS
10
0.4199907874015748
20
1.2176285826771653
11
0.421981968503937
21
1.2162981102362205
0
LINE
8
BLACK
6
CONTINUOUS
10
0.421981968503937
20
1.2162981102362205
11
0.4237379133858268
21
1.2159488188976377
0
LINE
8
BLACK
6
CONTINUOUS
10
0.4237379133858268
20
1.2159488188976377
11
0.4849234645669291
21
1.2159488582677165
0
LINE
8
BLACK
6
CONTINUOUS
10
0.4849234645669291
20
1.2159488582677165
11
0.4866794488188976
21
1.2162981102362205
0
LINE
8
BLACK
6
CONTINUOUS
10
0.4866794488188976
20
1.2162981102362205
11
0.4886706299212598
21
1.2176285826771653
0
LINE
8
BLACK
6
CONTINUOUS
10
0.4886706299212598
20
1.2176285826771653
11
0.4900011023622047
21
1.2196197637795276
0
LINE
8
BLACK
6
CONTINUOUS
10
0.4900011023622047
20
1.2196197637795276
11
0.4903503937007874
21
1.2213757086614172
0
LINE
8
BLACK
6
CONTINUOUS
10
0.4903503937007874
20
1.2213757086614172
11
0.4903503937007874
21
1.2321456692913386
0
LINE
8
BLACK
6
CONTINUOUS
10
0.4903503937007874
20
1.2321456692913386
11
0.491106811023622
21
1.2344736614173228
0
LINE
8
BLACK
6
CONTINUOUS
10
0.491106811023622
20
1.2344736614173228
11
0.493087125984252
21
1.2359124409448818
0
LINE
8
BLACK
6
CONTINUOUS
10
0.493087125984252
20
1.2359124409448818
11
0.4943110236220472
21
1.2361062992125984
0
LINE
8
BLACK
6
CONTINUOUS
10
0.4943110236220472
20
1.2361062992125984
11
0.4957261417322835
21
1.2361062992125984
0
LINE
8
BLACK
6
CONTINUOUS
10
0.4957261417322835
20
1.2361062992125984
11
0.4980541338582677
21
1.2353498818897637
0
LINE
8
BLACK
6
CONTINUOUS
10
0.4980541338582677
20
1.2353498818897637
11
0.4985267322834646
21
1.2349462598425196
0
LINE
8
BLACK
6
CONTINUOUS
10
0.4985267322834646
20
1.2349462598425196
11
0.5125053149606299
21
1.2209676771653544
0
LINE
8
BLACK
6
CONTINUOUS
10
0.5125053149606299
20
1.2209676771653544
11
0.5136165748031496
21
1.218786653543307
0
LINE
8
BLACK
6
CONTINUOUS
10
0.5136165748031496
20
1.218786653543307
11
0.5136653543307087
21
1.2181670866141732
0
LINE
8
BLACK
6
CONTINUOUS
10
0.5136653543307087
20
1.2181670866141732
11
0.5136653543307087
21
1.2059364566929134
0
LINE
8
BLACK
6
CONTINUOUS
10
0.5136653543307087
20
1.2059364566929134
11
0.5142536220472441
21
1.2022223622047243
0
LINE
8
BLACK
6
CONTINUOUS
10
0.5142536220472441
20
1.2022223622047243
11
0.5142537007874015
21
1.202222125984252
0
LINE
8
BLACK
6
CONTINUOUS
10
0.5142537007874015
20
1.202222125984252
11
0.5165346850393701
21
1.1977453937007874
0
LINE
8
BLACK
6
CONTINUOUS
10
0.5165346850393701
20
1.1977453937007874
11
0.5165347244094488
21
1.1977453543307086
0
LINE
8
BLACK
6
CONTINUOUS
10
0.5165347244094488
20
1.1977453543307086
11
0.5165348031496063
21
1.1977452362204724
0
LINE
8
BLACK
6
CONTINUOUS
10
0.5165348031496063
20
1.1977452362204724
11
0.5200877559055118
21
1.1941922834645669
0
LINE
8
BLACK
6
CONTINUOUS
10
0.5200877559055118
20
1.1941922834645669
11
0.5200878346456693
21
1.1941922440944881
0
LINE
8
BLACK
6
CONTINUOUS
10
0.5200878346456693
20
1.1941922440944881
11
0.5200878740157481
21
1.1941922047244093
0
LINE
8
BLACK
6
CONTINUOUS
10
0.5200878740157481
20
1.1941922047244093
11
0.5243244488188976
21
1.1920335826771653
0
LINE
8
BLACK
6
CONTINUOUS
10
0.5243244488188976
20
1.1920335826771653
11
0.5245647637795275
21
1.1919111417322834
0
LINE
8
BLACK
6
CONTINUOUS
10
0.5245647637795275
20
1.1919111417322834
11
0.5273301181102362
21
1.1914731889763779
0
LINE
8
BLACK
6
CONTINUOUS
10
0.5273301181102362
20
1.1914731889763779
11
0.528278937007874
21
1.191322874015748
0
LINE
8
BLACK
6
CONTINUOUS
10
0.528278937007874
20
1.191322874015748
11
0.5282791338582677
21
1.1913228346456692
0
LINE
8
BLACK
6
CONTINUOUS
10
0.5282791338582677
20
1.1913228346456692
11
0.5282792125984251
21
1.1913228346456692
0
LINE
8
BLACK
6
CONTINUOUS
10
0.5282792125984251
20
1.1913228346456692
11
0.5662090551181103
21
1.1913228346456692
0
LINE
8
BLACK
6
CONTINUOUS
10
0.5662090551181103
20
1.1913228346456692
11
0.5662092125984252
21
1.191322874015748
0
LINE
8
BLACK
6
CONTINUOUS
10
0.5662092125984252
20
1.191322874015748
11
0.5664356692913386
21
1.1913587401574803
0
LINE
8
BLACK
6
CONTINUOUS
10
0.5664356692913386
20
1.1913587401574803
11
0.5699234251968504
21
1.1919111417322834
0
LINE
8
BLACK
6
CONTINUOUS
10
0.5699234251968504
20
1.1919111417322834
11
0.5744004330708661
21
1.1941922834645669
0
LINE
8
BLACK
6
CONTINUOUS
10
0.5744004330708661
20
1.1941922834645669
11
0.5779533858267717
21
1.1977452362204724
0
LINE
8
BLACK
6
CONTINUOUS
10
0.5779533858267717
20
1.1977452362204724
11
0.5802345275590551
21
1.2022222440944881
0
LINE
8
BLACK
6
CONTINUOUS
10
0.5802345275590551
20
1.2022222440944881
11
0.5808228346456693
21
1.2059366929133859
0
LINE
8
BLACK
6
CONTINUOUS
10
0.5808228346456693
20
1.2059366929133859
11
0.5808228346456693
21
1.2291026771653544
0
LINE
8
BLACK
6
CONTINUOUS
10
0.5808228346456693
20
1.2291026771653544
11
0.5808227952755906
21
1.2291029527559054
0
LINE
8
BLACK
6
CONTINUOUS
10
0.5808227952755906
20
1.2291029527559054
11
0.5802345669291339
21
1.2328170078740157
0
LINE
8
BLACK
6
CONTINUOUS
10
0.5802345669291339
20
1.2328170078740157
11
0.5802345275590551
21
1.2328170866141732
0
LINE
8
BLACK
6
CONTINUOUS
10
0.5802345275590551
20
1.2328170866141732
11
0.5802345275590551
21
1.232817125984252
0
LINE
8
BLACK
6
CONTINUOUS
10
0.5802345275590551
20
1.232817125984252
11
0.5801885039370078
21
1.2329074015748032
0
LINE
8
BLACK
6
CONTINUOUS
10
0.5801885039370078
20
1.2329074015748032
11
0.5801726377952756
21
1.2330075590551182
0
LINE
8
BLACK
6
CONTINUOUS
10
0.5801726377952756
20
1.2330075590551182
11
0.5801381889763779
21
1.2331136614173228
0
LINE
8
BLACK
6
CONTINUOUS
10
0.5801381889763779
20
1.2331136614173228
11
0.5801549606299212
21
1.2331191338582677
0
LINE
8
BLACK
6
CONTINUOUS
10
0.5801549606299212
20
1.2331191338582677
11
0.5798055511811023
21
1.235325
0
LINE
8
BLACK
6
CONTINUOUS
10
0.5798055511811023
20
1.235325
11
0.5809167322834645
21
1.2375060236220472
0
LINE
8
BLACK
6
CONTINUOUS
10
0.5809167322834645
20
1.2375060236220472
11
0.5830977165354331
21
1.238617401574803
0
LINE
8
BLACK
6
CONTINUOUS
10
0.5830977165354331
20
1.238617401574803
11
0.5855153937007874
21
1.2382345669291339
0
LINE
8
BLACK
6
CONTINUOUS
10
0.5855153937007874
20
1.2382345669291339
11
0.586518031496063
21
1.2375061417322835
0
LINE
8
BLACK
6
CONTINUOUS
10
0.586518031496063
20
1.2375061417322835
11
0.5902612204724409
21
1.2337629527559055
0
LINE
8
BLACK
6
CONTINUOUS
10
0.5902612204724409
20
1.2337629527559055
11
0.5913724803149606
21
1.2315819291338583
0
LINE
8
BLACK
6
CONTINUOUS
10
0.5913724803149606
20
1.2315819291338583
11
0.5914212598425197
21
1.2309623622047243
0
LINE
8
BLACK
6
CONTINUOUS
10
0.5914212598425197
20
1.2309623622047243
11
0.5914212598425197
21
1.2015073228346456
0
LINE
8
BLACK
6
CONTINUOUS
10
0.5914212598425197
20
1.2015073228346456
11
0.5920095275590551
21
1.1977932283464567
0
LINE
8
BLACK
6
CONTINUOUS
10
0.5920095275590551
20
1.1977932283464567
11
0.5920096062992126
21
1.1977929921259842
0
LINE
8
BLACK
6
CONTINUOUS
10
0.5920096062992126
20
1.1977929921259842
11
0.5942905905511811
21
1.1933162598425198
0
LINE
8
BLACK
6
CONTINUOUS
10
0.5942905905511811
20
1.1933162598425198
11
0.5942906299212598
21
1.193316220472441
0
LINE
8
BLACK
6
CONTINUOUS
10
0.5942906299212598
20
1.193316220472441
11
0.5942907086614173
21
1.1933161023622048
0
LINE
8
BLACK
6
CONTINUOUS
10
0.5942907086614173
20
1.1933161023622048
11
0.5978436614173228
21
1.1897631496062993
0
LINE
8
BLACK
6
CONTINUOUS
10
0.5978436614173228
20
1.1897631496062993
11
0.5978437401574803
21
1.1897631102362205
0
LINE
8
BLACK
6
CONTINUOUS
10
0.5978437401574803
20
1.1897631102362205
11
0.5978437795275591
21
1.1897630708661417
0
LINE
8
BLACK
6
CONTINUOUS
10
0.5978437795275591
20
1.1897630708661417
11
0.6023205118110236
21
1.1874820866141731
0
LINE
8
BLACK
6
CONTINUOUS
10
0.6023205118110236
20
1.1874820866141731
11
0.6023206692913385
21
1.1874820078740158
0
LINE
8
BLACK
6
CONTINUOUS
10
0.6023206692913385
20
1.1874820078740158
11
0.6050860236220472
21
1.1870440551181103
0
LINE
8
BLACK
6
CONTINUOUS
10
0.6050860236220472
20
1.1870440551181103
11
0.606034842519685
21
1.1868937401574804
0
LINE
8
BLACK
6
CONTINUOUS
10
0.606034842519685
20
1.1868937401574804
11
0.6060350393700787
21
1.1868937007874016
0
LINE
8
BLACK
6
CONTINUOUS
10
0.6060350393700787
20
1.1868937007874016
11
0.6060351181102362
21
1.1868937007874016
0
LINE
8
BLACK
6
CONTINUOUS
10
0.6060351181102362
20
1.1868937007874016
11
0.6292011811023622
21
1.1868937007874016
0
LINE
8
BLACK
6
CONTINUOUS
10
0.6292011811023622
20
1.1868937007874016
11
0.6292013385826771
21
1.1868937401574804
0
LINE
8
BLACK
6
CONTINUOUS
10
0.6292013385826771
20
1.1868937401574804
11
0.6329155511811023
21
1.1874820078740158
0
LINE
8
BLACK
6
CONTINUOUS
10
0.6329155511811023
20
1.1874820078740158
11
0.637392559055118
21
1.1897631496062993
0
LINE
8
BLACK
6
CONTINUOUS
10
0.637392559055118
20
1.1897631496062993
11
0.6409455118110237
21
1.1933161023622048
0
LINE
8
BLACK
6
CONTINUOUS
10
0.6409455118110237
20
1.1933161023622048
11
0.6432266535433071
21
1.1977931102362205
0
LINE
8
BLACK
6
CONTINUOUS
10
0.6432266535433071
20
1.1977931102362205
11
0.6438149606299213
21
1.2015075590551181
0
LINE
8
BLACK
6
CONTINUOUS
10
0.6438149606299213
20
1.2015075590551181
11
0.6438149606299213
21
1.2394373228346456
0
LINE
8
BLACK
6
CONTINUOUS
10
0.6438149606299213
20
1.2394373228346456
11
0.6432266535433071
21
1.2431517716535432
0
LINE
8
BLACK
6
CONTINUOUS
10
0.6432266535433071
20
1.2431517716535432
11
0.6429388976377952
21
1.2437165354330708
0
LINE
8
BLACK
6
CONTINUOUS
10
0.6429388976377952
20
1.2437165354330708
11
0.6409455905511811
21
1.2476286614173229
0
LINE
8
BLACK
6
CONTINUOUS
10
0.6409455905511811
20
1.2476286614173229
11
0.6409455511811023
21
1.2476287007874016
0
LINE
8
BLACK
6
CONTINUOUS
10
0.6409455511811023
20
1.2476287007874016
11
0.6409455118110237
21
1.2476287795275591
0
LINE
8
BLACK
6
CONTINUOUS
10
0.6409455118110237
20
1.2476287795275591
11
0.637392559055118
21
1.2511817322834646
0
LINE
8
BLACK
6
CONTINUOUS
10
0.637392559055118
20
1.2511817322834646
11
0.6373924409448819
21
1.2511818110236219
0
LINE
8
BLACK
6
CONTINUOUS
10
0.6373924409448819
20
1.2511818110236219
11
0.6373924015748031
21
1.2511818503937007
0
LINE
8
BLACK
6
CONTINUOUS
10
0.6373924015748031
20
1.2511818503937007
11
0.6373924409448819
21
1.2511818503937007
0
LINE
8
BLACK
6
CONTINUOUS
10
0.6373924409448819
20
1.2511818503937007
11
0.6329156692913386
21
1.2534628346456693
0
LINE
8
BLACK
6
CONTINUOUS
10
0.6329156692913386
20
1.2534628346456693
11
0.6329154330708662
21
1.2534629133858268
0
LINE
8
BLACK
6
CONTINUOUS
10
0.6329154330708662
20
1.2534629133858268
11
0.6292013385826771
21
1.2540511811023622
0
LINE
8
BLACK
6
CONTINUOUS
10
0.6292013385826771
20
1.2540511811023622
11
0.6292011023622047
21
1.2540511811023622
0
LINE
8
BLACK
6
CONTINUOUS
10
0.6292011023622047
20
1.2540511811023622
11
0.6164785826771654
21
1.2540511811023622
0
LINE
8
BLACK
6
CONTINUOUS
10
0.6164785826771654
20
1.2540511811023622
11
0.614150590551181
21
1.2548075984251967
0
LINE
8
BLACK
6
CONTINUOUS
10
0.614150590551181
20
1.2548075984251967
11
0.6136779921259843
21
1.2552112204724408
0
LINE
8
BLACK
6
CONTINUOUS
10
0.6136779921259843
20
1.2552112204724408
11
0.5866732283464566
21
1.2822159842519685
0
LINE
8
BLACK
6
CONTINUOUS
10
0.5866732283464566
20
1.2822159842519685
11
0.5077067716535433
21
1.3611824409448818
0
LINE
8
BLACK
6
CONTINUOUS
10
0.5077067716535433
20
1.3611824409448818
11
0.5077066929133858
21
1.3611825590551181
0
LINE
8
BLACK
6
CONTINUOUS
10
0.5077066929133858
20
1.3611825590551181
11
0.5039279133858268
21
1.3649613385826771
0
LINE
8
BLACK
6
CONTINUOUS
10
0.5039279133858268
20
1.3649613385826771
11
0.5030793307086614
21
1.3653937401574803
0
LINE
8
BLACK
6
CONTINUOUS
10
0.5030793307086614
20
1.3653937401574803
11
0.5025496456692913
21
1.3657183070866141
0
LINE
8
BLACK
6
CONTINUOUS
10
0.5025496456692913
20
1.3657183070866141
11
0.5017792519685039
21
1.3662779921259842
0
LINE
8
BLACK
6
CONTINUOUS
10
0.5017792519685039
20
1.3662779921259842
11
0.5017792913385827
21
1.3662779921259842
0
LINE
8
BLACK
6
CONTINUOUS
10
0.5017792913385827
20
1.3662779921259842
11
0.5008733858267717
21
1.3665723622047243
0
LINE
8
BLACK
6
CONTINUOUS
10
0.5008733858267717
20
1.3665723622047243
11
0.5002994881889764
21
1.3668101181102361
0
LINE
8
BLACK
6
CONTINUOUS
10
0.5002994881889764
20
1.3668101181102361
11
0.4994511023622047
21
1.3672423622047243
0
LINE
8
BLACK
6
CONTINUOUS
10
0.4994511023622047
20
1.3672423622047243
11
0.4994508267716535
21
1.3672424803149605
0
LINE
8
BLACK
6
CONTINUOUS
10
0.4994508267716535
20
1.3672424803149605
11
0.4985103937007874
21
1.3673914173228345
0
LINE
8
BLACK
6
CONTINUOUS
10
0.4985103937007874
20
1.3673914173228345
11
0.4979063385826771
21
1.3675364173228346
0
LINE
8
BLACK
6
CONTINUOUS
10
0.4979063385826771
20
1.3675364173228346
11
0.4973984251968504
21
1.3677014566929133
0
LINE
8
BLACK
6
CONTINUOUS
10
0.4973984251968504
20
1.3677014566929133
11
0.4970005118110236
21
1.3678307086614172
0
LINE
8
BLACK
6
CONTINUOUS
10
0.4970005118110236
20
1.3678307086614172
11
0.4970004724409449
21
1.3678307086614172
0
LINE
8
BLACK
6
CONTINUOUS
10
0.4970004724409449
20
1.3678307086614172
11
0.4943109842519685
21
1.3678307086614172
0
LINE
8
BLACK
6
CONTINUOUS
10
0.4943109842519685
20
1.3678307086614172
11
0.4919829921259842
21
1.3685871259842519
0
LINE
8
BLACK
6
CONTINUOUS
10
0.4919829921259842
20
1.3685871259842519
11
0.4905442125984252
21
1.3705674409448818
0
LINE
8
BLACK
6
CONTINUOUS
10
0.4905442125984252
20
1.3705674409448818
11
0.4903503543307087
21
1.3717913385826772
0
LINE
8
BLACK
6
CONTINUOUS
10
0.4903503543307087
20
1.3717913385826772
11
0.4903503543307087
21
1.3825612598425197
0
LINE
8
BLACK
6
CONTINUOUS
10
0.4903503543307087
20
1.3825612598425197
11
0.4900011023622047
21
1.3843172440944882
0
LINE
8
BLACK
6
CONTINUOUS
10
0.4900011023622047
20
1.3843172440944882
11
0.4900010236220472
21
1.3843174015748032
0
LINE
8
BLACK
6
CONTINUOUS
10
0.4900010236220472
20
1.3843174015748032
11
0.4886706692913386
21
1.3863083858267715
0
LINE
8
BLACK
6
CONTINUOUS
10
0.4886706692913386
20
1.3863083858267715
11
0.4886705905511811
21
1.386308464566929
0
LINE
8
BLACK
6
CONTINUOUS
10
0.4886705905511811
20
1.386308464566929
11
0.4866794094488189
21
1.3876389370078739
0
LINE
8
BLACK
6
CONTINUOUS
10
0.4866794094488189
20
1.3876389370078739
11
0.4852727559055118
21
1.3879187401574802
0
LINE
8
BLACK
6
CONTINUOUS
10
0.4852727559055118
20
1.3879187401574802
11
0.4849235039370078
21
1.3879881889763779
0
LINE
8
BLACK
6
CONTINUOUS
10
0.4849235039370078
20
1.3879881889763779
11
0.4849234645669291
21
1.3879881889763779
0
LINE
8
BLACK
6
CONTINUOUS
10
0.4849234645669291
20
1.3879881889763779
11
0.4237379527559055
21
1.3879881889763779
0
LINE
8
BLACK
6
CONTINUOUS
10
0.4237379527559055
20
1.3879881889763779
11
0.421981968503937
21
1.3876389370078739
0
LINE
8
BLACK
6
CONTINUOUS
10
0.421981968503937
20
1.3876389370078739
11
0.421981811023622
21
1.3876388582677166
0
LINE
8
BLACK
6
CONTINUOUS
10
0.421981811023622
20
1.3876388582677166
11
0.4199908267716536
21
1.3863085039370078
0
LINE
8
BLACK
6
CONTINUOUS
10
0.4199908267716536
20
1.3863085039370078
11
0.4199907480314961
21
1.3863084251968503
0
LINE
8
BLACK
6
CONTINUOUS
10
0.4199907480314961
20
1.3863084251968503
11
0.4186602755905512
21
1.3843172440944882
0
LINE
8
BLACK
6
CONTINUOUS
10
0.4186602755905512
20
1.3843172440944882
11
0.4183110236220473
21
1.3825612992125984
0
LINE
8
BLACK
6
CONTINUOUS
10
0.4183110236220473
20
1.3825612992125984
11
0.4183110236220473
21
1.3717913385826772
0
LINE
8
BLACK
6
CONTINUOUS
10
0.4183110236220473
20
1.3717913385826772
11
0.4175546062992126
21
1.369463346456693
0
LINE
8
BLACK
6
CONTINUOUS
10
0.4175546062992126
20
1.369463346456693
11
0.4155742913385826
21
1.3680245669291338
0
LINE
8
BLACK
6
CONTINUOUS
10
0.4155742913385826
20
1.3680245669291338
11
0.4143503937007874
21
1.3678307086614172
0
LINE
8
BLACK
6
CONTINUOUS
10
0.4143503937007874
20
1.3678307086614172
11
0.3943109842519685
21
1.3678307086614172
0
LINE
8
BLACK
6
CONTINUOUS
10
0.3943109842519685
20
1.3678307086614172
11
0.3919829921259843
21
1.3685871259842519
0
LINE
8
BLACK
6
CONTINUOUS
10
0.3919829921259843
20
1.3685871259842519
11
0.3905442125984252
21
1.3705674409448818
0
LINE
8
BLACK
6
CONTINUOUS
10
0.3905442125984252
20
1.3705674409448818
11
0.3903503543307086
21
1.3717913385826772
0
LINE
8
BLACK
6
CONTINUOUS
10
0.3903503543307086
20
1.3717913385826772
11
0.3903503543307086
21
1.3825612598425197
0
LINE
8
BLACK
6
CONTINUOUS
10
0.3903503543307086
20
1.3825612598425197
11
0.3900011023622047
21
1.3843172440944882
0
LINE
8
BLACK
6
CONTINUOUS
10
0.3900011023622047
20
1.3843172440944882
11
0.3900010236220472
21
1.3843174015748032
0
LINE
8
BLACK
6
CONTINUOUS
10
0.3900010236220472
20
1.3843174015748032
11
0.3886706692913386
21
1.3863083858267715
0
LINE
8
BLACK
6
CONTINUOUS
10
0.3886706692913386
20
1.3863083858267715
11
0.3886705905511811
21
1.386308464566929
0
LINE
8
BLACK
6
CONTINUOUS
10
0.3886705905511811
20
1.386308464566929
11
0.3866794094488189
21
1.3876389370078739
0
LINE
8
BLACK
6
CONTINUOUS
10
0.3866794094488189
20
1.3876389370078739
11
0.3852727559055118
21
1.3879187401574802
0
LINE
8
BLACK
6
CONTINUOUS
10
0.3852727559055118
20
1.3879187401574802
11
0.3849235039370079
21
1.3879881889763779
0
LINE
8
BLACK
6
CONTINUOUS
10
0.3849235039370079
20
1.3879881889763779
11
0.3849234645669291
21
1.3879881889763779
0
LINE
8
BLACK
6
CONTINUOUS
10
0.3849234645669291
20
1.3879881889763779
11
0.3237379527559055
21
1.3879881889763779
0
LINE
8
BLACK
6
CONTINUOUS
10
0.3237379527559055
20
1.3879881889763779
11
0.321981968503937
21
1.3876389370078739
0
LINE
8
BLACK
6
CONTINUOUS
10
0.321981968503937
20
1.3876389370078739
11
0.3219818110236221
21
1.3876388582677166
0
LINE
8
BLACK
6
CONTINUOUS
10
0.3219818110236221
20
1.3876388582677166
11
0.3199908267716535
21
1.3863085039370078
0
LINE
8
BLACK
6
CONTINUOUS
10
0.3199908267716535
20
1.3863085039370078
11
0.3199907480314961
21
1.3863084251968503
0
LINE
8
BLACK
6
CONTINUOUS
10
0.3199907480314961
20
1.3863084251968503
11
0.3186602755905512
21
1.3843172440944882
0
LINE
8
BLACK
6
CONTINUOUS
10
0.3186602755905512
20
1.3843172440944882
11
0.3183110236220472
21
1.3825612992125984
0
LINE
8
BLACK
6
CONTINUOUS
10
0.3183110236220472
20
1.3825612992125984
11
0.3183110236220472
21
1.3213757874015748
0
LINE
8
BLACK
6
CONTINUOUS
10
0.3183110236220472
20
1.3213757874015748
11
0.3186602755905512
21
1.3196198031496063
0
LINE
8
BLACK
6
CONTINUOUS
10
0.3186602755905512
20
1.3196198031496063
11
0.3186603543307087
21
1.3196196456692912
0
LINE
8
BLACK
6
CONTINUOUS
10
0.3186603543307087
20
1.3196196456692912
11
0.3199907086614173
21
1.3176286614173227
0
LINE
8
BLACK
6
CONTINUOUS
10
0.3199907086614173
20
1.3176286614173227
11
0.3199907480314961
21
1.317628622047244
0
LINE
8
BLACK
6
CONTINUOUS
10
0.3199907480314961
20
1.317628622047244
11
0.3199907874015748
21
1.3176285826771654
0
LINE
8
BLACK
6
CONTINUOUS
10
0.3199907874015748
20
1.3176285826771654
11
0.321981968503937
21
1.3162981102362203
0
LINE
8
BLACK
6
CONTINUOUS
10
0.321981968503937
20
1.3162981102362203
11
0.3237379133858267
21
1.3159488188976378
0
LINE
8
BLACK
6
CONTINUOUS
10
0.3237379133858267
20
1.3159488188976378
11
0.3849234645669291
21
1.3159488582677166
0
LINE
8
BLACK
6
CONTINUOUS
10
0.3849234645669291
20
1.3159488582677166
11
0.3866794488188977
21
1.3162981102362203
0
LINE
8
BLACK
6
CONTINUOUS
10
0.3866794488188977
20
1.3162981102362203
11
0.3886706299212598
21
1.3176285826771654
0
LINE
8
BLACK
6
CONTINUOUS
10
0.3886706299212598
20
1.3176285826771654
11
0.3900011023622047
21
1.3196197637795275
0
LINE
8
BLACK
6
CONTINUOUS
10
0.3900011023622047
20
1.3196197637795275
11
0.3903503937007874
21
1.3213757086614173
0
LINE
8
BLACK
6
CONTINUOUS
10
0.3903503937007874
20
1.3213757086614173
11
0.3903503937007874
21
1.3321456692913385
0
LINE
8
BLACK
6
CONTINUOUS
10
0.3903503937007874
20
1.3321456692913385
11
0.391106811023622
21
1.3344736614173227
0
LINE
8
BLACK
6
CONTINUOUS
10
0.391106811023622
20
1.3344736614173227
11
0.3930871259842519
21
1.3359124409448819
0
LINE
8
BLACK
6
CONTINUOUS
10
0.3930871259842519
20
1.3359124409448819
11
0.3943110236220472
21
1.3361062992125985
0
LINE
8
BLACK
6
CONTINUOUS
10
0.3943110236220472
20
1.3361062992125985
11
0.4143504330708661
21
1.3361062992125985
0
LINE
8
BLACK
6
CONTINUOUS
10
0.4143504330708661
20
1.3361062992125985
11
0.4166784251968504
21
1.3353498818897638
0
LINE
8
BLACK
6
CONTINUOUS
10
0.4166784251968504
20
1.3353498818897638
11
0.4181172047244094
21
1.3333695669291339
0
LINE
8
BLACK
6
CONTINUOUS
10
0.4181172047244094
20
1.3333695669291339
11
0.4183110629921259
21
1.3321456692913385
0
LINE
8
BLACK
6
CONTINUOUS
10
0.4183110629921259
20
1.3321456692913385
11
0.4183110629921259
21
1.3213757874015748
0
LINE
8
BLACK
6
CONTINUOUS
10
0.4183110629921259
20
1.3213757874015748
11
0.4186602755905512
21
1.3196198031496063
0
LINE
8
BLACK
6
CONTINUOUS
10
0.4186602755905512
20
1.3196198031496063
11
0.4186603543307086
21
1.3196196456692912
0
LINE
8
BLACK
6
CONTINUOUS
10
0.4186603543307086
20
1.3196196456692912
11
0.4199907086614173
21
1.3176286614173227
0
LINE
8
BLACK
6
CONTINUOUS
10
0.4199907086614173
20
1.3176286614173227
11
0.4199907480314961
21
1.317628622047244
0
LINE
8
BLACK
6
CONTINUOUS
10
0.4199907480314961
20
1.317628622047244
11
0.4199907874015748
21
1.3176285826771654
0
LINE
8
BLACK
6
CONTINUOUS
10
0.4199907874015748
20
1.3176285826771654
11
0.421981968503937
21
1.3162981102362203
0
LINE
8
BLACK
6
CONTINUOUS
10
0.421981968503937
20
1.3162981102362203
11
0.4237379133858268
21
1.3159488188976378
0
LINE
8
BLACK
6
CONTINUOUS
10
0.4237379133858268
20
1.3159488188976378
11
0.4849234645669291
21
1.3159488582677166
0
LINE
8
BLACK
6
CONTINUOUS
10
0.4849234645669291
20
1.3159488582677166
11
0.4866794488188976
21
1.3162981102362203
0
LINE
8
BLACK
6
CONTINUOUS
10
0.4866794488188976
20
1.3162981102362203
11
0.4886706299212598
21
1.3176285826771654
0
LINE
8
BLACK
6
CONTINUOUS
10
0.4886706299212598
20
1.3176285826771654
11
0.4900011023622047
21
1.3196197637795275
0
LINE
8
BLACK
6
CONTINUOUS
10
0.4900011023622047
20
1.3196197637795275
11
0.4903503937007874
21
1.3213757086614173
0
LINE
8
BLACK
6
CONTINUOUS
10
0.4903503937007874
20
1.3213757086614173
11
0.4903503543307087
21
1.3241120866141731
0
LINE
8
BLACK
6
CONTINUOUS
10
0.4903503543307087
20
1.3241120866141731
11
0.4911067322834646
21
1.3264399606299213
0
LINE
8
BLACK
6
CONTINUOUS
10
0.4911067322834646
20
1.3264399606299213
11
0.4930870472440945
21
1.3278787795275591
0
LINE
8
BLACK
6
CONTINUOUS
10
0.4930870472440945
20
1.3278787795275591
11
0.495534842519685
21
1.3278788188976378
0
LINE
8
BLACK
6
CONTINUOUS
10
0.495534842519685
20
1.3278788188976378
11
0.4971115748031496
21
1.3269125984251968
0
LINE
8
BLACK
6
CONTINUOUS
10
0.4971115748031496
20
1.3269125984251968
11
0.5746124015748031
21
1.2494117716535433
0
LINE
8
BLACK
6
CONTINUOUS
10
0.5746124015748031
20
1.2494117716535433
11
0.5757236614173228
21
1.2472307480314961
0
LINE
8
BLACK
6
CONTINUOUS
10
0.5757236614173228
20
1.2472307480314961
11
0.575340748031496
21
1.2448131102362205
0
LINE
8
BLACK
6
CONTINUOUS
10
0.575340748031496
20
1.2448131102362205
11
0.5736098818897638
21
1.2430822440944882
0
LINE
8
BLACK
6
CONTINUOUS
10
0.5736098818897638
20
1.2430822440944882
11
0.5711922440944882
21
1.2426993307086613
0
LINE
8
BLACK
6
CONTINUOUS
10
0.5711922440944882
20
1.2426993307086613
11
0.5700137401574803
21
1.2430822440944882
0
LINE
8
BLACK
6
CONTINUOUS
10
0.5700137401574803
20
1.2430822440944882
11
0.5699235433070866
21
1.2431281889763779
0
LINE
8
BLACK
6
CONTINUOUS
10
0.5699235433070866
20
1.2431281889763779
11
0.5699233070866142
21
1.2431282677165354
0
LINE
8
BLACK
6
CONTINUOUS
10
0.5699233070866142
20
1.2431282677165354
11
0.5662092125984252
21
1.2437165354330708
0
LINE
8
BLACK
6
CONTINUOUS
10
0.5662092125984252
20
1.2437165354330708
11
0.5662089763779528
21
1.2437165354330708
0
LINE
8
BLACK
6
CONTINUOUS
10
0.5662089763779528
20
1.2437165354330708
11
0.5362620472440944
21
1.2437165354330708
0
LINE
8
BLACK
6
CONTINUOUS
10
0.5362620472440944
20
1.2437165354330708
11
0.5339340551181102
21
1.2444729527559055
0
LINE
8
BLACK
6
CONTINUOUS
10
0.5339340551181102
20
1.2444729527559055
11
0.5334614566929133
21
1.2448765748031496
0
LINE
8
BLACK
6
CONTINUOUS
10
0.5334614566929133
20
1.2448765748031496
11
0.5171555905511811
21
1.261182440944882
0
LINE
8
BLACK
6
CONTINUOUS
10
0.5171555905511811
20
1.261182440944882
11
0.5171555118110236
21
1.261182559055118
0
LINE
8
BLACK
6
CONTINUOUS
10
0.5171555118110236
20
1.261182559055118
11
0.5133767322834646
21
1.2649613385826772
0
LINE
8
BLACK
6
CONTINUOUS
10
0.5133767322834646
20
1.2649613385826772
11
0.5125281496062992
21
1.2653937401574802
0
LINE
8
BLACK
6
CONTINUOUS
10
0.5125281496062992
20
1.2653937401574802
11
0.5119984645669291
21
1.265718307086614
0
LINE
8
BLACK
6
CONTINUOUS
10
0.5119984645669291
20
1.265718307086614
11
0.5112280708661417
21
1.2662779921259841
0
LINE
8
BLACK
6
CONTINUOUS
10
0.5112280708661417
20
1.2662779921259841
11
0.5112281102362205
21
1.2662779921259841
0
LINE
8
BLACK
6
CONTINUOUS
10
0.5112281102362205
20
1.2662779921259841
11
0.5103222047244095
21
1.2665723622047245
0
LINE
8
BLACK
6
CONTINUOUS
10
0.5103222047244095
20
1.2665723622047245
11
0.5097483070866141
21
1.2668101181102362
0
LINE
8
BLACK
6
CONTINUOUS
10
0.5097483070866141
20
1.2668101181102362
11
0.5088999212598425
21
1.2672423622047244
0
LINE
8
BLACK
6
CONTINUOUS
10
0.5088999212598425
20
1.2672423622047244
11
0.5088996456692914
21
1.2672424803149607
0
LINE
8
BLACK
6
CONTINUOUS
10
0.5088996456692914
20
1.2672424803149607
11
0.5079592125984251
21
1.2673914173228347
0
LINE
8
BLACK
6
CONTINUOUS
10
0.5079592125984251
20
1.2673914173228347
11
0.5073551574803149
21
1.2675364173228345
0
LINE
8
BLACK
6
CONTINUOUS
10
0.5073551574803149
20
1.2675364173228345
11
0.5068472440944882
21
1.2677014566929135
0
LINE
8
BLACK
6
CONTINUOUS
10
0.5068472440944882
20
1.2677014566929135
11
0.5064493307086614
21
1.2678307086614173
0
LINE
8
BLACK
6
CONTINUOUS
10
0.5064493307086614
20
1.2678307086614173
11
0.5064492913385826
21
1.2678307086614173
0
LINE
8
BLACK
6
CONTINUOUS
10
0.5064492913385826
20
1.2678307086614173
11
0.4943109842519685
21
1.2678307086614173
0
LINE
8
BLACK
6
CONTINUOUS
10
0.4943109842519685
20
1.2678307086614173
11
0.4919829921259842
21
1.2685871259842518
0
LINE
8
BLACK
6
CONTINUOUS
10
0.4919829921259842
20
1.2685871259842518
11
0.4905442125984252
21
1.2705674409448819
0
LINE
8
BLACK
6
CONTINUOUS
10
0.4905442125984252
20
1.2705674409448819
11
0.4903503543307087
21
1.2717913385826771
0
LINE
8
BLACK
6
CONTINUOUS
10
0.4903503543307087
20
1.2717913385826771
11
0.4903503543307087
21
1.2825612598425196
0
LINE
8
BLACK
6
CONTINUOUS
10
0.4903503543307087
20
1.2825612598425196
11
0.4900011023622047
21
1.2843172440944881
0
LINE
8
BLACK
6
CONTINUOUS
10
0.4900011023622047
20
1.2843172440944881
11
0.4900010236220472
21
1.2843174015748031
0
LINE
8
BLACK
6
CONTINUOUS
10
0.4900010236220472
20
1.2843174015748031
11
0.4886706692913386
21
1.2863083858267716
0
LINE
8
BLACK
6
CONTINUOUS
10
0.4886706692913386
20
1.2863083858267716
11
0.4886705905511811
21
1.2863084645669292
0
LINE
8
BLACK
6
CONTINUOUS
10
0.4886705905511811
20
1.2863084645669292
11
0.4866794094488189
21
1.287638937007874
0
LINE
8
BLACK
6
CONTINUOUS
10
0.4866794094488189
20
1.287638937007874
11
0.4852727559055118
21
1.2879187401574803
0
LINE
8
BLACK
6
CONTINUOUS
10
0.4852727559055118
20
1.2879187401574803
11
0.4849235039370078
21
1.287988188976378
0
LINE
8
BLACK
6
CONTINUOUS
10
0.4849235039370078
20
1.287988188976378
11
0.4849234645669291
21
1.287988188976378
0
LINE
8
BLACK
6
CONTINUOUS
10
0.4849234645669291
20
1.287988188976378
11
0.4237379527559055
21
1.287988188976378
0
LINE
8
BLACK
6
CONTINUOUS
10
0.4237379527559055
20
1.287988188976378
11
0.421981968503937
21
1.287638937007874
0
LINE
8
BLACK
6
CONTINUOUS
10
0.421981968503937
20
1.287638937007874
11
0.421981811023622
21
1.2876388582677165
0
LINE
8
BLACK
6
CONTINUOUS
10
0.421981811023622
20
1.2876388582677165
11
0.4199908267716536
21
1.2863085039370079
0
LINE
8
BLACK
6
CONTINUOUS
10
0.4199908267716536
20
1.2863085039370079
11
0.4199907480314961
21
1.2863084251968504
0
LINE
8
BLACK
6
CONTINUOUS
10
0.4199907480314961
20
1.2863084251968504
11
0.4186602755905512
21
1.2843172440944881
0
LINE
8
BLACK
6
CONTINUOUS
10
0.4186602755905512
20
1.2843172440944881
11
0.4183110236220473
21
1.2825612992125983
0
LINE
8
BLACK
6
CONTINUOUS
10
0.4183110236220473
20
1.2825612992125983
11
0.4183110236220473
21
1.2717913385826771
0
LINE
8
BLACK
6
CONTINUOUS
10
0.4183110236220473
20
1.2717913385826771
11
0.4175546062992126
21
1.2694633464566929
0
LINE
8
BLACK
6
CONTINUOUS
10
0.4175546062992126
20
1.2694633464566929
11
0.4155742913385826
21
1.2680245669291339
0
LINE
8
BLACK
6
CONTINUOUS
10
0.4155742913385826
20
1.2680245669291339
11
0.4143503937007874
21
1.2678307086614173
0
LINE
8
BLACK
6
CONTINUOUS
10
0.4143503937007874
20
1.2678307086614173
11
0.3943109842519685
21
1.2678307086614173
0
LINE
8
BLACK
6
CONTINUOUS
10
0.3943109842519685
20
1.2678307086614173
11
0.3919829921259843
21
1.2685871259842518
0
LINE
8
BLACK
6
CONTINUOUS
10
0.3919829921259843
20
1.2685871259842518
11
0.3905442125984252
21
1.2705674409448819
0
LINE
8
BLACK
6
CONTINUOUS
10
0.3905442125984252
20
1.2705674409448819
11
0.3903503543307086
21
1.2717913385826771
0
LINE
8
BLACK
6
CONTINUOUS
10
0.3903503543307086
20
1.2717913385826771
11
0.3903503543307086
21
1.2825612598425196
0
LINE
8
BLACK
6
CONTINUOUS
10
0.3903503543307086
20
1.2825612598425196
11
0.3900011023622047
21
1.2843172440944881
0
LINE
8
BLACK
6
CONTINUOUS
10
0.3900011023622047
20
1.2843172440944881
11
0.3900010236220472
21
1.2843174015748031
0
LINE
8
BLACK
6
CONTINUOUS
10
0.3900010236220472
20
1.2843174015748031
11
0.3886706692913386
21
1.2863083858267716
0
LINE
8
BLACK
6
CONTINUOUS
10
0.3886706692913386
20
1.2863083858267716
11
0.3886705905511811
21
1.2863084645669292
0
LINE
8
BLACK
6
CONTINUOUS
10
0.3886705905511811
20
1.2863084645669292
11
0.3866794094488189
21
1.287638937007874
0
LINE
8
BLACK
6
CONTINUOUS
10
0.3866794094488189
20
1.287638937007874
11
0.3852727559055118
21
1.2879187401574803
0
LINE
8
BLACK
6
CONTINUOUS
10
0.3852727559055118
20
1.2879187401574803
11
0.3849235039370079
21
1.287988188976378
0
LINE
8
BLACK
6
CONTINUOUS
10
0.3849235039370079
20
1.287988188976378
11
0.3849234645669291
21
1.287988188976378
0
LINE
8
BLACK
6
CONTINUOUS
10
0.3849234645669291
20
1.287988188976378
11
0.3237379527559055
21
1.287988188976378
0
LINE
8
BLACK
6
CONTINUOUS
10
0.3237379527559055
20
1.287988188976378
11
0.321981968503937
21
1.287638937007874
0
LINE
8
BLACK
6
CONTINUOUS
10
0.321981968503937
20
1.287638937007874
11
0.3219818110236221
21
1.2876388582677165
0
LINE
8
BLACK
6
CONTINUOUS
10
0.3219818110236221
20
1.2876388582677165
11
0.3199908267716535
21
1.2863085039370079
0
LINE
8
BLACK
6
CONTINUOUS
10
0.3199908267716535
20
1.2863085039370079
11
0.3199907480314961
21
1.2863084251968504
0
LINE
8
BLACK
6
CONTINUOUS
10
0.3199907480314961
20
1.2863084251968504
11
0.3186602755905512
21
1.2843172440944881
0
LINE
8
BLACK
6
CONTINUOUS
10
0.3186602755905512
20
1.2843172440944881
11
0.3183110236220472
21
1.2825612992125983
0
LINE
8
BLACK
6
CONTINUOUS
10
0.3183110236220472
20
1.2825612992125983
11
0.3183110236220472
21
1.2213757874015747
0
LINE
8
BLACK
6
CONTINUOUS
10
0.3183110236220472
20
1.2213757874015747
11
0.3186602755905512
21
1.2196198031496062
0
LINE
8
BLACK
6
CONTINUOUS
10
0.608741811023622
20
1.2785018897637794
11
0.6087418897637795
21
1.2785016535433071
0
LINE
8
BLACK
6
CONTINUOUS
10
0.6087418897637795
20
1.2785016535433071
11
0.6110228740157481
21
1.2740249212598425
0
LINE
8
BLACK
6
CONTINUOUS
10
0.6110228740157481
20
1.2740249212598425
11
0.6110229133858267
21
1.2740248818897637
0
LINE
8
BLACK
6
CONTINUOUS
10
0.6110229133858267
20
1.2740248818897637
11
0.6110229921259842
21
1.2740247637795274
0
LINE
8
BLACK
6
CONTINUOUS
10
0.6110229921259842
20
1.2740247637795274
11
0.6145759448818897
21
1.2704718110236219
0
LINE
8
BLACK
6
CONTINUOUS
10
0.6145759448818897
20
1.2704718110236219
11
0.6145760236220472
21
1.2704717716535432
0
LINE
8
BLACK
6
CONTINUOUS
10
0.6145760236220472
20
1.2704717716535432
11
0.614576062992126
21
1.2704717322834644
0
LINE
8
BLACK
6
CONTINUOUS
10
0.614576062992126
20
1.2704717322834644
11
0.616555157480315
21
1.2694633464566929
0
LINE
8
BLACK
6
CONTINUOUS
10
0.616555157480315
20
1.2694633464566929
11
0.6190529527559056
21
1.2681906692913385
0
LINE
8
BLACK
6
CONTINUOUS
10
0.6190529527559056
20
1.2681906692913385
11
0.6213256692913386
21
1.2678307086614173
0
LINE
8
BLACK
6
CONTINUOUS
10
0.6213256692913386
20
1.2678307086614173
11
0.622767125984252
21
1.2676024015748031
0
LINE
8
BLACK
6
CONTINUOUS
10
0.622767125984252
20
1.2676024015748031
11
0.6227673228346456
21
1.2676023622047243
0
LINE
8
BLACK
6
CONTINUOUS
10
0.6227673228346456
20
1.2676023622047243
11
0.6227674015748031
21
1.2676023622047243
0
LINE
8
BLACK
6
CONTINUOUS
10
0.6227674015748031
20
1.2676023622047243
11
0.6696456692913386
21
1.2676023622047243
0
LINE
8
BLACK
6
CONTINUOUS
10
0.6696456692913386
20
1.2676023622047243
11
0.6719736614173228
21
1.2668459448818898
0
LINE
8
BLACK
6
CONTINUOUS
10
0.6719736614173228
20
1.2668459448818898
11
0.6734124409448818
21
1.2648656299212597
0
LINE
8
BLACK
6
CONTINUOUS
10
0.6734124409448818
20
1.2648656299212597
11
0.6736062992125984
21
1.2636417322834645
0
LINE
8
BLACK
6
CONTINUOUS
10
0.6736062992125984
20
1.2636417322834645
11
0.6736062992125984
21
1.2556022047244093
0
LINE
8
BLACK
6
CONTINUOUS
10
0.6736062992125984
20
1.2556022047244093
11
0.6728498818897638
21
1.2532742125984251
0
LINE
8
BLACK
6
CONTINUOUS
10
0.6728498818897638
20
1.2532742125984251
11
0.6714437401574803
21
1.2520732677165354
0
LINE
8
BLACK
6
CONTINUOUS
10
0.6714437401574803
20
1.2520732677165354
11
0.6696941732283465
21
1.2511818503937007
0
LINE
8
BLACK
6
CONTINUOUS
10
0.6696941732283465
20
1.2511818503937007
11
0.6661409842519684
21
1.2476286614173229
0
LINE
8
BLACK
6
CONTINUOUS
10
0.6661409842519684
20
1.2476286614173229
11
0.66386
21
1.2431519291338582
0
LINE
8
BLACK
6
CONTINUOUS
10
0.66386
20
1.2431519291338582
11
0.6638599212598425
21
1.2431516929133859
0
LINE
8
BLACK
6
CONTINUOUS
10
0.6638599212598425
20
1.2431516929133859
11
0.6632716535433071
21
1.2394375984251969
0
LINE
8
BLACK
6
CONTINUOUS
10
0.6632716535433071
20
1.2394375984251969
11
0.6632716535433071
21
1.2015073228346456
0
LINE
8
BLACK
6
CONTINUOUS
10
0.6632716535433071
20
1.2015073228346456
11
0.6638599212598425
21
1.1977932283464567
0
LINE
8
BLACK
6
CONTINUOUS
10
0.6638599212598425
20
1.1977932283464567
11
0.66386
21
1.1977929921259842
0
LINE
8
BLACK
6
CONTINUOUS
10
0.66386
20
1.1977929921259842
11
0.6661409842519684
21
1.1933162598425198
0
LINE
8
BLACK
6
CONTINUOUS
10
0.6661409842519684
20
1.1933162598425198
11
0.6661410236220472
21
1.193316220472441
0
LINE
8
BLACK
6
CONTINUOUS
10
0.6661410236220472
20
1.193316220472441
11
0.6661411023622047
21
1.1933161023622048
0
LINE
8
BLACK
6
CONTINUOUS
10
0.6661411023622047
20
1.1933161023622048
11
0.6696940551181102
21
1.1897631496062993
0
LINE
8
BLACK
6
CONTINUOUS
10
0.6696940551181102
20
1.1897631496062993
11
0.6696941338582677
21
1.1897631102362205
0
LINE
8
BLACK
6
CONTINUOUS
10
0.6696941338582677
20
1.1897631102362205
11
0.6696941732283465
21
1.1897630708661417
0
LINE
8
BLACK
6
CONTINUOUS
10
0.6696941732283465
20
1.1897630708661417
11
0.674170905511811
21
1.1874820866141731
0
LINE
8
BLACK
6
CONTINUOUS
10
0.674170905511811
20
1.1874820866141731
11
0.6741710629921259
21
1.1874820078740158
0
LINE
8
BLACK
6
CONTINUOUS
10
0.6741710629921259
20
1.1874820078740158
11
0.6769364173228346
21
1.1870440551181103
0
LINE
8
BLACK
6
CONTINUOUS
10
0.6769364173228346
20
1.1870440551181103
11
0.6778852362204725
21
1.1868937401574804
0
LINE
8
BLACK
6
CONTINUOUS
10
0.6778852362204725
20
1.1868937401574804
11
0.6778854330708661
21
1.1868937007874016
0
LINE
8
BLACK
6
CONTINUOUS
10
0.6778854330708661
20
1.1868937007874016
11
0.6778855118110236
21
1.1868937007874016
0
LINE
8
BLACK
6
CONTINUOUS
10
0.6778855118110236
20
1.1868937007874016
11
0.7010515748031496
21
1.1868937007874016
0
LINE
8
BLACK
6
CONTINUOUS
10
0.7010515748031496
20
1.1868937007874016
11
0.7010517322834645
21
1.1868937401574804
0
LINE
8
BLACK
6
CONTINUOUS
10
0.7010517322834645
20
1.1868937401574804
11
0.7047659448818897
21
1.1874820078740158
0
LINE
8
BLACK
6
CONTINUOUS
10
0.7047659448818897
20
1.1874820078740158
11
0.7092429527559055
21
1.1897631496062993
0
LINE
8
BLACK
6
CONTINUOUS
10
0.7092429527559055
20
1.1897631496062993
11
0.712795905511811
21
1.1933161023622048
0
LINE
8
BLACK
6
CONTINUOUS
10
0.712795905511811
20
1.1933161023622048
11
0.7150770472440945
21
1.1977931102362205
0
LINE
8
BLACK
6
CONTINUOUS
10
0.7150770472440945
20
1.1977931102362205
11
0.7156653543307087
21
1.2015075590551181
0
LINE
8
BLACK
6
CONTINUOUS
10
0.7156653543307087
20
1.2015075590551181
11
0.7156653543307087
21
1.2229770866141731
0
LINE
8
BLACK
6
CONTINUOUS
10
0.7156653543307087
20
1.2229770866141731
11
0.7164217716535433
21
1.2253050787401574
0
LINE
8
BLACK
6
CONTINUOUS
10
0.7164217716535433
20
1.2253050787401574
11
0.7184020866141733
21
1.2267438582677166
0
LINE
8
BLACK
6
CONTINUOUS
10
0.7184020866141733
20
1.2267438582677166
11
0.7208498818897637
21
1.2267438582677166
0
LINE
8
BLACK
6
CONTINUOUS
10
0.7208498818897637
20
1.2267438582677166
11
0.7228301968503937
21
1.2253050787401574
0
LINE
8
BLACK
6
CONTINUOUS
10
0.7228301968503937
20
1.2253050787401574
11
0.7233368897637795
21
1.2243611417322835
0
LINE
8
BLACK
6
CONTINUOUS
10
0.7233368897637795
20
1.2243611417322835
11
0.7246710236220473
21
1.2207840551181102
0
LINE
8
BLACK
6
CONTINUOUS
10
0.7246710236220473
20
1.2207840551181102
11
0.7246710629921259
21
1.2207839763779527
0
LINE
8
BLACK
6
CONTINUOUS
10
0.7246710629921259
20
1.2207839763779527
11
0.7280634251968504
21
1.2162524409448818
0
LINE
8
BLACK
6
CONTINUOUS
10
0.7280634251968504
20
1.2162524409448818
11
0.7325949606299212
21
1.2128600787401576
0
LINE
8
BLACK
6
CONTINUOUS
10
0.7325949606299212
20
1.2128600787401576
11
0.7325950393700787
21
1.2128600393700788
0
LINE
8
BLACK
6
CONTINUOUS
10
0.7325950393700787
20
1.2128600393700788
11
0.7378983858267716
21
1.2108820472440944
0
LINE
8
BLACK
6
CONTINUOUS
10
0.7378983858267716
20
1.2108820472440944
11
0.7378985826771653
21
1.2108820078740157
0
LINE
8
BLACK
6
CONTINUOUS
10
0.7378985826771653
20
1.2108820078740157
11
0.7402429921259842
21
1.2106299212598426
0
LINE
8
BLACK
6
CONTINUOUS
10
0.7402429921259842
20
1.2106299212598426
11
0.7508582677165354
21
1.2106299212598426
0
LINE
8
BLACK
6
CONTINUOUS
10
0.7508582677165354
20
1.2106299212598426
11
0.7508582677165354
21
1.2204724409448819
0
LINE
8
BLACK
6
CONTINUOUS
10
0.7508582677165354
20
1.2204724409448819
11
0.7421259842519685
21
1.2204724409448819
0
LINE
8
BLACK
6
CONTINUOUS
10
0.7421259842519685
20
1.2204724409448819
11
0.7383594094488188
21
1.2212216535433071
0
LINE
8
BLACK
6
CONTINUOUS
10
0.7383594094488188
20
1.2212216535433071
11
0.7351662598425197
21
1.2233552362204725
0
LINE
8
BLACK
6
CONTINUOUS
10
0.7351662598425197
20
1.2233552362204725
11
0.7330326771653544
21
1.2265483858267716
0
LINE
8
BLACK
6
CONTINUOUS
10
0.7330326771653544
20
1.2265483858267716
11
0.7322834645669292
21
1.2303149606299213
0
LINE
8
BLACK
6
CONTINUOUS
10
0.7322834645669292
20
1.2303149606299213
11
0.7322834645669292
21
1.2509842519685039
0
LINE
8
BLACK
6
CONTINUOUS
10
0.7322834645669292
20
1.2509842519685039
11
0.7330326771653544
21
1.2547508267716536
0
LINE
8
BLACK
6
CONTINUOUS
10
0.7330326771653544
20
1.2547508267716536
11
0.7351662598425197
21
1.2579439763779527
0
LINE
8
BLACK
6
CONTINUOUS
10
0.7351662598425197
20
1.2579439763779527
11
0.7383594094488188
21
1.2600775590551181
0
LINE
8
BLACK
6
CONTINUOUS
10
0.7383594094488188
20
1.2600775590551181
11
0.7421259842519685
21
1.2608267716535433
0
LINE
8
BLACK
6
CONTINUOUS
10
0.7421259842519685
20
1.2608267716535433
11
0.7508582677165354
21
1.2608267716535433
0
LINE
8
BLACK
6
CONTINUOUS
10
0.7508582677165354
20
1.2608267716535433
11
0.7508582677165354
21
1.2706692913385826
0
LINE
8
BLACK
6
CONTINUOUS
10
0.7508582677165354
20
1.2706692913385826
11
0.7402429921259842
21
1.2706692913385826
0
LINE
8
BLACK
6
CONTINUOUS
10
0.7402429921259842
20
1.2706692913385826
11
0.7378985826771653
21
1.2704172440944881
0
LINE
8
BLACK
6
CONTINUOUS
10
0.7378985826771653
20
1.2704172440944881
11
0.7378983858267716
21
1.2704172047244093
0
LINE
8
BLACK
6
CONTINUOUS
10
0.7378983858267716
20
1.2704172047244093
11
0.7325950393700787
21
1.2684392125984252
0
LINE
8
BLACK
6
CONTINUOUS
10
0.7325950393700787
20
1.2684392125984252
11
0.7325949606299212
21
1.2684391732283464
0
LINE
8
BLACK
6
CONTINUOUS
10
0.7325949606299212
20
1.2684391732283464
11
0.7280634251968504
21
1.2650468110236219
0
LINE
8
BLACK
6
CONTINUOUS
10
0.7280634251968504
20
1.2650468110236219
11
0.7246710629921259
21
1.2605152755905511
0
LINE
8
BLACK
6
CONTINUOUS
10
0.7246710629921259
20
1.2605152755905511
11
0.7246710236220473
21
1.2605151968503936
0
LINE
8
BLACK
6
CONTINUOUS
10
0.7246710236220473
20
1.2605151968503936
11
0.722693031496063
21
1.2552118503937009
0
LINE
8
BLACK
6
CONTINUOUS
10
0.722693031496063
20
1.2552118503937009
11
0.7226929921259843
21
1.2552116535433071
0
LINE
8
BLACK
6
CONTINUOUS
10
0.7226929921259843
20
1.2552116535433071
11
0.7224409448818897
21
1.2528672440944881
0
LINE
8
BLACK
6
CONTINUOUS
10
0.7224409448818897
20
1.2528672440944881
11
0.7224409448818897
21
1.2451965748031495
0
LINE
8
BLACK
6
CONTINUOUS
10
0.7224409448818897
20
1.2451965748031495
11
0.7216845275590551
21
1.2428685826771653
0
LINE
8
BLACK
6
CONTINUOUS
10
0.7216845275590551
20
1.2428685826771653
11
0.7197042125984252
21
1.2414298031496063
0
LINE
8
BLACK
6
CONTINUOUS
10
0.7197042125984252
20
1.2414298031496063
11
0.7172564173228346
21
1.2414298031496063
0
LINE
8
BLACK
6
CONTINUOUS
10
0.7172564173228346
20
1.2414298031496063
11
0.7152761023622047
21
1.2428685826771653
0
LINE
8
BLACK
6
CONTINUOUS
10
0.7152761023622047
20
1.2428685826771653
11
0.7149513779527559
21
1.2433984645669292
0
LINE
8
BLACK
6
CONTINUOUS
10
0.7149513779527559
20
1.2433984645669292
11
0.7127959448818898
21
1.2476287007874016
0
LINE
8
BLACK
6
CONTINUOUS
10
0.7127959448818898
20
1.2476287007874016
11
0.712795905511811
21
1.2476287795275591
0
LINE
8
BLACK
6
CONTINUOUS
10
0.712795905511811
20
1.2476287795275591
11
0.7092429527559055
21
1.2511817322834646
0
LINE
8
BLACK
6
CONTINUOUS
10
0.7092429527559055
20
1.2511817322834646
11
0.7092428346456693
21
1.2511818110236219
0
LINE
8
BLACK
6
CONTINUOUS
10
0.7092428346456693
20
1.2511818110236219
11
0.7092427952755905
21
1.2511818503937007
0
LINE
8
BLACK
6
CONTINUOUS
10
0.7092427952755905
20
1.2511818503937007
11
0.7092428346456693
21
1.2511818503937007
0
LINE
8
BLACK
6
CONTINUOUS
10
0.7092428346456693
20
1.2511818503937007
11
0.7074932677165354
21
1.2520732677165354
0
LINE
8
BLACK
6
CONTINUOUS
10
0.7074932677165354
20
1.2520732677165354
11
0.7057624015748032
21
1.2538041338582677
0
LINE
8
BLACK
6
CONTINUOUS
10
0.7057624015748032
20
1.2538041338582677
11
0.7053307086614173
21
1.2556022047244093
0
LINE
8
BLACK
6
CONTINUOUS
10
0.7053307086614173
20
1.2556022047244093
11
0.7053307086614173
21
1.3064566929133858
0
LINE
8
BLACK
6
CONTINUOUS
10
0.7053307086614173
20
1.3064566929133858
11
0.7060871259842519
21
1.3087846850393701
0
LINE
8
BLACK
6
CONTINUOUS
10
0.7060871259842519
20
1.3087846850393701
11
0.7080674409448818
21
1.3102234645669291
0
LINE
8
BLACK
6
CONTINUOUS
10
0.7080674409448818
20
1.3102234645669291
11
0.7092913385826771
21
1.3104173228346456
0
LINE
8
BLACK
6
CONTINUOUS
10
0.7092913385826771
20
1.3104173228346456
11
0.7247127559055118
21
1.3104173228346456
0
LINE
8
BLACK
6
CONTINUOUS
10
0.7247127559055118
20
1.3104173228346456
11
0.7270407480314961
21
1.3096609055118109
0
LINE
8
BLACK
6
CONTINUOUS
10
0.7270407480314961
20
1.3096609055118109
11
0.7282416929133858
21
1.3082547637795274
0
LINE
8
BLACK
6
CONTINUOUS
10
0.7282416929133858
20
1.3082547637795274
11
0.7291331102362204
21
1.3065052362204723
0
LINE
8
BLACK
6
CONTINUOUS
10
0.7291331102362204
20
1.3065052362204723
11
0.7291331496062992
21
1.3065051968503936
0
LINE
8
BLACK
6
CONTINUOUS
10
0.7291331496062992
20
1.3065051968503936
11
0.7291332283464567
21
1.3065050787401575
0
LINE
8
BLACK
6
CONTINUOUS
10
0.7291332283464567
20
1.3065050787401575
11
0.7326861811023622
21
1.302952125984252
0
LINE
8
BLACK
6
CONTINUOUS
10
0.7326861811023622
20
1.302952125984252
11
0.7326862598425197
21
1.3029520866141733
0
LINE
8
BLACK
6
CONTINUOUS
10
0.7326862598425197
20
1.3029520866141733
11
0.7326862992125984
21
1.3029520472440945
0
LINE
8
BLACK
6
CONTINUOUS
10
0.7326862992125984
20
1.3029520472440945
11
0.737163031496063
21
1.3006710629921259
0
LINE
8
BLACK
6
CONTINUOUS
10
0.737163031496063
20
1.3006710629921259
11
0.7371631889763779
21
1.3006709842519684
0
LINE
8
BLACK
6
CONTINUOUS
10
0.7371631889763779
20
1.3006709842519684
11
0.7399285433070866
21
1.3002330314960631
0
LINE
8
BLACK
6
CONTINUOUS
10
0.7399285433070866
20
1.3002330314960631
11
0.7408773622047244
21
1.3000827165354329
0
LINE
8
BLACK
6
CONTINUOUS
10
0.7408773622047244
20
1.3000827165354329
11
0.7408775590551181
21
1.3000826771653542
0
LINE
8
BLACK
6
CONTINUOUS
10
0.7408775590551181
20
1.3000826771653542
11
0.7408776377952756
21
1.3000826771653542
0
LINE
8
BLACK
6
CONTINUOUS
10
0.7408776377952756
20
1.3000826771653542
11
0.7788074803149606
21
1.3000826771653542
0
LINE
8
BLACK
6
CONTINUOUS
10
0.7788074803149606
20
1.3000826771653542
11
0.7788076377952756
21
1.3000827165354329
0
LINE
8
BLACK
6
CONTINUOUS
10
0.7788076377952756
20
1.3000827165354329
11
0.7825218503937008
21
1.3006709842519684
0
LINE
8
BLACK
6
CONTINUOUS
10
0.7825218503937008
20
1.3006709842519684
11
0.7869988582677165
21
1.302952125984252
0
LINE
8
BLACK
6
CONTINUOUS
10
0.7869988582677165
20
1.302952125984252
11
0.790551811023622
21
1.3065050787401575
0
LINE
8
BLACK
6
CONTINUOUS
10
0.790551811023622
20
1.3065050787401575
11
0.7908488976377953
21
1.3070881496062992
0
LINE
8
BLACK
6
CONTINUOUS
10
0.7908488976377953
20
1.3070881496062992
11
0.7914433464566929
21
1.3082547637795274
0
LINE
8
BLACK
6
CONTINUOUS
10
0.7914433464566929
20
1.3082547637795274
11
0.7931742125984251
21
1.3099856299212598
0
LINE
8
BLACK
6
CONTINUOUS
10
0.7931742125984251
20
1.3099856299212598
11
0.7949722834645669
21
1.3104173228346456
0
LINE
8
BLACK
6
CONTINUOUS
10
0.7949722834645669
20
1.3104173228346456
11
0.8078883858267716
21
1.3104173228346456
0
LINE
8
BLACK
6
CONTINUOUS
10
0.8078883858267716
20
1.3104173228346456
11
0.8102163779527559
21
1.3096609055118109
0
LINE
8
BLACK
6
CONTINUOUS
10
0.8102163779527559
20
1.3096609055118109
11
0.8106889763779528
21
1.3092572834645668
0
LINE
8
BLACK
6
CONTINUOUS
10
0.8106889763779528
20
1.3092572834645668
11
0.811057283464567
21
1.3088889763779528
0
LINE
8
BLACK
6
CONTINUOUS
10
0.811057283464567
20
1.3088889763779528
11
0.8151358267716535
21
1.3070881102362204
0
LINE
8
BLACK
6
CONTINUOUS
10
0.8151358267716535
20
1.3070881102362204
11
0.8161328346456693
21
1.306972440944882
0
LINE
8
BLACK
6
CONTINUOUS
10
0.8161328346456693
20
1.306972440944882
11
0.8161329133858267
21
1.306972440944882
0
LINE
8
BLACK
6
CONTINUOUS
10
0.8161329133858267
20
1.306972440944882
11
0.8659537007874015
21
1.306972440944882
0
LINE
8
BLACK
6
CONTINUOUS
10
0.8659537007874015
20
1.306972440944882
11
0.865953779527559
21
1.306972440944882
0
LINE
8
BLACK
6
CONTINUOUS
10
0.865953779527559
20
1.306972440944882
11
0.8669507874015748
21
1.3070881102362204
0
LINE
8
BLACK
6
CONTINUOUS
10
0.8669507874015748
20
1.3070881102362204
11
0.8710293307086614
21
1.3088889763779528
0
LINE
8
BLACK
6
CONTINUOUS
10
0.8710293307086614
20
1.3088889763779528
11
0.8741818897637795
21
1.3120415354330708
0
LINE
8
BLACK
6
CONTINUOUS
10
0.8741818897637795
20
1.3120415354330708
11
0.8759827559055118
21
1.3161200787401575
0
LINE
8
BLACK
6
CONTINUOUS
10
0.8759827559055118
20
1.3161200787401575
11
0.8760984251968503
21
1.3171170866141733
0
LINE
8
BLACK
6
CONTINUOUS
10
0.8760984251968503
20
1.3171170866141733
11
0.8760984251968503
21
1.3324892125984251
0
LINE
8
BLACK
6
CONTINUOUS
10
0.8760984251968503
20
1.3324892125984251
11
0.8759827559055118
21
1.3334862204724409
0
LINE
8
BLACK
6
CONTINUOUS
10
0.8759827559055118
20
1.3334862204724409
11
0.8741818897637795
21
1.3375647637795276
0
LINE
8
BLACK
6
CONTINUOUS
10
0.8741818897637795
20
1.3375647637795276
11
0.8710293307086614
21
1.3407173228346456
0
LINE
8
BLACK
6
CONTINUOUS
10
0.8710293307086614
20
1.3407173228346456
11
0.8710292913385826
21
1.3407173622047244
0
LINE
8
BLACK
6
CONTINUOUS
10
0.8710292913385826
20
1.3407173622047244
11
0.8669508267716535
21
1.342518188976378
0
LINE
8
BLACK
6
CONTINUOUS
10
0.8669508267716535
20
1.342518188976378
11
0.8659538976377953
21
1.3426338582677164
0
LINE
8
BLACK
6
CONTINUOUS
10
0.8659538976377953
20
1.3426338582677164
11
0.865953779527559
21
1.3426338582677164
0
LINE
8
BLACK
6
CONTINUOUS
10
0.865953779527559
20
1.3426338582677164
11
0.8161328346456693
21
1.3426338582677164
0
LINE
8
BLACK
6
CONTINUOUS
10
0.8161328346456693
20
1.3426338582677164
11
0.8161326771653543
21
1.3426338582677164
0
LINE
8
BLACK
6
CONTINUOUS
10
0.8161326771653543
20
1.3426338582677164
11
0.8151357874015748
21
1.342518188976378
0
LINE
8
BLACK
6
CONTINUOUS
10
0.8151357874015748
20
1.342518188976378
11
0.8150476377952756
21
1.3424792519685038
0
LINE
8
BLACK
6
CONTINUOUS
10
0.8150476377952756
20
1.3424792519685038
11
0.8134477559055118
21
1.3421417322834646
0
LINE
8
BLACK
6
CONTINUOUS
10
0.8134477559055118
20
1.3421417322834646
11
0.7949722834645669
21
1.3421417322834646
0
LINE
8
BLACK
6
CONTINUOUS
10
0.7949722834645669
20
1.3421417322834646
11
0.7926442913385826
21
1.3428981496062993
0
LINE
8
BLACK
6
CONTINUOUS
10
0.7926442913385826
20
1.3428981496062993
11
0.7914433464566929
21
1.3443042913385828
0
LINE
8
BLACK
6
CONTINUOUS
10
0.7914433464566929
20
1.3443042913385828
11
0.7905518897637795
21
1.3460538582677164
0
LINE
8
BLACK
6
CONTINUOUS
10
0.7905518897637795
20
1.3460538582677164
11
0.7905518503937008
21
1.3460538976377951
0
LINE
8
BLACK
6
CONTINUOUS
10
0.7905518503937008
20
1.3460538976377951
11
0.790551811023622
21
1.3460539763779527
0
LINE
8
BLACK
6
CONTINUOUS
10
0.790551811023622
20
1.3460539763779527
11
0.7869988582677165
21
1.3496069291338582
0
LINE
8
BLACK
6
CONTINUOUS
10
0.7869988582677165
20
1.3496069291338582
11
0.7869987401574803
21
1.3496070078740157
0
LINE
8
BLACK
6
CONTINUOUS
10
0.7869987401574803
20
1.3496070078740157
11
0.7869987007874015
21
1.3496070472440944
0
LINE
8
BLACK
6
CONTINUOUS
10
0.7869987007874015
20
1.3496070472440944
11
0.7869987401574803
21
1.3496070472440944
0
LINE
8
BLACK
6
CONTINUOUS
10
0.7869987401574803
20
1.3496070472440944
11
0.782521968503937
21
1.3518880314960631
0
LINE
8
BLACK
6
CONTINUOUS
10
0.782521968503937
20
1.3518880314960631
11
0.7825217322834646
21
1.3518881102362204
0
LINE
8
BLACK
6
CONTINUOUS
10
0.7825217322834646
20
1.3518881102362204
11
0.7788076377952756
21
1.3524763779527558
0
LINE
8
BLACK
6
CONTINUOUS
10
0.7788076377952756
20
1.3524763779527558
11
0.7788074015748031
21
1.3524763779527558
0
LINE
8
BLACK
6
CONTINUOUS
10
0.7788074015748031
20
1.3524763779527558
11
0.7408776377952756
21
1.3524763779527558
0
LINE
8
BLACK
6
CONTINUOUS
10
0.7408776377952756
20
1.3524763779527558
11
0.7408773622047244
21
1.3524763779527558
0
LINE
8
BLACK
6
CONTINUOUS
10
0.7408773622047244
20
1.3524763779527558
11
0.7371632677165354
21
1.3518881102362204
0
LINE
8
BLACK
6
CONTINUOUS
10
0.7371632677165354
20
1.3518881102362204
11
0.737163031496063
21
1.3518880314960631
0
LINE
8
BLACK
6
CONTINUOUS
10
0.737163031496063
20
1.3518880314960631
11
0.7326862992125984
21
1.3496070472440944
0
LINE
8
BLACK
6
CONTINUOUS
10
0.7326862992125984
20
1.3496070472440944
11
0.7291331102362204
21
1.3460538582677164
0
LINE
8
BLACK
6
CONTINUOUS
10
0.7291331102362204
20
1.3460538582677164
11
0.7282416929133858
21
1.3443042913385828
0
LINE
8
BLACK
6
CONTINUOUS
10
0.7282416929133858
20
1.3443042913385828
11
0.7265108267716536
21
1.3425734251968504
0
LINE
8
BLACK
6
CONTINUOUS
10
0.7265108267716536
20
1.3425734251968504
11
0.7247127559055118
21
1.3421417322834646
0
LINE
8
BLACK
6
CONTINUOUS
10
0.7247127559055118
20
1.3421417322834646
11
0.6950196850393701
21
1.3421417322834646
0
LINE
8
BLACK
6
CONTINUOUS
10
0.6950196850393701
20
1.3421417322834646
11
0.6926916929133858
21
1.3428981496062993
0
LINE
8
BLACK
6
CONTINUOUS
10
0.6926916929133858
20
1.3428981496062993
11
0.6912529133858267
21
1.3448784645669292
0
LINE
8
BLACK
6
CONTINUOUS
10
0.6912529133858267
20
1.3448784645669292
11
0.6910590551181102
21
1.3461023622047243
0
LINE
8
BLACK
6
CONTINUOUS
10
0.6910590551181102
20
1.3461023622047243
11
0.6910590551181102
21
1.3634531496062992
0
LINE
8
BLACK
6
CONTINUOUS
10
0.6910590551181102
20
1.3634531496062992
11
0.6910590157480315
21
1.3634533464566929
0
LINE
8
BLACK
6
CONTINUOUS
10
0.6910590157480315
20
1.3634533464566929
11
0.6907002755905511
21
1.3657183070866141
0
LINE
8
BLACK
6
CONTINUOUS
10
0.6907002755905511
20
1.3657183070866141
11
0.690470748031496
21
1.3671675196850392
0
LINE
8
BLACK
6
CONTINUOUS
10
0.690470748031496
20
1.3671675196850392
11
0.6900340551181102
21
1.3680245669291338
0
LINE
8
BLACK
6
CONTINUOUS
10
0.6900340551181102
20
1.3680245669291338
11
0.6881896850393701
21
1.3716444094488189
0
LINE
8
BLACK
6
CONTINUOUS
10
0.6881896850393701
20
1.3716444094488189
11
0.6881896456692913
21
1.3716444488188977
0
LINE
8
BLACK
6
CONTINUOUS
10
0.6881896456692913
20
1.3716444488188977
11
0.6881896062992126
21
1.3716445275590552
0
LINE
8
BLACK
6
CONTINUOUS
10
0.6881896062992126
20
1.3716445275590552
11
0.684636653543307
21
1.3751974803149607
0
LINE
8
BLACK
6
CONTINUOUS
10
0.684636653543307
20
1.3751974803149607
11
0.6846365354330709
21
1.375197559055118
0
LINE
8
BLACK
6
CONTINUOUS
10
0.6846365354330709
20
1.375197559055118
11
0.6846364960629922
21
1.3751975984251967
0
LINE
8
BLACK
6
CONTINUOUS
10
0.6846364960629922
20
1.3751975984251967
11
0.6846365354330709
21
1.3751975984251967
0
LINE
8
BLACK
6
CONTINUOUS
10
0.6846365354330709
20
1.3751975984251967
11
0.6801597637795276
21
1.3774785826771654
0
LINE
8
BLACK
6
CONTINUOUS
10
0.6801597637795276
20
1.3774785826771654
11
0.6801595275590551
21
1.3774786614173229
0
LINE
8
BLACK
6
CONTINUOUS
10
0.6801595275590551
20
1.3774786614173229
11
0.6764454330708661
21
1.3780669291338583
0
LINE
8
BLACK
6
CONTINUOUS
10
0.6764454330708661
20
1.3780669291338583
11
0.6764451968503937
21
1.3780669291338583
0
LINE
8
BLACK
6
CONTINUOUS
10
0.6764451968503937
20
1.3780669291338583
11
0.6227674015748031
21
1.3780669291338583
0
LINE
8
BLACK
6
CONTINUOUS
10
0.6227674015748031
20
1.3780669291338583
11
0.622767125984252
21
1.3780669291338583
0
LINE
8
BLACK
6
CONTINUOUS
10
0.622767125984252
20
1.3780669291338583
11
0.6190530314960629
21
1.3774786614173229
0
LINE
8
BLACK
6
CONTINUOUS
10
0.6190530314960629
20
1.3774786614173229
11
0.6190527952755905
21
1.3774785826771654
0
LINE
8
BLACK
6
CONTINUOUS
10
0.6190527952755905
20
1.3774785826771654
11
0.614576062992126
21
1.3751975984251967
0
LINE
8
BLACK
6
CONTINUOUS
10
0.614576062992126
20
1.3751975984251967
11
0.6110228740157481
21
1.3716444094488189
0
LINE
8
BLACK
6
CONTINUOUS
10
0.6110228740157481
20
1.3716444094488189
11
0.6087418897637795
21
1.3671676771653543
0
LINE
8
BLACK
6
CONTINUOUS
10
0.6087418897637795
20
1.3671676771653543
11
0.608741811023622
21
1.367167440944882
0
LINE
8
BLACK
6
CONTINUOUS
10
0.608741811023622
20
1.367167440944882
11
0.6081535433070866
21
1.3634533464566929
0
LINE
8
BLACK
6
CONTINUOUS
10
0.6081535433070866
20
1.3634533464566929
11
0.6081535433070866
21
1.2822159842519685
0
LINE
8
BLACK
6
CONTINUOUS
10
0.6081535433070866
20
1.2822159842519685
11
0.608741811023622
21
1.2785018897637794
0
LINE
8
BLACK
6
CONTINUOUS
10
0.7688267716535433
20
1.2608267716535433
11
0.7775590551181102
21
1.2608267716535433
0
LINE
8
BLACK
6
CONTINUOUS
10
0.7775590551181102
20
1.2608267716535433
11
0.7813256299212599
21
1.2600775590551181
0
LINE
8
BLACK
6
CONTINUOUS
10
0.7813256299212599
20
1.2600775590551181
11
0.784518779527559
21
1.2579439763779527
0
LINE
8
BLACK
6
CONTINUOUS
10
0.784518779527559
20
1.2579439763779527
11
0.7866523622047243
21
1.2547508267716536
0
LINE
8
BLACK
6
CONTINUOUS
10
0.7866523622047243
20
1.2547508267716536
11
0.7874015748031495
21
1.2509842519685039
0
LINE
8
BLACK
6
CONTINUOUS
10
0.7874015748031495
20
1.2509842519685039
11
0.7874015748031495
21
1.2303149606299213
0
LINE
8
BLACK
6
CONTINUOUS
10
0.7874015748031495
20
1.2303149606299213
11
0.7866523622047243
21
1.2265483858267716
0
LINE
8
BLACK
6
CONTINUOUS
10
0.7866523622047243
20
1.2265483858267716
11
0.784518779527559
21
1.2233552362204725
0
LINE
8
BLACK
6
CONTINUOUS
10
0.784518779527559
20
1.2233552362204725
11
0.7813256299212599
21
1.2212216535433071
0
LINE
8
BLACK
6
CONTINUOUS
10
0.7813256299212599
20
1.2212216535433071
11
0.7775590551181102
21
1.2204724409448819
0
LINE
8
BLACK
6
CONTINUOUS
10
0.7775590551181102
20
1.2204724409448819
11
0.7688267716535433
21
1.2204724409448819
0
LINE
8
BLACK
6
CONTINUOUS
10
0.7688267716535433
20
1.2204724409448819
11
0.7688267716535433
21
1.2106299212598426
0
LINE
8
BLACK
6
CONTINUOUS
10
0.7688267716535433
20
1.2106299212598426
11
0.7794420472440945
21
1.2106299212598426
0
LINE
8
BLACK
6
CONTINUOUS
10
0.7794420472440945
20
1.2106299212598426
11
0.7817864173228346
21
1.2108820078740157
0
LINE
8
BLACK
6
CONTINUOUS
10
0.7817864173228346
20
1.2108820078740157
11
0.7817866141732284
21
1.2108820472440944
0
LINE
8
BLACK
6
CONTINUOUS
10
0.7817866141732284
20
1.2108820472440944
11
0.7870899606299212
21
1.2128600393700788
0
LINE
8
BLACK
6
CONTINUOUS
10
0.7870899606299212
20
1.2128600393700788
11
0.7870900393700787
21
1.2128600787401576
0
LINE
8
BLACK
6
CONTINUOUS
10
0.7870900393700787
20
1.2128600787401576
11
0.7916215748031495
21
1.2162524409448818
0
LINE
8
BLACK
6
CONTINUOUS
10
0.7916215748031495
20
1.2162524409448818
11
0.7950138582677165
21
1.2207838976377952
0
LINE
8
BLACK
6
CONTINUOUS
10
0.7950138582677165
20
1.2207838976377952
11
0.7968232283464567
21
1.2256350787401575
0
LINE
8
BLACK
6
CONTINUOUS
10
0.7968232283464567
20
1.2256350787401575
11
0.7983455118110236
21
1.2275519685039369
0
LINE
8
BLACK
6
CONTINUOUS
10
0.7983455118110236
20
1.2275519685039369
11
0.8007037401574802
21
1.2282080314960631
0
LINE
8
BLACK
6
CONTINUOUS
10
0.8007037401574802
20
1.2282080314960631
11
0.8029972440944881
21
1.2273526377952755
0
LINE
8
BLACK
6
CONTINUOUS
10
0.8029972440944881
20
1.2273526377952755
11
0.8033347637795275
21
1.2270516141732284
0
LINE
8
BLACK
6
CONTINUOUS
10
0.8033347637795275
20
1.2270516141732284
11
0.8070651574803149
21
1.2233212204724409
0
LINE
8
BLACK
6
CONTINUOUS
10
0.8070651574803149
20
1.2233212204724409
11
0.8115098818897638
21
1.2210565354330709
0
LINE
8
BLACK
6
CONTINUOUS
10
0.8115098818897638
20
1.2210565354330709
11
0.81151
21
1.2210564960629922
0
LINE
8
BLACK
6
CONTINUOUS
10
0.81151
20
1.2210564960629922
11
0.8151974015748031
21
1.2204724803149607
0
LINE
8
BLACK
6
CONTINUOUS
10
0.8151974015748031
20
1.2204724803149607
11
0.8305826771653543
21
1.2204724803149607
0
LINE
8
BLACK
6
CONTINUOUS
10
0.8305826771653543
20
1.2204724803149607
11
0.8305826771653543
21
1.2303149606299213
0
LINE
8
BLACK
6
CONTINUOUS
10
0.8305826771653543
20
1.2303149606299213
11
0.8164370078740157
21
1.2303149606299213
0
LINE
8
BLACK
6
CONTINUOUS
10
0.8164370078740157
20
1.2303149606299213
11
0.8141770472440945
21
1.2307644881889763
0
LINE
8
BLACK
6
CONTINUOUS
10
0.8141770472440945
20
1.2307644881889763
11
0.8122611811023622
21
1.2320446456692913
0
LINE
8
BLACK
6
CONTINUOUS
10
0.8122611811023622
20
1.2320446456692913
11
0.8109810236220473
21
1.2339605118110235
0
LINE
8
BLACK
6
CONTINUOUS
10
0.8109810236220473
20
1.2339605118110235
11
0.8105314960629921
21
1.2362204724409449
0
LINE
8
BLACK
6
CONTINUOUS
10
0.8105314960629921
20
1.2362204724409449
11
0.8105314960629921
21
1.2480314960629921
0
LINE
8
BLACK
6
CONTINUOUS
10
0.8105314960629921
20
1.2480314960629921
11
0.8109810236220473
21
1.2502914566929133
0
LINE
8
BLACK
6
CONTINUOUS
10
0.8109810236220473
20
1.2502914566929133
11
0.8122611811023622
21
1.2522073228346455
0
LINE
8
BLACK
6
CONTINUOUS
10
0.8122611811023622
20
1.2522073228346455
11
0.8141770472440945
21
1.2534874803149607
0
LINE
8
BLACK
6
CONTINUOUS
10
0.8141770472440945
20
1.2534874803149607
11
0.8164370078740157
21
1.2539370078740157
0
LINE
8
BLACK
6
CONTINUOUS
10
0.8164370078740157
20
1.2539370078740157
11
0.8305826771653543
21
1.2539370078740157
0
LINE
8
BLACK
6
CONTINUOUS
10
0.8305826771653543
20
1.2539370078740157
11
0.8305826771653543
21
1.2637795275590551
0
LINE
8
BLACK
6
CONTINUOUS
10
0.8305826771653543
20
1.2637795275590551
11
0.8151976771653543
21
1.2637795275590551
0
LINE
8
BLACK
6
CONTINUOUS
10
0.8151976771653543
20
1.2637795275590551
11
0.8115098031496063
21
1.2631954724409449
0
LINE
8
BLACK
6
CONTINUOUS
10
0.8115098031496063
20
1.2631954724409449
11
0.8070651574803149
21
1.2609307874015747
0
LINE
8
BLACK
6
CONTINUOUS
10
0.8070651574803149
20
1.2609307874015747
11
0.8035376377952755
21
1.2574032677165354
0
LINE
8
BLACK
6
CONTINUOUS
10
0.8035376377952755
20
1.2574032677165354
11
0.8033772440944882
21
1.2570884645669291
0
LINE
8
BLACK
6
CONTINUOUS
10
0.8033772440944882
20
1.2570884645669291
11
0.8016462992125984
21
1.255357716535433
0
LINE
8
BLACK
6
CONTINUOUS
10
0.8016462992125984
20
1.255357716535433
11
0.7992286220472441
21
1.2549749606299212
0
LINE
8
BLACK
6
CONTINUOUS
10
0.7992286220472441
20
1.2549749606299212
11
0.7970476771653543
21
1.256086338582677
0
LINE
8
BLACK
6
CONTINUOUS
10
0.7970476771653543
20
1.256086338582677
11
0.7961374803149606
21
1.2575027165354331
0
LINE
8
BLACK
6
CONTINUOUS
10
0.7961374803149606
20
1.2575027165354331
11
0.7950138582677165
21
1.2605153543307086
0
LINE
8
BLACK
6
CONTINUOUS
10
0.7950138582677165
20
1.2605153543307086
11
0.7916215748031495
21
1.2650468110236219
0
LINE
8
BLACK
6
CONTINUOUS
10
0.7916215748031495
20
1.2650468110236219
11
0.7870900393700787
21
1.2684391732283464
0
LINE
8
BLACK
6
CONTINUOUS
10
0.7870900393700787
20
1.2684391732283464
11
0.7870899606299212
21
1.2684392125984252
0
LINE
8
BLACK
6
CONTINUOUS
10
0.7870899606299212
20
1.2684392125984252
11
0.7817866141732284
21
1.2704172047244093
0
LINE
8
BLACK
6
CONTINUOUS
10
0.7817866141732284
20
1.2704172047244093
11
0.7817864173228346
21
1.2704172440944881
0
LINE
8
BLACK
6
CONTINUOUS
10
0.7817864173228346
20
1.2704172440944881
11
0.7794420472440945
21
1.2706692913385826
0
LINE
8
BLACK
6
CONTINUOUS
10
0.7794420472440945
20
1.2706692913385826
11
0.7688267716535433
21
1.2706692913385826
0
LINE
8
BLACK
6
CONTINUOUS
10
0.7688267716535433
20
1.2706692913385826
11
0.7688267716535433
21
1.2608267716535433
0
LINE
8
BLACK
6
CONTINUOUS
10
0.8668726771653543
20
1.2320446456692913
11
0.864956811023622
21
1.2307644881889763
0
LINE
8
BLACK
6
CONTINUOUS
10
0.864956811023622
20
1.2307644881889763
11
0.8626968503937008
21
1.2303149606299213
0
LINE
8
BLACK
6
CONTINUOUS
10
0.8626968503937008
20
1.2303149606299213
11
0.8485511811023622
21
1.2303149606299213
0
LINE
8
BLACK
6
CONTINUOUS
10
0.8485511811023622
20
1.2303149606299213
11
0.8485511811023622
21
1.2204724803149607
0
LINE
8
BLACK
6
CONTINUOUS
10
0.8485511811023622
20
1.2204724803149607
11
0.8639361417322834
21
1.2204724803149607
0
LINE
8
BLACK
6
CONTINUOUS
10
0.8639361417322834
20
1.2204724803149607
11
0.8676240157480315
21
1.2210565354330709
0
LINE
8
BLACK
6
CONTINUOUS
10
0.8676240157480315
20
1.2210565354330709
11
0.8720686614173229
21
1.2233212204724409
0
LINE
8
BLACK
6
CONTINUOUS
10
0.8720686614173229
20
1.2233212204724409
11
0.8755961023622048
21
1.2268486614173228
0
LINE
8
BLACK
6
CONTINUOUS
10
0.8755961023622048
20
1.2268486614173228
11
0.8778607874015748
21
1.2312933858267716
0
LINE
8
BLACK
6
CONTINUOUS
10
0.8778607874015748
20
1.2312933858267716
11
0.8778608267716536
21
1.2312934645669291
0
LINE
8
BLACK
6
CONTINUOUS
10
0.8778608267716536
20
1.2312934645669291
11
0.8781536220472441
21
1.2331417322834646
0
LINE
8
BLACK
6
CONTINUOUS
10
0.8781536220472441
20
1.2331417322834646
11
0.867605748031496
21
1.2331417322834646
0
LINE
8
BLACK
6
CONTINUOUS
10
0.867605748031496
20
1.2331417322834646
11
0.8668726771653543
21
1.2320446456692913
0
LINE
8
BLACK
6
CONTINUOUS
10
0.8485511811023622
20
1.2539370078740157
11
0.8626968503937008
21
1.2539370078740157
0
LINE
8
BLACK
6
CONTINUOUS
10
0.8626968503937008
20
1.2539370078740157
11
0.864956811023622
21
1.2534874803149607
0
LINE
8
BLACK
6
CONTINUOUS
10
0.864956811023622
20
1.2534874803149607
11
0.8668726771653543
21
1.2522073228346455
0
LINE
8
BLACK
6
CONTINUOUS
10
0.8668726771653543
20
1.2522073228346455
11
0.867605748031496
21
1.2511102362204725
0
LINE
8
BLACK
6
CONTINUOUS
10
0.867605748031496
20
1.2511102362204725
11
0.8781535433070866
21
1.2511102362204725
0
LINE
8
BLACK
6
CONTINUOUS
10
0.8781535433070866
20
1.2511102362204725
11
0.8778607874015748
21
1.2529587007874015
0
LINE
8
BLACK
6
CONTINUOUS
10
0.8778607874015748
20
1.2529587007874015
11
0.8755961023622048
21
1.2574033464566929
0
LINE
8
BLACK
6
CONTINUOUS
10
0.8755961023622048
20
1.2574033464566929
11
0.8720686614173229
21
1.2609307874015747
0
LINE
8
BLACK
6
CONTINUOUS
10
0.8720686614173229
20
1.2609307874015747
11
0.867623937007874
21
1.2631954724409449
0
LINE
8
BLACK
6
CONTINUOUS
10
0.867623937007874
20
1.2631954724409449
11
0.8676238188976377
21
1.2631955118110236
0
LINE
8
BLACK
6
CONTINUOUS
10
0.8676238188976377
20
1.2631955118110236
11
0.8639364960629921
21
1.2637795275590551
0
LINE
8
BLACK
6
CONTINUOUS
10
0.8639364960629921
20
1.2637795275590551
11
0.8485511811023622
21
1.2637795275590551
0
LINE
8
BLACK
6
CONTINUOUS
10
0.8485511811023622
20
1.2637795275590551
11
0.8485511811023622
21
1.2539370078740157
0
LINE
8
BLACK
6
CONTINUOUS
10
0.7224409448818897
20
1.3859123228346457
11
0.7226929921259843
21
1.3835679133858267
0
LINE
8
BLACK
6
CONTINUOUS
10
0.7226929921259843
20
1.3835679133858267
11
0.722693031496063
21
1.383567716535433
0
LINE
8
BLACK
6
CONTINUOUS
10
0.722693031496063
20
1.383567716535433
11
0.7246710236220473
21
1.37826437007874
0
LINE
8
BLACK
6
CONTINUOUS
10
0.7246710236220473
20
1.37826437007874
11
0.7246710629921259
21
1.3782642913385827
0
LINE
8
BLACK
6
CONTINUOUS
10
0.7246710629921259
20
1.3782642913385827
11
0.7280634251968504
21
1.3737327559055117
0
LINE
8
BLACK
6
CONTINUOUS
10
0.7280634251968504
20
1.3737327559055117
11
0.7325949606299212
21
1.3703403937007874
0
LINE
8
BLACK
6
CONTINUOUS
10
0.7325949606299212
20
1.3703403937007874
11
0.7325950393700787
21
1.3703403543307087
0
LINE
8
BLACK
6
CONTINUOUS
10
0.7325950393700787
20
1.3703403543307087
11
0.7378983858267716
21
1.3683623622047243
0
LINE
8
BLACK
6
CONTINUOUS
10
0.7378983858267716
20
1.3683623622047243
11
0.7378985826771653
21
1.3683623228346455
0
LINE
8
BLACK
6
CONTINUOUS
10
0.7378985826771653
20
1.3683623228346455
11
0.7402429921259842
21
1.3681102362204725
0
LINE
8
BLACK
6
CONTINUOUS
10
0.7402429921259842
20
1.3681102362204725
11
0.7508582677165354
21
1.3681102362204725
0
LINE
8
BLACK
6
CONTINUOUS
10
0.7508582677165354
20
1.3681102362204725
11
0.7508582677165354
21
1.3779527559055118
0
LINE
8
BLACK
6
CONTINUOUS
10
0.7508582677165354
20
1.3779527559055118
11
0.7421259842519685
21
1.3779527559055118
0
LINE
8
BLACK
6
CONTINUOUS
10
0.7421259842519685
20
1.3779527559055118
11
0.7383594094488188
21
1.378701968503937
0
LINE
8
BLACK
6
CONTINUOUS
10
0.7383594094488188
20
1.378701968503937
11
0.7351662598425197
21
1.3808355511811023
0
LINE
8
BLACK
6
CONTINUOUS
10
0.7351662598425197
20
1.3808355511811023
11
0.7330326771653544
21
1.3840287007874015
0
LINE
8
BLACK
6
CONTINUOUS
10
0.7330326771653544
20
1.3840287007874015
11
0.7322834645669292
21
1.3877952755905512
0
LINE
8
BLACK
6
CONTINUOUS
10
0.7322834645669292
20
1.3877952755905512
11
0.7322834645669292
21
1.3891456692913386
0
LINE
8
BLACK
6
CONTINUOUS
10
0.7322834645669292
20
1.3891456692913386
11
0.7224409448818897
21
1.3891456692913386
0
LINE
8
BLACK
6
CONTINUOUS
10
0.7224409448818897
20
1.3891456692913386
11
0.7224409448818897
21
1.3859123228346457
0
LINE
8
BLACK
6
CONTINUOUS
10
0.7688267716535433
20
1.4183070866141732
11
0.7775590551181102
21
1.4183070866141732
0
LINE
8
BLACK
6
CONTINUOUS
10
0.7775590551181102
20
1.4183070866141732
11
0.7813256299212599
21
1.417557874015748
0
LINE
8
BLACK
6
CONTINUOUS
10
0.7813256299212599
20
1.417557874015748
11
0.784518779527559
21
1.4154242913385826
0
LINE
8
BLACK
6
CONTINUOUS
10
0.784518779527559
20
1.4154242913385826
11
0.7866523622047243
21
1.4122311417322835
0
LINE
8
BLACK
6
CONTINUOUS
10
0.7866523622047243
20
1.4122311417322835
11
0.7874015748031495
21
1.4084645669291338
0
LINE
8
BLACK
6
CONTINUOUS
10
0.7874015748031495
20
1.4084645669291338
11
0.7874015748031495
21
1.3877952755905512
0
LINE
8
BLACK
6
CONTINUOUS
10
0.7874015748031495
20
1.3877952755905512
11
0.7866523622047243
21
1.3840287007874015
0
LINE
8
BLACK
6
CONTINUOUS
10
0.7866523622047243
20
1.3840287007874015
11
0.784518779527559
21
1.3808355511811023
0
LINE
8
BLACK
6
CONTINUOUS
10
0.784518779527559
20
1.3808355511811023
11
0.7813256299212599
21
1.378701968503937
0
LINE
8
BLACK
6
CONTINUOUS
10
0.7813256299212599
20
1.378701968503937
11
0.7775590551181102
21
1.3779527559055118
0
LINE
8
BLACK
6
CONTINUOUS
10
0.7775590551181102
20
1.3779527559055118
11
0.7688267716535433
21
1.3779527559055118
0
LINE
8
BLACK
6
CONTINUOUS
10
0.7688267716535433
20
1.3779527559055118
11
0.7688267716535433
21
1.3681102362204725
0
LINE
8
BLACK
6
CONTINUOUS
10
0.7688267716535433
20
1.3681102362204725
11
0.7794420472440945
21
1.3681102362204725
0
LINE
8
BLACK
6
CONTINUOUS
10
0.7794420472440945
20
1.3681102362204725
11
0.7817864173228346
21
1.3683623228346455
0
LINE
8
BLACK
6
CONTINUOUS
10
0.7817864173228346
20
1.3683623228346455
11
0.7817866141732284
21
1.3683623622047243
0
LINE
8
BLACK
6
CONTINUOUS
10
0.7817866141732284
20
1.3683623622047243
11
0.7870899606299212
21
1.3703403543307087
0
LINE
8
BLACK
6
CONTINUOUS
10
0.7870899606299212
20
1.3703403543307087
11
0.7870900393700787
21
1.3703403937007874
0
LINE
8
BLACK
6
CONTINUOUS
10
0.7870900393700787
20
1.3703403937007874
11
0.7916215748031495
21
1.3737327559055117
0
LINE
8
BLACK
6
CONTINUOUS
10
0.7916215748031495
20
1.3737327559055117
11
0.795013937007874
21
1.3782642913385827
0
LINE
8
BLACK
6
CONTINUOUS
10
0.795013937007874
20
1.3782642913385827
11
0.7950139763779528
21
1.37826437007874
0
LINE
8
BLACK
6
CONTINUOUS
10
0.7950139763779528
20
1.37826437007874
11
0.7969919685039369
21
1.383567716535433
0
LINE
8
BLACK
6
CONTINUOUS
10
0.7969919685039369
20
1.383567716535433
11
0.7969920078740157
21
1.3835679133858267
0
LINE
8
BLACK
6
CONTINUOUS
10
0.7969920078740157
20
1.3835679133858267
11
0.7970342913385826
21
1.3839609055118109
0
LINE
8
BLACK
6
CONTINUOUS
10
0.7970342913385826
20
1.3839609055118109
11
0.7980352362204725
21
1.3861947244094488
0
LINE
8
BLACK
6
CONTINUOUS
10
0.7980352362204725
20
1.3861947244094488
11
0.8001579921259843
21
1.3874135826771654
0
LINE
8
BLACK
6
CONTINUOUS
10
0.8001579921259843
20
1.3874135826771654
11
0.8025917716535433
21
1.3871519291338583
0
LINE
8
BLACK
6
CONTINUOUS
10
0.8025917716535433
20
1.3871519291338583
11
0.8044069291338583
21
1.3855097244094488
0
LINE
8
BLACK
6
CONTINUOUS
10
0.8044069291338583
20
1.3855097244094488
11
0.8045012204724409
21
1.3853356299212598
0
LINE
8
BLACK
6
CONTINUOUS
10
0.8045012204724409
20
1.3853356299212598
11
0.8050141338582677
21
1.384328937007874
0
LINE
8
BLACK
6
CONTINUOUS
10
0.8050141338582677
20
1.384328937007874
11
0.8085415354330708
21
1.3808015354330709
0
LINE
8
BLACK
6
CONTINUOUS
10
0.8085415354330708
20
1.3808015354330709
11
0.8129862598425197
21
1.3785368503937008
0
LINE
8
BLACK
6
CONTINUOUS
10
0.8129862598425197
20
1.3785368503937008
11
0.8129863779527559
21
1.378536811023622
0
LINE
8
BLACK
6
CONTINUOUS
10
0.8129863779527559
20
1.378536811023622
11
0.816673779527559
21
1.3779527952755906
0
LINE
8
BLACK
6
CONTINUOUS
10
0.816673779527559
20
1.3779527952755906
11
0.8320590551181102
21
1.3779527952755906
0
LINE
8
BLACK
6
CONTINUOUS
10
0.8320590551181102
20
1.3779527952755906
11
0.8320590551181102
21
1.3877952755905512
0
LINE
8
BLACK
6
CONTINUOUS
10
0.8320590551181102
20
1.3877952755905512
11
0.8179133858267716
21
1.3877952755905512
0
LINE
8
BLACK
6
CONTINUOUS
10
0.8179133858267716
20
1.3877952755905512
11
0.8156534251968504
21
1.3882448031496062
0
LINE
8
BLACK
6
CONTINUOUS
10
0.8156534251968504
20
1.3882448031496062
11
0.8137375590551181
21
1.3895249606299211
0
LINE
8
BLACK
6
CONTINUOUS
10
0.8137375590551181
20
1.3895249606299211
11
0.8124574015748032
21
1.3914408267716536
0
LINE
8
BLACK
6
CONTINUOUS
10
0.8124574015748032
20
1.3914408267716536
11
0.812007874015748
21
1.3937007874015748
0
LINE
8
BLACK
6
CONTINUOUS
10
0.812007874015748
20
1.3937007874015748
11
0.812007874015748
21
1.405511811023622
0
LINE
8
BLACK
6
CONTINUOUS
10
0.812007874015748
20
1.405511811023622
11
0.8124574015748032
21
1.4077717716535432
0
LINE
8
BLACK
6
CONTINUOUS
10
0.8124574015748032
20
1.4077717716535432
11
0.8137375590551181
21
1.4096876377952756
0
LINE
8
BLACK
6
CONTINUOUS
10
0.8137375590551181
20
1.4096876377952756
11
0.8156534251968504
21
1.4109677952755906
0
LINE
8
BLACK
6
CONTINUOUS
10
0.8156534251968504
20
1.4109677952755906
11
0.8179133858267716
21
1.4114173228346456
0
LINE
8
BLACK
6
CONTINUOUS
10
0.8179133858267716
20
1.4114173228346456
11
0.8320590551181102
21
1.4114173228346456
0
LINE
8
BLACK
6
CONTINUOUS
10
0.8320590551181102
20
1.4114173228346456
11
0.8320590551181102
21
1.421259842519685
0
LINE
8
BLACK
6
CONTINUOUS
10
0.8320590551181102
20
1.421259842519685
11
0.8166740551181102
21
1.421259842519685
0
LINE
8
BLACK
6
CONTINUOUS
10
0.8166740551181102
20
1.421259842519685
11
0.8129861811023622
21
1.4206757874015747
0
LINE
8
BLACK
6
CONTINUOUS
10
0.8129861811023622
20
1.4206757874015747
11
0.8085415354330708
21
1.4184111023622048
0
LINE
8
BLACK
6
CONTINUOUS
10
0.8085415354330708
20
1.4184111023622048
11
0.8050141338582677
21
1.4148837007874016
0
LINE
8
BLACK
6
CONTINUOUS
10
0.8050141338582677
20
1.4148837007874016
11
0.8040013385826772
21
1.4128959842519684
0
LINE
8
BLACK
6
CONTINUOUS
10
0.8040013385826772
20
1.4128959842519684
11
0.8022704330708661
21
1.411165157480315
0
LINE
8
BLACK
6
CONTINUOUS
10
0.8022704330708661
20
1.411165157480315
11
0.7998527559055117
21
1.4107822834645669
0
LINE
8
BLACK
6
CONTINUOUS
10
0.7998527559055117
20
1.4107822834645669
11
0.7976717716535433
21
1.4118935826771652
0
LINE
8
BLACK
6
CONTINUOUS
10
0.7976717716535433
20
1.4118935826771652
11
0.7967614566929133
21
1.4133100787401573
0
LINE
8
BLACK
6
CONTINUOUS
10
0.7967614566929133
20
1.4133100787401573
11
0.7950138582677165
21
1.4179956692913385
0
LINE
8
BLACK
6
CONTINUOUS
10
0.7950138582677165
20
1.4179956692913385
11
0.7916215748031495
21
1.422527125984252
0
LINE
8
BLACK
6
CONTINUOUS
10
0.7916215748031495
20
1.422527125984252
11
0.7870900393700787
21
1.4259194881889763
0
LINE
8
BLACK
6
CONTINUOUS
10
0.7870900393700787
20
1.4259194881889763
11
0.7870899606299212
21
1.425919527559055
0
LINE
8
BLACK
6
CONTINUOUS
10
0.7870899606299212
20
1.425919527559055
11
0.7817866141732284
21
1.4278975196850394
0
LINE
8
BLACK
6
CONTINUOUS
10
0.7817866141732284
20
1.4278975196850394
11
0.7817864173228346
21
1.4278975590551182
0
LINE
8
BLACK
6
CONTINUOUS
10
0.7817864173228346
20
1.4278975590551182
11
0.7794420472440945
21
1.4281496062992125
0
LINE
8
BLACK
6
CONTINUOUS
10
0.7794420472440945
20
1.4281496062992125
11
0.7688267716535433
21
1.4281496062992125
0
LINE
8
BLACK
6
CONTINUOUS
10
0.7688267716535433
20
1.4281496062992125
11
0.7688267716535433
21
1.4183070866141732
0
LINE
8
BLACK
6
CONTINUOUS
10
0.8683490551181102
20
1.3895249606299211
11
0.8664331889763779
21
1.3882448031496062
0
LINE
8
BLACK
6
CONTINUOUS
10
0.8664331889763779
20
1.3882448031496062
11
0.8641732283464567
21
1.3877952755905512
0
LINE
8
BLACK
6
CONTINUOUS
10
0.8641732283464567
20
1.3877952755905512
11
0.8500275590551181
21
1.3877952755905512
0
LINE
8
BLACK
6
CONTINUOUS
10
0.8500275590551181
20
1.3877952755905512
11
0.8500275590551181
21
1.3779527952755906
0
LINE
8
BLACK
6
CONTINUOUS
10
0.8500275590551181
20
1.3779527952755906
11
0.8654125196850394
21
1.3779527952755906
0
LINE
8
BLACK
6
CONTINUOUS
10
0.8654125196850394
20
1.3779527952755906
11
0.8691003937007874
21
1.3785368503937008
0
LINE
8
BLACK
6
CONTINUOUS
10
0.8691003937007874
20
1.3785368503937008
11
0.8735450393700788
21
1.3808015354330709
0
LINE
8
BLACK
6
CONTINUOUS
10
0.8735450393700788
20
1.3808015354330709
11
0.8770724803149607
21
1.3843289763779527
0
LINE
8
BLACK
6
CONTINUOUS
10
0.8770724803149607
20
1.3843289763779527
11
0.8793371653543307
21
1.3887737007874015
0
LINE
8
BLACK
6
CONTINUOUS
10
0.8793371653543307
20
1.3887737007874015
11
0.8793372047244095
21
1.388773779527559
0
LINE
8
BLACK
6
CONTINUOUS
10
0.8793372047244095
20
1.388773779527559
11
0.87963
21
1.3906220472440944
0
LINE
8
BLACK
6
CONTINUOUS
10
0.87963
20
1.3906220472440944
11
0.8690821259842519
21
1.3906220472440944
0
LINE
8
BLACK
6
CONTINUOUS
10
0.8690821259842519
20
1.3906220472440944
11
0.8683490551181102
21
1.3895249606299211
0
LINE
8
BLACK
6
CONTINUOUS
10
0.8500275590551181
20
1.4114173228346456
11
0.8641732283464567
21
1.4114173228346456
0
LINE
8
BLACK
6
CONTINUOUS
10
0.8641732283464567
20
1.4114173228346456
11
0.8664331889763779
21
1.4109677952755906
0
LINE
8
BLACK
6
CONTINUOUS
10
0.8664331889763779
20
1.4109677952755906
11
0.8683490551181102
21
1.4096876377952756
0
LINE
8
BLACK
6
CONTINUOUS
10
0.8683490551181102
20
1.4096876377952756
11
0.8690821259842519
21
1.4085905511811023
0
LINE
8
BLACK
6
CONTINUOUS
10
0.8690821259842519
20
1.4085905511811023
11
0.8796299212598425
21
1.4085905511811023
0
LINE
8
BLACK
6
CONTINUOUS
10
0.8796299212598425
20
1.4085905511811023
11
0.8793371653543307
21
1.4104390157480315
0
LINE
8
BLACK
6
CONTINUOUS
10
0.8793371653543307
20
1.4104390157480315
11
0.8770724803149607
21
1.4148836614173228
0
LINE
8
BLACK
6
CONTINUOUS
10
0.8770724803149607
20
1.4148836614173228
11
0.8735450393700788
21
1.4184111023622048
0
LINE
8
BLACK
6
CONTINUOUS
10
0.8735450393700788
20
1.4184111023622048
11
0.8691003149606299
21
1.4206757874015747
0
LINE
8
BLACK
6
CONTINUOUS
10
0.8691003149606299
20
1.4206757874015747
11
0.8691001968503936
21
1.4206758267716535
0
LINE
8
BLACK
6
CONTINUOUS
10
0.8691001968503936
20
1.4206758267716535
11
0.865412874015748
21
1.421259842519685
0
LINE
8
BLACK
6
CONTINUOUS
10
0.865412874015748
20
1.421259842519685
11
0.8500275590551181
21
1.421259842519685
0
LINE
8
BLACK
6
CONTINUOUS
10
0.8500275590551181
20
1.421259842519685
11
0.8500275590551181
21
1.4114173228346456
0
LINE
8
BLACK
6
CONTINUOUS
10
0.6043307086614174
20
1.4390619291338582
11
0.6045827559055118
21
1.4367175196850392
0
LINE
8
BLACK
6
CONTINUOUS
10
0.6045827559055118
20
1.4367175196850392
11
0.6045827952755906
21
1.4367173228346457
0
LINE
8
BLACK
6
CONTINUOUS
10
0.6045827952755906
20
1.4367173228346457
11
0.6065607874015748
21
1.4314139763779528
0
LINE
8
BLACK
6
CONTINUOUS
10
0.6065607874015748
20
1.4314139763779528
11
0.6065608267716536
21
1.4314138976377953
0
LINE
8
BLACK
6
CONTINUOUS
10
0.6065608267716536
20
1.4314138976377953
11
0.609953188976378
21
1.4268823622047244
0
LINE
8
BLACK
6
CONTINUOUS
10
0.609953188976378
20
1.4268823622047244
11
0.6144847244094488
21
1.4234899999999999
0
LINE
8
BLACK
6
CONTINUOUS
10
0.6144847244094488
20
1.4234899999999999
11
0.6144848031496063
21
1.4234899606299212
0
LINE
8
BLACK
6
CONTINUOUS
10
0.6144848031496063
20
1.4234899606299212
11
0.6197881496062992
21
1.421511968503937
0
LINE
8
BLACK
6
CONTINUOUS
10
0.6197881496062992
20
1.421511968503937
11
0.6197883464566929
21
1.4215119291338583
0
LINE
8
BLACK
6
CONTINUOUS
10
0.6197883464566929
20
1.4215119291338583
11
0.6221327559055118
21
1.421259842519685
0
LINE
8
BLACK
6
CONTINUOUS
10
0.6221327559055118
20
1.421259842519685
11
0.6406220472440944
21
1.421259842519685
0
LINE
8
BLACK
6
CONTINUOUS
10
0.6406220472440944
20
1.421259842519685
11
0.6406220472440944
21
1.4311023622047243
0
LINE
8
BLACK
6
CONTINUOUS
10
0.6406220472440944
20
1.4311023622047243
11
0.6240157480314961
21
1.4311023622047243
0
LINE
8
BLACK
6
CONTINUOUS
10
0.6240157480314961
20
1.4311023622047243
11
0.6202491732283465
21
1.4318515748031495
0
LINE
8
BLACK
6
CONTINUOUS
10
0.6202491732283465
20
1.4318515748031495
11
0.6170560236220473
21
1.4339851574803149
0
LINE
8
BLACK
6
CONTINUOUS
10
0.6170560236220473
20
1.4339851574803149
11
0.6149224409448819
21
1.4371783070866142
0
LINE
8
BLACK
6
CONTINUOUS
10
0.6149224409448819
20
1.4371783070866142
11
0.6141732283464567
21
1.4409448818897637
0
LINE
8
BLACK
6
CONTINUOUS
10
0.6141732283464567
20
1.4409448818897637
11
0.6141732283464567
21
1.4713307086614174
0
LINE
8
BLACK
6
CONTINUOUS
10
0.6141732283464567
20
1.4713307086614174
11
0.6043307086614174
21
1.4713307086614174
0
LINE
8
BLACK
6
CONTINUOUS
10
0.6043307086614174
20
1.4713307086614174
11
0.6043307086614174
21
1.4390619291338582
0
LINE
8
BLACK
6
CONTINUOUS
10
0.6850393700787402
20
1.4409448818897637
11
0.684290157480315
21
1.4371783070866142
0
LINE
8
BLACK
6
CONTINUOUS
10
0.684290157480315
20
1.4371783070866142
11
0.6821565748031496
21
1.4339851574803149
0
LINE
8
BLACK
6
CONTINUOUS
10
0.6821565748031496
20
1.4339851574803149
11
0.6789634251968504
21
1.4318515748031495
0
LINE
8
BLACK
6
CONTINUOUS
10
0.6789634251968504
20
1.4318515748031495
11
0.6751968503937008
21
1.4311023622047243
0
LINE
8
BLACK
6
CONTINUOUS
10
0.6751968503937008
20
1.4311023622047243
11
0.6585905511811023
21
1.4311023622047243
0
LINE
8
BLACK
6
CONTINUOUS
10
0.6585905511811023
20
1.4311023622047243
11
0.6585905511811023
21
1.421259842519685
0
LINE
8
BLACK
6
CONTINUOUS
10
0.6585905511811023
20
1.421259842519685
11
0.677079842519685
21
1.421259842519685
0
LINE
8
BLACK
6
CONTINUOUS
10
0.677079842519685
20
1.421259842519685
11
0.6794242125984252
21
1.4215119291338583
0
LINE
8
BLACK
6
CONTINUOUS
10
0.6794242125984252
20
1.4215119291338583
11
0.6794244094488189
21
1.421511968503937
0
LINE
8
BLACK
6
CONTINUOUS
10
0.6794244094488189
20
1.421511968503937
11
0.6847277559055118
21
1.4234899606299212
0
LINE
8
BLACK
6
CONTINUOUS
10
0.6847277559055118
20
1.4234899606299212
11
0.6847278346456693
21
1.4234899999999999
0
LINE
8
BLACK
6
CONTINUOUS
10
0.6847278346456693
20
1.4234899999999999
11
0.6892593700787402
21
1.4268823622047244
0
LINE
8
BLACK
6
CONTINUOUS
10
0.6892593700787402
20
1.4268823622047244
11
0.6926517322834645
21
1.4314138976377953
0
LINE
8
BLACK
6
CONTINUOUS
10
0.6926517322834645
20
1.4314138976377953
11
0.6926517716535433
21
1.4314139763779528
0
LINE
8
BLACK
6
CONTINUOUS
10
0.6926517716535433
20
1.4314139763779528
11
0.6946297637795276
21
1.4367173228346457
0
LINE
8
BLACK
6
CONTINUOUS
10
0.6946297637795276
20
1.4367173228346457
11
0.6946298031496063
21
1.4367175196850392
0
LINE
8
BLACK
6
CONTINUOUS
10
0.6946298031496063
20
1.4367175196850392
11
0.6948818897637795
21
1.4390619291338582
0
LINE
8
BLACK
6
CONTINUOUS
10
0.6948818897637795
20
1.4390619291338582
11
0.6948818897637795
21
1.4713307086614174
0
LINE
8
BLACK
6
CONTINUOUS
10
0.6948818897637795
20
1.4713307086614174
11
0.6850393700787402
21
1.4713307086614174
0
LINE
8
BLACK
6
CONTINUOUS
10
0.6850393700787402
20
1.4713307086614174
11
0.6850393700787402
21
1.4409448818897637
0
LINE
8
BLACK
6
CONTINUOUS
10
0.7303149606299213
20
1.487290275590551
11
0.7305670078740157
21
1.4849458661417323
0
LINE
8
BLACK
6
CONTINUOUS
10
0.7305670078740157
20
1.4849458661417323
11
0.7305670472440945
21
1.4849456692913385
0
LINE
8
BLACK
6
CONTINUOUS
10
0.7305670472440945
20
1.4849456692913385
11
0.7325450393700788
21
1.4796423228346456
0
LINE
8
BLACK
6
CONTINUOUS
10
0.7325450393700788
20
1.4796423228346456
11
0.7325450787401575
21
1.4796422440944881
0
LINE
8
BLACK
6
CONTINUOUS
10
0.7325450787401575
20
1.4796422440944881
11
0.7359374409448819
21
1.4751107086614172
0
LINE
8
BLACK
6
CONTINUOUS
10
0.7359374409448819
20
1.4751107086614172
11
0.7404689763779527
21
1.471718346456693
0
LINE
8
BLACK
6
CONTINUOUS
10
0.7404689763779527
20
1.471718346456693
11
0.7404690551181102
21
1.4717183070866142
0
LINE
8
BLACK
6
CONTINUOUS
10
0.7404690551181102
20
1.4717183070866142
11
0.7457724015748032
21
1.4697403149606298
0
LINE
8
BLACK
6
CONTINUOUS
10
0.7457724015748032
20
1.4697403149606298
11
0.7457725984251968
21
1.4697402755905511
0
LINE
8
BLACK
6
CONTINUOUS
10
0.7457725984251968
20
1.4697402755905511
11
0.7481170078740157
21
1.469488188976378
0
LINE
8
BLACK
6
CONTINUOUS
10
0.7481170078740157
20
1.469488188976378
11
0.7508582677165354
21
1.469488188976378
0
LINE
8
BLACK
6
CONTINUOUS
10
0.7508582677165354
20
1.469488188976378
11
0.7508582677165354
21
1.4793307086614174
0
LINE
8
BLACK
6
CONTINUOUS
10
0.7508582677165354
20
1.4793307086614174
11
0.75
21
1.4793307086614174
0
LINE
8
BLACK
6
CONTINUOUS
10
0.75
20
1.4793307086614174
11
0.7462334251968504
21
1.4800799212598426
0
LINE
8
BLACK
6
CONTINUOUS
10
0.7462334251968504
20
1.4800799212598426
11
0.7430402755905512
21
1.4822135039370079
0
LINE
8
BLACK
6
CONTINUOUS
10
0.7430402755905512
20
1.4822135039370079
11
0.7409066929133858
21
1.485406653543307
0
LINE
8
BLACK
6
CONTINUOUS
10
0.7409066929133858
20
1.485406653543307
11
0.7401574803149606
21
1.4891732283464567
0
LINE
8
BLACK
6
CONTINUOUS
10
0.7401574803149606
20
1.4891732283464567
11
0.7401574803149606
21
1.4988897637795275
0
LINE
8
BLACK
6
CONTINUOUS
10
0.7401574803149606
20
1.4988897637795275
11
0.7303149606299213
21
1.4988897637795275
0
LINE
8
BLACK
6
CONTINUOUS
10
0.7303149606299213
20
1.4988897637795275
11
0.7303149606299213
21
1.487290275590551
0
LINE
8
BLACK
6
CONTINUOUS
10
0.7795275590551181
20
1.4891732283464567
11
0.7787783464566929
21
1.485406653543307
0
LINE
8
BLACK
6
CONTINUOUS
10
0.7787783464566929
20
1.485406653543307
11
0.7766447637795275
21
1.4822135039370079
0
LINE
8
BLACK
6
CONTINUOUS
10
0.7766447637795275
20
1.4822135039370079
11
0.7734516141732283
21
1.4800799212598426
0
LINE
8
BLACK
6
CONTINUOUS
10
0.7734516141732283
20
1.4800799212598426
11
0.7696850393700787
21
1.4793307086614174
0
LINE
8
BLACK
6
CONTINUOUS
10
0.7696850393700787
20
1.4793307086614174
11
0.7688267716535433
21
1.4793307086614174
0
LINE
8
BLACK
6
CONTINUOUS
10
0.7688267716535433
20
1.4793307086614174
11
0.7688267716535433
21
1.469488188976378
0
LINE
8
BLACK
6
CONTINUOUS
10
0.7688267716535433
20
1.469488188976378
11
0.771568031496063
21
1.469488188976378
0
LINE
8
BLACK
6
CONTINUOUS
10
0.771568031496063
20
1.469488188976378
11
0.7739124015748031
21
1.4697402755905511
0
LINE
8
BLACK
6
CONTINUOUS
10
0.7739124015748031
20
1.4697402755905511
11
0.7739125984251969
21
1.4697403149606298
0
LINE
8
BLACK
6
CONTINUOUS
10
0.7739125984251969
20
1.4697403149606298
11
0.7792159448818897
21
1.4717183070866142
0
LINE
8
BLACK
6
CONTINUOUS
10
0.7792159448818897
20
1.4717183070866142
11
0.7792160236220472
21
1.471718346456693
0
LINE
8
BLACK
6
CONTINUOUS
10
0.7792160236220472
20
1.471718346456693
11
0.7837475590551181
21
1.4751107086614172
0
LINE
8
BLACK
6
CONTINUOUS
10
0.7837475590551181
20
1.4751107086614172
11
0.7871399212598426
21
1.4796422440944881
0
LINE
8
BLACK
6
CONTINUOUS
10
0.7871399212598426
20
1.4796422440944881
11
0.7871399606299212
21
1.4796423228346456
0
LINE
8
BLACK
6
CONTINUOUS
10
0.7871399606299212
20
1.4796423228346456
11
0.7891179527559055
21
1.4849456692913385
0
LINE
8
BLACK
6
CONTINUOUS
10
0.7891179527559055
20
1.4849456692913385
11
0.7891179921259842
21
1.4849458661417323
0
LINE
8
BLACK
6
CONTINUOUS
10
0.7891179921259842
20
1.4849458661417323
11
0.7893700787401574
21
1.487290275590551
0
LINE
8
BLACK
6
CONTINUOUS
10
0.7893700787401574
20
1.487290275590551
11
0.7893700787401574
21
1.4988897637795275
0
LINE
8
BLACK
6
CONTINUOUS
10
0.7893700787401574
20
1.4988897637795275
11
0.7795275590551181
21
1.4988897637795275
0
LINE
8
BLACK
6
CONTINUOUS
10
0.7795275590551181
20
1.4988897637795275
11
0.7795275590551181
21
1.4891732283464567
0
LINE
8
BLACK
6
CONTINUOUS
10
0.9429133858267716
20
1.487290275590551
11
0.9431654330708661
21
1.4849458661417323
0
LINE
8
BLACK
6
CONTINUOUS
10
0.9431654330708661
20
1.4849458661417323
11
0.9431654724409448
21
1.4849456692913385
0
LINE
8
BLACK
6
CONTINUOUS
10
0.9431654724409448
20
1.4849456692913385
11
0.9451434645669291
21
1.4796423228346456
0
LINE
8
BLACK
6
CONTINUOUS
10
0.9451434645669291
20
1.4796423228346456
11
0.9451435039370079
21
1.4796422440944881
0
LINE
8
BLACK
6
CONTINUOUS
10
0.9451435039370079
20
1.4796422440944881
11
0.9480213779527559
21
1.4757979527559055
0
LINE
8
BLACK
6
CONTINUOUS
10
0.9480213779527559
20
1.4757979527559055
11
0.9482975984251968
21
1.4749873228346457
0
LINE
8
BLACK
6
CONTINUOUS
10
0.9482975984251968
20
1.4749873228346457
11
0.9492231102362204
21
1.474596220472441
0
LINE
8
BLACK
6
CONTINUOUS
10
0.9492231102362204
20
1.474596220472441
11
0.9530674015748031
21
1.471718346456693
0
LINE
8
BLACK
6
CONTINUOUS
10
0.9530674015748031
20
1.471718346456693
11
0.9530674803149606
21
1.4717183070866142
0
LINE
8
BLACK
6
CONTINUOUS
10
0.9530674803149606
20
1.4717183070866142
11
0.9583708267716535
21
1.4697403149606298
0
LINE
8
BLACK
6
CONTINUOUS
10
0.9583708267716535
20
1.4697403149606298
11
0.9583710236220472
21
1.4697402755905511
0
LINE
8
BLACK
6
CONTINUOUS
10
0.9583710236220472
20
1.4697402755905511
11
0.9607154330708662
21
1.469488188976378
0
LINE
8
BLACK
6
CONTINUOUS
10
0.9607154330708662
20
1.469488188976378
11
0.9634566929133858
21
1.469488188976378
0
LINE
8
BLACK
6
CONTINUOUS
10
0.9634566929133858
20
1.469488188976378
11
0.9634566929133858
21
1.4793307086614174
0
LINE
8
BLACK
6
CONTINUOUS
10
0.9634566929133858
20
1.4793307086614174
11
0.9625984251968503
21
1.4793307086614174
0
LINE
8
BLACK
6
CONTINUOUS
10
0.9625984251968503
20
1.4793307086614174
11
0.9588318503937008
21
1.4800799212598426
0
LINE
8
BLACK
6
CONTINUOUS
10
0.9588318503937008
20
1.4800799212598426
11
0.9556387007874015
21
1.4822135039370079
0
LINE
8
BLACK
6
CONTINUOUS
10
0.9556387007874015
20
1.4822135039370079
11
0.9535051181102362
21
1.485406653543307
0
LINE
8
BLACK
6
CONTINUOUS
10
0.9535051181102362
20
1.485406653543307
11
0.952755905511811
21
1.4891732283464567
0
LINE
8
BLACK
6
CONTINUOUS
10
0.952755905511811
20
1.4891732283464567
11
0.952755905511811
21
1.4988897637795275
0
LINE
8
BLACK
6
CONTINUOUS
10
0.952755905511811
20
1.4988897637795275
11
0.9429133858267716
21
1.4988897637795275
0
LINE
8
BLACK
6
CONTINUOUS
10
0.9429133858267716
20
1.4988897637795275
11
0.9429133858267716
21
1.487290275590551
0
LINE
8
BLACK
6
CONTINUOUS
10
0.9921259842519685
20
1.4891732283464567
11
0.9913767716535433
21
1.485406653543307
0
LINE
8
BLACK
6
CONTINUOUS
10
0.9913767716535433
20
1.485406653543307
11
0.989243188976378
21
1.4822135039370079
0
LINE
8
BLACK
6
CONTINUOUS
10
0.989243188976378
20
1.4822135039370079
11
0.9860500393700787
21
1.4800799212598426
0
LINE
8
BLACK
6
CONTINUOUS
10
0.9860500393700787
20
1.4800799212598426
11
0.9822834645669292
21
1.4793307086614174
0
LINE
8
BLACK
6
CONTINUOUS
10
0.9822834645669292
20
1.4793307086614174
11
0.9814251968503936
21
1.4793307086614174
0
LINE
8
BLACK
6
CONTINUOUS
10
0.9814251968503936
20
1.4793307086614174
11
0.9814251968503936
21
1.469488188976378
0
LINE
8
BLACK
6
CONTINUOUS
10
0.9814251968503936
20
1.469488188976378
11
0.9841664566929134
21
1.469488188976378
0
LINE
8
BLACK
6
CONTINUOUS
10
0.9841664566929134
20
1.469488188976378
11
0.9865108267716535
21
1.4697402755905511
0
LINE
8
BLACK
6
CONTINUOUS
10
0.9865108267716535
20
1.4697402755905511
11
0.9865110236220472
21
1.4697403149606298
0
LINE
8
BLACK
6
CONTINUOUS
10
0.9865110236220472
20
1.4697403149606298
11
0.9918143700787402
21
1.4717183070866142
0
LINE
8
BLACK
6
CONTINUOUS
10
0.9918143700787402
20
1.4717183070866142
11
0.9918144488188976
21
1.471718346456693
0
LINE
8
BLACK
6
CONTINUOUS
10
0.9918144488188976
20
1.471718346456693
11
0.9963459842519685
21
1.4751107086614172
0
LINE
8
BLACK
6
CONTINUOUS
10
0.9963459842519685
20
1.4751107086614172
11
0.9997383464566929
21
1.4796422440944881
0
LINE
8
BLACK
6
CONTINUOUS
10
0.9997383464566929
20
1.4796422440944881
11
0.9997383858267717
21
1.4796423228346456
0
LINE
8
BLACK
6
CONTINUOUS
10
0.9997383858267717
20
1.4796423228346456
11
1.0017163779527558
21
1.4849456692913385
0
LINE
8
BLACK
6
CONTINUOUS
10
1.0017163779527558
20
1.4849456692913385
11
1.0017164173228346
21
1.4849458661417323
0
LINE
8
BLACK
6
CONTINUOUS
10
1.0017164173228346
20
1.4849458661417323
11
1.0019685039370079
21
1.487290275590551
0
LINE
8
BLACK
6
CONTINUOUS
10
1.0019685039370079
20
1.487290275590551
11
1.0019685039370079
21
1.4988897637795275
0
LINE
8
BLACK
6
CONTINUOUS
10
1.0019685039370079
20
1.4988897637795275
11
0.9921259842519685
21
1.4988897637795275
0
LINE
8
BLACK
6
CONTINUOUS
10
0.9921259842519685
20
1.4988897637795275
11
0.9921259842519685
21
1.4891732283464567
0
LINE
8
BLACK
6
CONTINUOUS
10
0.6197883464566929
20
1.5391180314960629
11
0.6197881496062992
21
1.5391179921259843
0
LINE
8
BLACK
6
CONTINUOUS
10
0.6197881496062992
20
1.5391179921259843
11
0.6144848031496063
21
1.53714
0
LINE
8
BLACK
6
CONTINUOUS
10
0.6144848031496063
20
1.53714
11
0.6144847244094488
21
1.5371399606299212
0
LINE
8
BLACK
6
CONTINUOUS
10
0.6144847244094488
20
1.5371399606299212
11
0.609953188976378
21
1.5337475984251969
0
LINE
8
BLACK
6
CONTINUOUS
10
0.609953188976378
20
1.5337475984251969
11
0.6065608267716536
21
1.5292160629921259
0
LINE
8
BLACK
6
CONTINUOUS
10
0.6065608267716536
20
1.5292160629921259
11
0.6065607874015748
21
1.5292159842519684
0
LINE
8
BLACK
6
CONTINUOUS
10
0.6065607874015748
20
1.5292159842519684
11
0.6045827952755906
21
1.5239126377952756
0
LINE
8
BLACK
6
CONTINUOUS
10
0.6045827952755906
20
1.5239126377952756
11
0.6045827559055118
21
1.5239124409448819
0
LINE
8
BLACK
6
CONTINUOUS
10
0.6045827559055118
20
1.5239124409448819
11
0.6043307086614174
21
1.5215680314960629
0
LINE
8
BLACK
6
CONTINUOUS
10
0.6043307086614174
20
1.5215680314960629
11
0.6043307086614174
21
1.4892992125984252
0
LINE
8
BLACK
6
CONTINUOUS
10
0.6043307086614174
20
1.4892992125984252
11
0.6141732283464567
21
1.4892992125984252
0
LINE
8
BLACK
6
CONTINUOUS
10
0.6141732283464567
20
1.4892992125984252
11
0.6141732283464567
21
1.5196850393700787
0
LINE
8
BLACK
6
CONTINUOUS
10
0.6141732283464567
20
1.5196850393700787
11
0.6149224409448819
21
1.5234516141732284
0
LINE
8
BLACK
6
CONTINUOUS
10
0.6149224409448819
20
1.5234516141732284
11
0.6170560236220473
21
1.5266447637795275
0
LINE
8
BLACK
6
CONTINUOUS
10
0.6170560236220473
20
1.5266447637795275
11
0.6202491732283465
21
1.5287783464566929
0
LINE
8
BLACK
6
CONTINUOUS
10
0.6202491732283465
20
1.5287783464566929
11
0.6240157480314961
21
1.5295275590551181
0
LINE
8
BLACK
6
CONTINUOUS
10
0.6240157480314961
20
1.5295275590551181
11
0.6406220472440944
21
1.5295275590551181
0
LINE
8
BLACK
6
CONTINUOUS
10
0.6406220472440944
20
1.5295275590551181
11
0.6406220472440944
21
1.5393700787401574
0
LINE
8
BLACK
6
CONTINUOUS
10
0.6406220472440944
20
1.5393700787401574
11
0.6221327559055118
21
1.5393700787401574
0
LINE
8
BLACK
6
CONTINUOUS
10
0.6221327559055118
20
1.5393700787401574
11
0.6197883464566929
21
1.5391180314960629
0
LINE
8
BLACK
6
CONTINUOUS
10
0.6948818897637795
20
1.5215680314960629
11
0.6946298031496063
21
1.5239124409448819
0
LINE
8
BLACK
6
CONTINUOUS
10
0.6946298031496063
20
1.5239124409448819
11
0.6946297637795276
21
1.5239126377952756
0
LINE
8
BLACK
6
CONTINUOUS
10
0.6946297637795276
20
1.5239126377952756
11
0.6926517716535433
21
1.5292159842519684
0
LINE
8
BLACK
6
CONTINUOUS
10
0.6926517716535433
20
1.5292159842519684
11
0.6926517322834645
21
1.5292160629921259
0
LINE
8
BLACK
6
CONTINUOUS
10
0.6926517322834645
20
1.5292160629921259
11
0.6892593700787402
21
1.5337475984251969
0
LINE
8
BLACK
6
CONTINUOUS
10
0.6892593700787402
20
1.5337475984251969
11
0.6847278346456693
21
1.5371399606299212
0
LINE
8
BLACK
6
CONTINUOUS
10
0.6847278346456693
20
1.5371399606299212
11
0.6847277559055118
21
1.53714
0
LINE
8
BLACK
6
CONTINUOUS
10
0.6847277559055118
20
1.53714
11
0.6794244094488189
21
1.5391179921259843
0
LINE
8
BLACK
6
CONTINUOUS
10
0.6794244094488189
20
1.5391179921259843
11
0.6794242125984252
21
1.5391180314960629
0
LINE
8
BLACK
6
CONTINUOUS
10
0.6794242125984252
20
1.5391180314960629
11
0.677079842519685
21
1.5393700787401574
0
LINE
8
BLACK
6
CONTINUOUS
10
0.677079842519685
20
1.5393700787401574
11
0.6585905511811023
21
1.5393700787401574
0
LINE
8
BLACK
6
CONTINUOUS
10
0.6585905511811023
20
1.5393700787401574
11
0.6585905511811023
21
1.5295275590551181
0
LINE
8
BLACK
6
CONTINUOUS
10
0.6585905511811023
20
1.5295275590551181
11
0.6751968503937008
21
1.5295275590551181
0
LINE
8
BLACK
6
CONTINUOUS
10
0.6751968503937008
20
1.5295275590551181
11
0.6789634251968504
21
1.5287783464566929
0
LINE
8
BLACK
6
CONTINUOUS
10
0.6789634251968504
20
1.5287783464566929
11
0.6821565748031496
21
1.5266447637795275
0
LINE
8
BLACK
6
CONTINUOUS
10
0.6821565748031496
20
1.5266447637795275
11
0.684290157480315
21
1.5234516141732284
0
LINE
8
BLACK
6
CONTINUOUS
10
0.684290157480315
20
1.5234516141732284
11
0.6850393700787402
21
1.5196850393700787
0
LINE
8
BLACK
6
CONTINUOUS
10
0.6850393700787402
20
1.5196850393700787
11
0.6850393700787402
21
1.4892992125984252
0
LINE
8
BLACK
6
CONTINUOUS
10
0.6850393700787402
20
1.4892992125984252
11
0.6948818897637795
21
1.4892992125984252
0
LINE
8
BLACK
6
CONTINUOUS
10
0.6948818897637795
20
1.4892992125984252
11
0.6948818897637795
21
1.4988897637795275
0
LINE
8
BLACK
6
CONTINUOUS
10
0.6948818897637795
20
1.4988897637795275
11
0.6948818897637795
21
1.5168582677165354
0
LINE
8
BLACK
6
CONTINUOUS
10
0.6948818897637795
20
1.5168582677165354
11
0.6948818897637795
21
1.5215680314960629
0
LINE
8
BLACK
6
CONTINUOUS
10
0.7688267716535433
20
1.5364173228346456
11
0.7696850393700787
21
1.5364173228346456
0
LINE
8
BLACK
6
CONTINUOUS
10
0.7696850393700787
20
1.5364173228346456
11
0.7734516141732283
21
1.5356681102362204
0
LINE
8
BLACK
6
CONTINUOUS
10
0.7734516141732283
20
1.5356681102362204
11
0.7766447637795275
21
1.5335345275590551
0
LINE
8
BLACK
6
CONTINUOUS
10
0.7766447637795275
20
1.5335345275590551
11
0.7787783464566929
21
1.5303413779527559
0
LINE
8
BLACK
6
CONTINUOUS
10
0.7787783464566929
20
1.5303413779527559
11
0.7795275590551181
21
1.5265748031496063
0
LINE
8
BLACK
6
CONTINUOUS
10
0.7795275590551181
20
1.5265748031496063
11
0.7795275590551181
21
1.5168582677165354
0
LINE
8
BLACK
6
CONTINUOUS
10
0.7795275590551181
20
1.5168582677165354
11
0.7893700787401574
21
1.5168582677165354
0
LINE
8
BLACK
6
CONTINUOUS
10
0.7893700787401574
20
1.5168582677165354
11
0.7893700787401574
21
1.5284577952755904
0
LINE
8
BLACK
6
CONTINUOUS
10
0.7893700787401574
20
1.5284577952755904
11
0.7891179921259842
21
1.5308022047244094
0
LINE
8
BLACK
6
CONTINUOUS
10
0.7891179921259842
20
1.5308022047244094
11
0.7891179527559055
21
1.5308024015748032
0
LINE
8
BLACK
6
CONTINUOUS
10
0.7891179527559055
20
1.5308024015748032
11
0.7871399606299212
21
1.5361057480314961
0
LINE
8
BLACK
6
CONTINUOUS
10
0.7871399606299212
20
1.5361057480314961
11
0.7871399212598426
21
1.5361058267716534
0
LINE
8
BLACK
6
CONTINUOUS
10
0.7871399212598426
20
1.5361058267716534
11
0.7837475590551181
21
1.5406373622047245
0
LINE
8
BLACK
6
CONTINUOUS
10
0.7837475590551181
20
1.5406373622047245
11
0.7792160236220472
21
1.5440297244094487
0
LINE
8
BLACK
6
CONTINUOUS
10
0.7792160236220472
20
1.5440297244094487
11
0.7792159448818897
21
1.5440297637795275
0
LINE
8
BLACK
6
CONTINUOUS
10
0.7792159448818897
20
1.5440297637795275
11
0.7739125984251969
21
1.5460077559055119
0
LINE
8
BLACK
6
CONTINUOUS
10
0.7739125984251969
20
1.5460077559055119
11
0.7739124015748031
21
1.5460077952755906
0
LINE
8
BLACK
6
CONTINUOUS
10
0.7739124015748031
20
1.5460077952755906
11
0.771568031496063
21
1.546259842519685
0
LINE
8
BLACK
6
CONTINUOUS
10
0.771568031496063
20
1.546259842519685
11
0.7688267716535433
21
1.546259842519685
0
LINE
8
BLACK
6
CONTINUOUS
10
0.7688267716535433
20
1.546259842519685
11
0.7688267716535433
21
1.5364173228346456
0
LINE
8
BLACK
6
CONTINUOUS
10
0.9814251968503936
20
1.5364173228346456
11
0.9822834645669292
21
1.5364173228346456
0
LINE
8
BLACK
6
CONTINUOUS
10
0.9822834645669292
20
1.5364173228346456
11
0.9860500393700787
21
1.5356681102362204
0
LINE
8
BLACK
6
CONTINUOUS
10
0.9860500393700787
20
1.5356681102362204
11
0.989243188976378
21
1.5335345275590551
0
LINE
8
BLACK
6
CONTINUOUS
10
0.989243188976378
20
1.5335345275590551
11
0.9913767716535433
21
1.5303413779527559
0
LINE
8
BLACK
6
CONTINUOUS
10
0.9913767716535433
20
1.5303413779527559
11
0.9921259842519685
21
1.5265748031496063
0
LINE
8
BLACK
6
CONTINUOUS
10
0.9921259842519685
20
1.5265748031496063
11
0.9921259842519685
21
1.5168582677165354
0
LINE
8
BLACK
6
CONTINUOUS
10
0.9921259842519685
20
1.5168582677165354
11
1.0019685039370079
21
1.5168582677165354
0
LINE
8
BLACK
6
CONTINUOUS
10
1.0019685039370079
20
1.5168582677165354
11
1.0019685039370079
21
1.5284577952755904
0
LINE
8
BLACK
6
CONTINUOUS
10
1.0019685039370079
20
1.5284577952755904
11
1.0017164173228346
21
1.5308022047244094
0
LINE
8
BLACK
6
CONTINUOUS
10
1.0017164173228346
20
1.5308022047244094
11
1.0017163779527558
21
1.5308024015748032
0
LINE
8
BLACK
6
CONTINUOUS
10
1.0017163779527558
20
1.5308024015748032
11
0.9997383858267717
21
1.5361057480314961
0
LINE
8
BLACK
6
CONTINUOUS
10
0.9997383858267717
20
1.5361057480314961
11
0.9997383464566929
21
1.5361058267716534
0
LINE
8
BLACK
6
CONTINUOUS
10
0.9997383464566929
20
1.5361058267716534
11
0.9963459842519685
21
1.5406373622047245
0
LINE
8
BLACK
6
CONTINUOUS
10
0.9963459842519685
20
1.5406373622047245
11
0.9918144488188976
21
1.5440297244094487
0
LINE
8
BLACK
6
CONTINUOUS
10
0.9918144488188976
20
1.5440297244094487
11
0.9918143700787402
21
1.5440297637795275
0
LINE
8
BLACK
6
CONTINUOUS
10
0.9918143700787402
20
1.5440297637795275
11
0.9865110236220472
21
1.5460077559055119
0
LINE
8
BLACK
6
CONTINUOUS
10
0.9865110236220472
20
1.5460077559055119
11
0.9865108267716535
21
1.5460077952755906
0
LINE
8
BLACK
6
CONTINUOUS
10
0.9865108267716535
20
1.5460077952755906
11
0.9841664566929134
21
1.546259842519685
0
LINE
8
BLACK
6
CONTINUOUS
10
0.9841664566929134
20
1.546259842519685
11
0.9814251968503936
21
1.546259842519685
0
LINE
8
BLACK
6
CONTINUOUS
10
0.9814251968503936
20
1.546259842519685
11
0.9814251968503936
21
1.5364173228346456
0
LINE
8
BLACK
6
CONTINUOUS
10
0.5955905905511811
20
1.5866850393700787
11
0.5955905905511811
21
1.5646998818897637
0
LINE
8
BLACK
6
CONTINUOUS
10
0.5955905905511811
20
1.5646998818897637
11
0.5961616141732283
21
1.5618289763779527
0
LINE
8
BLACK
6
CONTINUOUS
10
0.5961616141732283
20
1.5618289763779527
11
0.5983370472440944
21
1.5585732677165354
0
LINE
8
BLACK
6
CONTINUOUS
10
0.5983370472440944
20
1.5585732677165354
11
0.6015927559055118
21
1.5563978346456693
0
LINE
8
BLACK
6
CONTINUOUS
10
0.6015927559055118
20
1.5563978346456693
11
0.6044637007874015
21
1.5558267716535432
0
LINE
8
BLACK
6
CONTINUOUS
10
0.6044637007874015
20
1.5558267716535432
11
0.6264488582677166
21
1.5558267716535432
0
LINE
8
BLACK
6
CONTINUOUS
10
0.6264488582677166
20
1.5558267716535432
11
0.6264488582677166
21
1.5656692913385826
0
LINE
8
BLACK
6
CONTINUOUS
10
0.6264488582677166
20
1.5656692913385826
11
0.6054331102362205
21
1.5656692913385826
0
LINE
8
BLACK
6
CONTINUOUS
10
0.6054331102362205
20
1.5656692913385826
11
0.6054331102362205
21
1.5866850393700787
0
LINE
8
BLACK
6
CONTINUOUS
10
0.6054331102362205
20
1.5866850393700787
11
0.5955905905511811
21
1.5866850393700787
0
LINE
8
BLACK
6
CONTINUOUS
10
0.9654331102362205
20
1.5656692913385826
11
0.9444173622047244
21
1.5656692913385826
0
LINE
8
BLACK
6
CONTINUOUS
10
0.9444173622047244
20
1.5656692913385826
11
0.9444173622047244
21
1.5558267716535432
0
LINE
8
BLACK
6
CONTINUOUS
10
0.9444173622047244
20
1.5558267716535432
11
0.9664025196850393
21
1.5558267716535432
0
LINE
8
BLACK
6
CONTINUOUS
10
0.9664025196850393
20
1.5558267716535432
11
0.9692734251968503
21
1.5563978346456693
0
LINE
8
BLACK
6
CONTINUOUS
10
0.9692734251968503
20
1.5563978346456693
11
0.9725291338582677
21
1.5585732677165354
0
LINE
8
BLACK
6
CONTINUOUS
10
0.9725291338582677
20
1.5585732677165354
11
0.9747045669291339
21
1.5618289763779527
0
LINE
8
BLACK
6
CONTINUOUS
10
0.9747045669291339
20
1.5618289763779527
11
0.9752756299212598
21
1.5646998818897637
0
LINE
8
BLACK
6
CONTINUOUS
10
0.9752756299212598
20
1.5646998818897637
11
0.9752756299212598
21
1.5866850393700787
0
LINE
8
BLACK
6
CONTINUOUS
10
0.9752756299212598
20
1.5866850393700787
11
0.9654331102362205
21
1.5866850393700787
0
LINE
8
BLACK
6
CONTINUOUS
10
0.9654331102362205
20
1.5866850393700787
11
0.9654331102362205
21
1.5656692913385826
0
LINE
8
BLACK
6
CONTINUOUS
10
0.9444173622047244
20
1.6256692913385826
11
0.9654331102362205
21
1.6256692913385826
0
LINE
8
BLACK
6
CONTINUOUS
10
0.9654331102362205
20
1.6256692913385826
11
0.9654331102362205
21
1.6046535433070865
0
LINE
8
BLACK
6
CONTINUOUS
10
0.9654331102362205
20
1.6046535433070865
11
0.9752756299212598
21
1.6046535433070865
0
LINE
8
BLACK
6
CONTINUOUS
10
0.9752756299212598
20
1.6046535433070865
11
0.9752756299212598
21
1.6266387401574802
0
LINE
8
BLACK
6
CONTINUOUS
10
0.9752756299212598
20
1.6266387401574802
11
0.9747045669291339
21
1.6295096456692912
0
LINE
8
BLACK
6
CONTINUOUS
10
0.9747045669291339
20
1.6295096456692912
11
0.9725291338582677
21
1.6327653543307086
0
LINE
8
BLACK
6
CONTINUOUS
10
0.9725291338582677
20
1.6327653543307086
11
0.9692734251968503
21
1.6349407874015747
0
LINE
8
BLACK
6
CONTINUOUS
10
0.9692734251968503
20
1.6349407874015747
11
0.9664025196850393
21
1.635511811023622
0
LINE
8
BLACK
6
CONTINUOUS
10
0.9664025196850393
20
1.635511811023622
11
0.9444173622047244
21
1.635511811023622
0
LINE
8
BLACK
6
CONTINUOUS
10
0.9444173622047244
20
1.635511811023622
11
0.9444173622047244
21
1.6256692913385826
0
LINE
8
BLACK
6
CONTINUOUS
10
0.9015927559055118
20
1.6349407874015747
11
0.8983370472440945
21
1.6327653543307086
0
LINE
8
BLACK
6
CONTINUOUS
10
0.8983370472440945
20
1.6327653543307086
11
0.8961616141732284
21
1.6295096456692912
0
LINE
8
BLACK
6
CONTINUOUS
10
0.8961616141732284
20
1.6295096456692912
11
0.8955905905511811
21
1.6266387401574802
0
LINE
8
BLACK
6
CONTINUOUS
10
0.8955905905511811
20
1.6266387401574802
11
0.8955905905511811
21
1.6046535433070865
0
LINE
8
BLACK
6
CONTINUOUS
10
0.8955905905511811
20
1.6046535433070865
11
0.9054331102362204
21
1.6046535433070865
0
LINE
8
BLACK
6
CONTINUOUS
10
0.9054331102362204
20
1.6046535433070865
11
0.9054331102362204
21
1.6256692913385826
0
LINE
8
BLACK
6
CONTINUOUS
10
0.9054331102362204
20
1.6256692913385826
11
0.9264488582677165
21
1.6256692913385826
0
LINE
8
BLACK
6
CONTINUOUS
10
0.9264488582677165
20
1.6256692913385826
11
0.9264488582677165
21
1.635511811023622
0
LINE
8
BLACK
6
CONTINUOUS
10
0.9264488582677165
20
1.635511811023622
11
0.9044637007874016
21
1.635511811023622
0
LINE
8
BLACK
6
CONTINUOUS
10
0.9044637007874016
20
1.635511811023622
11
0.9015927559055118
21
1.6349407874015747
0
LINE
8
BLACK
6
CONTINUOUS
10
0.6444173622047243
20
1.6256692913385826
11
0.6654331102362204
21
1.6256692913385826
0
LINE
8
BLACK
6
CONTINUOUS
10
0.6654331102362204
20
1.6256692913385826
11
0.6654331102362204
21
1.6046535433070865
0
LINE
8
BLACK
6
CONTINUOUS
10
0.6654331102362204
20
1.6046535433070865
11
0.6752756299212598
21
1.6046535433070865
0
LINE
8
BLACK
6
CONTINUOUS
10
0.6752756299212598
20
1.6046535433070865
11
0.6752756299212598
21
1.6266387401574802
0
LINE
8
BLACK
6
CONTINUOUS
10
0.6752756299212598
20
1.6266387401574802
11
0.6747045669291338
21
1.6295096456692912
0
LINE
8
BLACK
6
CONTINUOUS
10
0.6747045669291338
20
1.6295096456692912
11
0.6725291338582677
21
1.6327653543307086
0
LINE
8
BLACK
6
CONTINUOUS
10
0.6725291338582677
20
1.6327653543307086
11
0.6692734251968504
21
1.6349407874015747
0
LINE
8
BLACK
6
CONTINUOUS
10
0.6692734251968504
20
1.6349407874015747
11
0.6664025196850394
21
1.635511811023622
0
LINE
8
BLACK
6
CONTINUOUS
10
0.6664025196850394
20
1.635511811023622
11
0.6444173622047243
21
1.635511811023622
0
LINE
8
BLACK
6
CONTINUOUS
10
0.6444173622047243
20
1.635511811023622
11
0.6444173622047243
21
1.6256692913385826
0
LINE
8
BLACK
6
CONTINUOUS
10
0.6015927559055118
20
1.6349407874015747
11
0.5983370472440944
21
1.6327653543307086
0
LINE
8
BLACK
6
CONTINUOUS
10
0.5983370472440944
20
1.6327653543307086
11
0.5961616141732283
21
1.6295096456692912
0
LINE
8
BLACK
6
CONTINUOUS
10
0.5961616141732283
20
1.6295096456692912
11
0.5955905905511811
21
1.6266387401574802
0
LINE
8
BLACK
6
CONTINUOUS
10
0.5955905905511811
20
1.6266387401574802
11
0.5955905905511811
21
1.6046535433070865
0
LINE
8
BLACK
6
CONTINUOUS
10
0.5955905905511811
20
1.6046535433070865
11
0.6054331102362205
21
1.6046535433070865
0
LINE
8
BLACK
6
CONTINUOUS
10
0.6054331102362205
20
1.6046535433070865
11
0.6054331102362205
21
1.6256692913385826
0
LINE
8
BLACK
6
CONTINUOUS
10
0.6054331102362205
20
1.6256692913385826
11
0.6264488582677166
21
1.6256692913385826
0
LINE
8
BLACK
6
CONTINUOUS
10
0.6264488582677166
20
1.6256692913385826
11
0.6264488582677166
21
1.635511811023622
0
LINE
8
BLACK
6
CONTINUOUS
10
0.6264488582677166
20
1.635511811023622
11
0.6044637007874015
21
1.635511811023622
0
LINE
8
BLACK
6
CONTINUOUS
10
0.6044637007874015
20
1.635511811023622
11
0.6015927559055118
21
1.6349407874015747
0
LINE
8
BLACK
6
CONTINUOUS
10
0.5955905905511811
20
1.6866850393700787
11
0.5955905905511811
21
1.6646998818897638
0
LINE
8
BLACK
6
CONTINUOUS
10
0.5955905905511811
20
1.6646998818897638
11
0.5961616141732283
21
1.6618289763779528
0
LINE
8
BLACK
6
CONTINUOUS
10
0.5961616141732283
20
1.6618289763779528
11
0.5983370472440944
21
1.6585732677165355
0
LINE
8
BLACK
6
CONTINUOUS
10
0.5983370472440944
20
1.6585732677165355
11
0.6015927559055118
21
1.6563978346456694
0
LINE
8
BLACK
6
CONTINUOUS
10
0.6015927559055118
20
1.6563978346456694
11
0.6044637007874015
21
1.6558267716535433
0
LINE
8
BLACK
6
CONTINUOUS
10
0.6044637007874015
20
1.6558267716535433
11
0.6264488582677166
21
1.6558267716535433
0
LINE
8
BLACK
6
CONTINUOUS
10
0.6264488582677166
20
1.6558267716535433
11
0.6264488582677166
21
1.6656692913385827
0
LINE
8
BLACK
6
CONTINUOUS
10
0.6264488582677166
20
1.6656692913385827
11
0.6054331102362205
21
1.6656692913385827
0
LINE
8
BLACK
6
CONTINUOUS
10
0.6054331102362205
20
1.6656692913385827
11
0.6054331102362205
21
1.6866850393700787
0
LINE
8
BLACK
6
CONTINUOUS
10
0.6054331102362205
20
1.6866850393700787
11
0.5955905905511811
21
1.6866850393700787
0
LINE
8
BLACK
6
CONTINUOUS
10
0.6654331102362204
20
1.6656692913385827
11
0.6444173622047243
21
1.6656692913385827
0
LINE
8
BLACK
6
CONTINUOUS
10
0.6444173622047243
20
1.6656692913385827
11
0.6444173622047243
21
1.6558267716535433
0
LINE
8
BLACK
6
CONTINUOUS
10
0.6444173622047243
20
1.6558267716535433
11
0.6664025196850394
21
1.6558267716535433
0
LINE
8
BLACK
6
CONTINUOUS
10
0.6664025196850394
20
1.6558267716535433
11
0.6692734251968504
21
1.6563978346456694
0
LINE
8
BLACK
6
CONTINUOUS
10
0.6692734251968504
20
1.6563978346456694
11
0.6725291338582677
21
1.6585732677165355
0
LINE
8
BLACK
6
CONTINUOUS
10
0.6725291338582677
20
1.6585732677165355
11
0.6747045669291338
21
1.6618289763779528
0
LINE
8
BLACK
6
CONTINUOUS
10
0.6747045669291338
20
1.6618289763779528
11
0.6752756299212598
21
1.6646998818897638
0
LINE
8
BLACK
6
CONTINUOUS
10
0.6752756299212598
20
1.6646998818897638
11
0.6752756299212598
21
1.6866850393700787
0
LINE
8
BLACK
6
CONTINUOUS
10
0.6752756299212598
20
1.6866850393700787
11
0.6654331102362204
21
1.6866850393700787
0
LINE
8
BLACK
6
CONTINUOUS
10
0.6654331102362204
20
1.6866850393700787
11
0.6654331102362204
21
1.6656692913385827
0
LINE
8
BLACK
6
CONTINUOUS
10
0.9654331102362205
20
1.6656692913385827
11
0.9444173622047244
21
1.6656692913385827
0
LINE
8
BLACK
6
CONTINUOUS
10
0.9444173622047244
20
1.6656692913385827
11
0.9444173622047244
21
1.6558267716535433
0
LINE
8
BLACK
6
CONTINUOUS
10
0.9444173622047244
20
1.6558267716535433
11
0.9664025196850393
21
1.6558267716535433
0
LINE
8
BLACK
6
CONTINUOUS
10
0.9664025196850393
20
1.6558267716535433
11
0.9692734251968503
21
1.6563978346456694
0
LINE
8
BLACK
6
CONTINUOUS
10
0.9692734251968503
20
1.6563978346456694
11
0.9725291338582677
21
1.6585732677165355
0
LINE
8
BLACK
6
CONTINUOUS
10
0.9725291338582677
20
1.6585732677165355
11
0.9747045669291339
21
1.6618289763779528
0
LINE
8
BLACK
6
CONTINUOUS
10
0.9747045669291339
20
1.6618289763779528
11
0.9752756299212598
21
1.6646998818897638
0
LINE
8
BLACK
6
CONTINUOUS
10
0.9752756299212598
20
1.6646998818897638
11
0.9752756299212598
21
1.6866850393700787
0
LINE
8
BLACK
6
CONTINUOUS
10
0.9752756299212598
20
1.6866850393700787
11
0.9654331102362205
21
1.6866850393700787
0
LINE
8
BLACK
6
CONTINUOUS
10
0.9654331102362205
20
1.6866850393700787
11
0.9654331102362205
21
1.6656692913385827
0
LINE
8
BLACK
6
CONTINUOUS
10
0.9444173622047244
20
1.7256692913385827
11
0.9654331102362205
21
1.7256692913385827
0
LINE
8
BLACK
6
CONTINUOUS
10
0.9654331102362205
20
1.7256692913385827
11
0.9654331102362205
21
1.7046535433070866
0
LINE
8
BLACK
6
CONTINUOUS
10
0.9654331102362205
20
1.7046535433070866
11
0.9752756299212598
21
1.7046535433070866
0
LINE
8
BLACK
6
CONTINUOUS
10
0.9752756299212598
20
1.7046535433070866
11
0.9752756299212598
21
1.7266387401574803
0
LINE
8
BLACK
6
CONTINUOUS
10
0.9752756299212598
20
1.7266387401574803
11
0.9747045669291339
21
1.7295096456692913
0
LINE
8
BLACK
6
CONTINUOUS
10
0.9747045669291339
20
1.7295096456692913
11
0.9725291338582677
21
1.7327653543307087
0
LINE
8
BLACK
6
CONTINUOUS
10
0.9725291338582677
20
1.7327653543307087
11
0.9692734251968503
21
1.7349407874015748
0
LINE
8
BLACK
6
CONTINUOUS
10
0.9692734251968503
20
1.7349407874015748
11
0.9664025196850393
21
1.7355118110236221
0
LINE
8
BLACK
6
CONTINUOUS
10
0.9664025196850393
20
1.7355118110236221
11
0.9444173622047244
21
1.7355118110236221
0
LINE
8
BLACK
6
CONTINUOUS
10
0.9444173622047244
20
1.7355118110236221
11
0.9444173622047244
21
1.7256692913385827
0
LINE
8
BLACK
6
CONTINUOUS
10
0.9015927559055118
20
1.7349407874015748
11
0.8983370472440945
21
1.7327653543307087
0
LINE
8
BLACK
6
CONTINUOUS
10
0.8983370472440945
20
1.7327653543307087
11
0.8961616141732284
21
1.7295096456692913
0
LINE
8
BLACK
6
CONTINUOUS
10
0.8961616141732284
20
1.7295096456692913
11
0.8955905905511811
21
1.7266387401574803
0
LINE
8
BLACK
6
CONTINUOUS
10
0.8955905905511811
20
1.7266387401574803
11
0.8955905905511811
21
1.7046535433070866
0
LINE
8
BLACK
6
CONTINUOUS
10
0.8955905905511811
20
1.7046535433070866
11
0.9054331102362204
21
1.7046535433070866
0
LINE
8
BLACK
6
CONTINUOUS
10
0.9054331102362204
20
1.7046535433070866
11
0.9054331102362204
21
1.7256692913385827
0
LINE
8
BLACK
6
CONTINUOUS
10
0.9054331102362204
20
1.7256692913385827
11
0.9264488582677165
21
1.7256692913385827
0
LINE
8
BLACK
6
CONTINUOUS
10
0.9264488582677165
20
1.7256692913385827
11
0.9264488582677165
21
1.7355118110236221
0
LINE
8
BLACK
6
CONTINUOUS
10
0.9264488582677165
20
1.7355118110236221
11
0.9044637007874016
21
1.7355118110236221
0
LINE
8
BLACK
6
CONTINUOUS
10
0.9044637007874016
20
1.7355118110236221
11
0.9015927559055118
21
1.7349407874015748
0
LINE
8
BLACK
6
CONTINUOUS
10
0.6444173622047243
20
1.7256692913385827
11
0.6654331102362204
21
1.7256692913385827
0
LINE
8
BLACK
6
CONTINUOUS
10
0.6654331102362204
20
1.7256692913385827
11
0.6654331102362204
21
1.7046535433070866
0
LINE
8
BLACK
6
CONTINUOUS
10
0.6654331102362204
20
1.7046535433070866
11
0.6752756299212598
21
1.7046535433070866
0
LINE
8
BLACK
6
CONTINUOUS
10
0.6752756299212598
20
1.7046535433070866
11
0.6752756299212598
21
1.7266387401574803
0
LINE
8
BLACK
6
CONTINUOUS
10
0.6752756299212598
20
1.7266387401574803
11
0.6747045669291338
21
1.7295096456692913
0
LINE
8
BLACK
6
CONTINUOUS
10
0.6747045669291338
20
1.7295096456692913
11
0.6725291338582677
21
1.7327653543307087
0
LINE
8
BLACK
6
CONTINUOUS
10
0.6725291338582677
20
1.7327653543307087
11
0.6692734251968504
21
1.7349407874015748
0
LINE
8
BLACK
6
CONTINUOUS
10
0.6692734251968504
20
1.7349407874015748
11
0.6664025196850394
21
1.7355118110236221
0
LINE
8
BLACK
6
CONTINUOUS
10
0.6664025196850394
20
1.7355118110236221
11
0.6444173622047243
21
1.7355118110236221
0
LINE
8
BLACK
6
CONTINUOUS
10
0.6444173622047243
20
1.7355118110236221
11
0.6444173622047243
21
1.7256692913385827
0
LINE
8
BLACK
6
CONTINUOUS
10
0.6015927559055118
20
1.7349407874015748
11
0.5983370472440944
21
1.7327653543307087
0
LINE
8
BLACK
6
CONTINUOUS
10
0.5983370472440944
20
1.7327653543307087
11
0.5961616141732283
21
1.7295096456692913
0
LINE
8
BLACK
6
CONTINUOUS
10
0.5961616141732283
20
1.7295096456692913
11
0.5955905905511811
21
1.7266387401574803
0
LINE
8
BLACK
6
CONTINUOUS
10
0.5955905905511811
20
1.7266387401574803
11
0.5955905905511811
21
1.7046535433070866
0
LINE
8
BLACK
6
CONTINUOUS
10
0.5955905905511811
20
1.7046535433070866
11
0.6054331102362205
21
1.7046535433070866
0
LINE
8
BLACK
6
CONTINUOUS
10
0.6054331102362205
20
1.7046535433070866
11
0.6054331102362205
21
1.7256692913385827
0
LINE
8
BLACK
6
CONTINUOUS
10
0.6054331102362205
20
1.7256692913385827
11
0.6264488582677166
21
1.7256692913385827
0
LINE
8
BLACK
6
CONTINUOUS
10
0.6264488582677166
20
1.7256692913385827
11
0.6264488582677166
21
1.7355118110236221
0
LINE
8
BLACK
6
CONTINUOUS
10
0.6264488582677166
20
1.7355118110236221
11
0.6044637007874015
21
1.7355118110236221
0
LINE
8
BLACK
6
CONTINUOUS
10
0.6044637007874015
20
1.7355118110236221
11
0.6015927559055118
21
1.7349407874015748
0
LINE
8
BLACK
6
CONTINUOUS
10
0.702755905511811
20
1.0522913385826771
11
0.702755905511811
21
1.0688976377952755
0
LINE
8
BLACK
6
CONTINUOUS
10
0.702755905511811
20
1.0688976377952755
11
0.7035051181102362
21
1.0726642125984251
0
LINE
8
BLACK
6
CONTINUOUS
10
0.7035051181102362
20
1.0726642125984251
11
0.7056387007874015
21
1.0758573622047243
0
LINE
8
BLACK
6
CONTINUOUS
10
0.7056387007874015
20
1.0758573622047243
11
0.7088318503937008
21
1.0779909448818898
0
LINE
8
BLACK
6
CONTINUOUS
10
0.7088318503937008
20
1.0779909448818898
11
0.7125984251968503
21
1.078740157480315
0
LINE
8
BLACK
6
CONTINUOUS
10
0.7125984251968503
20
1.078740157480315
11
0.7429842519685039
21
1.078740157480315
0
LINE
8
BLACK
6
CONTINUOUS
10
0.7429842519685039
20
1.078740157480315
11
0.7429842519685039
21
1.0885826771653544
0
LINE
8
BLACK
6
CONTINUOUS
10
0.7429842519685039
20
1.0885826771653544
11
0.7107154330708662
21
1.0885826771653544
0
LINE
8
BLACK
6
CONTINUOUS
10
0.7107154330708662
20
1.0885826771653544
11
0.7083710236220472
21
1.0883306299212598
0
LINE
8
BLACK
6
CONTINUOUS
10
0.7083710236220472
20
1.0883306299212598
11
0.7083708267716535
21
1.0883305905511811
0
LINE
8
BLACK
6
CONTINUOUS
10
0.7083708267716535
20
1.0883305905511811
11
0.7030674803149606
21
1.0863525984251969
0
LINE
8
BLACK
6
CONTINUOUS
10
0.7030674803149606
20
1.0863525984251969
11
0.7030674015748032
21
1.0863525590551182
0
LINE
8
BLACK
6
CONTINUOUS
10
0.7030674015748032
20
1.0863525590551182
11
0.6985358661417322
21
1.0829601968503937
0
LINE
8
BLACK
6
CONTINUOUS
10
0.6985358661417322
20
1.0829601968503937
11
0.6951435039370079
21
1.0784286614173229
0
LINE
8
BLACK
6
CONTINUOUS
10
0.6951435039370079
20
1.0784286614173229
11
0.6951434645669291
21
1.0784285826771653
0
LINE
8
BLACK
6
CONTINUOUS
10
0.6951434645669291
20
1.0784285826771653
11
0.6931654724409448
21
1.0731252362204724
0
LINE
8
BLACK
6
CONTINUOUS
10
0.6931654724409448
20
1.0731252362204724
11
0.6931654330708661
21
1.0731250393700786
0
LINE
8
BLACK
6
CONTINUOUS
10
0.6931654330708661
20
1.0731250393700786
11
0.6929133858267716
21
1.0707806299212599
0
LINE
8
BLACK
6
CONTINUOUS
10
0.6929133858267716
20
1.0707806299212599
11
0.6929133858267716
21
1.0522913385826771
0
LINE
8
BLACK
6
CONTINUOUS
10
0.6929133858267716
20
1.0522913385826771
11
0.702755905511811
21
1.0522913385826771
0
LINE
8
BLACK
6
CONTINUOUS
10
0.7322834645669292
20
1.4071141732283465
11
0.7322834645669292
21
1.4084645669291338
0
LINE
8
BLACK
6
CONTINUOUS
10
0.7322834645669292
20
1.4084645669291338
11
0.7330326771653544
21
1.4122311417322835
0
LINE
8
BLACK
6
CONTINUOUS
10
0.7330326771653544
20
1.4122311417322835
11
0.7351662598425197
21
1.4154242913385826
0
LINE
8
BLACK
6
CONTINUOUS
10
0.7351662598425197
20
1.4154242913385826
11
0.7383594094488188
21
1.417557874015748
0
LINE
8
BLACK
6
CONTINUOUS
10
0.7383594094488188
20
1.417557874015748
11
0.7421259842519685
21
1.4183070866141732
0
LINE
8
BLACK
6
CONTINUOUS
10
0.7421259842519685
20
1.4183070866141732
11
0.7508582677165354
21
1.4183070866141732
0
LINE
8
BLACK
6
CONTINUOUS
10
0.7508582677165354
20
1.4183070866141732
11
0.7508582677165354
21
1.4281496062992125
0
LINE
8
BLACK
6
CONTINUOUS
10
0.7508582677165354
20
1.4281496062992125
11
0.7402429921259842
21
1.4281496062992125
0
LINE
8
BLACK
6
CONTINUOUS
10
0.7402429921259842
20
1.4281496062992125
11
0.7378985826771653
21
1.4278975590551182
0
LINE
8
BLACK
6
CONTINUOUS
10
0.7378985826771653
20
1.4278975590551182
11
0.7378983858267716
21
1.4278975196850394
0
LINE
8
BLACK
6
CONTINUOUS
10
0.7378983858267716
20
1.4278975196850394
11
0.7325950393700787
21
1.425919527559055
0
LINE
8
BLACK
6
CONTINUOUS
10
0.7325950393700787
20
1.425919527559055
11
0.7325949606299212
21
1.4259194881889763
0
LINE
8
BLACK
6
CONTINUOUS
10
0.7325949606299212
20
1.4259194881889763
11
0.7280634251968504
21
1.422527125984252
0
LINE
8
BLACK
6
CONTINUOUS
10
0.7280634251968504
20
1.422527125984252
11
0.7246710629921259
21
1.417995590551181
0
LINE
8
BLACK
6
CONTINUOUS
10
0.7246710629921259
20
1.417995590551181
11
0.7246710236220473
21
1.4179955118110237
0
LINE
8
BLACK
6
CONTINUOUS
10
0.7246710236220473
20
1.4179955118110237
11
0.722693031496063
21
1.4126921653543307
0
LINE
8
BLACK
6
CONTINUOUS
10
0.722693031496063
20
1.4126921653543307
11
0.7226929921259843
21
1.412691968503937
0
LINE
8
BLACK
6
CONTINUOUS
10
0.7226929921259843
20
1.412691968503937
11
0.7224409448818897
21
1.410347559055118
0
LINE
8
BLACK
6
CONTINUOUS
10
0.7224409448818897
20
1.410347559055118
11
0.7224409448818897
21
1.4071141732283465
0
LINE
8
BLACK
6
CONTINUOUS
10
0.7224409448818897
20
1.4071141732283465
11
0.7322834645669292
21
1.4071141732283465
0
LINE
8
BLACK
6
CONTINUOUS
10
0.7401574803149606
20
1.5168582677165354
11
0.7401574803149606
21
1.5265748031496063
0
LINE
8
BLACK
6
CONTINUOUS
10
0.7401574803149606
20
1.5265748031496063
11
0.7409066929133858
21
1.5303413779527559
0
LINE
8
BLACK
6
CONTINUOUS
10
0.7409066929133858
20
1.5303413779527559
11
0.7430402755905512
21
1.5335345275590551
0
LINE
8
BLACK
6
CONTINUOUS
10
0.7430402755905512
20
1.5335345275590551
11
0.7462334251968504
21
1.5356681102362204
0
LINE
8
BLACK
6
CONTINUOUS
10
0.7462334251968504
20
1.5356681102362204
11
0.75
21
1.5364173228346456
0
LINE
8
BLACK
6
CONTINUOUS
10
0.75
20
1.5364173228346456
11
0.7508582677165354
21
1.5364173228346456
0
LINE
8
BLACK
6
CONTINUOUS
10
0.7508582677165354
20
1.5364173228346456
11
0.7508582677165354
21
1.546259842519685
0
LINE
8
BLACK
6
CONTINUOUS
10
0.7508582677165354
20
1.546259842519685
11
0.7481170078740157
21
1.546259842519685
0
LINE
8
BLACK
6
CONTINUOUS
10
0.7481170078740157
20
1.546259842519685
11
0.7457725984251968
21
1.5460077952755906
0
LINE
8
BLACK
6
CONTINUOUS
10
0.7457725984251968
20
1.5460077952755906
11
0.7457724015748032
21
1.5460077559055119
0
LINE
8
BLACK
6
CONTINUOUS
10
0.7457724015748032
20
1.5460077559055119
11
0.7404690551181102
21
1.5440297637795275
0
LINE
8
BLACK
6
CONTINUOUS
10
0.7404690551181102
20
1.5440297637795275
11
0.7404689763779527
21
1.5440297244094487
0
LINE
8
BLACK
6
CONTINUOUS
10
0.7404689763779527
20
1.5440297244094487
11
0.7359374409448819
21
1.5406373622047245
0
LINE
8
BLACK
6
CONTINUOUS
10
0.7359374409448819
20
1.5406373622047245
11
0.7325450787401575
21
1.5361058267716534
0
LINE
8
BLACK
6
CONTINUOUS
10
0.7325450787401575
20
1.5361058267716534
11
0.7325450393700788
21
1.5361057480314961
0
LINE
8
BLACK
6
CONTINUOUS
10
0.7325450393700788
20
1.5361057480314961
11
0.7305670472440945
21
1.5308024015748032
0
LINE
8
BLACK
6
CONTINUOUS
10
0.7305670472440945
20
1.5308024015748032
11
0.7305670078740157
21
1.5308022047244094
0
LINE
8
BLACK
6
CONTINUOUS
10
0.7305670078740157
20
1.5308022047244094
11
0.7303149606299213
21
1.5284577952755904
0
LINE
8
BLACK
6
CONTINUOUS
10
0.7303149606299213
20
1.5284577952755904
11
0.7303149606299213
21
1.5168582677165354
0
LINE
8
BLACK
6
CONTINUOUS
10
0.7303149606299213
20
1.5168582677165354
11
0.7401574803149606
21
1.5168582677165354
0
LINE
8
BLACK
6
CONTINUOUS
10
0.952755905511811
20
1.5168582677165354
11
0.952755905511811
21
1.5265748031496063
0
LINE
8
BLACK
6
CONTINUOUS
10
0.952755905511811
20
1.5265748031496063
11
0.9535051181102362
21
1.5303413779527559
0
LINE
8
BLACK
6
CONTINUOUS
10
0.9535051181102362
20
1.5303413779527559
11
0.9556387007874015
21
1.5335345275590551
0
LINE
8
BLACK
6
CONTINUOUS
10
0.9556387007874015
20
1.5335345275590551
11
0.9588318503937008
21
1.5356681102362204
0
LINE
8
BLACK
6
CONTINUOUS
10
0.9588318503937008
20
1.5356681102362204
11
0.9625984251968503
21
1.5364173228346456
0
LINE
8
BLACK
6
CONTINUOUS
10
0.9625984251968503
20
1.5364173228346456
11
0.9634566929133858
21
1.5364173228346456
0
LINE
8
BLACK
6
CONTINUOUS
10
0.9634566929133858
20
1.5364173228346456
11
0.9634566929133858
21
1.546259842519685
0
LINE
8
BLACK
6
CONTINUOUS
10
0.9634566929133858
20
1.546259842519685
11
0.9607154330708662
21
1.546259842519685
0
LINE
8
BLACK
6
CONTINUOUS
10
0.9607154330708662
20
1.546259842519685
11
0.9583710236220472
21
1.5460077952755906
0
LINE
8
BLACK
6
CONTINUOUS
10
0.9583710236220472
20
1.5460077952755906
11
0.9583708267716535
21
1.5460077559055119
0
LINE
8
BLACK
6
CONTINUOUS
10
0.9583708267716535
20
1.5460077559055119
11
0.9530674803149606
21
1.5440297637795275
0
LINE
8
BLACK
6
CONTINUOUS
10
0.9530674803149606
20
1.5440297637795275
11
0.9530674015748031
21
1.5440297244094487
0
LINE
8
BLACK
6
CONTINUOUS
10
0.9530674015748031
20
1.5440297244094487
11
0.9485358661417322
21
1.5406373622047245
0
LINE
8
BLACK
6
CONTINUOUS
10
0.9485358661417322
20
1.5406373622047245
11
0.9451435039370079
21
1.5361058267716534
0
LINE
8
BLACK
6
CONTINUOUS
10
0.9451435039370079
20
1.5361058267716534
11
0.9451434645669291
21
1.5361057480314961
0
LINE
8
BLACK
6
CONTINUOUS
10
0.9451434645669291
20
1.5361057480314961
11
0.9431654724409448
21
1.5308024015748032
0
LINE
8
BLACK
6
CONTINUOUS
10
0.9431654724409448
20
1.5308024015748032
11
0.9431654330708661
21
1.5308022047244094
0
LINE
8
BLACK
6
CONTINUOUS
10
0.9431654330708661
20
1.5308022047244094
11
0.9429133858267716
21
1.5284577952755904
0
LINE
8
BLACK
6
CONTINUOUS
10
0.9429133858267716
20
1.5284577952755904
11
0.9429133858267716
21
1.5168582677165354
0
LINE
8
BLACK
6
CONTINUOUS
10
0.9429133858267716
20
1.5168582677165354
11
0.952755905511811
21
1.5168582677165354
0
LINE
8
BLACK
6
CONTINUOUS
10
0.8961616141732284
20
1.5618289763779527
11
0.8983370472440945
21
1.5585732677165354
0
LINE
8
BLACK
6
CONTINUOUS
10
0.8983370472440945
20
1.5585732677165354
11
0.9015927559055118
21
1.5563978346456693
0
LINE
8
BLACK
6
CONTINUOUS
10
0.9015927559055118
20
1.5563978346456693
11
0.9044637007874016
21
1.5558267716535432
0
LINE
8
BLACK
6
CONTINUOUS
10
0.9044637007874016
20
1.5558267716535432
11
0.9264488582677165
21
1.5558267716535432
0
LINE
8
BLACK
6
CONTINUOUS
10
0.9264488582677165
20
1.5558267716535432
11
0.9264488582677165
21
1.5656692913385826
0
LINE
8
BLACK
6
CONTINUOUS
10
0.9264488582677165
20
1.5656692913385826
11
0.9054331102362204
21
1.5656692913385826
0
LINE
8
BLACK
6
CONTINUOUS
10
0.9054331102362204
20
1.5656692913385826
11
0.9054331102362204
21
1.5866850393700787
0
LINE
8
BLACK
6
CONTINUOUS
10
0.9054331102362204
20
1.5866850393700787
11
0.8955905905511811
21
1.5866850393700787
0
LINE
8
BLACK
6
CONTINUOUS
10
0.8955905905511811
20
1.5866850393700787
11
0.8955905905511811
21
1.5646998818897637
0
LINE
8
BLACK
6
CONTINUOUS
10
0.8955905905511811
20
1.5646998818897637
11
0.8961616141732284
21
1.5618289763779527
0
LINE
8
BLACK
6
CONTINUOUS
10
0.8961616141732284
20
1.6618289763779528
11
0.8983370472440945
21
1.6585732677165355
0
LINE
8
BLACK
6
CONTINUOUS
10
0.8983370472440945
20
1.6585732677165355
11
0.9015927559055118
21
1.6563978346456694
0
LINE
8
BLACK
6
CONTINUOUS
10
0.9015927559055118
20
1.6563978346456694
11
0.9044637007874016
21
1.6558267716535433
0
LINE
8
BLACK
6
CONTINUOUS
10
0.9044637007874016
20
1.6558267716535433
11
0.9264488582677165
21
1.6558267716535433
0
LINE
8
BLACK
6
CONTINUOUS
10
0.9264488582677165
20
1.6558267716535433
11
0.9264488582677165
21
1.6656692913385827
0
LINE
8
BLACK
6
CONTINUOUS
10
0.9264488582677165
20
1.6656692913385827
11
0.9054331102362204
21
1.6656692913385827
0
LINE
8
BLACK
6
CONTINUOUS
10
0.9054331102362204
20
1.6656692913385827
11
0.9054331102362204
21
1.6866850393700787
0
LINE
8
BLACK
6
CONTINUOUS
10
0.9054331102362204
20
1.6866850393700787
11
0.8955905905511811
21
1.6866850393700787
0
LINE
8
BLACK
6
CONTINUOUS
10
0.8955905905511811
20
1.6866850393700787
11
0.8955905905511811
21
1.6646998818897638
0
LINE
8
BLACK
6
CONTINUOUS
10
0.8955905905511811
20
1.6646998818897638
11
0.8961616141732284
21
1.6618289763779528
0
CIRCLE
8
BLACK
10
0.6525590551181102
20
0.9094488188976377
40
0.0068897637795276
0
CIRCLE
8
BLACK
10
0.6525590551181102
20
0.8094488188976378
40
0.0068897637795276
0
CIRCLE
8
BLACK
10
0.6525590551181102
20
0.7094488188976378
40
0.0068897637795276
0
CIRCLE
8
BLACK
10
0.6525590551181102
20
0.6094488188976378
40
0.0068897637795276
0
CIRCLE
8
BLACK
10
0.6525590551181102
20
0.5094488188976378
40
0.0068897637795276
0
CIRCLE
8
BLACK
10
0.9525590551181102
20
0.5094488188976378
40
0.0068897637795276
0
CIRCLE
8
BLACK
10
0.9525590551181102
20
0.6094488188976378
40
0.0068897637795276
0
CIRCLE
8
BLACK
10
0.9525590551181102
20
0.7094488188976378
40
0.0068897637795276
0
CIRCLE
8
BLACK
10
0.9525590551181102
20
0.8094488188976378
40
0.0068897637795276
0
CIRCLE
8
BLACK
10
0.9525590551181102
20
0.9094488188976377
40
0.0068897637795276
0
CIRCLE
8
BLACK
10
1.2000000393700787
20
1.5999999999999999
40
0.0068897637795276
0
CIRCLE
8
BLACK
10
1.2000000393700787
20
0.4
40
0.0068897637795276
0
CIRCLE
8
BLACK
10
0.455511811023622
20
0.6165354330708661
40
0.0068897637795276
0
CIRCLE
8
BLACK
10
0.3555118110236221
20
0.6165354330708661
40
0.0068897637795276
0
CIRCLE
8
BLACK
10
0.455511811023622
20
0.7165354330708661
40
0.0068897637795276
0
CIRCLE
8
BLACK
10
0.3555118110236221
20
0.7165354330708661
40
0.0068897637795276
0
CIRCLE
8
BLACK
10
0.455511811023622
20
0.8165354330708661
40
0.0068897637795276
0
CIRCLE
8
BLACK
10
0.3555118110236221
20
0.8165354330708661
40
0.0068897637795276
0
CIRCLE
8
BLACK
10
0.455511811023622
20
0.9165354330708662
40
0.0068897637795276
0
CIRCLE
8
BLACK
10
0.3555118110236221
20
0.9165354330708662
40
0.0068897637795276
0
CIRCLE
8
BLACK
10
0.455511811023622
20
1.016535433070866
40
0.0068897637795276
0
CIRCLE
8
BLACK
10
0.3555118110236221
20
1.016535433070866
40
0.0068897637795276
0
CIRCLE
8
BLACK
10
0.455511811023622
20
1.1165354330708661
40
0.0068897637795276
0
CIRCLE
8
BLACK
10
0.3555118110236221
20
1.1165354330708661
40
0.0068897637795276
0
CIRCLE
8
BLACK
10
0.4000000393700787
20
1.5999999999999999
40
0.0068897637795276
0
CIRCLE
8
BLACK
10
0.6354331102362205
20
1.5956692913385826
40
0.0068897637795276
0
CIRCLE
8
BLACK
10
0.6354331102362205
20
1.6956692913385827
40
0.0068897637795276
0
CIRCLE
8
BLACK
10
0.7354331102362205
20
1.5956692913385826
40
0.0068897637795276
0
CIRCLE
8
BLACK
10
0.7354331102362205
20
1.6956692913385827
40
0.0068897637795276
0
CIRCLE
8
BLACK
10
0.8354331102362205
20
1.5956692913385826
40
0.0068897637795276
0
CIRCLE
8
BLACK
10
0.8354331102362205
20
1.6956692913385827
40
0.0068897637795276
0
CIRCLE
8
BLACK
10
0.9354331102362204
20
1.5956692913385826
40
0.0068897637795276
0
CIRCLE
8
BLACK
10
0.9354331102362204
20
1.6956692913385827
40
0.0068897637795276
0
CIRCLE
8
BLACK
10
1.1559055118110235
20
1.348031496062992
40
0.0068897637795276
0
CIRCLE
8
BLACK
10
1.2559055118110236
20
1.348031496062992
40
0.0068897637795276
0
CIRCLE
8
BLACK
10
1.1559055118110235
20
1.2480314960629921
40
0.0068897637795276
0
CIRCLE
8
BLACK
10
1.2559055118110236
20
1.2480314960629921
40
0.0068897637795276
0
CIRCLE
8
BLACK
10
1.1547244094488189
20
1.1165354330708661
40
0.0068897637795276
0
CIRCLE
8
BLACK
10
1.2547244094488188
20
1.1165354330708661
40
0.0068897637795276
0
CIRCLE
8
BLACK
10
1.1547244094488189
20
1.016535433070866
40
0.0068897637795276
0
CIRCLE
8
BLACK
10
1.2547244094488188
20
1.016535433070866
40
0.0068897637795276
0
CIRCLE
8
BLACK
10
1.1547244094488189
20
0.9165354330708662
40
0.0068897637795276
0
CIRCLE
8
BLACK
10
1.2547244094488188
20
0.9165354330708662
40
0.0068897637795276
0
CIRCLE
8
BLACK
10
1.1547244094488189
20
0.8165354330708661
40
0.0068897637795276
0
CIRCLE
8
BLACK
10
1.2547244094488188
20
0.8165354330708661
40
0.0068897637795276
0
CIRCLE
8
BLACK
10
1.1547244094488189
20
0.7165354330708661
40
0.0068897637795276
0
CIRCLE
8
BLACK
10
1.2547244094488188
20
0.7165354330708661
40
0.0068897637795276
0
CIRCLE
8
BLACK
10
1.1547244094488189
20
0.6165354330708661
40
0.0068897637795276
0
CIRCLE
8
BLACK
10
1.2547244094488188
20
0.6165354330708661
40
0.0068897637795276
0
CIRCLE
8
BLACK
10
0.4543307086614173
20
1.2519685039370079
40
0.0068897637795276
0
CIRCLE
8
BLACK
10
0.3543307086614173
20
1.2519685039370079
40
0.0068897637795276
0
CIRCLE
8
BLACK
10
0.4543307086614173
20
1.3519685039370077
40
0.0068897637795276
0
CIRCLE
8
BLACK
10
0.3543307086614173
20
1.3519685039370077
40
0.0068897637795276
0
CIRCLE
8
BLACK
10
0.4000000393700787
20
0.4
40
0.0068897637795276
  0
ENDSEC
  0
EOF
